video_filename,analysis_mode,event_id,clip_path,predicted_category,predicted_primary_limb,predicted_confidence_score,corrected_category,corrected_strike_type,is_valid_strike,notes,created_at,model_suggested_strike_type,model_prediction_confidence,model_top_3_predictions
Kicking Session with Spin and Backkick.mp4,single_athlete_training,1,data\processed\clips\Kicking Session with Spin and Backkick\event_001_kick_candidate_left_ankle_t6p80.mp4,kick_candidate,left_ankle,0.9714,kick,roundhouse_kick,True,,2026-04-28T20:20:53,,,
Kicking Session with Spin and Backkick.mp4,single_athlete_training,2,data\processed\clips\Kicking Session with Spin and Backkick\event_002_kick_candidate_left_ankle_t13p20.mp4,kick_candidate,left_ankle,0.7042,kick,roundhouse_kick,True,,2026-04-28T20:20:53,,,
Kicking Session with Spin and Backkick.mp4,single_athlete_training,3,data\processed\clips\Kicking Session with Spin and Backkick\event_003_kick_candidate_left_ankle_t25p39.mp4,kick_candidate,left_ankle,0.9785,kick,roundhouse_kick,True,,2026-04-28T20:20:53,,,
Kicking Session with Spin and Backkick.mp4,single_athlete_training,4,data\processed\clips\Kicking Session with Spin and Backkick\event_004_kick_candidate_left_ankle_t31p99.mp4,kick_candidate,left_ankle,0.9756,kick,roundhouse_kick,True,,2026-04-28T20:20:53,,,
Kicking Session with Spin and Backkick.mp4,single_athlete_training,5,data\processed\clips\Kicking Session with Spin and Backkick\event_005_kick_candidate_left_ankle_t37p19.mp4,kick_candidate,left_ankle,0.9689,kick,roundhouse_kick,True,,2026-04-28T20:20:53,,,
Kicking Session with Spin and Backkick.mp4,single_athlete_training,6,data\processed\clips\Kicking Session with Spin and Backkick\event_006_kick_candidate_left_ankle_t41p39.mp4,kick_candidate,left_ankle,0.7725,kick,roundhouse_kick,True,,2026-04-28T20:20:53,,,
Kicking Session with Spin and Backkick.mp4,single_athlete_training,8,data\processed\clips\Kicking Session with Spin and Backkick\event_008_kick_candidate_left_ankle_t44p39.mp4,kick_candidate,left_ankle,0.9716,kick,roundhouse_kick,True,,2026-04-28T20:20:53,,,
Kicking Session with Spin and Backkick.mp4,single_athlete_training,9,data\processed\clips\Kicking Session with Spin and Backkick\event_009_kick_candidate_left_ankle_t45p79.mp4,kick_candidate,left_ankle,0.6684,false_positive,unknown,False,,2026-04-28T20:20:53,,,
Kicking Session with Spin and Backkick.mp4,single_athlete_training,10,data\processed\clips\Kicking Session with Spin and Backkick\event_010_kick_candidate_left_ankle_t48p59.mp4,kick_candidate,left_ankle,0.9741,kick,roundhouse_kick,True,,2026-04-28T20:20:53,,,
Kicking Session with Spin and Backkick.mp4,single_athlete_training,11,data\processed\clips\Kicking Session with Spin and Backkick\event_011_kick_candidate_left_ankle_t55p19.mp4,kick_candidate,left_ankle,0.9598,kick,roundhouse_kick,True,,2026-04-28T20:20:53,,,
Kicking Session with Spin and Backkick.mp4,single_athlete_training,12,data\processed\clips\Kicking Session with Spin and Backkick\event_012_kick_candidate_left_ankle_t58p79.mp4,kick_candidate,left_ankle,0.9516,kick,back_kick,True,,2026-04-28T20:20:53,,,
Kicking Session with Spin and Backkick.mp4,single_athlete_training,14,data\processed\clips\Kicking Session with Spin and Backkick\event_014_kick_candidate_left_ankle_t62p79.mp4,kick_candidate,left_ankle,0.8072,kick,spinninghook_kick,True,,2026-04-28T20:20:53,,,
Kicking Session with Spin and Backkick.mp4,single_athlete_training,15,data\processed\clips\Kicking Session with Spin and Backkick\event_015_kick_candidate_left_ankle_t64p19.mp4,kick_candidate,left_ankle,0.6793,false_positive,unknown,False,,2026-04-28T20:20:53,,,
Kicking Session with Spin and Backkick.mp4,single_athlete_training,17,data\processed\clips\Kicking Session with Spin and Backkick\event_017_kick_candidate_left_ankle_t71p79.mp4,kick_candidate,left_ankle,0.6782,kick,spinninghook_kick,True,,2026-04-28T20:20:53,,,
Kicking Session with Spin and Backkick.mp4,single_athlete_training,18,data\processed\clips\Kicking Session with Spin and Backkick\event_018_kick_candidate_left_ankle_t72p39.mp4,kick_candidate,left_ankle,0.9157,kick,spinninghook_kick,True,,2026-04-28T20:20:53,,,
Kicking Session with Spin and Backkick.mp4,single_athlete_training,19,data\processed\clips\Kicking Session with Spin and Backkick\event_019_kick_candidate_left_ankle_t76p58.mp4,kick_candidate,left_ankle,0.6132,false_positive,unknown,False,,2026-04-28T20:20:53,,,
Kicking Session with Spin and Backkick.mp4,single_athlete_training,20,data\processed\clips\Kicking Session with Spin and Backkick\event_020_kick_candidate_left_ankle_t77p78.mp4,kick_candidate,left_ankle,0.6306,false_positive,unknown,False,,2026-04-28T20:20:53,,,
Kicking Session with Spin and Backkick.mp4,single_athlete_training,21,data\processed\clips\Kicking Session with Spin and Backkick\event_021_punch_candidate_left_wrist_t13p20.mp4,punch_candidate,left_wrist,0.7867,kick,roundhouse_kick,True,,2026-04-28T20:20:53,,,
Kicking Session with Spin and Backkick.mp4,single_athlete_training,23,data\processed\clips\Kicking Session with Spin and Backkick\event_023_punch_candidate_left_wrist_t31p99.mp4,punch_candidate,left_wrist,0.9756,kick,roundhouse_kick,True,,2026-04-28T20:20:53,,,
Kicking Session with Spin and Backkick.mp4,single_athlete_training,25,data\processed\clips\Kicking Session with Spin and Backkick\event_025_punch_candidate_left_wrist_t44p19.mp4,punch_candidate,left_wrist,0.6709,kick,roundhouse_kick,True,,2026-04-28T20:20:53,,,
Kicking Session with Spin and Backkick.mp4,single_athlete_training,26,data\processed\clips\Kicking Session with Spin and Backkick\event_026_punch_candidate_left_wrist_t52p39.mp4,punch_candidate,left_wrist,0.6658,kick,roundhouse_kick,True,,2026-04-28T20:20:53,,,
Kicking Session with Spin and Backkick.mp4,single_athlete_training,27,data\processed\clips\Kicking Session with Spin and Backkick\event_027_punch_candidate_left_wrist_t56p39.mp4,punch_candidate,left_wrist,0.8307,false_positive,unknown,False,,2026-04-28T20:20:53,,,
Kicking Session with Spin and Backkick.mp4,single_athlete_training,30,data\processed\clips\Kicking Session with Spin and Backkick\event_030_punch_candidate_left_wrist_t62p79.mp4,punch_candidate,left_wrist,0.8034,kick,spinninghook_kick,True,,2026-04-28T20:20:53,,,
Kicking Session with Spin and Backkick.mp4,single_athlete_training,32,data\processed\clips\Kicking Session with Spin and Backkick\event_032_punch_candidate_left_wrist_t75p98.mp4,punch_candidate,left_wrist,0.6517,false_positive,unknown,False,,2026-04-28T20:20:53,,,
Kicking Session with Spin and Backkick.mp4,single_athlete_training,35,data\processed\clips\Kicking Session with Spin and Backkick\event_035_kick_candidate_right_ankle_t13p40.mp4,kick_candidate,right_ankle,0.9822,kick,roundhouse_kick,True,,2026-04-28T20:20:53,,,
Kicking Session with Spin and Backkick.mp4,single_athlete_training,36,data\processed\clips\Kicking Session with Spin and Backkick\event_036_kick_candidate_right_ankle_t22p00.mp4,kick_candidate,right_ankle,0.9179,kick,roundhouse_kick,True,,2026-04-28T20:20:53,,,
Kicking Session with Spin and Backkick.mp4,single_athlete_training,37,data\processed\clips\Kicking Session with Spin and Backkick\event_037_kick_candidate_right_ankle_t37p19.mp4,kick_candidate,right_ankle,0.9249,kick,roundhouse_kick,True,,2026-04-28T20:20:53,,,
Kicking Session with Spin and Backkick.mp4,single_athlete_training,38,data\processed\clips\Kicking Session with Spin and Backkick\event_038_kick_candidate_right_ankle_t41p59.mp4,kick_candidate,right_ankle,0.9723,kick,roundhouse_kick,True,,2026-04-28T20:20:53,,,
Kicking Session with Spin and Backkick.mp4,single_athlete_training,39,data\processed\clips\Kicking Session with Spin and Backkick\event_039_kick_candidate_right_ankle_t44p19.mp4,kick_candidate,right_ankle,0.9708,kick,roundhouse_kick,True,,2026-04-28T20:20:53,,,
Kicking Session with Spin and Backkick.mp4,single_athlete_training,40,data\processed\clips\Kicking Session with Spin and Backkick\event_040_kick_candidate_right_ankle_t48p79.mp4,kick_candidate,right_ankle,0.9724,kick,roundhouse_kick,True,,2026-04-28T20:20:53,,,
Kicking Session with Spin and Backkick.mp4,single_athlete_training,41,data\processed\clips\Kicking Session with Spin and Backkick\event_041_kick_candidate_right_ankle_t52p19.mp4,kick_candidate,right_ankle,0.8444,kick,roundhouse_kick,True,,2026-04-28T20:20:53,,,
Kicking Session with Spin and Backkick.mp4,single_athlete_training,42,data\processed\clips\Kicking Session with Spin and Backkick\event_042_kick_candidate_right_ankle_t54p99.mp4,kick_candidate,right_ankle,0.9612,kick,back_kick,True,,2026-04-28T20:20:53,,,
Kicking Session with Spin and Backkick.mp4,single_athlete_training,43,data\processed\clips\Kicking Session with Spin and Backkick\event_043_kick_candidate_right_ankle_t55p99.mp4,kick_candidate,right_ankle,0.68,false_positive,unknown,False,,2026-04-28T20:20:53,,,
Kicking Session with Spin and Backkick.mp4,single_athlete_training,45,data\processed\clips\Kicking Session with Spin and Backkick\event_045_kick_candidate_right_ankle_t58p99.mp4,kick_candidate,right_ankle,0.9223,kick,back_kick,True,,2026-04-28T20:20:53,,,
Kicking Session with Spin and Backkick.mp4,single_athlete_training,47,data\processed\clips\Kicking Session with Spin and Backkick\event_047_kick_candidate_right_ankle_t63p99.mp4,kick_candidate,right_ankle,0.6903,kick,spinninghook_kick,True,,2026-04-28T20:20:53,,,
Kicking Session with Spin and Backkick.mp4,single_athlete_training,49,data\processed\clips\Kicking Session with Spin and Backkick\event_049_kick_candidate_right_ankle_t76p58.mp4,kick_candidate,right_ankle,0.5664,false_positive,unknown,False,,2026-04-28T20:20:53,,,
Kicking Session with Spin and Backkick.mp4,single_athlete_training,50,data\processed\clips\Kicking Session with Spin and Backkick\event_050_kick_candidate_right_ankle_t77p78.mp4,kick_candidate,right_ankle,0.6409,false_positive,unknown,False,,2026-04-28T20:20:53,,,
Kicking Session with Spin and Backkick.mp4,single_athlete_training,55,data\processed\clips\Kicking Session with Spin and Backkick\event_055_punch_candidate_right_wrist_t31p99.mp4,punch_candidate,right_wrist,0.8478,kick,roundhouse_kick,True,,2026-04-28T20:20:53,,,
Kicking Session with Spin and Backkick.mp4,single_athlete_training,56,data\processed\clips\Kicking Session with Spin and Backkick\event_056_punch_candidate_right_wrist_t36p99.mp4,punch_candidate,right_wrist,0.854,kick,roundhouse_kick,True,,2026-04-28T20:20:53,,,
Kicking Session with Spin and Backkick.mp4,single_athlete_training,58,data\processed\clips\Kicking Session with Spin and Backkick\event_058_punch_candidate_right_wrist_t44p19.mp4,punch_candidate,right_wrist,0.8468,kick,roundhouse_kick,True,,2026-04-28T20:20:53,,,
Kicking Session with Spin and Backkick.mp4,single_athlete_training,61,data\processed\clips\Kicking Session with Spin and Backkick\event_061_punch_candidate_right_wrist_t58p79.mp4,punch_candidate,right_wrist,0.706,kick,back_kick,True,,2026-04-28T20:20:53,,,
Kicking Session.mp4,single_athlete_training,2,data\processed\clips\Kicking Session\event_002_kick_candidate_left_ankle_t6p80.mp4,kick_candidate,left_ankle,0.8295,kick,roundhouse_kick,True,,2026-04-28T21:02:43,,,
Kicking Session.mp4,single_athlete_training,3,data\processed\clips\Kicking Session\event_003_kick_candidate_left_ankle_t15p80.mp4,kick_candidate,left_ankle,0.9682,kick,roundhouse_kick,True,,2026-04-28T21:02:43,,,
Kicking Session.mp4,single_athlete_training,4,data\processed\clips\Kicking Session\event_004_kick_candidate_left_ankle_t19p20.mp4,kick_candidate,left_ankle,0.9607,kick,axe_kick,True,,2026-04-28T21:02:43,,,
Kicking Session.mp4,single_athlete_training,7,data\processed\clips\Kicking Session\event_007_kick_candidate_left_ankle_t21p40.mp4,kick_candidate,left_ankle,0.8199,footwork,unknown,False,,2026-04-28T21:02:43,,,
Kicking Session.mp4,single_athlete_training,8,data\processed\clips\Kicking Session\event_008_kick_candidate_left_ankle_t27p20.mp4,kick_candidate,left_ankle,0.9322,kick,hopstep_kick,True,,2026-04-28T21:02:43,,,
Kicking Session.mp4,single_athlete_training,9,data\processed\clips\Kicking Session\event_009_kick_candidate_left_ankle_t32p20.mp4,kick_candidate,left_ankle,0.9329,kick,roundhouse_kick,True,,2026-04-28T21:02:43,,,
Kicking Session.mp4,single_athlete_training,12,data\processed\clips\Kicking Session\event_012_kick_candidate_left_ankle_t41p20.mp4,kick_candidate,left_ankle,0.7615,footwork,unknown,False,,2026-04-28T21:02:43,,,
Kicking Session.mp4,single_athlete_training,15,data\processed\clips\Kicking Session\event_015_kick_candidate_left_ankle_t47p20.mp4,kick_candidate,left_ankle,0.5913,footwork,unknown,False,,2026-04-28T21:02:43,,,
Kicking Session.mp4,single_athlete_training,16,data\processed\clips\Kicking Session\event_016_kick_candidate_left_ankle_t48p60.mp4,kick_candidate,left_ankle,0.8249,kick,roundhouse_kick,True,,2026-04-28T21:02:43,,,
Kicking Session.mp4,single_athlete_training,17,data\processed\clips\Kicking Session\event_017_kick_candidate_left_ankle_t49p20.mp4,kick_candidate,left_ankle,0.6644,kick,roundhouse_kick,True,,2026-04-28T21:02:43,,,
Kicking Session.mp4,single_athlete_training,19,data\processed\clips\Kicking Session\event_019_kick_candidate_left_ankle_t52p80.mp4,kick_candidate,left_ankle,0.6125,false_positive,unknown,False,,2026-04-28T21:02:43,,,
Kicking Session.mp4,single_athlete_training,20,data\processed\clips\Kicking Session\event_020_punch_candidate_left_wrist_t1p20.mp4,punch_candidate,left_wrist,0.8691,false_positive,unknown,False,,2026-04-28T21:02:43,,,
Kicking Session.mp4,single_athlete_training,21,data\processed\clips\Kicking Session\event_021_punch_candidate_left_wrist_t15p20.mp4,punch_candidate,left_wrist,0.7207,kick,roundhouse_kick,False,,2026-04-28T21:02:43,,,
Kicking Session.mp4,single_athlete_training,22,data\processed\clips\Kicking Session\event_022_punch_candidate_left_wrist_t18p60.mp4,punch_candidate,left_wrist,0.7697,kick,axe_kick,True,,2026-04-28T21:02:43,,,
Kicking Session.mp4,single_athlete_training,23,data\processed\clips\Kicking Session\event_023_punch_candidate_left_wrist_t20p00.mp4,punch_candidate,left_wrist,0.6967,false_positive,unknown,False,,2026-04-28T21:02:43,,,
Kicking Session.mp4,single_athlete_training,24,data\processed\clips\Kicking Session\event_024_punch_candidate_left_wrist_t32p00.mp4,punch_candidate,left_wrist,0.8719,kick,roundhouse_kick,True,,2026-04-28T21:02:43,,,
Kicking Session.mp4,single_athlete_training,29,data\processed\clips\Kicking Session\event_029_punch_candidate_left_wrist_t47p20.mp4,punch_candidate,left_wrist,0.6617,footwork,unknown,False,,2026-04-28T21:02:43,,,
Kicking Session.mp4,single_athlete_training,30,data\processed\clips\Kicking Session\event_030_punch_candidate_left_wrist_t52p80.mp4,punch_candidate,left_wrist,0.6519,false_positive,unknown,False,,2026-04-28T21:02:43,,,
Kicking Session.mp4,single_athlete_training,31,data\processed\clips\Kicking Session\event_031_kick_candidate_right_ankle_t0p60.mp4,kick_candidate,right_ankle,0.6041,false_positive,unknown,False,,2026-04-28T21:02:43,,,
Kicking Session.mp4,single_athlete_training,33,data\processed\clips\Kicking Session\event_033_kick_candidate_right_ankle_t10p20.mp4,kick_candidate,right_ankle,0.959,kick,roundhouse_kick,True,,2026-04-28T21:02:43,,,
Kicking Session.mp4,single_athlete_training,34,data\processed\clips\Kicking Session\event_034_kick_candidate_right_ankle_t12p60.mp4,kick_candidate,right_ankle,0.8364,kick,roundhouse_kick,True,,2026-04-28T21:02:43,,,
Kicking Session.mp4,single_athlete_training,35,data\processed\clips\Kicking Session\event_035_kick_candidate_right_ankle_t18p80.mp4,kick_candidate,right_ankle,0.9598,kick,axe_kick,True,,2026-04-28T21:02:43,,,
Kicking Session.mp4,single_athlete_training,37,data\processed\clips\Kicking Session\event_037_kick_candidate_right_ankle_t26p80.mp4,kick_candidate,right_ankle,0.9343,kick,hopstep_kick,True,,2026-04-28T21:02:43,,,
Kicking Session.mp4,single_athlete_training,38,data\processed\clips\Kicking Session\event_038_kick_candidate_right_ankle_t32p20.mp4,kick_candidate,right_ankle,0.8519,kick,roundhouse_kick,True,,2026-04-28T21:02:43,,,
Kicking Session.mp4,single_athlete_training,41,data\processed\clips\Kicking Session\event_041_kick_candidate_right_ankle_t47p80.mp4,kick_candidate,right_ankle,0.8402,kick,roundhouse_kick,True,,2026-04-28T21:02:43,,,
Kicking Session.mp4,single_athlete_training,42,data\processed\clips\Kicking Session\event_042_kick_candidate_right_ankle_t48p80.mp4,kick_candidate,right_ankle,0.8358,kick,roundhouse_kick,True,,2026-04-28T21:02:43,,,
Kicking Session.mp4,single_athlete_training,43,data\processed\clips\Kicking Session\event_043_kick_candidate_right_ankle_t51p40.mp4,kick_candidate,right_ankle,0.7721,false_positive,unknown,False,,2026-04-28T21:02:43,,,
Kicking Session.mp4,single_athlete_training,44,data\processed\clips\Kicking Session\event_044_kick_candidate_right_ankle_t52p80.mp4,kick_candidate,right_ankle,0.6613,false_positive,unknown,False,,2026-04-28T21:02:43,,,
Kicking Session.mp4,single_athlete_training,49,data\processed\clips\Kicking Session\event_049_punch_candidate_right_wrist_t20p00.mp4,punch_candidate,right_wrist,0.728,false_positive,unknown,False,,2026-04-28T21:02:43,,,
Practice (RoundHouse).mp4,single_athlete_training,1,data\processed\clips\Practice (RoundHouse)\event_001_kick_candidate_left_ankle_t13p98.mp4,kick_candidate,left_ankle,0.6842,kick,roundhouse_kick,True,,2026-04-29T12:20:31,,,
Practice (RoundHouse).mp4,single_athlete_training,3,data\processed\clips\Practice (RoundHouse)\event_003_kick_candidate_left_ankle_t24p15.mp4,kick_candidate,left_ankle,0.8733,footwork,unknown,False,,2026-04-29T12:20:31,,,
Practice (RoundHouse).mp4,single_athlete_training,5,data\processed\clips\Practice (RoundHouse)\event_005_kick_candidate_left_ankle_t30p30.mp4,kick_candidate,left_ankle,0.8187,footwork,unknown,False,,2026-04-29T12:20:31,,,
Practice (RoundHouse).mp4,single_athlete_training,6,data\processed\clips\Practice (RoundHouse)\event_006_kick_candidate_left_ankle_t35p67.mp4,kick_candidate,left_ankle,0.7319,footwork,unknown,False,,2026-04-29T12:20:31,,,
Practice (RoundHouse).mp4,single_athlete_training,9,data\processed\clips\Practice (RoundHouse)\event_009_kick_candidate_left_ankle_t44p89.mp4,kick_candidate,left_ankle,0.6808,kick,hopstep_kick,True,,2026-04-29T12:20:31,,,
Practice (RoundHouse).mp4,single_athlete_training,12,data\processed\clips\Practice (RoundHouse)\event_012_kick_candidate_left_ankle_t61p40.mp4,kick_candidate,left_ankle,0.5555,false_positive,unknown,False,,2026-04-29T12:20:31,,,
Practice (RoundHouse).mp4,single_athlete_training,16,data\processed\clips\Practice (RoundHouse)\event_016_kick_candidate_left_ankle_t78p49.mp4,kick_candidate,left_ankle,0.6662,false_positive,unknown,False,,2026-04-29T12:20:31,,,
Practice (RoundHouse).mp4,single_athlete_training,18,data\processed\clips\Practice (RoundHouse)\event_018_kick_candidate_left_ankle_t96p54.mp4,kick_candidate,left_ankle,0.6802,kick,back_kick,True,,2026-04-29T12:20:31,,,
Practice (RoundHouse).mp4,single_athlete_training,20,data\processed\clips\Practice (RoundHouse)\event_020_punch_candidate_left_wrist_t0p15.mp4,punch_candidate,left_wrist,0.8773,false_positive,unknown,False,,2026-04-29T12:20:31,,,
Practice (RoundHouse).mp4,single_athlete_training,22,data\processed\clips\Practice (RoundHouse)\event_022_punch_candidate_left_wrist_t2p65.mp4,punch_candidate,left_wrist,0.6729,false_positive,unknown,False,,2026-04-29T12:20:31,,,
Practice (RoundHouse).mp4,single_athlete_training,23,data\processed\clips\Practice (RoundHouse)\event_023_punch_candidate_left_wrist_t4p57.mp4,punch_candidate,left_wrist,0.6311,footwork,unknown,False,,2026-04-29T12:20:31,,,
Practice (RoundHouse).mp4,single_athlete_training,30,data\processed\clips\Practice (RoundHouse)\event_030_punch_candidate_left_wrist_t31p83.mp4,punch_candidate,left_wrist,0.8071,footwork,unknown,False,,2026-04-29T12:20:31,,,
Practice (RoundHouse).mp4,single_athlete_training,33,data\processed\clips\Practice (RoundHouse)\event_033_punch_candidate_left_wrist_t55p83.mp4,punch_candidate,left_wrist,0.8255,footwork,unknown,False,,2026-04-29T12:20:31,,,
Practice (RoundHouse).mp4,single_athlete_training,34,data\processed\clips\Practice (RoundHouse)\event_034_punch_candidate_left_wrist_t65p24.mp4,punch_candidate,left_wrist,0.5235,footwork,unknown,False,,2026-04-29T12:20:31,,,
Practice (RoundHouse).mp4,single_athlete_training,36,data\processed\clips\Practice (RoundHouse)\event_036_punch_candidate_left_wrist_t78p30.mp4,punch_candidate,left_wrist,0.7562,false_positive,unknown,False,,2026-04-29T12:20:31,,,
Practice (RoundHouse).mp4,single_athlete_training,37,data\processed\clips\Practice (RoundHouse)\event_037_punch_candidate_left_wrist_t86p74.mp4,punch_candidate,left_wrist,0.7212,false_positive,unknown,False,,2026-04-29T12:20:31,,,
Practice (RoundHouse).mp4,single_athlete_training,42,data\processed\clips\Practice (RoundHouse)\event_042_punch_candidate_left_wrist_t109p98.mp4,punch_candidate,left_wrist,0.7126,false_positive,unknown,False,,2026-04-29T12:20:31,,,
Practice (RoundHouse).mp4,single_athlete_training,45,data\processed\clips\Practice (RoundHouse)\event_045_kick_candidate_right_ankle_t13p98.mp4,kick_candidate,right_ankle,0.5251,kick,roundhouse_kick,True,,2026-04-29T12:20:31,,,
Practice (RoundHouse).mp4,single_athlete_training,48,data\processed\clips\Practice (RoundHouse)\event_048_kick_candidate_right_ankle_t24p15.mp4,kick_candidate,right_ankle,0.9006,footwork,unknown,False,,2026-04-29T12:20:31,,,
Practice (RoundHouse).mp4,single_athlete_training,51,data\processed\clips\Practice (RoundHouse)\event_051_kick_candidate_right_ankle_t35p67.mp4,kick_candidate,right_ankle,0.7387,footwork,unknown,False,,2026-04-29T12:20:31,,,
Practice (RoundHouse).mp4,single_athlete_training,56,data\processed\clips\Practice (RoundHouse)\event_056_kick_candidate_right_ankle_t61p40.mp4,kick_candidate,right_ankle,0.5421,false_positive,unknown,False,,2026-04-29T12:20:31,,,
Practice (RoundHouse).mp4,single_athlete_training,58,data\processed\clips\Practice (RoundHouse)\event_058_kick_candidate_right_ankle_t72p54.mp4,kick_candidate,right_ankle,0.6214,kick,roundhouse_kick,True,,2026-04-29T12:20:31,,,
Practice (RoundHouse).mp4,single_athlete_training,62,data\processed\clips\Practice (RoundHouse)\event_062_punch_candidate_right_wrist_t2p46.mp4,punch_candidate,right_wrist,0.8428,false_positive,unknown,False,,2026-04-29T12:20:31,,,
Practice (RoundHouse).mp4,single_athlete_training,63,data\processed\clips\Practice (RoundHouse)\event_063_punch_candidate_right_wrist_t4p38.mp4,punch_candidate,right_wrist,0.6896,footwork,unknown,False,,2026-04-29T12:20:31,,,
Practice (RoundHouse).mp4,single_athlete_training,69,data\processed\clips\Practice (RoundHouse)\event_069_punch_candidate_right_wrist_t28p57.mp4,punch_candidate,right_wrist,0.9191,footwork,unknown,False,,2026-04-29T12:20:31,,,
Practice (RoundHouse).mp4,single_athlete_training,71,data\processed\clips\Practice (RoundHouse)\event_071_punch_candidate_right_wrist_t51p03.mp4,punch_candidate,right_wrist,0.8425,kick,roundhouse_kick,True,,2026-04-29T12:20:31,,,
Practice (RoundHouse).mp4,single_athlete_training,76,data\processed\clips\Practice (RoundHouse)\event_076_punch_candidate_right_wrist_t86p55.mp4,punch_candidate,right_wrist,0.7527,false_positive,unknown,False,,2026-04-29T12:20:31,,,
Practice (RoundHouse).mp4,single_athlete_training,78,data\processed\clips\Practice (RoundHouse)\event_078_punch_candidate_right_wrist_t88p66.mp4,punch_candidate,right_wrist,0.7218,false_positive,unknown,False,,2026-04-29T12:20:31,,,
Practice (RoundHouse).mp4,single_athlete_training,79,data\processed\clips\Practice (RoundHouse)\event_079_punch_candidate_right_wrist_t90p20.mp4,punch_candidate,right_wrist,0.6649,kick,back_kick,True,,2026-04-29T12:20:31,,,
Practice (RoundHouse).mp4,single_athlete_training,81,data\processed\clips\Practice (RoundHouse)\event_081_punch_candidate_right_wrist_t102p30.mp4,punch_candidate,right_wrist,0.9604,false_positive,unknown,False,,2026-04-29T12:20:31,,,
Practice (Tornado).mp4,single_athlete_training,2,data\processed\clips\Practice (Tornado)\event_002_kick_candidate_left_ankle_t9p00.mp4,kick_candidate,left_ankle,0.6689,kick,tornado_kick,True,,2026-04-29T12:34:39,,,
Practice (Tornado).mp4,single_athlete_training,3,data\processed\clips\Practice (Tornado)\event_003_kick_candidate_left_ankle_t30p00.mp4,kick_candidate,left_ankle,0.7893,kick,hopaxe_kick,True,,2026-04-29T12:34:39,,,
Practice (Tornado).mp4,single_athlete_training,5,data\processed\clips\Practice (Tornado)\event_005_kick_candidate_left_ankle_t40p20.mp4,kick_candidate,left_ankle,0.7401,kick,hopstep_kick,True,,2026-04-29T12:34:39,,,
Practice (Tornado).mp4,single_athlete_training,14,data\processed\clips\Practice (Tornado)\event_014_punch_candidate_left_wrist_t29p60.mp4,punch_candidate,left_wrist,0.7135,kick,hopaxe_kick,True,,2026-04-29T12:34:39,,,
Practice (Tornado).mp4,single_athlete_training,20,data\processed\clips\Practice (Tornado)\event_020_punch_candidate_left_wrist_t47p40.mp4,punch_candidate,left_wrist,0.6372,kick,axe_kick,True,,2026-04-29T12:34:39,,,
Practice (Tornado).mp4,single_athlete_training,22,data\processed\clips\Practice (Tornado)\event_022_punch_candidate_left_wrist_t51p80.mp4,punch_candidate,left_wrist,0.6761,footwork,unknown,False,,2026-04-29T12:34:39,,,
Practice (Tornado).mp4,single_athlete_training,23,data\processed\clips\Practice (Tornado)\event_023_punch_candidate_left_wrist_t57p40.mp4,punch_candidate,left_wrist,0.6902,kick,tornado_kick,True,,2026-04-29T12:34:39,,,
Practice (Tornado).mp4,single_athlete_training,27,data\processed\clips\Practice (Tornado)\event_027_kick_candidate_right_ankle_t47p40.mp4,kick_candidate,right_ankle,0.6708,kick,axe_kick,True,,2026-04-29T12:34:39,,,
Practice (Tornado).mp4,single_athlete_training,31,data\processed\clips\Practice (Tornado)\event_031_punch_candidate_right_wrist_t39p00.mp4,punch_candidate,right_wrist,0.6625,kick,hopstep_kick,True,,2026-04-29T12:34:39,,,
Practice (Tornado).mp4,single_athlete_training,32,data\processed\clips\Practice (Tornado)\event_032_punch_candidate_right_wrist_t47p40.mp4,punch_candidate,right_wrist,0.676,kick,axe_kick,True,,2026-04-29T12:34:39,,,
Practice (Tornado).mp4,single_athlete_training,33,data\processed\clips\Practice (Tornado)\event_033_punch_candidate_right_wrist_t50p40.mp4,punch_candidate,right_wrist,0.6525,footwork,unknown,False,,2026-04-29T12:34:39,,,
Andus - Axe Kick_compressed.mp4,single_athlete_training,1,data\processed\clips\Andus - Axe Kick_compressed\event_001_kick_candidate_left_ankle_t0p20.mp4,kick_candidate,left_ankle,0.5313,false_positive,unknown,False,,2026-04-29T15:00:13,axe_kick,0.306667,"[{""strike_type"": ""axe_kick"", ""probability"": 0.306667}, {""strike_type"": ""roundhouse_kick"", ""probability"": 0.206667}, {""strike_type"": ""back_kick"", ""probability"": 0.153333}]"
Andus - Axe Kick_compressed.mp4,single_athlete_training,3,data\processed\clips\Andus - Axe Kick_compressed\event_003_kick_candidate_left_ankle_t4p61.mp4,kick_candidate,left_ankle,0.8268,kick,axe_kick,True,,2026-04-29T15:00:13,roundhouse_kick,0.493333,"[{""strike_type"": ""roundhouse_kick"", ""probability"": 0.493333}, {""strike_type"": ""spinninghook_kick"", ""probability"": 0.16}, {""strike_type"": ""hopaxe_kick"", ""probability"": 0.146667}]"
Andus - Axe Kick_compressed.mp4,single_athlete_training,4,data\processed\clips\Andus - Axe Kick_compressed\event_004_kick_candidate_left_ankle_t8p42.mp4,kick_candidate,left_ankle,0.9739,kick,axe_kick,True,,2026-04-29T15:00:13,roundhouse_kick,0.526667,"[{""strike_type"": ""roundhouse_kick"", ""probability"": 0.526667}, {""strike_type"": ""spinninghook_kick"", ""probability"": 0.15}, {""strike_type"": ""hopaxe_kick"", ""probability"": 0.126667}]"
Andus - Axe Kick_compressed.mp4,single_athlete_training,5,data\processed\clips\Andus - Axe Kick_compressed\event_005_kick_candidate_left_ankle_t16p63.mp4,kick_candidate,left_ankle,0.9278,kick,axe_kick,True,,2026-04-29T15:00:13,roundhouse_kick,0.586667,"[{""strike_type"": ""roundhouse_kick"", ""probability"": 0.586667}, {""strike_type"": ""spinninghook_kick"", ""probability"": 0.13}, {""strike_type"": ""hopstep_kick"", ""probability"": 0.113333}]"
Andus - Axe Kick_compressed.mp4,single_athlete_training,8,data\processed\clips\Andus - Axe Kick_compressed\event_008_kick_candidate_left_ankle_t22p64.mp4,kick_candidate,left_ankle,0.873,kick,axe_kick,True,,2026-04-29T15:00:13,roundhouse_kick,0.463333,"[{""strike_type"": ""roundhouse_kick"", ""probability"": 0.463333}, {""strike_type"": ""spinninghook_kick"", ""probability"": 0.226667}, {""strike_type"": ""hopaxe_kick"", ""probability"": 0.116667}]"
Andus - Axe Kick_compressed.mp4,single_athlete_training,9,data\processed\clips\Andus - Axe Kick_compressed\event_009_kick_candidate_left_ankle_t23p65.mp4,kick_candidate,left_ankle,0.8943,false_positive,unknown,False,,2026-04-29T15:00:13,roundhouse_kick,0.626667,"[{""strike_type"": ""roundhouse_kick"", ""probability"": 0.626667}, {""strike_type"": ""spinninghook_kick"", ""probability"": 0.14}, {""strike_type"": ""hopaxe_kick"", ""probability"": 0.116667}]"
Andus - Axe Kick_compressed.mp4,single_athlete_training,11,data\processed\clips\Andus - Axe Kick_compressed\event_011_kick_candidate_left_ankle_t31p66.mp4,kick_candidate,left_ankle,0.8546,kick,axe_kick,True,,2026-04-29T15:00:13,roundhouse_kick,0.49,"[{""strike_type"": ""roundhouse_kick"", ""probability"": 0.49}, {""strike_type"": ""spinninghook_kick"", ""probability"": 0.196667}, {""strike_type"": ""hopaxe_kick"", ""probability"": 0.193333}]"
Andus - Axe Kick_compressed.mp4,single_athlete_training,13,data\processed\clips\Andus - Axe Kick_compressed\event_013_kick_candidate_left_ankle_t35p07.mp4,kick_candidate,left_ankle,0.9736,kick,axe_kick,True,,2026-04-29T15:00:13,roundhouse_kick,0.513333,"[{""strike_type"": ""roundhouse_kick"", ""probability"": 0.513333}, {""strike_type"": ""spinninghook_kick"", ""probability"": 0.156667}, {""strike_type"": ""hopaxe_kick"", ""probability"": 0.12}]"
Andus - Axe Kick_compressed.mp4,single_athlete_training,14,data\processed\clips\Andus - Axe Kick_compressed\event_014_kick_candidate_left_ankle_t37p27.mp4,kick_candidate,left_ankle,0.972,kick,axe_kick,True,,2026-04-29T15:00:13,roundhouse_kick,0.533333,"[{""strike_type"": ""roundhouse_kick"", ""probability"": 0.533333}, {""strike_type"": ""spinninghook_kick"", ""probability"": 0.16}, {""strike_type"": ""hopaxe_kick"", ""probability"": 0.126667}]"
Andus - Axe Kick_compressed.mp4,single_athlete_training,15,data\processed\clips\Andus - Axe Kick_compressed\event_015_kick_candidate_left_ankle_t40p68.mp4,kick_candidate,left_ankle,0.9588,kick,axe_kick,True,,2026-04-29T15:00:13,roundhouse_kick,0.52,"[{""strike_type"": ""roundhouse_kick"", ""probability"": 0.52}, {""strike_type"": ""spinninghook_kick"", ""probability"": 0.183333}, {""strike_type"": ""hopaxe_kick"", ""probability"": 0.133333}]"
Andus - Axe Kick_compressed.mp4,single_athlete_training,16,data\processed\clips\Andus - Axe Kick_compressed\event_016_kick_candidate_left_ankle_t48p89.mp4,kick_candidate,left_ankle,0.9101,kick,axe_kick,True,,2026-04-29T15:00:13,roundhouse_kick,0.526667,"[{""strike_type"": ""roundhouse_kick"", ""probability"": 0.526667}, {""strike_type"": ""hopaxe_kick"", ""probability"": 0.146667}, {""strike_type"": ""hopstep_kick"", ""probability"": 0.116667}]"
Andus - Axe Kick_compressed.mp4,single_athlete_training,17,data\processed\clips\Andus - Axe Kick_compressed\event_017_kick_candidate_left_ankle_t51p70.mp4,kick_candidate,left_ankle,0.8287,kick,axe_kick,True,,2026-04-29T15:00:13,roundhouse_kick,0.533333,"[{""strike_type"": ""roundhouse_kick"", ""probability"": 0.533333}, {""strike_type"": ""hopaxe_kick"", ""probability"": 0.183333}, {""strike_type"": ""spinninghook_kick"", ""probability"": 0.15}]"
Andus - Axe Kick_compressed.mp4,single_athlete_training,18,data\processed\clips\Andus - Axe Kick_compressed\event_018_kick_candidate_left_ankle_t52p30.mp4,kick_candidate,left_ankle,0.9701,kick,axe_kick,True,,2026-04-29T15:00:13,roundhouse_kick,0.5,"[{""strike_type"": ""roundhouse_kick"", ""probability"": 0.5}, {""strike_type"": ""spinninghook_kick"", ""probability"": 0.196667}, {""strike_type"": ""hopaxe_kick"", ""probability"": 0.13}]"
Andus - Axe Kick_compressed.mp4,single_athlete_training,19,data\processed\clips\Andus - Axe Kick_compressed\event_019_kick_candidate_left_ankle_t54p51.mp4,kick_candidate,left_ankle,0.9653,kick,axe_kick,True,,2026-04-29T15:00:13,roundhouse_kick,0.563333,"[{""strike_type"": ""roundhouse_kick"", ""probability"": 0.563333}, {""strike_type"": ""spinninghook_kick"", ""probability"": 0.116667}, {""strike_type"": ""hopaxe_kick"", ""probability"": 0.113333}]"
Andus - Axe Kick_compressed.mp4,single_athlete_training,20,data\processed\clips\Andus - Axe Kick_compressed\event_020_kick_candidate_left_ankle_t57p91.mp4,kick_candidate,left_ankle,0.9714,kick,axe_kick,True,,2026-04-29T15:00:13,roundhouse_kick,0.52,"[{""strike_type"": ""roundhouse_kick"", ""probability"": 0.52}, {""strike_type"": ""spinninghook_kick"", ""probability"": 0.19}, {""strike_type"": ""hopaxe_kick"", ""probability"": 0.123333}]"
Andus - Axe Kick_compressed.mp4,single_athlete_training,21,data\processed\clips\Andus - Axe Kick_compressed\event_021_kick_candidate_left_ankle_t60p12.mp4,kick_candidate,left_ankle,0.9522,kick,axe_kick,True,,2026-04-29T15:00:13,roundhouse_kick,0.583333,"[{""strike_type"": ""roundhouse_kick"", ""probability"": 0.583333}, {""strike_type"": ""hopaxe_kick"", ""probability"": 0.143333}, {""strike_type"": ""spinninghook_kick"", ""probability"": 0.126667}]"
Andus - Axe Kick_compressed.mp4,single_athlete_training,22,data\processed\clips\Andus - Axe Kick_compressed\event_022_kick_candidate_left_ankle_t63p12.mp4,kick_candidate,left_ankle,0.9737,kick,axe_kick,True,,2026-04-29T15:00:13,roundhouse_kick,0.573333,"[{""strike_type"": ""roundhouse_kick"", ""probability"": 0.573333}, {""strike_type"": ""spinninghook_kick"", ""probability"": 0.16}, {""strike_type"": ""hopaxe_kick"", ""probability"": 0.123333}]"
Andus - Axe Kick_compressed.mp4,single_athlete_training,23,data\processed\clips\Andus - Axe Kick_compressed\event_023_kick_candidate_left_ankle_t64p12.mp4,kick_candidate,left_ankle,0.8557,kick,axe_kick,True,,2026-04-29T15:00:13,roundhouse_kick,0.453333,"[{""strike_type"": ""roundhouse_kick"", ""probability"": 0.453333}, {""strike_type"": ""spinninghook_kick"", ""probability"": 0.266667}, {""strike_type"": ""hopaxe_kick"", ""probability"": 0.17}]"
Andus - Axe Kick_compressed.mp4,single_athlete_training,25,data\processed\clips\Andus - Axe Kick_compressed\event_025_kick_candidate_left_ankle_t71p54.mp4,kick_candidate,left_ankle,0.9707,kick,axe_kick,True,,2026-04-29T15:00:13,roundhouse_kick,0.426667,"[{""strike_type"": ""roundhouse_kick"", ""probability"": 0.426667}, {""strike_type"": ""hopaxe_kick"", ""probability"": 0.25}, {""strike_type"": ""spinninghook_kick"", ""probability"": 0.193333}]"
Andus - Axe Kick_compressed.mp4,single_athlete_training,26,data\processed\clips\Andus - Axe Kick_compressed\event_026_kick_candidate_left_ankle_t72p34.mp4,kick_candidate,left_ankle,0.8563,false_positive,unknown,False,,2026-04-29T15:00:13,roundhouse_kick,0.586667,"[{""strike_type"": ""roundhouse_kick"", ""probability"": 0.586667}, {""strike_type"": ""spinninghook_kick"", ""probability"": 0.193333}, {""strike_type"": ""hopaxe_kick"", ""probability"": 0.126667}]"
Andus - Axe Kick_compressed.mp4,single_athlete_training,27,data\processed\clips\Andus - Axe Kick_compressed\event_027_kick_candidate_left_ankle_t77p95.mp4,kick_candidate,left_ankle,0.8924,kick,axe_kick,True,,2026-04-29T15:00:13,roundhouse_kick,0.496667,"[{""strike_type"": ""roundhouse_kick"", ""probability"": 0.496667}, {""strike_type"": ""hopaxe_kick"", ""probability"": 0.2}, {""strike_type"": ""spinninghook_kick"", ""probability"": 0.15}]"
Andus - Axe Kick_compressed.mp4,single_athlete_training,28,data\processed\clips\Andus - Axe Kick_compressed\event_028_kick_candidate_left_ankle_t78p75.mp4,kick_candidate,left_ankle,0.9512,kick,axe_kick,True,,2026-04-29T15:00:13,roundhouse_kick,0.57,"[{""strike_type"": ""roundhouse_kick"", ""probability"": 0.57}, {""strike_type"": ""spinninghook_kick"", ""probability"": 0.153333}, {""strike_type"": ""hopaxe_kick"", ""probability"": 0.113333}]"
Andus - Axe Kick_compressed.mp4,single_athlete_training,30,data\processed\clips\Andus - Axe Kick_compressed\event_030_kick_candidate_left_ankle_t84p76.mp4,kick_candidate,left_ankle,0.9082,kick,axe_kick,True,,2026-04-29T15:00:13,roundhouse_kick,0.56,"[{""strike_type"": ""roundhouse_kick"", ""probability"": 0.56}, {""strike_type"": ""spinninghook_kick"", ""probability"": 0.163333}, {""strike_type"": ""hopaxe_kick"", ""probability"": 0.143333}]"
Andus - Axe Kick_compressed.mp4,single_athlete_training,32,data\processed\clips\Andus - Axe Kick_compressed\event_032_kick_candidate_left_ankle_t90p97.mp4,kick_candidate,left_ankle,0.8433,false_positive,unknown,False,,2026-04-29T15:00:13,roundhouse_kick,0.566667,"[{""strike_type"": ""roundhouse_kick"", ""probability"": 0.566667}, {""strike_type"": ""spinninghook_kick"", ""probability"": 0.21}, {""strike_type"": ""hopaxe_kick"", ""probability"": 0.133333}]"
Andus - Axe Kick_compressed.mp4,single_athlete_training,35,data\processed\clips\Andus - Axe Kick_compressed\event_035_kick_candidate_left_ankle_t95p98.mp4,kick_candidate,left_ankle,0.9558,kick,axe_kick,True,,2026-04-29T15:00:13,roundhouse_kick,0.553333,"[{""strike_type"": ""roundhouse_kick"", ""probability"": 0.553333}, {""strike_type"": ""spinninghook_kick"", ""probability"": 0.176667}, {""strike_type"": ""hopaxe_kick"", ""probability"": 0.126667}]"
Andus - Axe Kick_compressed.mp4,single_athlete_training,37,data\processed\clips\Andus - Axe Kick_compressed\event_037_punch_candidate_left_wrist_t0p40.mp4,punch_candidate,left_wrist,0.5309,false_positive,unknown,False,,2026-04-29T15:00:13,axe_kick,0.3,"[{""strike_type"": ""axe_kick"", ""probability"": 0.3}, {""strike_type"": ""roundhouse_kick"", ""probability"": 0.196667}, {""strike_type"": ""back_kick"", ""probability"": 0.15}]"
Andus - Axe Kick_compressed.mp4,single_athlete_training,38,data\processed\clips\Andus - Axe Kick_compressed\event_038_punch_candidate_left_wrist_t43p28.mp4,punch_candidate,left_wrist,0.7974,kick,axe_kick,True,,2026-04-29T15:00:13,roundhouse_kick,0.363333,"[{""strike_type"": ""roundhouse_kick"", ""probability"": 0.363333}, {""strike_type"": ""hopaxe_kick"", ""probability"": 0.333333}, {""strike_type"": ""spinninghook_kick"", ""probability"": 0.156667}]"
Andus - Axe Kick_compressed.mp4,single_athlete_training,40,data\processed\clips\Andus - Axe Kick_compressed\event_040_kick_candidate_right_ankle_t0p20.mp4,kick_candidate,right_ankle,0.5313,false_positive,unknown,False,,2026-04-29T15:00:13,axe_kick,0.306667,"[{""strike_type"": ""axe_kick"", ""probability"": 0.306667}, {""strike_type"": ""roundhouse_kick"", ""probability"": 0.206667}, {""strike_type"": ""back_kick"", ""probability"": 0.153333}]"
Andus - Axe Kick_compressed.mp4,single_athlete_training,42,data\processed\clips\Andus - Axe Kick_compressed\event_042_kick_candidate_right_ankle_t4p81.mp4,kick_candidate,right_ankle,0.8749,kick,axe_kick,True,,2026-04-29T15:00:13,roundhouse_kick,0.46,"[{""strike_type"": ""roundhouse_kick"", ""probability"": 0.46}, {""strike_type"": ""spinninghook_kick"", ""probability"": 0.25}, {""strike_type"": ""hopaxe_kick"", ""probability"": 0.163333}]"
Andus - Axe Kick_compressed.mp4,single_athlete_training,43,data\processed\clips\Andus - Axe Kick_compressed\event_043_kick_candidate_right_ankle_t8p82.mp4,kick_candidate,right_ankle,0.9746,kick,axe_kick,True,,2026-04-29T15:00:13,roundhouse_kick,0.453333,"[{""strike_type"": ""roundhouse_kick"", ""probability"": 0.453333}, {""strike_type"": ""spinninghook_kick"", ""probability"": 0.226667}, {""strike_type"": ""hopaxe_kick"", ""probability"": 0.126667}]"
Andus - Axe Kick_compressed.mp4,single_athlete_training,51,data\processed\clips\Andus - Axe Kick_compressed\event_051_kick_candidate_right_ankle_t26p05.mp4,kick_candidate,right_ankle,0.9295,kick,axe_kick,True,,2026-04-29T15:00:13,roundhouse_kick,0.626667,"[{""strike_type"": ""roundhouse_kick"", ""probability"": 0.626667}, {""strike_type"": ""hopaxe_kick"", ""probability"": 0.13}, {""strike_type"": ""spinninghook_kick"", ""probability"": 0.123333}]"
Andus - Axe Kick_compressed.mp4,single_athlete_training,53,data\processed\clips\Andus - Axe Kick_compressed\event_053_kick_candidate_right_ankle_t29p26.mp4,kick_candidate,right_ankle,0.9697,kick,axe_kick,True,,2026-04-29T15:00:13,roundhouse_kick,0.653333,"[{""strike_type"": ""roundhouse_kick"", ""probability"": 0.653333}, {""strike_type"": ""spinninghook_kick"", ""probability"": 0.126667}, {""strike_type"": ""hopaxe_kick"", ""probability"": 0.11}]"
Andus - Axe Kick_compressed.mp4,single_athlete_training,54,data\processed\clips\Andus - Axe Kick_compressed\event_054_kick_candidate_right_ankle_t31p26.mp4,kick_candidate,right_ankle,0.7919,kick,axe_kick,True,,2026-04-29T15:00:13,roundhouse_kick,0.616667,"[{""strike_type"": ""roundhouse_kick"", ""probability"": 0.616667}, {""strike_type"": ""spinninghook_kick"", ""probability"": 0.136667}, {""strike_type"": ""hopaxe_kick"", ""probability"": 0.11}]"
Andus - Axe Kick_compressed.mp4,single_athlete_training,55,data\processed\clips\Andus - Axe Kick_compressed\event_055_kick_candidate_right_ankle_t34p67.mp4,kick_candidate,right_ankle,0.9729,kick,axe_kick,True,,2026-04-29T15:00:13,roundhouse_kick,0.51,"[{""strike_type"": ""roundhouse_kick"", ""probability"": 0.51}, {""strike_type"": ""spinninghook_kick"", ""probability"": 0.173333}, {""strike_type"": ""hopaxe_kick"", ""probability"": 0.12}]"
Andus - Axe Kick_compressed.mp4,single_athlete_training,56,data\processed\clips\Andus - Axe Kick_compressed\event_056_kick_candidate_right_ankle_t40p28.mp4,kick_candidate,right_ankle,0.964,kick,axe_kick,True,,2026-04-29T15:00:13,roundhouse_kick,0.483333,"[{""strike_type"": ""roundhouse_kick"", ""probability"": 0.483333}, {""strike_type"": ""spinninghook_kick"", ""probability"": 0.193333}, {""strike_type"": ""hopaxe_kick"", ""probability"": 0.136667}]"
Andus - Axe Kick_compressed.mp4,single_athlete_training,58,data\processed\clips\Andus - Axe Kick_compressed\event_058_kick_candidate_right_ankle_t49p09.mp4,kick_candidate,right_ankle,0.9266,kick,axe_kick,True,,2026-04-29T15:00:13,roundhouse_kick,0.593333,"[{""strike_type"": ""roundhouse_kick"", ""probability"": 0.593333}, {""strike_type"": ""hopaxe_kick"", ""probability"": 0.153333}, {""strike_type"": ""hopstep_kick"", ""probability"": 0.093333}]"
Andus - Axe Kick_compressed.mp4,single_athlete_training,60,data\processed\clips\Andus - Axe Kick_compressed\event_060_kick_candidate_right_ankle_t52p30.mp4,kick_candidate,right_ankle,0.8033,kick,axe_kick,True,,2026-04-29T15:00:13,roundhouse_kick,0.463333,"[{""strike_type"": ""roundhouse_kick"", ""probability"": 0.463333}, {""strike_type"": ""spinninghook_kick"", ""probability"": 0.223333}, {""strike_type"": ""hopaxe_kick"", ""probability"": 0.126667}]"
Andus - Axe Kick_compressed.mp4,single_athlete_training,61,data\processed\clips\Andus - Axe Kick_compressed\event_061_kick_candidate_right_ankle_t54p91.mp4,kick_candidate,right_ankle,0.9423,kick,axe_kick,True,,2026-04-29T15:00:13,roundhouse_kick,0.45,"[{""strike_type"": ""roundhouse_kick"", ""probability"": 0.45}, {""strike_type"": ""hopaxe_kick"", ""probability"": 0.243333}, {""strike_type"": ""spinninghook_kick"", ""probability"": 0.203333}]"
Andus - Axe Kick_compressed.mp4,single_athlete_training,62,data\processed\clips\Andus - Axe Kick_compressed\event_062_kick_candidate_right_ankle_t57p71.mp4,kick_candidate,right_ankle,0.9724,kick,axe_kick,True,,2026-04-29T15:00:13,roundhouse_kick,0.45,"[{""strike_type"": ""roundhouse_kick"", ""probability"": 0.45}, {""strike_type"": ""spinninghook_kick"", ""probability"": 0.23}, {""strike_type"": ""hopaxe_kick"", ""probability"": 0.126667}]"
Andus - Axe Kick_compressed.mp4,single_athlete_training,66,data\processed\clips\Andus - Axe Kick_compressed\event_066_kick_candidate_right_ankle_t78p35.mp4,kick_candidate,right_ankle,0.9742,kick,axe_kick,True,,2026-04-29T15:00:13,roundhouse_kick,0.56,"[{""strike_type"": ""roundhouse_kick"", ""probability"": 0.56}, {""strike_type"": ""spinninghook_kick"", ""probability"": 0.15}, {""strike_type"": ""hopaxe_kick"", ""probability"": 0.1}]"
Andus - Axe Kick_compressed.mp4,single_athlete_training,67,data\processed\clips\Andus - Axe Kick_compressed\event_067_kick_candidate_right_ankle_t84p36.mp4,kick_candidate,right_ankle,0.9392,kick,axe_kick,True,,2026-04-29T15:00:13,roundhouse_kick,0.51,"[{""strike_type"": ""roundhouse_kick"", ""probability"": 0.51}, {""strike_type"": ""hopaxe_kick"", ""probability"": 0.176667}, {""strike_type"": ""spinninghook_kick"", ""probability"": 0.166667}]"
Andus - Axe Kick_compressed.mp4,single_athlete_training,71,data\processed\clips\Andus - Axe Kick_compressed\event_071_kick_candidate_right_ankle_t98p99.mp4,kick_candidate,right_ankle,0.9705,kick,axe_kick,True,,2026-04-29T15:00:13,roundhouse_kick,0.38,"[{""strike_type"": ""roundhouse_kick"", ""probability"": 0.38}, {""strike_type"": ""hopaxe_kick"", ""probability"": 0.263333}, {""strike_type"": ""spinninghook_kick"", ""probability"": 0.206667}]"
Andus - Axe Kick_compressed.mp4,single_athlete_training,73,data\processed\clips\Andus - Axe Kick_compressed\event_073_punch_candidate_right_wrist_t0p20.mp4,punch_candidate,right_wrist,0.5313,false_positive,unknown,False,,2026-04-29T15:00:13,axe_kick,0.306667,"[{""strike_type"": ""axe_kick"", ""probability"": 0.306667}, {""strike_type"": ""roundhouse_kick"", ""probability"": 0.206667}, {""strike_type"": ""back_kick"", ""probability"": 0.153333}]"
Andus - Axe Kick_compressed.mp4,single_athlete_training,74,data\processed\clips\Andus - Axe Kick_compressed\event_074_punch_candidate_right_wrist_t2p61.mp4,punch_candidate,right_wrist,0.878,false_positive,unknown,False,,2026-04-29T15:00:13,roundhouse_kick,0.466667,"[{""strike_type"": ""roundhouse_kick"", ""probability"": 0.466667}, {""strike_type"": ""spinninghook_kick"", ""probability"": 0.253333}, {""strike_type"": ""back_kick"", ""probability"": 0.216667}]"
Andus - Axe Kick_compressed.mp4,single_athlete_training,75,data\processed\clips\Andus - Axe Kick_compressed\event_075_punch_candidate_right_wrist_t41p08.mp4,punch_candidate,right_wrist,0.7189,false_positive,unknown,False,,2026-04-29T15:00:13,roundhouse_kick,0.503333,"[{""strike_type"": ""roundhouse_kick"", ""probability"": 0.503333}, {""strike_type"": ""spinninghook_kick"", ""probability"": 0.256667}, {""strike_type"": ""hopaxe_kick"", ""probability"": 0.123333}]"
Andus - Back Kick_compressed.mp4,single_athlete_training,2,data\processed\clips\Andus - Back Kick_compressed\event_002_kick_candidate_left_ankle_t0p80.mp4,kick_candidate,left_ankle,0.9142,false_positive,unknown,False,,2026-04-29T15:27:46,roundhouse_kick,0.363333,"[{""strike_type"": ""roundhouse_kick"", ""probability"": 0.363333}, {""strike_type"": ""axe_kick"", ""probability"": 0.2}, {""strike_type"": ""hopaxe_kick"", ""probability"": 0.146667}]"
Andus - Back Kick_compressed.mp4,single_athlete_training,4,data\processed\clips\Andus - Back Kick_compressed\event_004_kick_candidate_left_ankle_t6p82.mp4,kick_candidate,left_ankle,0.9777,kick,back_kick,True,,2026-04-29T15:27:46,roundhouse_kick,0.406667,"[{""strike_type"": ""roundhouse_kick"", ""probability"": 0.406667}, {""strike_type"": ""back_kick"", ""probability"": 0.16}, {""strike_type"": ""hopstep_kick"", ""probability"": 0.156667}]"
Andus - Back Kick_compressed.mp4,single_athlete_training,5,data\processed\clips\Andus - Back Kick_compressed\event_005_kick_candidate_left_ankle_t11p83.mp4,kick_candidate,left_ankle,0.9825,kick,back_kick,True,,2026-04-29T15:27:46,roundhouse_kick,0.4,"[{""strike_type"": ""roundhouse_kick"", ""probability"": 0.4}, {""strike_type"": ""back_kick"", ""probability"": 0.203333}, {""strike_type"": ""spinninghook_kick"", ""probability"": 0.153333}]"
Andus - Back Kick_compressed.mp4,single_athlete_training,6,data\processed\clips\Andus - Back Kick_compressed\event_006_kick_candidate_left_ankle_t17p04.mp4,kick_candidate,left_ankle,0.987,kick,back_kick,True,,2026-04-29T15:27:46,roundhouse_kick,0.55,"[{""strike_type"": ""roundhouse_kick"", ""probability"": 0.55}, {""strike_type"": ""spinninghook_kick"", ""probability"": 0.123333}, {""strike_type"": ""back_kick"", ""probability"": 0.11}]"
Andus - Back Kick_compressed.mp4,single_athlete_training,7,data\processed\clips\Andus - Back Kick_compressed\event_007_kick_candidate_left_ankle_t22p85.mp4,kick_candidate,left_ankle,0.9843,kick,back_kick,True,,2026-04-29T15:27:46,roundhouse_kick,0.616667,"[{""strike_type"": ""roundhouse_kick"", ""probability"": 0.616667}, {""strike_type"": ""axe_kick"", ""probability"": 0.1}, {""strike_type"": ""spinninghook_kick"", ""probability"": 0.1}]"
Andus - Back Kick_compressed.mp4,single_athlete_training,9,data\processed\clips\Andus - Back Kick_compressed\event_009_kick_candidate_left_ankle_t30p07.mp4,kick_candidate,left_ankle,0.9869,kick,back_kick,True,,2026-04-29T15:27:46,roundhouse_kick,0.443333,"[{""strike_type"": ""roundhouse_kick"", ""probability"": 0.443333}, {""strike_type"": ""back_kick"", ""probability"": 0.166667}, {""strike_type"": ""spinninghook_kick"", ""probability"": 0.156667}]"
Andus - Back Kick_compressed.mp4,single_athlete_training,11,data\processed\clips\Andus - Back Kick_compressed\event_011_kick_candidate_left_ankle_t37p68.mp4,kick_candidate,left_ankle,0.9835,kick,back_kick,True,,2026-04-29T15:27:46,roundhouse_kick,0.653333,"[{""strike_type"": ""roundhouse_kick"", ""probability"": 0.653333}, {""strike_type"": ""axe_kick"", ""probability"": 0.143333}, {""strike_type"": ""spinninghook_kick"", ""probability"": 0.076667}]"
Andus - Back Kick_compressed.mp4,single_athlete_training,13,data\processed\clips\Andus - Back Kick_compressed\event_013_kick_candidate_left_ankle_t44p70.mp4,kick_candidate,left_ankle,0.9791,kick,back_kick,True,,2026-04-29T15:27:46,roundhouse_kick,0.71,"[{""strike_type"": ""roundhouse_kick"", ""probability"": 0.71}, {""strike_type"": ""spinninghook_kick"", ""probability"": 0.103333}, {""strike_type"": ""back_kick"", ""probability"": 0.07}]"
Andus - Back Kick_compressed.mp4,single_athlete_training,14,data\processed\clips\Andus - Back Kick_compressed\event_014_kick_candidate_left_ankle_t56p93.mp4,kick_candidate,left_ankle,0.9845,kick,back_kick,True,,2026-04-29T15:27:46,roundhouse_kick,0.563333,"[{""strike_type"": ""roundhouse_kick"", ""probability"": 0.563333}, {""strike_type"": ""back_kick"", ""probability"": 0.146667}, {""strike_type"": ""spinninghook_kick"", ""probability"": 0.14}]"
Andus - Back Kick_compressed.mp4,single_athlete_training,16,data\processed\clips\Andus - Back Kick_compressed\event_016_kick_candidate_left_ankle_t63p14.mp4,kick_candidate,left_ankle,0.9788,kick,back_kick,True,,2026-04-29T15:27:46,roundhouse_kick,0.62,"[{""strike_type"": ""roundhouse_kick"", ""probability"": 0.62}, {""strike_type"": ""axe_kick"", ""probability"": 0.113333}, {""strike_type"": ""back_kick"", ""probability"": 0.093333}]"
Andus - Back Kick_compressed.mp4,single_athlete_training,18,data\processed\clips\Andus - Back Kick_compressed\event_018_kick_candidate_left_ankle_t71p36.mp4,kick_candidate,left_ankle,0.9743,kick,back_kick,True,,2026-04-29T15:27:46,roundhouse_kick,0.656667,"[{""strike_type"": ""roundhouse_kick"", ""probability"": 0.656667}, {""strike_type"": ""back_kick"", ""probability"": 0.103333}, {""strike_type"": ""hopstep_kick"", ""probability"": 0.083333}]"
Andus - Back Kick_compressed.mp4,single_athlete_training,20,data\processed\clips\Andus - Back Kick_compressed\event_020_kick_candidate_left_ankle_t80p18.mp4,kick_candidate,left_ankle,0.9821,kick,back_kick,True,,2026-04-29T15:27:46,roundhouse_kick,0.486667,"[{""strike_type"": ""roundhouse_kick"", ""probability"": 0.486667}, {""strike_type"": ""axe_kick"", ""probability"": 0.236667}, {""strike_type"": ""spinninghook_kick"", ""probability"": 0.096667}]"
Andus - Back Kick_compressed.mp4,single_athlete_training,22,data\processed\clips\Andus - Back Kick_compressed\event_022_kick_candidate_left_ankle_t98p02.mp4,kick_candidate,left_ankle,0.982,kick,back_kick,True,,2026-04-29T15:27:46,roundhouse_kick,0.506667,"[{""strike_type"": ""roundhouse_kick"", ""probability"": 0.506667}, {""strike_type"": ""hopstep_kick"", ""probability"": 0.153333}, {""strike_type"": ""back_kick"", ""probability"": 0.143333}]"
Andus - Back Kick_compressed.mp4,single_athlete_training,23,data\processed\clips\Andus - Back Kick_compressed\event_023_kick_candidate_left_ankle_t100p82.mp4,kick_candidate,left_ankle,0.6651,kick,back_kick,True,,2026-04-29T15:27:46,roundhouse_kick,0.376667,"[{""strike_type"": ""roundhouse_kick"", ""probability"": 0.376667}, {""strike_type"": ""hopstep_kick"", ""probability"": 0.233333}, {""strike_type"": ""spinninghook_kick"", ""probability"": 0.146667}]"
Andus - Back Kick_compressed.mp4,single_athlete_training,24,data\processed\clips\Andus - Back Kick_compressed\event_024_kick_candidate_left_ankle_t104p03.mp4,kick_candidate,left_ankle,0.9668,kick,back_kick,True,,2026-04-29T15:27:46,roundhouse_kick,0.536667,"[{""strike_type"": ""roundhouse_kick"", ""probability"": 0.536667}, {""strike_type"": ""axe_kick"", ""probability"": 0.163333}, {""strike_type"": ""back_kick"", ""probability"": 0.11}]"
Andus - Back Kick_compressed.mp4,single_athlete_training,26,data\processed\clips\Andus - Back Kick_compressed\event_026_kick_candidate_left_ankle_t107p84.mp4,kick_candidate,left_ankle,0.8768,kick,back_kick,True,,2026-04-29T15:27:46,roundhouse_kick,0.406667,"[{""strike_type"": ""roundhouse_kick"", ""probability"": 0.406667}, {""strike_type"": ""spinninghook_kick"", ""probability"": 0.19}, {""strike_type"": ""back_kick"", ""probability"": 0.166667}]"
Andus - Back Kick_compressed.mp4,single_athlete_training,27,data\processed\clips\Andus - Back Kick_compressed\event_027_kick_candidate_left_ankle_t111p45.mp4,kick_candidate,left_ankle,0.9386,kick,back_kick,True,,2026-04-29T15:27:46,roundhouse_kick,0.65,"[{""strike_type"": ""roundhouse_kick"", ""probability"": 0.65}, {""strike_type"": ""spinninghook_kick"", ""probability"": 0.133333}, {""strike_type"": ""back_kick"", ""probability"": 0.076667}]"
Andus - Back Kick_compressed.mp4,single_athlete_training,29,data\processed\clips\Andus - Back Kick_compressed\event_029_kick_candidate_left_ankle_t119p26.mp4,kick_candidate,left_ankle,0.9196,false_positive,unknown,False,,2026-04-29T15:27:46,roundhouse_kick,0.313333,"[{""strike_type"": ""roundhouse_kick"", ""probability"": 0.313333}, {""strike_type"": ""axe_kick"", ""probability"": 0.303333}, {""strike_type"": ""back_kick"", ""probability"": 0.153333}]"
Andus - Back Kick_compressed.mp4,single_athlete_training,30,data\processed\clips\Andus - Back Kick_compressed\event_030_punch_candidate_left_wrist_t2p01.mp4,punch_candidate,left_wrist,0.8558,false_positive,unknown,False,,2026-04-29T15:27:46,roundhouse_kick,0.553333,"[{""strike_type"": ""roundhouse_kick"", ""probability"": 0.553333}, {""strike_type"": ""hopstep_kick"", ""probability"": 0.113333}, {""strike_type"": ""axe_kick"", ""probability"": 0.11}]"
Andus - Back Kick_compressed.mp4,single_athlete_training,31,data\processed\clips\Andus - Back Kick_compressed\event_031_punch_candidate_left_wrist_t3p01.mp4,punch_candidate,left_wrist,0.786,false_positive,unknown,False,,2026-04-29T15:27:46,roundhouse_kick,0.593333,"[{""strike_type"": ""roundhouse_kick"", ""probability"": 0.593333}, {""strike_type"": ""back_kick"", ""probability"": 0.146667}, {""strike_type"": ""spinninghook_kick"", ""probability"": 0.13}]"
Andus - Back Kick_compressed.mp4,single_athlete_training,38,data\processed\clips\Andus - Back Kick_compressed\event_038_punch_candidate_left_wrist_t117p86.mp4,punch_candidate,left_wrist,0.7266,unknown,unknown,False,,2026-04-29T15:27:46,roundhouse_kick,0.546667,"[{""strike_type"": ""roundhouse_kick"", ""probability"": 0.546667}, {""strike_type"": ""hopstep_kick"", ""probability"": 0.13}, {""strike_type"": ""axe_kick"", ""probability"": 0.09}]"
Andus - Back Kick_compressed.mp4,single_athlete_training,39,data\processed\clips\Andus - Back Kick_compressed\event_039_punch_candidate_left_wrist_t119p26.mp4,punch_candidate,left_wrist,0.9422,false_positive,unknown,False,,2026-04-29T15:27:46,axe_kick,0.306667,"[{""strike_type"": ""axe_kick"", ""probability"": 0.306667}, {""strike_type"": ""roundhouse_kick"", ""probability"": 0.296667}, {""strike_type"": ""back_kick"", ""probability"": 0.153333}]"
Andus - Back Kick_compressed.mp4,single_athlete_training,40,data\processed\clips\Andus - Back Kick_compressed\event_040_punch_candidate_left_wrist_t120p47.mp4,punch_candidate,left_wrist,0.8982,false_positive,unknown,False,,2026-04-29T15:27:46,roundhouse_kick,0.29,"[{""strike_type"": ""roundhouse_kick"", ""probability"": 0.29}, {""strike_type"": ""axe_kick"", ""probability"": 0.22}, {""strike_type"": ""back_kick"", ""probability"": 0.183333}]"
Andus - Back Kick_compressed.mp4,single_athlete_training,42,data\processed\clips\Andus - Back Kick_compressed\event_042_kick_candidate_right_ankle_t0p80.mp4,kick_candidate,right_ankle,0.9149,unknown,unknown,False,,2026-04-29T15:27:46,roundhouse_kick,0.353333,"[{""strike_type"": ""roundhouse_kick"", ""probability"": 0.353333}, {""strike_type"": ""axe_kick"", ""probability"": 0.246667}, {""strike_type"": ""hopaxe_kick"", ""probability"": 0.133333}]"
Andus - Back Kick_compressed.mp4,single_athlete_training,43,data\processed\clips\Andus - Back Kick_compressed\event_043_kick_candidate_right_ankle_t4p41.mp4,kick_candidate,right_ankle,0.9441,kick,back_kick,True,,2026-04-29T15:27:46,roundhouse_kick,0.47,"[{""strike_type"": ""roundhouse_kick"", ""probability"": 0.47}, {""strike_type"": ""hopstep_kick"", ""probability"": 0.216667}, {""strike_type"": ""axe_kick"", ""probability"": 0.12}]"
Andus - Back Kick_compressed.mp4,single_athlete_training,44,data\processed\clips\Andus - Back Kick_compressed\event_044_kick_candidate_right_ankle_t8p62.mp4,kick_candidate,right_ankle,0.9759,kick,back_kick,True,,2026-04-29T15:27:46,roundhouse_kick,0.49,"[{""strike_type"": ""roundhouse_kick"", ""probability"": 0.49}, {""strike_type"": ""axe_kick"", ""probability"": 0.17}, {""strike_type"": ""hopstep_kick"", ""probability"": 0.15}]"
Andus - Back Kick_compressed.mp4,single_athlete_training,45,data\processed\clips\Andus - Back Kick_compressed\event_045_kick_candidate_right_ankle_t13p63.mp4,kick_candidate,right_ankle,0.9772,kick,back_kick,True,,2026-04-29T15:27:46,roundhouse_kick,0.463333,"[{""strike_type"": ""roundhouse_kick"", ""probability"": 0.463333}, {""strike_type"": ""hopstep_kick"", ""probability"": 0.2}, {""strike_type"": ""axe_kick"", ""probability"": 0.12}]"
Andus - Back Kick_compressed.mp4,single_athlete_training,46,data\processed\clips\Andus - Back Kick_compressed\event_046_kick_candidate_right_ankle_t19p24.mp4,kick_candidate,right_ankle,0.9788,kick,back_kick,True,,2026-04-29T15:27:46,roundhouse_kick,0.54,"[{""strike_type"": ""roundhouse_kick"", ""probability"": 0.54}, {""strike_type"": ""axe_kick"", ""probability"": 0.156667}, {""strike_type"": ""hopstep_kick"", ""probability"": 0.153333}]"
Andus - Back Kick_compressed.mp4,single_athlete_training,47,data\processed\clips\Andus - Back Kick_compressed\event_047_kick_candidate_right_ankle_t37p68.mp4,kick_candidate,right_ankle,0.9845,kick,back_kick,True,,2026-04-29T15:27:46,roundhouse_kick,0.636667,"[{""strike_type"": ""roundhouse_kick"", ""probability"": 0.636667}, {""strike_type"": ""hopstep_kick"", ""probability"": 0.123333}, {""strike_type"": ""axe_kick"", ""probability"": 0.113333}]"
Andus - Back Kick_compressed.mp4,single_athlete_training,48,data\processed\clips\Andus - Back Kick_compressed\event_048_kick_candidate_right_ankle_t41p69.mp4,kick_candidate,right_ankle,0.9719,kick,back_kick,True,,2026-04-29T15:27:46,roundhouse_kick,0.583333,"[{""strike_type"": ""roundhouse_kick"", ""probability"": 0.583333}, {""strike_type"": ""spinninghook_kick"", ""probability"": 0.16}, {""strike_type"": ""hopstep_kick"", ""probability"": 0.09}]"
Andus - Back Kick_compressed.mp4,single_athlete_training,49,data\processed\clips\Andus - Back Kick_compressed\event_049_kick_candidate_right_ankle_t44p70.mp4,kick_candidate,right_ankle,0.9798,kick,back_kick,True,,2026-04-29T15:27:46,roundhouse_kick,0.67,"[{""strike_type"": ""roundhouse_kick"", ""probability"": 0.67}, {""strike_type"": ""spinninghook_kick"", ""probability"": 0.153333}, {""strike_type"": ""back_kick"", ""probability"": 0.083333}]"
Andus - Back Kick_compressed.mp4,single_athlete_training,51,data\processed\clips\Andus - Back Kick_compressed\event_051_kick_candidate_right_ankle_t52p52.mp4,kick_candidate,right_ankle,0.9771,kick,back_kick,True,,2026-04-29T15:27:46,roundhouse_kick,0.54,"[{""strike_type"": ""roundhouse_kick"", ""probability"": 0.54}, {""strike_type"": ""axe_kick"", ""probability"": 0.163333}, {""strike_type"": ""hopstep_kick"", ""probability"": 0.13}]"
Andus - Back Kick_compressed.mp4,single_athlete_training,53,data\processed\clips\Andus - Back Kick_compressed\event_053_kick_candidate_right_ankle_t60p33.mp4,kick_candidate,right_ankle,0.9748,kick,back_kick,True,,2026-04-29T15:27:46,roundhouse_kick,0.55,"[{""strike_type"": ""roundhouse_kick"", ""probability"": 0.55}, {""strike_type"": ""hopstep_kick"", ""probability"": 0.15}, {""strike_type"": ""axe_kick"", ""probability"": 0.12}]"
Andus - Back Kick_compressed.mp4,single_athlete_training,54,data\processed\clips\Andus - Back Kick_compressed\event_054_kick_candidate_right_ankle_t63p14.mp4,kick_candidate,right_ankle,0.9784,kick,back_kick,True,,2026-04-29T15:27:46,roundhouse_kick,0.613333,"[{""strike_type"": ""roundhouse_kick"", ""probability"": 0.613333}, {""strike_type"": ""spinninghook_kick"", ""probability"": 0.11}, {""strike_type"": ""hopstep_kick"", ""probability"": 0.103333}]"
Andus - Back Kick_compressed.mp4,single_athlete_training,55,data\processed\clips\Andus - Back Kick_compressed\event_055_kick_candidate_right_ankle_t66p75.mp4,kick_candidate,right_ankle,0.9724,kick,back_kick,True,,2026-04-29T15:27:46,roundhouse_kick,0.606667,"[{""strike_type"": ""roundhouse_kick"", ""probability"": 0.606667}, {""strike_type"": ""axe_kick"", ""probability"": 0.17}, {""strike_type"": ""back_kick"", ""probability"": 0.076667}]"
Andus - Back Kick_compressed.mp4,single_athlete_training,56,data\processed\clips\Andus - Back Kick_compressed\event_056_kick_candidate_right_ankle_t71p36.mp4,kick_candidate,right_ankle,0.8756,kick,back_kick,True,,2026-04-29T15:27:46,roundhouse_kick,0.63,"[{""strike_type"": ""roundhouse_kick"", ""probability"": 0.63}, {""strike_type"": ""spinninghook_kick"", ""probability"": 0.12}, {""strike_type"": ""back_kick"", ""probability"": 0.096667}]"
Andus - Back Kick_compressed.mp4,single_athlete_training,57,data\processed\clips\Andus - Back Kick_compressed\event_057_kick_candidate_right_ankle_t77p97.mp4,kick_candidate,right_ankle,0.9793,kick,back_kick,True,,2026-04-29T15:27:46,roundhouse_kick,0.45,"[{""strike_type"": ""roundhouse_kick"", ""probability"": 0.45}, {""strike_type"": ""axe_kick"", ""probability"": 0.17}, {""strike_type"": ""hopstep_kick"", ""probability"": 0.153333}]"
Andus - Back Kick_compressed.mp4,single_athlete_training,58,data\processed\clips\Andus - Back Kick_compressed\event_058_kick_candidate_right_ankle_t80p38.mp4,kick_candidate,right_ankle,0.9811,kick,back_kick,True,,2026-04-29T15:27:46,roundhouse_kick,0.423333,"[{""strike_type"": ""roundhouse_kick"", ""probability"": 0.423333}, {""strike_type"": ""axe_kick"", ""probability"": 0.206667}, {""strike_type"": ""hopstep_kick"", ""probability"": 0.15}]"
Andus - Back Kick_compressed.mp4,single_athlete_training,59,data\processed\clips\Andus - Back Kick_compressed\event_059_kick_candidate_right_ankle_t91p60.mp4,kick_candidate,right_ankle,0.9726,kick,back_kick,True,,2026-04-29T15:27:46,roundhouse_kick,0.55,"[{""strike_type"": ""roundhouse_kick"", ""probability"": 0.55}, {""strike_type"": ""axe_kick"", ""probability"": 0.153333}, {""strike_type"": ""hopstep_kick"", ""probability"": 0.13}]"
Andus - Back Kick_compressed.mp4,single_athlete_training,61,data\processed\clips\Andus - Back Kick_compressed\event_061_kick_candidate_right_ankle_t101p02.mp4,kick_candidate,right_ankle,0.9272,kick,back_kick,True,,2026-04-29T15:27:46,roundhouse_kick,0.45,"[{""strike_type"": ""roundhouse_kick"", ""probability"": 0.45}, {""strike_type"": ""hopstep_kick"", ""probability"": 0.19}, {""strike_type"": ""back_kick"", ""probability"": 0.153333}]"
Andus - Back Kick_compressed.mp4,single_athlete_training,63,data\processed\clips\Andus - Back Kick_compressed\event_063_kick_candidate_right_ankle_t104p03.mp4,kick_candidate,right_ankle,0.9665,kick,back_kick,True,,2026-04-29T15:27:46,roundhouse_kick,0.556667,"[{""strike_type"": ""roundhouse_kick"", ""probability"": 0.556667}, {""strike_type"": ""spinninghook_kick"", ""probability"": 0.11}, {""strike_type"": ""axe_kick"", ""probability"": 0.1}]"
Andus - Back Kick_compressed.mp4,single_athlete_training,64,data\processed\clips\Andus - Back Kick_compressed\event_064_kick_candidate_right_ankle_t105p03.mp4,kick_candidate,right_ankle,0.9668,false_positive,unknown,False,,2026-04-29T15:27:46,roundhouse_kick,0.65,"[{""strike_type"": ""roundhouse_kick"", ""probability"": 0.65}, {""strike_type"": ""axe_kick"", ""probability"": 0.143333}, {""strike_type"": ""spinninghook_kick"", ""probability"": 0.07}]"
Andus - Back Kick_compressed.mp4,single_athlete_training,66,data\processed\clips\Andus - Back Kick_compressed\event_066_kick_candidate_right_ankle_t108p04.mp4,kick_candidate,right_ankle,0.8074,kick,back_kick,True,,2026-04-29T15:27:46,roundhouse_kick,0.493333,"[{""strike_type"": ""roundhouse_kick"", ""probability"": 0.493333}, {""strike_type"": ""spinninghook_kick"", ""probability"": 0.18}, {""strike_type"": ""hopstep_kick"", ""probability"": 0.146667}]"
Andus - Back Kick_compressed.mp4,single_athlete_training,68,data\processed\clips\Andus - Back Kick_compressed\event_068_kick_candidate_right_ankle_t112p85.mp4,kick_candidate,right_ankle,0.678,false_positive,unknown,False,,2026-04-29T15:27:46,roundhouse_kick,0.716667,"[{""strike_type"": ""roundhouse_kick"", ""probability"": 0.716667}, {""strike_type"": ""spinninghook_kick"", ""probability"": 0.11}, {""strike_type"": ""back_kick"", ""probability"": 0.066667}]"
Andus - Back Kick_compressed.mp4,single_athlete_training,69,data\processed\clips\Andus - Back Kick_compressed\event_069_kick_candidate_right_ankle_t114p85.mp4,kick_candidate,right_ankle,0.9697,kick,back_kick,True,,2026-04-29T15:27:46,roundhouse_kick,0.45,"[{""strike_type"": ""roundhouse_kick"", ""probability"": 0.45}, {""strike_type"": ""hopstep_kick"", ""probability"": 0.173333}, {""strike_type"": ""axe_kick"", ""probability"": 0.126667}]"
Andus - Back Kick_compressed.mp4,single_athlete_training,70,data\processed\clips\Andus - Back Kick_compressed\event_070_kick_candidate_right_ankle_t119p26.mp4,kick_candidate,right_ankle,0.9196,false_positive,unknown,False,,2026-04-29T15:27:46,roundhouse_kick,0.313333,"[{""strike_type"": ""roundhouse_kick"", ""probability"": 0.313333}, {""strike_type"": ""axe_kick"", ""probability"": 0.303333}, {""strike_type"": ""back_kick"", ""probability"": 0.153333}]"
Andus - Back Kick_compressed.mp4,single_athlete_training,71,data\processed\clips\Andus - Back Kick_compressed\event_071_punch_candidate_right_wrist_t1p00.mp4,punch_candidate,right_wrist,0.7518,false_positive,unknown,False,,2026-04-29T15:27:46,roundhouse_kick,0.493333,"[{""strike_type"": ""roundhouse_kick"", ""probability"": 0.493333}, {""strike_type"": ""axe_kick"", ""probability"": 0.136667}, {""strike_type"": ""hopstep_kick"", ""probability"": 0.13}]"
Andus - Back Kick_compressed.mp4,single_athlete_training,72,data\processed\clips\Andus - Back Kick_compressed\event_072_punch_candidate_right_wrist_t2p41.mp4,punch_candidate,right_wrist,0.9317,false_positive,unknown,False,,2026-04-29T15:27:46,roundhouse_kick,0.433333,"[{""strike_type"": ""roundhouse_kick"", ""probability"": 0.433333}, {""strike_type"": ""back_kick"", ""probability"": 0.193333}, {""strike_type"": ""hopstep_kick"", ""probability"": 0.163333}]"
Andus - Back Kick_compressed.mp4,single_athlete_training,74,data\processed\clips\Andus - Back Kick_compressed\event_074_punch_candidate_right_wrist_t48p91.mp4,punch_candidate,right_wrist,0.9769,false_positive,unknown,False,,2026-04-29T15:27:46,roundhouse_kick,0.62,"[{""strike_type"": ""roundhouse_kick"", ""probability"": 0.62}, {""strike_type"": ""back_kick"", ""probability"": 0.113333}, {""strike_type"": ""axe_kick"", ""probability"": 0.09}]"
Andus - Back Kick_compressed.mp4,single_athlete_training,76,data\processed\clips\Andus - Back Kick_compressed\event_076_punch_candidate_right_wrist_t81p98.mp4,punch_candidate,right_wrist,0.8323,false_positive,unknown,False,,2026-04-29T15:27:46,roundhouse_kick,0.64,"[{""strike_type"": ""roundhouse_kick"", ""probability"": 0.64}, {""strike_type"": ""back_kick"", ""probability"": 0.123333}, {""strike_type"": ""hopstep_kick"", ""probability"": 0.083333}]"
Andus - Back Kick_compressed.mp4,single_athlete_training,77,data\processed\clips\Andus - Back Kick_compressed\event_077_punch_candidate_right_wrist_t82p78.mp4,punch_candidate,right_wrist,0.6816,false_positive,unknown,False,,2026-04-29T15:27:46,roundhouse_kick,0.45,"[{""strike_type"": ""roundhouse_kick"", ""probability"": 0.45}, {""strike_type"": ""back_kick"", ""probability"": 0.23}, {""strike_type"": ""spinninghook_kick"", ""probability"": 0.19}]"
Andus - Back Kick_compressed.mp4,single_athlete_training,78,data\processed\clips\Andus - Back Kick_compressed\event_078_punch_candidate_right_wrist_t83p38.mp4,punch_candidate,right_wrist,0.7147,false_positive,unknown,False,,2026-04-29T15:27:46,roundhouse_kick,0.506667,"[{""strike_type"": ""roundhouse_kick"", ""probability"": 0.506667}, {""strike_type"": ""hopstep_kick"", ""probability"": 0.22}, {""strike_type"": ""back_kick"", ""probability"": 0.113333}]"
Andus - Back Kick_compressed.mp4,single_athlete_training,81,data\processed\clips\Andus - Back Kick_compressed\event_081_punch_candidate_right_wrist_t111p45.mp4,punch_candidate,right_wrist,0.7594,kick,back_kick,True,,2026-04-29T15:27:46,roundhouse_kick,0.643333,"[{""strike_type"": ""roundhouse_kick"", ""probability"": 0.643333}, {""strike_type"": ""spinninghook_kick"", ""probability"": 0.136667}, {""strike_type"": ""back_kick"", ""probability"": 0.08}]"
Andus - Back Kick_compressed.mp4,single_athlete_training,82,data\processed\clips\Andus - Back Kick_compressed\event_082_punch_candidate_right_wrist_t119p26.mp4,punch_candidate,right_wrist,0.9196,false_positive,unknown,False,,2026-04-29T15:27:46,roundhouse_kick,0.313333,"[{""strike_type"": ""roundhouse_kick"", ""probability"": 0.313333}, {""strike_type"": ""axe_kick"", ""probability"": 0.303333}, {""strike_type"": ""back_kick"", ""probability"": 0.153333}]"
Andus - Hop Step_compressed.mp4,single_athlete_training,2,data\processed\clips\Andus - Hop Step_compressed\event_002_kick_candidate_left_ankle_t0p60.mp4,kick_candidate,left_ankle,0.8899,false_positive,unknown,False,,2026-04-29T19:13:32,axe_kick,0.29,"[{""strike_type"": ""axe_kick"", ""probability"": 0.29}, {""strike_type"": ""roundhouse_kick"", ""probability"": 0.253333}, {""strike_type"": ""back_kick"", ""probability"": 0.18}]"
Andus - Hop Step_compressed.mp4,single_athlete_training,3,data\processed\clips\Andus - Hop Step_compressed\event_003_kick_candidate_left_ankle_t2p21.mp4,kick_candidate,left_ankle,0.8709,false_positive,unknown,False,,2026-04-29T19:13:32,axe_kick,0.273333,"[{""strike_type"": ""axe_kick"", ""probability"": 0.273333}, {""strike_type"": ""roundhouse_kick"", ""probability"": 0.27}, {""strike_type"": ""back_kick"", ""probability"": 0.18}]"
Andus - Hop Step_compressed.mp4,single_athlete_training,4,data\processed\clips\Andus - Hop Step_compressed\event_004_kick_candidate_left_ankle_t3p01.mp4,kick_candidate,left_ankle,0.736,false_positive,unknown,False,,2026-04-29T19:13:32,roundhouse_kick,0.32,"[{""strike_type"": ""roundhouse_kick"", ""probability"": 0.32}, {""strike_type"": ""axe_kick"", ""probability"": 0.283333}, {""strike_type"": ""hopstep_kick"", ""probability"": 0.136667}]"
Andus - Hop Step_compressed.mp4,single_athlete_training,5,data\processed\clips\Andus - Hop Step_compressed\event_005_kick_candidate_left_ankle_t9p83.mp4,kick_candidate,left_ankle,0.9433,kick,hopstep_kick,True,,2026-04-29T19:13:32,roundhouse_kick,0.653333,"[{""strike_type"": ""roundhouse_kick"", ""probability"": 0.653333}, {""strike_type"": ""spinninghook_kick"", ""probability"": 0.173333}, {""strike_type"": ""back_kick"", ""probability"": 0.09}]"
Andus - Hop Step_compressed.mp4,single_athlete_training,6,data\processed\clips\Andus - Hop Step_compressed\event_006_kick_candidate_left_ankle_t15p85.mp4,kick_candidate,left_ankle,0.9373,kick,hopstep_kick,True,,2026-04-29T19:13:32,roundhouse_kick,0.64,"[{""strike_type"": ""roundhouse_kick"", ""probability"": 0.64}, {""strike_type"": ""hopstep_kick"", ""probability"": 0.15}, {""strike_type"": ""spinninghook_kick"", ""probability"": 0.09}]"
Andus - Hop Step_compressed.mp4,single_athlete_training,7,data\processed\clips\Andus - Hop Step_compressed\event_007_kick_candidate_left_ankle_t28p49.mp4,kick_candidate,left_ankle,0.9704,kick,hopstep_kick,True,,2026-04-29T19:13:32,roundhouse_kick,0.513333,"[{""strike_type"": ""roundhouse_kick"", ""probability"": 0.513333}, {""strike_type"": ""hopstep_kick"", ""probability"": 0.15}, {""strike_type"": ""spinninghook_kick"", ""probability"": 0.12}]"
Andus - Hop Step_compressed.mp4,single_athlete_training,8,data\processed\clips\Andus - Hop Step_compressed\event_008_kick_candidate_left_ankle_t35p71.mp4,kick_candidate,left_ankle,0.9401,kick,hopstep_kick,True,,2026-04-29T19:13:32,roundhouse_kick,0.573333,"[{""strike_type"": ""roundhouse_kick"", ""probability"": 0.573333}, {""strike_type"": ""spinninghook_kick"", ""probability"": 0.133333}, {""strike_type"": ""back_kick"", ""probability"": 0.12}]"
Andus - Hop Step_compressed.mp4,single_athlete_training,9,data\processed\clips\Andus - Hop Step_compressed\event_009_kick_candidate_left_ankle_t39p92.mp4,kick_candidate,left_ankle,0.9479,kick,hopstep_kick,True,,2026-04-29T19:13:32,roundhouse_kick,0.546667,"[{""strike_type"": ""roundhouse_kick"", ""probability"": 0.546667}, {""strike_type"": ""spinninghook_kick"", ""probability"": 0.153333}, {""strike_type"": ""back_kick"", ""probability"": 0.133333}]"
Andus - Hop Step_compressed.mp4,single_athlete_training,10,data\processed\clips\Andus - Hop Step_compressed\event_010_kick_candidate_left_ankle_t48p35.mp4,kick_candidate,left_ankle,0.6836,kick,hopstep_kick,True,,2026-04-29T19:13:32,roundhouse_kick,0.643333,"[{""strike_type"": ""roundhouse_kick"", ""probability"": 0.643333}, {""strike_type"": ""spinninghook_kick"", ""probability"": 0.203333}, {""strike_type"": ""back_kick"", ""probability"": 0.076667}]"
Andus - Hop Step_compressed.mp4,single_athlete_training,11,data\processed\clips\Andus - Hop Step_compressed\event_011_kick_candidate_left_ankle_t51p76.mp4,kick_candidate,left_ankle,0.9477,kick,hopstep_kick,True,,2026-04-29T19:13:32,roundhouse_kick,0.636667,"[{""strike_type"": ""roundhouse_kick"", ""probability"": 0.636667}, {""strike_type"": ""hopstep_kick"", ""probability"": 0.11}, {""strike_type"": ""back_kick"", ""probability"": 0.103333}]"
Andus - Hop Step_compressed.mp4,single_athlete_training,12,data\processed\clips\Andus - Hop Step_compressed\event_012_kick_candidate_left_ankle_t59p38.mp4,kick_candidate,left_ankle,0.9398,kick,hopstep_kick,True,,2026-04-29T19:13:32,roundhouse_kick,0.566667,"[{""strike_type"": ""roundhouse_kick"", ""probability"": 0.566667}, {""strike_type"": ""back_kick"", ""probability"": 0.136667}, {""strike_type"": ""spinninghook_kick"", ""probability"": 0.13}]"
Andus - Hop Step_compressed.mp4,single_athlete_training,13,data\processed\clips\Andus - Hop Step_compressed\event_013_kick_candidate_left_ankle_t67p60.mp4,kick_candidate,left_ankle,0.9413,kick,hopstep_kick,True,,2026-04-29T19:13:32,roundhouse_kick,0.546667,"[{""strike_type"": ""roundhouse_kick"", ""probability"": 0.546667}, {""strike_type"": ""spinninghook_kick"", ""probability"": 0.176667}, {""strike_type"": ""back_kick"", ""probability"": 0.106667}]"
Andus - Hop Step_compressed.mp4,single_athlete_training,14,data\processed\clips\Andus - Hop Step_compressed\event_014_kick_candidate_left_ankle_t74p02.mp4,kick_candidate,left_ankle,0.9354,kick,hopstep_kick,True,,2026-04-29T19:13:32,roundhouse_kick,0.62,"[{""strike_type"": ""roundhouse_kick"", ""probability"": 0.62}, {""strike_type"": ""back_kick"", ""probability"": 0.106667}, {""strike_type"": ""hopstep_kick"", ""probability"": 0.106667}]"
Andus - Hop Step_compressed.mp4,single_athlete_training,15,data\processed\clips\Andus - Hop Step_compressed\event_015_kick_candidate_left_ankle_t79p24.mp4,kick_candidate,left_ankle,0.947,kick,hopstep_kick,True,,2026-04-29T19:13:32,roundhouse_kick,0.58,"[{""strike_type"": ""roundhouse_kick"", ""probability"": 0.58}, {""strike_type"": ""hopstep_kick"", ""probability"": 0.146667}, {""strike_type"": ""spinninghook_kick"", ""probability"": 0.116667}]"
Andus - Hop Step_compressed.mp4,single_athlete_training,16,data\processed\clips\Andus - Hop Step_compressed\event_016_kick_candidate_left_ankle_t83p85.mp4,kick_candidate,left_ankle,0.9157,kick,hopstep_kick,True,,2026-04-29T19:13:32,roundhouse_kick,0.6,"[{""strike_type"": ""roundhouse_kick"", ""probability"": 0.6}, {""strike_type"": ""spinninghook_kick"", ""probability"": 0.143333}, {""strike_type"": ""back_kick"", ""probability"": 0.12}]"
Andus - Hop Step_compressed.mp4,single_athlete_training,17,data\processed\clips\Andus - Hop Step_compressed\event_017_kick_candidate_left_ankle_t88p27.mp4,kick_candidate,left_ankle,0.966,kick,hopstep_kick,True,,2026-04-29T19:13:32,roundhouse_kick,0.58,"[{""strike_type"": ""roundhouse_kick"", ""probability"": 0.58}, {""strike_type"": ""spinninghook_kick"", ""probability"": 0.136667}, {""strike_type"": ""back_kick"", ""probability"": 0.126667}]"
Andus - Hop Step_compressed.mp4,single_athlete_training,18,data\processed\clips\Andus - Hop Step_compressed\event_018_kick_candidate_left_ankle_t93p48.mp4,kick_candidate,left_ankle,0.9341,kick,hopstep_kick,True,,2026-04-29T19:13:32,roundhouse_kick,0.506667,"[{""strike_type"": ""roundhouse_kick"", ""probability"": 0.506667}, {""strike_type"": ""spinninghook_kick"", ""probability"": 0.193333}, {""strike_type"": ""hopstep_kick"", ""probability"": 0.13}]"
Andus - Hop Step_compressed.mp4,single_athlete_training,19,data\processed\clips\Andus - Hop Step_compressed\event_019_kick_candidate_left_ankle_t97p89.mp4,kick_candidate,left_ankle,0.8168,kick,hopstep_kick,True,,2026-04-29T19:13:32,roundhouse_kick,0.46,"[{""strike_type"": ""roundhouse_kick"", ""probability"": 0.46}, {""strike_type"": ""hopstep_kick"", ""probability"": 0.196667}, {""strike_type"": ""axe_kick"", ""probability"": 0.123333}]"
Andus - Hop Step_compressed.mp4,single_athlete_training,22,data\processed\clips\Andus - Hop Step_compressed\event_022_kick_candidate_left_ankle_t102p31.mp4,kick_candidate,left_ankle,0.8066,kick,hopstep_kick,True,,2026-04-29T19:13:32,roundhouse_kick,0.54,"[{""strike_type"": ""roundhouse_kick"", ""probability"": 0.54}, {""strike_type"": ""spinninghook_kick"", ""probability"": 0.176667}, {""strike_type"": ""back_kick"", ""probability"": 0.123333}]"
Andus - Hop Step_compressed.mp4,single_athlete_training,25,data\processed\clips\Andus - Hop Step_compressed\event_025_kick_candidate_left_ankle_t110p93.mp4,kick_candidate,left_ankle,0.6835,kick,hopstep_kick,True,,2026-04-29T19:13:32,roundhouse_kick,0.516667,"[{""strike_type"": ""roundhouse_kick"", ""probability"": 0.516667}, {""strike_type"": ""hopstep_kick"", ""probability"": 0.176667}, {""strike_type"": ""spinninghook_kick"", ""probability"": 0.15}]"
Andus - Hop Step_compressed.mp4,single_athlete_training,26,data\processed\clips\Andus - Hop Step_compressed\event_026_kick_candidate_left_ankle_t123p97.mp4,kick_candidate,left_ankle,0.9618,kick,hopstep_kick,True,,2026-04-29T19:13:32,roundhouse_kick,0.64,"[{""strike_type"": ""roundhouse_kick"", ""probability"": 0.64}, {""strike_type"": ""back_kick"", ""probability"": 0.126667}, {""strike_type"": ""spinninghook_kick"", ""probability"": 0.1}]"
Andus - Hop Step_compressed.mp4,single_athlete_training,27,data\processed\clips\Andus - Hop Step_compressed\event_027_kick_candidate_left_ankle_t129p59.mp4,kick_candidate,left_ankle,0.8064,kick,hopstep_kick,True,,2026-04-29T19:13:32,roundhouse_kick,0.63,"[{""strike_type"": ""roundhouse_kick"", ""probability"": 0.63}, {""strike_type"": ""spinninghook_kick"", ""probability"": 0.116667}, {""strike_type"": ""axe_kick"", ""probability"": 0.093333}]"
Andus - Hop Step_compressed.mp4,single_athlete_training,28,data\processed\clips\Andus - Hop Step_compressed\event_028_kick_candidate_left_ankle_t132p80.mp4,kick_candidate,left_ankle,0.8846,kick,hopstep_kick,True,,2026-04-29T19:13:32,roundhouse_kick,0.73,"[{""strike_type"": ""roundhouse_kick"", ""probability"": 0.73}, {""strike_type"": ""back_kick"", ""probability"": 0.083333}, {""strike_type"": ""spinninghook_kick"", ""probability"": 0.083333}]"
Andus - Hop Step_compressed.mp4,single_athlete_training,30,data\processed\clips\Andus - Hop Step_compressed\event_030_kick_candidate_left_ankle_t140p22.mp4,kick_candidate,left_ankle,0.9085,kick,hopstep_kick,True,,2026-04-29T19:13:32,roundhouse_kick,0.693333,"[{""strike_type"": ""roundhouse_kick"", ""probability"": 0.693333}, {""strike_type"": ""back_kick"", ""probability"": 0.1}, {""strike_type"": ""spinninghook_kick"", ""probability"": 0.096667}]"
Andus - Hop Step_compressed.mp4,single_athlete_training,31,data\processed\clips\Andus - Hop Step_compressed\event_031_kick_candidate_left_ankle_t144p03.mp4,kick_candidate,left_ankle,0.9442,kick,hopstep_kick,True,,2026-04-29T19:13:32,roundhouse_kick,0.71,"[{""strike_type"": ""roundhouse_kick"", ""probability"": 0.71}, {""strike_type"": ""spinninghook_kick"", ""probability"": 0.1}, {""strike_type"": ""back_kick"", ""probability"": 0.066667}]"
Andus - Hop Step_compressed.mp4,single_athlete_training,32,data\processed\clips\Andus - Hop Step_compressed\event_032_kick_candidate_left_ankle_t147p84.mp4,kick_candidate,left_ankle,0.9856,kick,hopstep_kick,True,,2026-04-29T19:13:32,roundhouse_kick,0.683333,"[{""strike_type"": ""roundhouse_kick"", ""probability"": 0.683333}, {""strike_type"": ""back_kick"", ""probability"": 0.12}, {""strike_type"": ""spinninghook_kick"", ""probability"": 0.116667}]"
Andus - Hop Step_compressed.mp4,single_athlete_training,33,data\processed\clips\Andus - Hop Step_compressed\event_033_kick_candidate_left_ankle_t152p26.mp4,kick_candidate,left_ankle,0.9771,kick,hopstep_kick,True,,2026-04-29T19:13:32,roundhouse_kick,0.7,"[{""strike_type"": ""roundhouse_kick"", ""probability"": 0.7}, {""strike_type"": ""spinninghook_kick"", ""probability"": 0.153333}, {""strike_type"": ""back_kick"", ""probability"": 0.073333}]"
Andus - Hop Step_compressed.mp4,single_athlete_training,34,data\processed\clips\Andus - Hop Step_compressed\event_034_kick_candidate_left_ankle_t158p07.mp4,kick_candidate,left_ankle,0.9919,kick,hopstep_kick,True,,2026-04-29T19:13:32,roundhouse_kick,0.62,"[{""strike_type"": ""roundhouse_kick"", ""probability"": 0.62}, {""strike_type"": ""hopstep_kick"", ""probability"": 0.13}, {""strike_type"": ""spinninghook_kick"", ""probability"": 0.126667}]"
Andus - Hop Step_compressed.mp4,single_athlete_training,37,data\processed\clips\Andus - Hop Step_compressed\event_037_kick_candidate_left_ankle_t169p31.mp4,kick_candidate,left_ankle,0.8386,kick,hopstep_kick,True,,2026-04-29T19:13:32,roundhouse_kick,0.76,"[{""strike_type"": ""roundhouse_kick"", ""probability"": 0.76}, {""strike_type"": ""spinninghook_kick"", ""probability"": 0.07}, {""strike_type"": ""hopstep_kick"", ""probability"": 0.063333}]"
Andus - Hop Step_compressed.mp4,single_athlete_training,38,data\processed\clips\Andus - Hop Step_compressed\event_038_kick_candidate_left_ankle_t182p95.mp4,kick_candidate,left_ankle,0.9876,kick,hopstep_kick,True,,2026-04-29T19:13:32,roundhouse_kick,0.593333,"[{""strike_type"": ""roundhouse_kick"", ""probability"": 0.593333}, {""strike_type"": ""back_kick"", ""probability"": 0.133333}, {""strike_type"": ""axe_kick"", ""probability"": 0.116667}]"
Andus - Hop Step_compressed.mp4,single_athlete_training,40,data\processed\clips\Andus - Hop Step_compressed\event_040_kick_candidate_left_ankle_t196p59.mp4,kick_candidate,left_ankle,0.9904,kick,hopstep_kick,True,,2026-04-29T19:13:32,roundhouse_kick,0.696667,"[{""strike_type"": ""roundhouse_kick"", ""probability"": 0.696667}, {""strike_type"": ""back_kick"", ""probability"": 0.133333}, {""strike_type"": ""spinninghook_kick"", ""probability"": 0.08}]"
Andus - Hop Step_compressed.mp4,single_athlete_training,43,data\processed\clips\Andus - Hop Step_compressed\event_043_kick_candidate_left_ankle_t205p21.mp4,kick_candidate,left_ankle,0.8433,kick,hopstep_kick,True,,2026-04-29T19:13:32,roundhouse_kick,0.556667,"[{""strike_type"": ""roundhouse_kick"", ""probability"": 0.556667}, {""strike_type"": ""axe_kick"", ""probability"": 0.23}, {""strike_type"": ""spinninghook_kick"", ""probability"": 0.083333}]"
Andus - Hop Step_compressed.mp4,single_athlete_training,44,data\processed\clips\Andus - Hop Step_compressed\event_044_kick_candidate_left_ankle_t213p64.mp4,kick_candidate,left_ankle,0.7541,kick,hopstep_kick,True,,2026-04-29T19:13:32,roundhouse_kick,0.473333,"[{""strike_type"": ""roundhouse_kick"", ""probability"": 0.473333}, {""strike_type"": ""hopstep_kick"", ""probability"": 0.15}, {""strike_type"": ""axe_kick"", ""probability"": 0.136667}]"
Andus - Hop Step_compressed.mp4,single_athlete_training,45,data\processed\clips\Andus - Hop Step_compressed\event_045_kick_candidate_left_ankle_t221p26.mp4,kick_candidate,left_ankle,0.8368,kick,hopstep_kick,True,,2026-04-29T19:13:32,roundhouse_kick,0.396667,"[{""strike_type"": ""roundhouse_kick"", ""probability"": 0.396667}, {""strike_type"": ""back_kick"", ""probability"": 0.186667}, {""strike_type"": ""hopstep_kick"", ""probability"": 0.173333}]"
Andus - Hop Step_compressed.mp4,single_athlete_training,46,data\processed\clips\Andus - Hop Step_compressed\event_046_kick_candidate_left_ankle_t225p47.mp4,kick_candidate,left_ankle,0.8433,kick,hopstep_kick,True,,2026-04-29T19:13:32,roundhouse_kick,0.64,"[{""strike_type"": ""roundhouse_kick"", ""probability"": 0.64}, {""strike_type"": ""spinninghook_kick"", ""probability"": 0.1}, {""strike_type"": ""hopstep_kick"", ""probability"": 0.096667}]"
Andus - Hop Step_compressed.mp4,single_athlete_training,47,data\processed\clips\Andus - Hop Step_compressed\event_047_kick_candidate_left_ankle_t236p91.mp4,kick_candidate,left_ankle,0.9293,kick,hopstep_kick,True,,2026-04-29T19:13:32,roundhouse_kick,0.473333,"[{""strike_type"": ""roundhouse_kick"", ""probability"": 0.473333}, {""strike_type"": ""axe_kick"", ""probability"": 0.163333}, {""strike_type"": ""hopstep_kick"", ""probability"": 0.106667}]"
Andus - Hop Step_compressed.mp4,single_athlete_training,48,data\processed\clips\Andus - Hop Step_compressed\event_048_kick_candidate_left_ankle_t243p93.mp4,kick_candidate,left_ankle,0.7728,kick,hopstep_kick,True,,2026-04-29T19:13:32,roundhouse_kick,0.67,"[{""strike_type"": ""roundhouse_kick"", ""probability"": 0.67}, {""strike_type"": ""hopstep_kick"", ""probability"": 0.083333}, {""strike_type"": ""spinninghook_kick"", ""probability"": 0.076667}]"
Andus - Hop Step_compressed.mp4,single_athlete_training,51,data\processed\clips\Andus - Hop Step_compressed\event_051_punch_candidate_left_wrist_t1p01.mp4,punch_candidate,left_wrist,0.8748,false_positive,unknown,False,,2026-04-29T19:13:32,axe_kick,0.32,"[{""strike_type"": ""axe_kick"", ""probability"": 0.32}, {""strike_type"": ""roundhouse_kick"", ""probability"": 0.273333}, {""strike_type"": ""back_kick"", ""probability"": 0.173333}]"
Andus - Hop Step_compressed.mp4,single_athlete_training,53,data\processed\clips\Andus - Hop Step_compressed\event_053_punch_candidate_left_wrist_t63p39.mp4,punch_candidate,left_wrist,0.7653,kick,hopstep_kick,True,,2026-04-29T19:13:32,roundhouse_kick,0.286667,"[{""strike_type"": ""roundhouse_kick"", ""probability"": 0.286667}, {""strike_type"": ""spinninghook_kick"", ""probability"": 0.286667}, {""strike_type"": ""hopaxe_kick"", ""probability"": 0.26}]"
Andus - Hop Step_compressed.mp4,single_athlete_training,55,data\processed\clips\Andus - Hop Step_compressed\event_055_punch_candidate_left_wrist_t126p78.mp4,punch_candidate,left_wrist,0.6435,false_positive,unknown,False,,2026-04-29T19:13:32,roundhouse_kick,0.463333,"[{""strike_type"": ""roundhouse_kick"", ""probability"": 0.463333}, {""strike_type"": ""spinninghook_kick"", ""probability"": 0.203333}, {""strike_type"": ""back_kick"", ""probability"": 0.143333}]"
Andus - Hop Step_compressed.mp4,single_athlete_training,57,data\processed\clips\Andus - Hop Step_compressed\event_057_punch_candidate_left_wrist_t160p28.mp4,punch_candidate,left_wrist,0.7324,false_positive,unknown,False,,2026-04-29T19:13:32,roundhouse_kick,0.463333,"[{""strike_type"": ""roundhouse_kick"", ""probability"": 0.463333}, {""strike_type"": ""spinninghook_kick"", ""probability"": 0.196667}, {""strike_type"": ""hopaxe_kick"", ""probability"": 0.13}]"
Andus - Hop Step_compressed.mp4,single_athlete_training,64,data\processed\clips\Andus - Hop Step_compressed\event_064_punch_candidate_left_wrist_t213p04.mp4,punch_candidate,left_wrist,0.8123,kick,hopstep_kick,True,,2026-04-29T19:13:32,roundhouse_kick,0.43,"[{""strike_type"": ""roundhouse_kick"", ""probability"": 0.43}, {""strike_type"": ""hopstep_kick"", ""probability"": 0.24}, {""strike_type"": ""axe_kick"", ""probability"": 0.126667}]"
Andus - Hop Step_compressed.mp4,single_athlete_training,65,data\processed\clips\Andus - Hop Step_compressed\event_065_punch_candidate_left_wrist_t214p24.mp4,punch_candidate,left_wrist,0.9506,kick,hopstep_kick,True,,2026-04-29T19:13:32,roundhouse_kick,0.636667,"[{""strike_type"": ""roundhouse_kick"", ""probability"": 0.636667}, {""strike_type"": ""spinninghook_kick"", ""probability"": 0.106667}, {""strike_type"": ""axe_kick"", ""probability"": 0.076667}]"
Andus - Hop Step_compressed.mp4,single_athlete_training,68,data\processed\clips\Andus - Hop Step_compressed\event_068_punch_candidate_left_wrist_t222p46.mp4,punch_candidate,left_wrist,0.4663,kick,hopstep_kick,True,,2026-04-29T19:13:32,roundhouse_kick,0.533333,"[{""strike_type"": ""roundhouse_kick"", ""probability"": 0.533333}, {""strike_type"": ""spinninghook_kick"", ""probability"": 0.243333}, {""strike_type"": ""back_kick"", ""probability"": 0.143333}]"
Andus - Hop Step_compressed.mp4,single_athlete_training,69,data\processed\clips\Andus - Hop Step_compressed\event_069_punch_candidate_left_wrist_t236p51.mp4,punch_candidate,left_wrist,0.7458,kick,hopstep_kick,True,,2026-04-29T19:13:32,roundhouse_kick,0.416667,"[{""strike_type"": ""roundhouse_kick"", ""probability"": 0.416667}, {""strike_type"": ""hopaxe_kick"", ""probability"": 0.17}, {""strike_type"": ""hopstep_kick"", ""probability"": 0.136667}]"
Andus - Hop Step_compressed.mp4,single_athlete_training,72,data\processed\clips\Andus - Hop Step_compressed\event_072_kick_candidate_right_ankle_t0p60.mp4,kick_candidate,right_ankle,0.8899,false_positive,unknown,False,,2026-04-29T19:13:32,axe_kick,0.29,"[{""strike_type"": ""axe_kick"", ""probability"": 0.29}, {""strike_type"": ""roundhouse_kick"", ""probability"": 0.253333}, {""strike_type"": ""back_kick"", ""probability"": 0.18}]"
Andus - Hop Step_compressed.mp4,single_athlete_training,73,data\processed\clips\Andus - Hop Step_compressed\event_073_kick_candidate_right_ankle_t2p21.mp4,kick_candidate,right_ankle,0.8709,false_positive,unknown,False,,2026-04-29T19:13:32,axe_kick,0.273333,"[{""strike_type"": ""axe_kick"", ""probability"": 0.273333}, {""strike_type"": ""roundhouse_kick"", ""probability"": 0.27}, {""strike_type"": ""back_kick"", ""probability"": 0.18}]"
Andus - Hop Step_compressed.mp4,single_athlete_training,74,data\processed\clips\Andus - Hop Step_compressed\event_074_kick_candidate_right_ankle_t3p01.mp4,kick_candidate,right_ankle,0.7356,false_positive,unknown,False,,2026-04-29T19:13:32,roundhouse_kick,0.336667,"[{""strike_type"": ""roundhouse_kick"", ""probability"": 0.336667}, {""strike_type"": ""axe_kick"", ""probability"": 0.263333}, {""strike_type"": ""back_kick"", ""probability"": 0.126667}]"
Andus - Hop Step_compressed.mp4,single_athlete_training,75,data\processed\clips\Andus - Hop Step_compressed\event_075_kick_candidate_right_ankle_t9p63.mp4,kick_candidate,right_ankle,0.8688,kick,hopstep_kick,True,,2026-04-29T19:13:32,roundhouse_kick,0.636667,"[{""strike_type"": ""roundhouse_kick"", ""probability"": 0.636667}, {""strike_type"": ""back_kick"", ""probability"": 0.133333}, {""strike_type"": ""spinninghook_kick"", ""probability"": 0.106667}]"
Andus - Hop Step_compressed.mp4,single_athlete_training,77,data\processed\clips\Andus - Hop Step_compressed\event_077_kick_candidate_right_ankle_t16p05.mp4,kick_candidate,right_ankle,0.9676,kick,hopstep_kick,True,,2026-04-29T19:13:32,roundhouse_kick,0.64,"[{""strike_type"": ""roundhouse_kick"", ""probability"": 0.64}, {""strike_type"": ""spinninghook_kick"", ""probability"": 0.126667}, {""strike_type"": ""hopstep_kick"", ""probability"": 0.113333}]"
Andus - Hop Step_compressed.mp4,single_athlete_training,78,data\processed\clips\Andus - Hop Step_compressed\event_078_kick_candidate_right_ankle_t19p46.mp4,kick_candidate,right_ankle,0.9466,kick,hopstep_kick,True,,2026-04-29T19:13:32,roundhouse_kick,0.64,"[{""strike_type"": ""roundhouse_kick"", ""probability"": 0.64}, {""strike_type"": ""hopstep_kick"", ""probability"": 0.143333}, {""strike_type"": ""spinninghook_kick"", ""probability"": 0.1}]"
Andus - Hop Step_compressed.mp4,single_athlete_training,79,data\processed\clips\Andus - Hop Step_compressed\event_079_kick_candidate_right_ankle_t22p27.mp4,kick_candidate,right_ankle,0.8085,kick,hopstep_kick,True,,2026-04-29T19:13:32,roundhouse_kick,0.596667,"[{""strike_type"": ""roundhouse_kick"", ""probability"": 0.596667}, {""strike_type"": ""axe_kick"", ""probability"": 0.11}, {""strike_type"": ""hopstep_kick"", ""probability"": 0.1}]"
Andus - Hop Step_compressed.mp4,single_athlete_training,82,data\processed\clips\Andus - Hop Step_compressed\event_082_kick_candidate_right_ankle_t32p30.mp4,kick_candidate,right_ankle,0.9665,kick,hopstep_kick,True,,2026-04-29T19:13:32,roundhouse_kick,0.72,"[{""strike_type"": ""roundhouse_kick"", ""probability"": 0.72}, {""strike_type"": ""back_kick"", ""probability"": 0.106667}, {""strike_type"": ""hopstep_kick"", ""probability"": 0.09}]"
Andus - Hop Step_compressed.mp4,single_athlete_training,86,data\processed\clips\Andus - Hop Step_compressed\event_086_kick_candidate_right_ankle_t47p74.mp4,kick_candidate,right_ankle,0.9648,kick,hopstep_kick,True,,2026-04-29T19:13:32,roundhouse_kick,0.68,"[{""strike_type"": ""roundhouse_kick"", ""probability"": 0.68}, {""strike_type"": ""spinninghook_kick"", ""probability"": 0.103333}, {""strike_type"": ""axe_kick"", ""probability"": 0.08}]"
Andus - Hop Step_compressed.mp4,single_athlete_training,88,data\processed\clips\Andus - Hop Step_compressed\event_088_kick_candidate_right_ankle_t55p17.mp4,kick_candidate,right_ankle,0.9211,kick,hopstep_kick,True,,2026-04-29T19:13:32,roundhouse_kick,0.716667,"[{""strike_type"": ""roundhouse_kick"", ""probability"": 0.716667}, {""strike_type"": ""hopstep_kick"", ""probability"": 0.153333}, {""strike_type"": ""back_kick"", ""probability"": 0.06}]"
Andus - Hop Step_compressed.mp4,single_athlete_training,90,data\processed\clips\Andus - Hop Step_compressed\event_090_kick_candidate_right_ankle_t74p02.mp4,kick_candidate,right_ankle,0.8238,kick,hopstep_kick,True,,2026-04-29T19:13:32,roundhouse_kick,0.53,"[{""strike_type"": ""roundhouse_kick"", ""probability"": 0.53}, {""strike_type"": ""spinninghook_kick"", ""probability"": 0.15}, {""strike_type"": ""back_kick"", ""probability"": 0.146667}]"
Andus - Hop Step_compressed.mp4,single_athlete_training,92,data\processed\clips\Andus - Hop Step_compressed\event_092_kick_candidate_right_ankle_t93p68.mp4,kick_candidate,right_ankle,0.9266,kick,hopstep_kick,True,,2026-04-29T19:13:32,roundhouse_kick,0.5,"[{""strike_type"": ""roundhouse_kick"", ""probability"": 0.5}, {""strike_type"": ""spinninghook_kick"", ""probability"": 0.203333}, {""strike_type"": ""hopstep_kick"", ""probability"": 0.133333}]"
Andus - Hop Step_compressed.mp4,single_athlete_training,93,data\processed\clips\Andus - Hop Step_compressed\event_093_kick_candidate_right_ankle_t97p69.mp4,kick_candidate,right_ankle,0.9582,kick,hopstep_kick,True,,2026-04-29T19:13:32,roundhouse_kick,0.383333,"[{""strike_type"": ""roundhouse_kick"", ""probability"": 0.383333}, {""strike_type"": ""axe_kick"", ""probability"": 0.243333}, {""strike_type"": ""hopstep_kick"", ""probability"": 0.196667}]"
Andus - Hop Step_compressed.mp4,single_athlete_training,96,data\processed\clips\Andus - Hop Step_compressed\event_096_kick_candidate_right_ankle_t110p53.mp4,kick_candidate,right_ankle,0.8986,kick,hopstep_kick,True,,2026-04-29T19:13:32,roundhouse_kick,0.483333,"[{""strike_type"": ""roundhouse_kick"", ""probability"": 0.483333}, {""strike_type"": ""hopstep_kick"", ""probability"": 0.17}, {""strike_type"": ""axe_kick"", ""probability"": 0.146667}]"
Andus - Hop Step_compressed.mp4,single_athlete_training,97,data\processed\clips\Andus - Hop Step_compressed\event_097_kick_candidate_right_ankle_t119p56.mp4,kick_candidate,right_ankle,0.9493,kick,hopstep_kick,True,,2026-04-29T19:13:32,roundhouse_kick,0.566667,"[{""strike_type"": ""roundhouse_kick"", ""probability"": 0.566667}, {""strike_type"": ""back_kick"", ""probability"": 0.103333}, {""strike_type"": ""axe_kick"", ""probability"": 0.086667}]"
Andus - Hop Step_compressed.mp4,single_athlete_training,98,data\processed\clips\Andus - Hop Step_compressed\event_098_kick_candidate_right_ankle_t123p77.mp4,kick_candidate,right_ankle,0.7217,kick,hopstep_kick,True,,2026-04-29T19:13:32,roundhouse_kick,0.476667,"[{""strike_type"": ""roundhouse_kick"", ""probability"": 0.476667}, {""strike_type"": ""spinninghook_kick"", ""probability"": 0.16}, {""strike_type"": ""hopstep_kick"", ""probability"": 0.146667}]"
Andus - Hop Step_compressed.mp4,single_athlete_training,99,data\processed\clips\Andus - Hop Step_compressed\event_099_kick_candidate_right_ankle_t129p79.mp4,kick_candidate,right_ankle,0.9874,kick,hopstep_kick,True,,2026-04-29T19:13:32,roundhouse_kick,0.726667,"[{""strike_type"": ""roundhouse_kick"", ""probability"": 0.726667}, {""strike_type"": ""spinninghook_kick"", ""probability"": 0.083333}, {""strike_type"": ""back_kick"", ""probability"": 0.066667}]"
Andus - Hop Step_compressed.mp4,single_athlete_training,100,data\processed\clips\Andus - Hop Step_compressed\event_100_kick_candidate_right_ankle_t136p61.mp4,kick_candidate,right_ankle,0.9889,kick,hopstep_kick,True,,2026-04-29T19:13:32,roundhouse_kick,0.673333,"[{""strike_type"": ""roundhouse_kick"", ""probability"": 0.673333}, {""strike_type"": ""axe_kick"", ""probability"": 0.12}, {""strike_type"": ""spinninghook_kick"", ""probability"": 0.073333}]"
Andus - Hop Step_compressed.mp4,single_athlete_training,102,data\processed\clips\Andus - Hop Step_compressed\event_102_kick_candidate_right_ankle_t144p23.mp4,kick_candidate,right_ankle,0.9809,kick,hopstep_kick,True,,2026-04-29T19:13:32,roundhouse_kick,0.72,"[{""strike_type"": ""roundhouse_kick"", ""probability"": 0.72}, {""strike_type"": ""spinninghook_kick"", ""probability"": 0.12}, {""strike_type"": ""back_kick"", ""probability"": 0.07}]"
Andus - Hop Step_compressed.mp4,single_athlete_training,103,data\processed\clips\Andus - Hop Step_compressed\event_103_kick_candidate_right_ankle_t152p26.mp4,kick_candidate,right_ankle,0.9848,kick,hopstep_kick,True,,2026-04-29T19:13:32,roundhouse_kick,0.706667,"[{""strike_type"": ""roundhouse_kick"", ""probability"": 0.706667}, {""strike_type"": ""spinninghook_kick"", ""probability"": 0.13}, {""strike_type"": ""back_kick"", ""probability"": 0.08}]"
Andus - Hop Step_compressed.mp4,single_athlete_training,104,data\processed\clips\Andus - Hop Step_compressed\event_104_kick_candidate_right_ankle_t161p48.mp4,kick_candidate,right_ankle,0.9889,kick,hopstep_kick,True,,2026-04-29T19:13:32,roundhouse_kick,0.596667,"[{""strike_type"": ""roundhouse_kick"", ""probability"": 0.596667}, {""strike_type"": ""axe_kick"", ""probability"": 0.15}, {""strike_type"": ""hopstep_kick"", ""probability"": 0.093333}]"
Andus - Hop Step_compressed.mp4,single_athlete_training,105,data\processed\clips\Andus - Hop Step_compressed\event_105_kick_candidate_right_ankle_t165p70.mp4,kick_candidate,right_ankle,0.879,kick,hopstep_kick,True,,2026-04-29T19:13:32,roundhouse_kick,0.64,"[{""strike_type"": ""roundhouse_kick"", ""probability"": 0.64}, {""strike_type"": ""hopstep_kick"", ""probability"": 0.13}, {""strike_type"": ""axe_kick"", ""probability"": 0.093333}]"
Andus - Hop Step_compressed.mp4,single_athlete_training,106,data\processed\clips\Andus - Hop Step_compressed\event_106_kick_candidate_right_ankle_t169p51.mp4,kick_candidate,right_ankle,0.9575,kick,hopstep_kick,True,,2026-04-29T19:13:32,roundhouse_kick,0.763333,"[{""strike_type"": ""roundhouse_kick"", ""probability"": 0.763333}, {""strike_type"": ""spinninghook_kick"", ""probability"": 0.093333}, {""strike_type"": ""back_kick"", ""probability"": 0.076667}]"
Andus - Hop Step_compressed.mp4,single_athlete_training,107,data\processed\clips\Andus - Hop Step_compressed\event_107_kick_candidate_right_ankle_t176p53.mp4,kick_candidate,right_ankle,0.9896,kick,hopstep_kick,True,,2026-04-29T19:13:32,roundhouse_kick,0.743333,"[{""strike_type"": ""roundhouse_kick"", ""probability"": 0.743333}, {""strike_type"": ""axe_kick"", ""probability"": 0.083333}, {""strike_type"": ""spinninghook_kick"", ""probability"": 0.076667}]"
Andus - Hop Step_compressed.mp4,single_athlete_training,108,data\processed\clips\Andus - Hop Step_compressed\event_108_kick_candidate_right_ankle_t183p35.mp4,kick_candidate,right_ankle,0.9684,kick,hopstep_kick,True,,2026-04-29T19:13:32,roundhouse_kick,0.596667,"[{""strike_type"": ""roundhouse_kick"", ""probability"": 0.596667}, {""strike_type"": ""spinninghook_kick"", ""probability"": 0.156667}, {""strike_type"": ""back_kick"", ""probability"": 0.096667}]"
Andus - Hop Step_compressed.mp4,single_athlete_training,109,data\processed\clips\Andus - Hop Step_compressed\event_109_kick_candidate_right_ankle_t191p17.mp4,kick_candidate,right_ankle,0.9892,kick,hopstep_kick,True,,2026-04-29T19:13:32,roundhouse_kick,0.786667,"[{""strike_type"": ""roundhouse_kick"", ""probability"": 0.786667}, {""strike_type"": ""spinninghook_kick"", ""probability"": 0.073333}, {""strike_type"": ""back_kick"", ""probability"": 0.05}]"
Andus - Hop Step_compressed.mp4,single_athlete_training,110,data\processed\clips\Andus - Hop Step_compressed\event_110_kick_candidate_right_ankle_t197p19.mp4,kick_candidate,right_ankle,0.9885,kick,hopstep_kick,True,,2026-04-29T19:13:32,roundhouse_kick,0.71,"[{""strike_type"": ""roundhouse_kick"", ""probability"": 0.71}, {""strike_type"": ""spinninghook_kick"", ""probability"": 0.103333}, {""strike_type"": ""back_kick"", ""probability"": 0.09}]"
Andus - Hop Step_compressed.mp4,single_athlete_training,111,data\processed\clips\Andus - Hop Step_compressed\event_111_kick_candidate_right_ankle_t201p60.mp4,kick_candidate,right_ankle,0.9844,kick,hopstep_kick,True,,2026-04-29T19:13:32,roundhouse_kick,0.763333,"[{""strike_type"": ""roundhouse_kick"", ""probability"": 0.763333}, {""strike_type"": ""axe_kick"", ""probability"": 0.093333}, {""strike_type"": ""spinninghook_kick"", ""probability"": 0.08}]"
Andus - Hop Step_compressed.mp4,single_athlete_training,112,data\processed\clips\Andus - Hop Step_compressed\event_112_kick_candidate_right_ankle_t205p41.mp4,kick_candidate,right_ankle,0.9847,kick,hopstep_kick,True,,2026-04-29T19:13:32,roundhouse_kick,0.586667,"[{""strike_type"": ""roundhouse_kick"", ""probability"": 0.586667}, {""strike_type"": ""axe_kick"", ""probability"": 0.176667}, {""strike_type"": ""spinninghook_kick"", ""probability"": 0.11}]"
Andus - Hop Step_compressed.mp4,single_athlete_training,113,data\processed\clips\Andus - Hop Step_compressed\event_113_kick_candidate_right_ankle_t209p63.mp4,kick_candidate,right_ankle,0.9715,kick,hopstep_kick,True,,2026-04-29T19:13:32,roundhouse_kick,0.71,"[{""strike_type"": ""roundhouse_kick"", ""probability"": 0.71}, {""strike_type"": ""spinninghook_kick"", ""probability"": 0.086667}, {""strike_type"": ""back_kick"", ""probability"": 0.073333}]"
Andus - Hop Step_compressed.mp4,single_athlete_training,114,data\processed\clips\Andus - Hop Step_compressed\event_114_kick_candidate_right_ankle_t213p64.mp4,kick_candidate,right_ankle,0.8246,kick,hopstep_kick,True,,2026-04-29T19:13:32,roundhouse_kick,0.473333,"[{""strike_type"": ""roundhouse_kick"", ""probability"": 0.473333}, {""strike_type"": ""hopstep_kick"", ""probability"": 0.15}, {""strike_type"": ""axe_kick"", ""probability"": 0.136667}]"
Andus - Hop Step_compressed.mp4,single_athlete_training,116,data\processed\clips\Andus - Hop Step_compressed\event_116_kick_candidate_right_ankle_t225p67.mp4,kick_candidate,right_ankle,0.972,kick,hopstep_kick,True,,2026-04-29T19:13:32,roundhouse_kick,0.68,"[{""strike_type"": ""roundhouse_kick"", ""probability"": 0.68}, {""strike_type"": ""axe_kick"", ""probability"": 0.1}, {""strike_type"": ""spinninghook_kick"", ""probability"": 0.083333}]"
Andus - Hop Step_compressed.mp4,single_athlete_training,117,data\processed\clips\Andus - Hop Step_compressed\event_117_kick_candidate_right_ankle_t229p49.mp4,kick_candidate,right_ankle,0.9903,kick,hopstep_kick,True,,2026-04-29T19:13:32,roundhouse_kick,0.72,"[{""strike_type"": ""roundhouse_kick"", ""probability"": 0.72}, {""strike_type"": ""axe_kick"", ""probability"": 0.116667}, {""strike_type"": ""spinninghook_kick"", ""probability"": 0.06}]"
Andus - Hop Step_compressed.mp4,single_athlete_training,118,data\processed\clips\Andus - Hop Step_compressed\event_118_kick_candidate_right_ankle_t233p50.mp4,kick_candidate,right_ankle,0.9903,kick,hopstep_kick,True,,2026-04-29T19:13:32,roundhouse_kick,0.6,"[{""strike_type"": ""roundhouse_kick"", ""probability"": 0.6}, {""strike_type"": ""axe_kick"", ""probability"": 0.17}, {""strike_type"": ""hopstep_kick"", ""probability"": 0.09}]"
Andus - Hop Step_compressed.mp4,single_athlete_training,119,data\processed\clips\Andus - Hop Step_compressed\event_119_kick_candidate_right_ankle_t237p11.mp4,kick_candidate,right_ankle,0.9091,kick,hopstep_kick,True,,2026-04-29T19:13:32,roundhouse_kick,0.546667,"[{""strike_type"": ""roundhouse_kick"", ""probability"": 0.546667}, {""strike_type"": ""spinninghook_kick"", ""probability"": 0.13}, {""strike_type"": ""axe_kick"", ""probability"": 0.1}]"
Andus - Hop Step_compressed.mp4,single_athlete_training,120,data\processed\clips\Andus - Hop Step_compressed\event_120_kick_candidate_right_ankle_t243p73.mp4,kick_candidate,right_ankle,0.8904,kick,hopstep_kick,True,,2026-04-29T19:13:32,roundhouse_kick,0.68,"[{""strike_type"": ""roundhouse_kick"", ""probability"": 0.68}, {""strike_type"": ""hopstep_kick"", ""probability"": 0.126667}, {""strike_type"": ""spinninghook_kick"", ""probability"": 0.086667}]"
Andus - Hop Step_compressed.mp4,single_athlete_training,121,data\processed\clips\Andus - Hop Step_compressed\event_121_kick_candidate_right_ankle_t244p73.mp4,kick_candidate,right_ankle,0.7465,kick,hopstep_kick,True,,2026-04-29T19:13:32,roundhouse_kick,0.736667,"[{""strike_type"": ""roundhouse_kick"", ""probability"": 0.736667}, {""strike_type"": ""spinninghook_kick"", ""probability"": 0.126667}, {""strike_type"": ""back_kick"", ""probability"": 0.073333}]"
Andus - Hop Step_compressed.mp4,single_athlete_training,122,data\processed\clips\Andus - Hop Step_compressed\event_122_kick_candidate_right_ankle_t247p34.mp4,kick_candidate,right_ankle,0.9867,kick,hopstep_kick,True,,2026-04-29T19:13:32,roundhouse_kick,0.67,"[{""strike_type"": ""roundhouse_kick"", ""probability"": 0.67}, {""strike_type"": ""axe_kick"", ""probability"": 0.096667}, {""strike_type"": ""spinninghook_kick"", ""probability"": 0.086667}]"
Andus - Hop Step_compressed.mp4,single_athlete_training,123,data\processed\clips\Andus - Hop Step_compressed\event_123_kick_candidate_right_ankle_t250p95.mp4,kick_candidate,right_ankle,0.992,kick,hopstep_kick,True,,2026-04-29T19:13:32,roundhouse_kick,0.546667,"[{""strike_type"": ""roundhouse_kick"", ""probability"": 0.546667}, {""strike_type"": ""hopstep_kick"", ""probability"": 0.17}, {""strike_type"": ""axe_kick"", ""probability"": 0.133333}]"
Andus - Hop Step_compressed.mp4,single_athlete_training,127,data\processed\clips\Andus - Hop Step_compressed\event_127_punch_candidate_right_wrist_t0p60.mp4,punch_candidate,right_wrist,0.8775,false_positive,unknown,False,,2026-04-29T19:13:32,axe_kick,0.306667,"[{""strike_type"": ""axe_kick"", ""probability"": 0.306667}, {""strike_type"": ""roundhouse_kick"", ""probability"": 0.253333}, {""strike_type"": ""back_kick"", ""probability"": 0.176667}]"
Andus - Hop Step_compressed.mp4,single_athlete_training,128,data\processed\clips\Andus - Hop Step_compressed\event_128_punch_candidate_right_wrist_t4p22.mp4,punch_candidate,right_wrist,0.486,false_positive,unknown,False,,2026-04-29T19:13:32,roundhouse_kick,0.4,"[{""strike_type"": ""roundhouse_kick"", ""probability"": 0.4}, {""strike_type"": ""axe_kick"", ""probability"": 0.146667}, {""strike_type"": ""spinninghook_kick"", ""probability"": 0.133333}]"
Andus - Hop Step_compressed.mp4,single_athlete_training,132,data\processed\clips\Andus - Hop Step_compressed\event_132_punch_candidate_right_wrist_t132p80.mp4,punch_candidate,right_wrist,0.7267,kick,hopstep_kick,True,,2026-04-29T19:13:32,roundhouse_kick,0.726667,"[{""strike_type"": ""roundhouse_kick"", ""probability"": 0.726667}, {""strike_type"": ""spinninghook_kick"", ""probability"": 0.09}, {""strike_type"": ""back_kick"", ""probability"": 0.083333}]"
Andus - Hop Step_compressed.mp4,single_athlete_training,133,data\processed\clips\Andus - Hop Step_compressed\event_133_punch_candidate_right_wrist_t140p22.mp4,punch_candidate,right_wrist,0.8164,kick,hopstep_kick,True,,2026-04-29T19:13:32,roundhouse_kick,0.686667,"[{""strike_type"": ""roundhouse_kick"", ""probability"": 0.686667}, {""strike_type"": ""spinninghook_kick"", ""probability"": 0.103333}, {""strike_type"": ""back_kick"", ""probability"": 0.1}]"
Andus - Hop Step_compressed.mp4,single_athlete_training,135,data\processed\clips\Andus - Hop Step_compressed\event_135_punch_candidate_right_wrist_t147p64.mp4,punch_candidate,right_wrist,0.7358,kick,hopstep_kick,True,,2026-04-29T19:13:32,roundhouse_kick,0.596667,"[{""strike_type"": ""roundhouse_kick"", ""probability"": 0.596667}, {""strike_type"": ""spinninghook_kick"", ""probability"": 0.123333}, {""strike_type"": ""hopstep_kick"", ""probability"": 0.11}]"
Andus - Hop Step_compressed.mp4,single_athlete_training,136,data\processed\clips\Andus - Hop Step_compressed\event_136_punch_candidate_right_wrist_t152p06.mp4,punch_candidate,right_wrist,0.7725,kick,hopstep_kick,True,,2026-04-29T19:13:32,roundhouse_kick,0.67,"[{""strike_type"": ""roundhouse_kick"", ""probability"": 0.67}, {""strike_type"": ""spinninghook_kick"", ""probability"": 0.113333}, {""strike_type"": ""back_kick"", ""probability"": 0.103333}]"
Andus - Hop Step_compressed.mp4,single_athlete_training,137,data\processed\clips\Andus - Hop Step_compressed\event_137_punch_candidate_right_wrist_t182p95.mp4,punch_candidate,right_wrist,0.7784,kick,hopstep_kick,True,,2026-04-29T19:13:32,roundhouse_kick,0.553333,"[{""strike_type"": ""roundhouse_kick"", ""probability"": 0.553333}, {""strike_type"": ""back_kick"", ""probability"": 0.13}, {""strike_type"": ""spinninghook_kick"", ""probability"": 0.123333}]"
Andus - Hop Step_compressed.mp4,single_athlete_training,139,data\processed\clips\Andus - Hop Step_compressed\event_139_punch_candidate_right_wrist_t205p21.mp4,punch_candidate,right_wrist,0.8394,kick,hopstep_kick,True,,2026-04-29T19:13:32,roundhouse_kick,0.556667,"[{""strike_type"": ""roundhouse_kick"", ""probability"": 0.556667}, {""strike_type"": ""axe_kick"", ""probability"": 0.23}, {""strike_type"": ""spinninghook_kick"", ""probability"": 0.083333}]"
Andus - Hop Step_compressed.mp4,single_athlete_training,140,data\processed\clips\Andus - Hop Step_compressed\event_140_punch_candidate_right_wrist_t213p44.mp4,punch_candidate,right_wrist,0.9481,kick,hopstep_kick,True,,2026-04-29T19:13:32,roundhouse_kick,0.403333,"[{""strike_type"": ""roundhouse_kick"", ""probability"": 0.403333}, {""strike_type"": ""axe_kick"", ""probability"": 0.18}, {""strike_type"": ""back_kick"", ""probability"": 0.16}]"
Andus - Hop Step_compressed.mp4,single_athlete_training,141,data\processed\clips\Andus - Hop Step_compressed\event_141_punch_candidate_right_wrist_t214p64.mp4,punch_candidate,right_wrist,0.8157,kick,hopstep_kick,True,,2026-04-29T19:13:32,roundhouse_kick,0.57,"[{""strike_type"": ""roundhouse_kick"", ""probability"": 0.57}, {""strike_type"": ""hopstep_kick"", ""probability"": 0.12}, {""strike_type"": ""spinninghook_kick"", ""probability"": 0.106667}]"
Andus - Hop Step_compressed.mp4,single_athlete_training,142,data\processed\clips\Andus - Hop Step_compressed\event_142_punch_candidate_right_wrist_t221p46.mp4,punch_candidate,right_wrist,0.772,kick,hopstep_kick,True,,2026-04-29T19:13:32,roundhouse_kick,0.553333,"[{""strike_type"": ""roundhouse_kick"", ""probability"": 0.553333}, {""strike_type"": ""hopstep_kick"", ""probability"": 0.16}, {""strike_type"": ""back_kick"", ""probability"": 0.083333}]"
Andus - Hop Step_compressed.mp4,single_athlete_training,143,data\processed\clips\Andus - Hop Step_compressed\event_143_punch_candidate_right_wrist_t233p30.mp4,punch_candidate,right_wrist,0.693,kick,hopstep_kick,True,,2026-04-29T19:13:32,roundhouse_kick,0.606667,"[{""strike_type"": ""roundhouse_kick"", ""probability"": 0.606667}, {""strike_type"": ""axe_kick"", ""probability"": 0.136667}, {""strike_type"": ""hopstep_kick"", ""probability"": 0.083333}]"
Andus - Hop Step_compressed.mp4,single_athlete_training,144,data\processed\clips\Andus - Hop Step_compressed\event_144_punch_candidate_right_wrist_t237p11.mp4,punch_candidate,right_wrist,0.7465,kick,hopstep_kick,True,,2026-04-29T19:13:32,roundhouse_kick,0.546667,"[{""strike_type"": ""roundhouse_kick"", ""probability"": 0.546667}, {""strike_type"": ""spinninghook_kick"", ""probability"": 0.12}, {""strike_type"": ""hopstep_kick"", ""probability"": 0.103333}]"
Andus - Spinning Hook Kick_compressed.mp4,single_athlete_training,1,data\processed\clips\Andus - Spinning Hook Kick_compressed\event_001_kick_candidate_left_ankle_t0p00.mp4,kick_candidate,left_ankle,0.5366,false_positive,unknown,False,,2026-04-29T20:40:17,axe_kick,0.36,"[{""strike_type"": ""axe_kick"", ""probability"": 0.36}, {""strike_type"": ""roundhouse_kick"", ""probability"": 0.216667}, {""strike_type"": ""hopaxe_kick"", ""probability"": 0.153333}]"
Andus - Spinning Hook Kick_compressed.mp4,single_athlete_training,2,data\processed\clips\Andus - Spinning Hook Kick_compressed\event_002_kick_candidate_left_ankle_t2p01.mp4,kick_candidate,left_ankle,0.6078,false_positive,unknown,False,,2026-04-29T20:40:17,roundhouse_kick,0.486667,"[{""strike_type"": ""roundhouse_kick"", ""probability"": 0.486667}, {""strike_type"": ""back_kick"", ""probability"": 0.186667}, {""strike_type"": ""spinninghook_kick"", ""probability"": 0.17}]"
Andus - Spinning Hook Kick_compressed.mp4,single_athlete_training,3,data\processed\clips\Andus - Spinning Hook Kick_compressed\event_003_kick_candidate_left_ankle_t5p01.mp4,kick_candidate,left_ankle,0.7087,kick,spinninghook_kick,True,,2026-04-29T20:40:17,roundhouse_kick,0.623333,"[{""strike_type"": ""roundhouse_kick"", ""probability"": 0.623333}, {""strike_type"": ""hopstep_kick"", ""probability"": 0.126667}, {""strike_type"": ""axe_kick"", ""probability"": 0.113333}]"
Andus - Spinning Hook Kick_compressed.mp4,single_athlete_training,4,data\processed\clips\Andus - Spinning Hook Kick_compressed\event_004_kick_candidate_left_ankle_t5p61.mp4,kick_candidate,left_ankle,0.9488,kick,spinninghook_kick,True,,2026-04-29T20:40:17,roundhouse_kick,0.716667,"[{""strike_type"": ""roundhouse_kick"", ""probability"": 0.716667}, {""strike_type"": ""axe_kick"", ""probability"": 0.16}, {""strike_type"": ""spinninghook_kick"", ""probability"": 0.066667}]"
Andus - Spinning Hook Kick_compressed.mp4,single_athlete_training,8,data\processed\clips\Andus - Spinning Hook Kick_compressed\event_008_kick_candidate_left_ankle_t15p43.mp4,kick_candidate,left_ankle,0.7112,kick,spinninghook_kick,True,,2026-04-29T20:40:17,roundhouse_kick,0.683333,"[{""strike_type"": ""roundhouse_kick"", ""probability"": 0.683333}, {""strike_type"": ""spinninghook_kick"", ""probability"": 0.116667}, {""strike_type"": ""hopstep_kick"", ""probability"": 0.09}]"
Andus - Spinning Hook Kick_compressed.mp4,single_athlete_training,9,data\processed\clips\Andus - Spinning Hook Kick_compressed\event_009_kick_candidate_left_ankle_t20p04.mp4,kick_candidate,left_ankle,0.9341,kick,spinninghook_kick,True,,2026-04-29T20:40:17,roundhouse_kick,0.636667,"[{""strike_type"": ""roundhouse_kick"", ""probability"": 0.636667}, {""strike_type"": ""hopstep_kick"", ""probability"": 0.136667}, {""strike_type"": ""spinninghook_kick"", ""probability"": 0.086667}]"
Andus - Spinning Hook Kick_compressed.mp4,single_athlete_training,10,data\processed\clips\Andus - Spinning Hook Kick_compressed\event_010_kick_candidate_left_ankle_t20p64.mp4,kick_candidate,left_ankle,0.942,kick,spinninghook_kick,True,,2026-04-29T20:40:17,roundhouse_kick,0.576667,"[{""strike_type"": ""roundhouse_kick"", ""probability"": 0.576667}, {""strike_type"": ""axe_kick"", ""probability"": 0.16}, {""strike_type"": ""hopstep_kick"", ""probability"": 0.126667}]"
Andus - Spinning Hook Kick_compressed.mp4,single_athlete_training,12,data\processed\clips\Andus - Spinning Hook Kick_compressed\event_012_kick_candidate_left_ankle_t29p86.mp4,kick_candidate,left_ankle,0.9672,kick,spinninghook_kick,True,,2026-04-29T20:40:17,roundhouse_kick,0.513333,"[{""strike_type"": ""roundhouse_kick"", ""probability"": 0.513333}, {""strike_type"": ""axe_kick"", ""probability"": 0.24}, {""strike_type"": ""back_kick"", ""probability"": 0.093333}]"
Andus - Spinning Hook Kick_compressed.mp4,single_athlete_training,15,data\processed\clips\Andus - Spinning Hook Kick_compressed\event_015_kick_candidate_left_ankle_t43p09.mp4,kick_candidate,left_ankle,0.9384,kick,spinninghook_kick,True,,2026-04-29T20:40:17,roundhouse_kick,0.506667,"[{""strike_type"": ""roundhouse_kick"", ""probability"": 0.506667}, {""strike_type"": ""axe_kick"", ""probability"": 0.216667}, {""strike_type"": ""spinninghook_kick"", ""probability"": 0.126667}]"
Andus - Spinning Hook Kick_compressed.mp4,single_athlete_training,16,data\processed\clips\Andus - Spinning Hook Kick_compressed\event_016_kick_candidate_left_ankle_t44p09.mp4,kick_candidate,left_ankle,0.9013,kick,spinninghook_kick,True,,2026-04-29T20:40:17,roundhouse_kick,0.65,"[{""strike_type"": ""roundhouse_kick"", ""probability"": 0.65}, {""strike_type"": ""axe_kick"", ""probability"": 0.156667}, {""strike_type"": ""spinninghook_kick"", ""probability"": 0.133333}]"
Andus - Spinning Hook Kick_compressed.mp4,single_athlete_training,18,data\processed\clips\Andus - Spinning Hook Kick_compressed\event_018_kick_candidate_left_ankle_t66p33.mp4,kick_candidate,left_ankle,0.9068,kick,spinninghook_kick,True,,2026-04-29T20:40:17,roundhouse_kick,0.616667,"[{""strike_type"": ""roundhouse_kick"", ""probability"": 0.616667}, {""strike_type"": ""spinninghook_kick"", ""probability"": 0.153333}, {""strike_type"": ""hopstep_kick"", ""probability"": 0.093333}]"
Andus - Spinning Hook Kick_compressed.mp4,single_athlete_training,20,data\processed\clips\Andus - Spinning Hook Kick_compressed\event_020_kick_candidate_left_ankle_t83p97.mp4,kick_candidate,left_ankle,0.7244,false_positive,unknown,False,,2026-04-29T20:40:17,roundhouse_kick,0.47,"[{""strike_type"": ""roundhouse_kick"", ""probability"": 0.47}, {""strike_type"": ""back_kick"", ""probability"": 0.18}, {""strike_type"": ""hopstep_kick"", ""probability"": 0.126667}]"
Andus - Spinning Hook Kick_compressed.mp4,single_athlete_training,21,data\processed\clips\Andus - Spinning Hook Kick_compressed\event_021_kick_candidate_left_ankle_t84p97.mp4,kick_candidate,left_ankle,0.6488,kick,spinninghook_kick,True,,2026-04-29T20:40:17,roundhouse_kick,0.36,"[{""strike_type"": ""roundhouse_kick"", ""probability"": 0.36}, {""strike_type"": ""axe_kick"", ""probability"": 0.24}, {""strike_type"": ""hopstep_kick"", ""probability"": 0.233333}]"
Andus - Spinning Hook Kick_compressed.mp4,single_athlete_training,22,data\processed\clips\Andus - Spinning Hook Kick_compressed\event_022_kick_candidate_left_ankle_t99p60.mp4,kick_candidate,left_ankle,0.6912,kick,spinninghook_kick,True,,2026-04-29T20:40:17,roundhouse_kick,0.346667,"[{""strike_type"": ""roundhouse_kick"", ""probability"": 0.346667}, {""strike_type"": ""axe_kick"", ""probability"": 0.28}, {""strike_type"": ""hopstep_kick"", ""probability"": 0.103333}]"
Andus - Spinning Hook Kick_compressed.mp4,single_athlete_training,24,data\processed\clips\Andus - Spinning Hook Kick_compressed\event_024_kick_candidate_left_ankle_t105p81.mp4,kick_candidate,left_ankle,0.6943,kick,spinninghook_kick,True,,2026-04-29T20:40:17,roundhouse_kick,0.436667,"[{""strike_type"": ""roundhouse_kick"", ""probability"": 0.436667}, {""strike_type"": ""axe_kick"", ""probability"": 0.206667}, {""strike_type"": ""spinninghook_kick"", ""probability"": 0.14}]"
Andus - Spinning Hook Kick_compressed.mp4,single_athlete_training,25,data\processed\clips\Andus - Spinning Hook Kick_compressed\event_025_kick_candidate_left_ankle_t108p22.mp4,kick_candidate,left_ankle,0.7585,false_positive,unknown,False,,2026-04-29T20:40:17,roundhouse_kick,0.57,"[{""strike_type"": ""roundhouse_kick"", ""probability"": 0.57}, {""strike_type"": ""hopstep_kick"", ""probability"": 0.183333}, {""strike_type"": ""spinninghook_kick"", ""probability"": 0.11}]"
Andus - Spinning Hook Kick_compressed.mp4,single_athlete_training,26,data\processed\clips\Andus - Spinning Hook Kick_compressed\event_026_kick_candidate_left_ankle_t119p44.mp4,kick_candidate,left_ankle,0.6144,kick,spinninghook_kick,True,,2026-04-29T20:40:17,roundhouse_kick,0.516667,"[{""strike_type"": ""roundhouse_kick"", ""probability"": 0.516667}, {""strike_type"": ""back_kick"", ""probability"": 0.16}, {""strike_type"": ""spinninghook_kick"", ""probability"": 0.12}]"
Andus - Spinning Hook Kick_compressed.mp4,single_athlete_training,27,data\processed\clips\Andus - Spinning Hook Kick_compressed\event_027_kick_candidate_left_ankle_t127p85.mp4,kick_candidate,left_ankle,0.8296,kick,spinninghook_kick,True,,2026-04-29T20:40:17,roundhouse_kick,0.573333,"[{""strike_type"": ""roundhouse_kick"", ""probability"": 0.573333}, {""strike_type"": ""spinninghook_kick"", ""probability"": 0.146667}, {""strike_type"": ""back_kick"", ""probability"": 0.103333}]"
Andus - Spinning Hook Kick_compressed.mp4,single_athlete_training,29,data\processed\clips\Andus - Spinning Hook Kick_compressed\event_029_kick_candidate_left_ankle_t133p67.mp4,kick_candidate,left_ankle,0.6646,kick,spinninghook_kick,True,,2026-04-29T20:40:17,roundhouse_kick,0.5,"[{""strike_type"": ""roundhouse_kick"", ""probability"": 0.5}, {""strike_type"": ""spinninghook_kick"", ""probability"": 0.153333}, {""strike_type"": ""back_kick"", ""probability"": 0.126667}]"
Andus - Spinning Hook Kick_compressed.mp4,single_athlete_training,30,data\processed\clips\Andus - Spinning Hook Kick_compressed\event_030_kick_candidate_left_ankle_t151p50.mp4,kick_candidate,left_ankle,0.8714,kick,spinninghook_kick,True,,2026-04-29T20:40:17,roundhouse_kick,0.57,"[{""strike_type"": ""roundhouse_kick"", ""probability"": 0.57}, {""strike_type"": ""axe_kick"", ""probability"": 0.18}, {""strike_type"": ""hopstep_kick"", ""probability"": 0.09}]"
Andus - Spinning Hook Kick_compressed.mp4,single_athlete_training,33,data\processed\clips\Andus - Spinning Hook Kick_compressed\event_033_kick_candidate_left_ankle_t183p36.mp4,kick_candidate,left_ankle,0.8586,kick,spinninghook_kick,True,,2026-04-29T20:40:17,roundhouse_kick,0.353333,"[{""strike_type"": ""roundhouse_kick"", ""probability"": 0.353333}, {""strike_type"": ""hopstep_kick"", ""probability"": 0.176667}, {""strike_type"": ""axe_kick"", ""probability"": 0.156667}]"
Andus - Spinning Hook Kick_compressed.mp4,single_athlete_training,34,data\processed\clips\Andus - Spinning Hook Kick_compressed\event_034_kick_candidate_left_ankle_t184p37.mp4,kick_candidate,left_ankle,0.9021,kick,spinninghook_kick,True,,2026-04-29T20:40:17,axe_kick,0.353333,"[{""strike_type"": ""axe_kick"", ""probability"": 0.353333}, {""strike_type"": ""roundhouse_kick"", ""probability"": 0.306667}, {""strike_type"": ""hopstep_kick"", ""probability"": 0.1}]"
Andus - Spinning Hook Kick_compressed.mp4,single_athlete_training,35,data\processed\clips\Andus - Spinning Hook Kick_compressed\event_035_kick_candidate_left_ankle_t185p57.mp4,kick_candidate,left_ankle,0.6879,false_positive,unknown,False,,2026-04-29T20:40:17,roundhouse_kick,0.546667,"[{""strike_type"": ""roundhouse_kick"", ""probability"": 0.546667}, {""strike_type"": ""hopstep_kick"", ""probability"": 0.13}, {""strike_type"": ""back_kick"", ""probability"": 0.11}]"
Andus - Spinning Hook Kick_compressed.mp4,single_athlete_training,38,data\processed\clips\Andus - Spinning Hook Kick_compressed\event_038_kick_candidate_left_ankle_t194p39.mp4,kick_candidate,left_ankle,0.8546,false_positive,unknown,False,,2026-04-29T20:40:17,roundhouse_kick,0.393333,"[{""strike_type"": ""roundhouse_kick"", ""probability"": 0.393333}, {""strike_type"": ""axe_kick"", ""probability"": 0.266667}, {""strike_type"": ""spinninghook_kick"", ""probability"": 0.18}]"
Andus - Spinning Hook Kick_compressed.mp4,single_athlete_training,41,data\processed\clips\Andus - Spinning Hook Kick_compressed\event_041_kick_candidate_left_ankle_t200p40.mp4,kick_candidate,left_ankle,0.9771,kick,spinninghook_kick,True,,2026-04-29T20:40:17,roundhouse_kick,0.55,"[{""strike_type"": ""roundhouse_kick"", ""probability"": 0.55}, {""strike_type"": ""axe_kick"", ""probability"": 0.176667}, {""strike_type"": ""back_kick"", ""probability"": 0.113333}]"
Andus - Spinning Hook Kick_compressed.mp4,single_athlete_training,46,data\processed\clips\Andus - Spinning Hook Kick_compressed\event_046_punch_candidate_left_wrist_t0p00.mp4,punch_candidate,left_wrist,0.5366,false_positive,unknown,False,,2026-04-29T20:40:17,axe_kick,0.36,"[{""strike_type"": ""axe_kick"", ""probability"": 0.36}, {""strike_type"": ""roundhouse_kick"", ""probability"": 0.216667}, {""strike_type"": ""hopaxe_kick"", ""probability"": 0.153333}]"
Andus - Spinning Hook Kick_compressed.mp4,single_athlete_training,47,data\processed\clips\Andus - Spinning Hook Kick_compressed\event_047_punch_candidate_left_wrist_t1p40.mp4,punch_candidate,left_wrist,0.8093,false_positive,unknown,False,,2026-04-29T20:40:17,roundhouse_kick,0.616667,"[{""strike_type"": ""roundhouse_kick"", ""probability"": 0.616667}, {""strike_type"": ""back_kick"", ""probability"": 0.123333}, {""strike_type"": ""hopstep_kick"", ""probability"": 0.103333}]"
Andus - Spinning Hook Kick_compressed.mp4,single_athlete_training,51,data\processed\clips\Andus - Spinning Hook Kick_compressed\event_051_punch_candidate_left_wrist_t83p97.mp4,punch_candidate,left_wrist,0.7918,false_positive,unknown,False,,2026-04-29T20:40:17,roundhouse_kick,0.47,"[{""strike_type"": ""roundhouse_kick"", ""probability"": 0.47}, {""strike_type"": ""back_kick"", ""probability"": 0.18}, {""strike_type"": ""hopstep_kick"", ""probability"": 0.126667}]"
Andus - Spinning Hook Kick_compressed.mp4,single_athlete_training,52,data\processed\clips\Andus - Spinning Hook Kick_compressed\event_052_punch_candidate_left_wrist_t85p37.mp4,punch_candidate,left_wrist,0.8082,kick,spinninghook_kick,True,,2026-04-29T20:40:17,roundhouse_kick,0.393333,"[{""strike_type"": ""roundhouse_kick"", ""probability"": 0.393333}, {""strike_type"": ""axe_kick"", ""probability"": 0.23}, {""strike_type"": ""hopstep_kick"", ""probability"": 0.2}]"
Andus - Spinning Hook Kick_compressed.mp4,single_athlete_training,53,data\processed\clips\Andus - Spinning Hook Kick_compressed\event_053_punch_candidate_left_wrist_t87p58.mp4,punch_candidate,left_wrist,0.6135,false_positive,unknown,False,,2026-04-29T20:40:17,roundhouse_kick,0.476667,"[{""strike_type"": ""roundhouse_kick"", ""probability"": 0.476667}, {""strike_type"": ""hopstep_kick"", ""probability"": 0.22}, {""strike_type"": ""axe_kick"", ""probability"": 0.16}]"
Andus - Spinning Hook Kick_compressed.mp4,single_athlete_training,56,data\processed\clips\Andus - Spinning Hook Kick_compressed\event_056_punch_candidate_left_wrist_t115p43.mp4,punch_candidate,left_wrist,0.6704,false_positive,unknown,False,,2026-04-29T20:40:17,roundhouse_kick,0.73,"[{""strike_type"": ""roundhouse_kick"", ""probability"": 0.73}, {""strike_type"": ""spinninghook_kick"", ""probability"": 0.12}, {""strike_type"": ""hopstep_kick"", ""probability"": 0.06}]"
Andus - Spinning Hook Kick_compressed.mp4,single_athlete_training,61,data\processed\clips\Andus - Spinning Hook Kick_compressed\event_061_punch_candidate_left_wrist_t146p09.mp4,punch_candidate,left_wrist,0.7115,false_positive,unknown,False,,2026-04-29T20:40:17,roundhouse_kick,0.646667,"[{""strike_type"": ""roundhouse_kick"", ""probability"": 0.646667}, {""strike_type"": ""spinninghook_kick"", ""probability"": 0.123333}, {""strike_type"": ""hopstep_kick"", ""probability"": 0.113333}]"
Andus - Spinning Hook Kick_compressed.mp4,single_athlete_training,62,data\processed\clips\Andus - Spinning Hook Kick_compressed\event_062_punch_candidate_left_wrist_t148p30.mp4,punch_candidate,left_wrist,0.8755,false_positive,unknown,False,,2026-04-29T20:40:17,roundhouse_kick,0.716667,"[{""strike_type"": ""roundhouse_kick"", ""probability"": 0.716667}, {""strike_type"": ""spinninghook_kick"", ""probability"": 0.15}, {""strike_type"": ""back_kick"", ""probability"": 0.043333}]"
Andus - Spinning Hook Kick_compressed.mp4,single_athlete_training,64,data\processed\clips\Andus - Spinning Hook Kick_compressed\event_064_punch_candidate_left_wrist_t151p30.mp4,punch_candidate,left_wrist,0.9743,kick,spinninghook_kick,True,,2026-04-29T20:40:17,roundhouse_kick,0.596667,"[{""strike_type"": ""roundhouse_kick"", ""probability"": 0.596667}, {""strike_type"": ""axe_kick"", ""probability"": 0.16}, {""strike_type"": ""back_kick"", ""probability"": 0.09}]"
Andus - Spinning Hook Kick_compressed.mp4,single_athlete_training,65,data\processed\clips\Andus - Spinning Hook Kick_compressed\event_065_punch_candidate_left_wrist_t181p16.mp4,punch_candidate,left_wrist,0.6612,false_positive,unknown,False,,2026-04-29T20:40:17,roundhouse_kick,0.283333,"[{""strike_type"": ""roundhouse_kick"", ""probability"": 0.283333}, {""strike_type"": ""axe_kick"", ""probability"": 0.226667}, {""strike_type"": ""hopstep_kick"", ""probability"": 0.176667}]"
Andus - Spinning Hook Kick_compressed.mp4,single_athlete_training,66,data\processed\clips\Andus - Spinning Hook Kick_compressed\event_066_punch_candidate_left_wrist_t182p16.mp4,punch_candidate,left_wrist,0.913,false_positive,unknown,False,,2026-04-29T20:40:17,roundhouse_kick,0.376667,"[{""strike_type"": ""roundhouse_kick"", ""probability"": 0.376667}, {""strike_type"": ""hopaxe_kick"", ""probability"": 0.22}, {""strike_type"": ""hopstep_kick"", ""probability"": 0.126667}]"
Andus - Spinning Hook Kick_compressed.mp4,single_athlete_training,67,data\processed\clips\Andus - Spinning Hook Kick_compressed\event_067_punch_candidate_left_wrist_t183p36.mp4,punch_candidate,left_wrist,0.9036,kick,spinninghook_kick,True,,2026-04-29T20:40:17,axe_kick,0.346667,"[{""strike_type"": ""axe_kick"", ""probability"": 0.346667}, {""strike_type"": ""roundhouse_kick"", ""probability"": 0.303333}, {""strike_type"": ""back_kick"", ""probability"": 0.11}]"
Andus - Spinning Hook Kick_compressed.mp4,single_athlete_training,68,data\processed\clips\Andus - Spinning Hook Kick_compressed\event_068_punch_candidate_left_wrist_t185p97.mp4,punch_candidate,left_wrist,0.9188,false_positive,unknown,False,,2026-04-29T20:40:17,roundhouse_kick,0.58,"[{""strike_type"": ""roundhouse_kick"", ""probability"": 0.58}, {""strike_type"": ""spinninghook_kick"", ""probability"": 0.143333}, {""strike_type"": ""back_kick"", ""probability"": 0.12}]"
Andus - Spinning Hook Kick_compressed.mp4,single_athlete_training,73,data\processed\clips\Andus - Spinning Hook Kick_compressed\event_073_punch_candidate_left_wrist_t216p83.mp4,punch_candidate,left_wrist,0.6765,false_positive,unknown,False,,2026-04-29T20:40:17,axe_kick,0.28,"[{""strike_type"": ""axe_kick"", ""probability"": 0.28}, {""strike_type"": ""roundhouse_kick"", ""probability"": 0.26}, {""strike_type"": ""tornado_kick"", ""probability"": 0.143333}]"
Andus - Spinning Hook Kick_compressed.mp4,single_athlete_training,75,data\processed\clips\Andus - Spinning Hook Kick_compressed\event_075_kick_candidate_right_ankle_t0p00.mp4,kick_candidate,right_ankle,0.5366,false_positive,unknown,False,,2026-04-29T20:40:17,axe_kick,0.36,"[{""strike_type"": ""axe_kick"", ""probability"": 0.36}, {""strike_type"": ""roundhouse_kick"", ""probability"": 0.216667}, {""strike_type"": ""hopaxe_kick"", ""probability"": 0.153333}]"
Andus - Spinning Hook Kick_compressed.mp4,single_athlete_training,77,data\processed\clips\Andus - Spinning Hook Kick_compressed\event_077_kick_candidate_right_ankle_t6p01.mp4,kick_candidate,right_ankle,0.9619,kick,spinninghook_kick,True,,2026-04-29T20:40:17,roundhouse_kick,0.68,"[{""strike_type"": ""roundhouse_kick"", ""probability"": 0.68}, {""strike_type"": ""axe_kick"", ""probability"": 0.17}, {""strike_type"": ""spinninghook_kick"", ""probability"": 0.083333}]"
Andus - Spinning Hook Kick_compressed.mp4,single_athlete_training,78,data\processed\clips\Andus - Spinning Hook Kick_compressed\event_078_kick_candidate_right_ankle_t15p23.mp4,kick_candidate,right_ankle,0.9689,kick,spinninghook_kick,True,,2026-04-29T20:40:17,roundhouse_kick,0.66,"[{""strike_type"": ""roundhouse_kick"", ""probability"": 0.66}, {""strike_type"": ""axe_kick"", ""probability"": 0.206667}, {""strike_type"": ""spinninghook_kick"", ""probability"": 0.073333}]"
Andus - Spinning Hook Kick_compressed.mp4,single_athlete_training,79,data\processed\clips\Andus - Spinning Hook Kick_compressed\event_079_kick_candidate_right_ankle_t20p64.mp4,kick_candidate,right_ankle,0.9787,kick,spinninghook_kick,True,,2026-04-29T20:40:17,roundhouse_kick,0.603333,"[{""strike_type"": ""roundhouse_kick"", ""probability"": 0.603333}, {""strike_type"": ""axe_kick"", ""probability"": 0.113333}, {""strike_type"": ""hopstep_kick"", ""probability"": 0.103333}]"
Andus - Spinning Hook Kick_compressed.mp4,single_athlete_training,81,data\processed\clips\Andus - Spinning Hook Kick_compressed\event_081_kick_candidate_right_ankle_t26p86.mp4,kick_candidate,right_ankle,0.976,kick,spinninghook_kick,True,,2026-04-29T20:40:17,roundhouse_kick,0.59,"[{""strike_type"": ""roundhouse_kick"", ""probability"": 0.59}, {""strike_type"": ""axe_kick"", ""probability"": 0.213333}, {""strike_type"": ""spinninghook_kick"", ""probability"": 0.093333}]"
Andus - Spinning Hook Kick_compressed.mp4,single_athlete_training,85,data\processed\clips\Andus - Spinning Hook Kick_compressed\event_085_kick_candidate_right_ankle_t43p69.mp4,kick_candidate,right_ankle,0.9691,kick,spinninghook_kick,True,,2026-04-29T20:40:17,roundhouse_kick,0.606667,"[{""strike_type"": ""roundhouse_kick"", ""probability"": 0.606667}, {""strike_type"": ""axe_kick"", ""probability"": 0.196667}, {""strike_type"": ""spinninghook_kick"", ""probability"": 0.096667}]"
Andus - Spinning Hook Kick_compressed.mp4,single_athlete_training,86,data\processed\clips\Andus - Spinning Hook Kick_compressed\event_086_kick_candidate_right_ankle_t66p73.mp4,kick_candidate,right_ankle,0.9512,kick,spinninghook_kick,True,,2026-04-29T20:40:17,roundhouse_kick,0.706667,"[{""strike_type"": ""roundhouse_kick"", ""probability"": 0.706667}, {""strike_type"": ""hopstep_kick"", ""probability"": 0.086667}, {""strike_type"": ""spinninghook_kick"", ""probability"": 0.083333}]"
Andus - Spinning Hook Kick_compressed.mp4,single_athlete_training,87,data\processed\clips\Andus - Spinning Hook Kick_compressed\event_087_kick_candidate_right_ankle_t72p55.mp4,kick_candidate,right_ankle,0.9288,kick,spinninghook_kick,True,,2026-04-29T20:40:17,roundhouse_kick,0.773333,"[{""strike_type"": ""roundhouse_kick"", ""probability"": 0.773333}, {""strike_type"": ""axe_kick"", ""probability"": 0.11}, {""strike_type"": ""spinninghook_kick"", ""probability"": 0.04}]"
Andus - Spinning Hook Kick_compressed.mp4,single_athlete_training,88,data\processed\clips\Andus - Spinning Hook Kick_compressed\event_088_kick_candidate_right_ankle_t85p37.mp4,kick_candidate,right_ankle,0.7039,kick,spinninghook_kick,True,,2026-04-29T20:40:17,roundhouse_kick,0.393333,"[{""strike_type"": ""roundhouse_kick"", ""probability"": 0.393333}, {""strike_type"": ""axe_kick"", ""probability"": 0.226667}, {""strike_type"": ""hopstep_kick"", ""probability"": 0.186667}]"
Andus - Spinning Hook Kick_compressed.mp4,single_athlete_training,89,data\processed\clips\Andus - Spinning Hook Kick_compressed\event_089_kick_candidate_right_ankle_t86p17.mp4,kick_candidate,right_ankle,0.9218,kick,spinninghook_kick,True,,2026-04-29T20:40:17,roundhouse_kick,0.59,"[{""strike_type"": ""roundhouse_kick"", ""probability"": 0.59}, {""strike_type"": ""axe_kick"", ""probability"": 0.22}, {""strike_type"": ""hopstep_kick"", ""probability"": 0.11}]"
Andus - Spinning Hook Kick_compressed.mp4,single_athlete_training,91,data\processed\clips\Andus - Spinning Hook Kick_compressed\event_091_kick_candidate_right_ankle_t100p00.mp4,kick_candidate,right_ankle,0.7113,kick,spinninghook_kick,True,,2026-04-29T20:40:17,roundhouse_kick,0.376667,"[{""strike_type"": ""roundhouse_kick"", ""probability"": 0.376667}, {""strike_type"": ""axe_kick"", ""probability"": 0.253333}, {""strike_type"": ""spinninghook_kick"", ""probability"": 0.153333}]"
Andus - Spinning Hook Kick_compressed.mp4,single_athlete_training,92,data\processed\clips\Andus - Spinning Hook Kick_compressed\event_092_kick_candidate_right_ankle_t105p81.mp4,kick_candidate,right_ankle,0.6114,kick,spinninghook_kick,True,,2026-04-29T20:40:17,roundhouse_kick,0.436667,"[{""strike_type"": ""roundhouse_kick"", ""probability"": 0.436667}, {""strike_type"": ""axe_kick"", ""probability"": 0.206667}, {""strike_type"": ""spinninghook_kick"", ""probability"": 0.14}]"
Andus - Spinning Hook Kick_compressed.mp4,single_athlete_training,93,data\processed\clips\Andus - Spinning Hook Kick_compressed\event_093_kick_candidate_right_ankle_t108p22.mp4,kick_candidate,right_ankle,0.8297,false_positive,unknown,False,,2026-04-29T20:40:17,roundhouse_kick,0.57,"[{""strike_type"": ""roundhouse_kick"", ""probability"": 0.57}, {""strike_type"": ""hopstep_kick"", ""probability"": 0.183333}, {""strike_type"": ""spinninghook_kick"", ""probability"": 0.11}]"
Andus - Spinning Hook Kick_compressed.mp4,single_athlete_training,94,data\processed\clips\Andus - Spinning Hook Kick_compressed\event_094_kick_candidate_right_ankle_t127p85.mp4,kick_candidate,right_ankle,0.9774,kick,spinninghook_kick,True,,2026-04-29T20:40:17,roundhouse_kick,0.566667,"[{""strike_type"": ""roundhouse_kick"", ""probability"": 0.566667}, {""strike_type"": ""spinninghook_kick"", ""probability"": 0.15}, {""strike_type"": ""back_kick"", ""probability"": 0.1}]"
Andus - Spinning Hook Kick_compressed.mp4,single_athlete_training,95,data\processed\clips\Andus - Spinning Hook Kick_compressed\event_095_kick_candidate_right_ankle_t133p47.mp4,kick_candidate,right_ankle,0.7369,kick,spinninghook_kick,True,,2026-04-29T20:40:17,roundhouse_kick,0.546667,"[{""strike_type"": ""roundhouse_kick"", ""probability"": 0.546667}, {""strike_type"": ""back_kick"", ""probability"": 0.133333}, {""strike_type"": ""axe_kick"", ""probability"": 0.13}]"
Andus - Spinning Hook Kick_compressed.mp4,single_athlete_training,98,data\processed\clips\Andus - Spinning Hook Kick_compressed\event_098_kick_candidate_right_ankle_t142p48.mp4,kick_candidate,right_ankle,0.7955,false_positive,unknown,False,,2026-04-29T20:40:17,roundhouse_kick,0.323333,"[{""strike_type"": ""roundhouse_kick"", ""probability"": 0.323333}, {""strike_type"": ""hopaxe_kick"", ""probability"": 0.263333}, {""strike_type"": ""spinninghook_kick"", ""probability"": 0.243333}]"
Andus - Spinning Hook Kick_compressed.mp4,single_athlete_training,99,data\processed\clips\Andus - Spinning Hook Kick_compressed\event_099_kick_candidate_right_ankle_t151p50.mp4,kick_candidate,right_ankle,0.972,kick,spinninghook_kick,True,,2026-04-29T20:40:17,roundhouse_kick,0.573333,"[{""strike_type"": ""roundhouse_kick"", ""probability"": 0.573333}, {""strike_type"": ""axe_kick"", ""probability"": 0.18}, {""strike_type"": ""hopstep_kick"", ""probability"": 0.09}]"
Andus - Spinning Hook Kick_compressed.mp4,single_athlete_training,101,data\processed\clips\Andus - Spinning Hook Kick_compressed\event_101_kick_candidate_right_ankle_t183p57.mp4,kick_candidate,right_ankle,0.704,kick,spinninghook_kick,True,,2026-04-29T20:40:17,roundhouse_kick,0.363333,"[{""strike_type"": ""roundhouse_kick"", ""probability"": 0.363333}, {""strike_type"": ""hopstep_kick"", ""probability"": 0.166667}, {""strike_type"": ""axe_kick"", ""probability"": 0.15}]"
Andus - Spinning Hook Kick_compressed.mp4,single_athlete_training,102,data\processed\clips\Andus - Spinning Hook Kick_compressed\event_102_kick_candidate_right_ankle_t184p37.mp4,kick_candidate,right_ankle,0.9021,kick,spinninghook_kick,True,,2026-04-29T20:40:17,axe_kick,0.353333,"[{""strike_type"": ""axe_kick"", ""probability"": 0.353333}, {""strike_type"": ""roundhouse_kick"", ""probability"": 0.306667}, {""strike_type"": ""hopstep_kick"", ""probability"": 0.1}]"
Andus - Spinning Hook Kick_compressed.mp4,single_athlete_training,103,data\processed\clips\Andus - Spinning Hook Kick_compressed\event_103_kick_candidate_right_ankle_t185p57.mp4,kick_candidate,right_ankle,0.7658,false_positive,unknown,False,,2026-04-29T20:40:17,roundhouse_kick,0.55,"[{""strike_type"": ""roundhouse_kick"", ""probability"": 0.55}, {""strike_type"": ""hopstep_kick"", ""probability"": 0.126667}, {""strike_type"": ""back_kick"", ""probability"": 0.11}]"
Andus - Spinning Hook Kick_compressed.mp4,single_athlete_training,105,data\processed\clips\Andus - Spinning Hook Kick_compressed\event_105_kick_candidate_right_ankle_t194p39.mp4,kick_candidate,right_ankle,0.8012,false_positive,unknown,False,,2026-04-29T20:40:17,roundhouse_kick,0.383333,"[{""strike_type"": ""roundhouse_kick"", ""probability"": 0.383333}, {""strike_type"": ""axe_kick"", ""probability"": 0.276667}, {""strike_type"": ""spinninghook_kick"", ""probability"": 0.17}]"
Andus - Spinning Hook Kick_compressed.mp4,single_athlete_training,106,data\processed\clips\Andus - Spinning Hook Kick_compressed\event_106_kick_candidate_right_ankle_t195p79.mp4,kick_candidate,right_ankle,0.9393,false_positive,unknown,False,,2026-04-29T20:40:17,roundhouse_kick,0.426667,"[{""strike_type"": ""roundhouse_kick"", ""probability"": 0.426667}, {""strike_type"": ""back_kick"", ""probability"": 0.153333}, {""strike_type"": ""axe_kick"", ""probability"": 0.15}]"
Andus - Spinning Hook Kick_compressed.mp4,single_athlete_training,107,data\processed\clips\Andus - Spinning Hook Kick_compressed\event_107_kick_candidate_right_ankle_t200p20.mp4,kick_candidate,right_ankle,0.9773,kick,spinninghook_kick,True,,2026-04-29T20:40:17,roundhouse_kick,0.523333,"[{""strike_type"": ""roundhouse_kick"", ""probability"": 0.523333}, {""strike_type"": ""axe_kick"", ""probability"": 0.206667}, {""strike_type"": ""back_kick"", ""probability"": 0.133333}]"
Andus - Spinning Hook Kick_compressed.mp4,single_athlete_training,110,data\processed\clips\Andus - Spinning Hook Kick_compressed\event_110_punch_candidate_right_wrist_t0p00.mp4,punch_candidate,right_wrist,0.5366,false_positive,unknown,False,,2026-04-29T20:40:17,axe_kick,0.36,"[{""strike_type"": ""axe_kick"", ""probability"": 0.36}, {""strike_type"": ""roundhouse_kick"", ""probability"": 0.216667}, {""strike_type"": ""hopaxe_kick"", ""probability"": 0.153333}]"
Andus - Spinning Hook Kick_compressed.mp4,single_athlete_training,112,data\processed\clips\Andus - Spinning Hook Kick_compressed\event_112_punch_candidate_right_wrist_t85p77.mp4,punch_candidate,right_wrist,0.9235,kick,spinninghook_kick,False,,2026-04-29T20:40:17,roundhouse_kick,0.53,"[{""strike_type"": ""roundhouse_kick"", ""probability"": 0.53}, {""strike_type"": ""axe_kick"", ""probability"": 0.233333}, {""strike_type"": ""hopstep_kick"", ""probability"": 0.16}]"
Andus - Spinning Hook Kick_compressed.mp4,single_athlete_training,120,data\processed\clips\Andus - Spinning Hook Kick_compressed\event_120_punch_candidate_right_wrist_t133p47.mp4,punch_candidate,right_wrist,0.7369,kick,spinninghook_kick,True,,2026-04-29T20:40:17,roundhouse_kick,0.546667,"[{""strike_type"": ""roundhouse_kick"", ""probability"": 0.546667}, {""strike_type"": ""back_kick"", ""probability"": 0.133333}, {""strike_type"": ""axe_kick"", ""probability"": 0.13}]"
Andus - Spinning Hook Kick_compressed.mp4,single_athlete_training,123,data\processed\clips\Andus - Spinning Hook Kick_compressed\event_123_punch_candidate_right_wrist_t181p16.mp4,punch_candidate,right_wrist,0.6612,false_positive,unknown,False,,2026-04-29T20:40:17,roundhouse_kick,0.283333,"[{""strike_type"": ""roundhouse_kick"", ""probability"": 0.283333}, {""strike_type"": ""axe_kick"", ""probability"": 0.226667}, {""strike_type"": ""hopstep_kick"", ""probability"": 0.176667}]"
Andus - Spinning Hook Kick_compressed.mp4,single_athlete_training,124,data\processed\clips\Andus - Spinning Hook Kick_compressed\event_124_punch_candidate_right_wrist_t181p96.mp4,punch_candidate,right_wrist,0.9178,false_positive,unknown,False,,2026-04-29T20:40:17,roundhouse_kick,0.396667,"[{""strike_type"": ""roundhouse_kick"", ""probability"": 0.396667}, {""strike_type"": ""hopaxe_kick"", ""probability"": 0.293333}, {""strike_type"": ""axe_kick"", ""probability"": 0.093333}]"
Andus - Spinning Hook Kick_compressed.mp4,single_athlete_training,125,data\processed\clips\Andus - Spinning Hook Kick_compressed\event_125_punch_candidate_right_wrist_t183p57.mp4,punch_candidate,right_wrist,0.9047,kick,spinninghook_kick,True,,2026-04-29T20:40:17,roundhouse_kick,0.313333,"[{""strike_type"": ""roundhouse_kick"", ""probability"": 0.313333}, {""strike_type"": ""axe_kick"", ""probability"": 0.28}, {""strike_type"": ""back_kick"", ""probability"": 0.14}]"
Andus - Spinning Hook Kick_compressed.mp4,single_athlete_training,126,data\processed\clips\Andus - Spinning Hook Kick_compressed\event_126_punch_candidate_right_wrist_t184p77.mp4,punch_candidate,right_wrist,0.9011,kick,spinninghook_kick,True,,2026-04-29T20:40:17,roundhouse_kick,0.426667,"[{""strike_type"": ""roundhouse_kick"", ""probability"": 0.426667}, {""strike_type"": ""axe_kick"", ""probability"": 0.24}, {""strike_type"": ""hopstep_kick"", ""probability"": 0.146667}]"
Andus - Spinning Hook Kick_compressed.mp4,single_athlete_training,127,data\processed\clips\Andus - Spinning Hook Kick_compressed\event_127_punch_candidate_right_wrist_t187p57.mp4,punch_candidate,right_wrist,0.6751,false_positive,unknown,False,,2026-04-29T20:40:17,roundhouse_kick,0.45,"[{""strike_type"": ""roundhouse_kick"", ""probability"": 0.45}, {""strike_type"": ""spinninghook_kick"", ""probability"": 0.263333}, {""strike_type"": ""back_kick"", ""probability"": 0.19}]"
Andus - Spinning Hook Kick_compressed.mp4,single_athlete_training,128,data\processed\clips\Andus - Spinning Hook Kick_compressed\event_128_punch_candidate_right_wrist_t192p58.mp4,punch_candidate,right_wrist,0.6637,kick,spinninghook_kick,True,,2026-04-29T20:40:17,roundhouse_kick,0.406667,"[{""strike_type"": ""roundhouse_kick"", ""probability"": 0.406667}, {""strike_type"": ""axe_kick"", ""probability"": 0.23}, {""strike_type"": ""hopstep_kick"", ""probability"": 0.12}]"
Andus - Spinning Hook Kick_compressed.mp4,single_athlete_training,129,data\processed\clips\Andus - Spinning Hook Kick_compressed\event_129_punch_candidate_right_wrist_t200p20.mp4,punch_candidate,right_wrist,0.9783,kick,spinninghook_kick,True,,2026-04-29T20:40:17,roundhouse_kick,0.54,"[{""strike_type"": ""roundhouse_kick"", ""probability"": 0.54}, {""strike_type"": ""axe_kick"", ""probability"": 0.193333}, {""strike_type"": ""back_kick"", ""probability"": 0.13}]"
Andus - Spinning Hook Kick_compressed.mp4,single_athlete_training,131,data\processed\clips\Andus - Spinning Hook Kick_compressed\event_131_punch_candidate_right_wrist_t208p61.mp4,punch_candidate,right_wrist,0.7172,false_positive,unknown,False,,2026-04-29T20:40:17,roundhouse_kick,0.603333,"[{""strike_type"": ""roundhouse_kick"", ""probability"": 0.603333}, {""strike_type"": ""spinninghook_kick"", ""probability"": 0.2}, {""strike_type"": ""back_kick"", ""probability"": 0.073333}]"
Andus - Spinning Hook Kick_compressed.mp4,single_athlete_training,134,data\processed\clips\Andus - Spinning Hook Kick_compressed\event_134_punch_candidate_right_wrist_t216p83.mp4,punch_candidate,right_wrist,0.6765,false_positive,unknown,False,,2026-04-29T20:40:17,axe_kick,0.28,"[{""strike_type"": ""axe_kick"", ""probability"": 0.28}, {""strike_type"": ""roundhouse_kick"", ""probability"": 0.26}, {""strike_type"": ""tornado_kick"", ""probability"": 0.143333}]"
Andus - Tornado Kick_compressed.mp4,single_athlete_training,2,data\processed\clips\Andus - Tornado Kick_compressed\event_002_kick_candidate_left_ankle_t6p01.mp4,kick_candidate,left_ankle,0.9618,kick,tornado_kick,True,,2026-04-29T21:07:27,roundhouse_kick,0.733333,"[{""strike_type"": ""roundhouse_kick"", ""probability"": 0.733333}, {""strike_type"": ""hopstep_kick"", ""probability"": 0.12}, {""strike_type"": ""spinninghook_kick"", ""probability"": 0.07}]"
Andus - Tornado Kick_compressed.mp4,single_athlete_training,3,data\processed\clips\Andus - Tornado Kick_compressed\event_003_kick_candidate_left_ankle_t9p62.mp4,kick_candidate,left_ankle,0.9659,kick,tornado_kick,True,,2026-04-29T21:07:27,roundhouse_kick,0.733333,"[{""strike_type"": ""roundhouse_kick"", ""probability"": 0.733333}, {""strike_type"": ""hopstep_kick"", ""probability"": 0.143333}, {""strike_type"": ""spinninghook_kick"", ""probability"": 0.056667}]"
Andus - Tornado Kick_compressed.mp4,single_athlete_training,4,data\processed\clips\Andus - Tornado Kick_compressed\event_004_kick_candidate_left_ankle_t14p63.mp4,kick_candidate,left_ankle,0.9659,kick,tornado_kick,True,,2026-04-29T21:07:27,roundhouse_kick,0.753333,"[{""strike_type"": ""roundhouse_kick"", ""probability"": 0.753333}, {""strike_type"": ""hopstep_kick"", ""probability"": 0.11}, {""strike_type"": ""axe_kick"", ""probability"": 0.083333}]"
Andus - Tornado Kick_compressed.mp4,single_athlete_training,5,data\processed\clips\Andus - Tornado Kick_compressed\event_005_kick_candidate_left_ankle_t20p84.mp4,kick_candidate,left_ankle,0.9648,kick,tornado_kick,True,,2026-04-29T21:07:27,roundhouse_kick,0.683333,"[{""strike_type"": ""roundhouse_kick"", ""probability"": 0.683333}, {""strike_type"": ""back_kick"", ""probability"": 0.116667}, {""strike_type"": ""hopstep_kick"", ""probability"": 0.11}]"
Andus - Tornado Kick_compressed.mp4,single_athlete_training,6,data\processed\clips\Andus - Tornado Kick_compressed\event_006_kick_candidate_left_ankle_t30p05.mp4,kick_candidate,left_ankle,0.9665,kick,tornado_kick,True,,2026-04-29T21:07:27,roundhouse_kick,0.623333,"[{""strike_type"": ""roundhouse_kick"", ""probability"": 0.623333}, {""strike_type"": ""back_kick"", ""probability"": 0.126667}, {""strike_type"": ""spinninghook_kick"", ""probability"": 0.1}]"
Andus - Tornado Kick_compressed.mp4,single_athlete_training,7,data\processed\clips\Andus - Tornado Kick_compressed\event_007_kick_candidate_left_ankle_t34p66.mp4,kick_candidate,left_ankle,0.9557,kick,tornado_kick,True,,2026-04-29T21:07:27,roundhouse_kick,0.666667,"[{""strike_type"": ""roundhouse_kick"", ""probability"": 0.666667}, {""strike_type"": ""axe_kick"", ""probability"": 0.18}, {""strike_type"": ""back_kick"", ""probability"": 0.073333}]"
Andus - Tornado Kick_compressed.mp4,single_athlete_training,11,data\processed\clips\Andus - Tornado Kick_compressed\event_011_kick_candidate_left_ankle_t38p27.mp4,kick_candidate,left_ankle,0.855,kick,tornado_kick,True,,2026-04-29T21:07:27,roundhouse_kick,0.676667,"[{""strike_type"": ""roundhouse_kick"", ""probability"": 0.676667}, {""strike_type"": ""hopstep_kick"", ""probability"": 0.12}, {""strike_type"": ""spinninghook_kick"", ""probability"": 0.073333}]"
Andus - Tornado Kick_compressed.mp4,single_athlete_training,12,data\processed\clips\Andus - Tornado Kick_compressed\event_012_kick_candidate_left_ankle_t44p08.mp4,kick_candidate,left_ankle,0.941,kick,tornado_kick,True,,2026-04-29T21:07:27,roundhouse_kick,0.736667,"[{""strike_type"": ""roundhouse_kick"", ""probability"": 0.736667}, {""strike_type"": ""hopstep_kick"", ""probability"": 0.12}, {""strike_type"": ""axe_kick"", ""probability"": 0.073333}]"
Andus - Tornado Kick_compressed.mp4,single_athlete_training,13,data\processed\clips\Andus - Tornado Kick_compressed\event_013_kick_candidate_left_ankle_t50p09.mp4,kick_candidate,left_ankle,0.9317,kick,tornado_kick,True,,2026-04-29T21:07:27,roundhouse_kick,0.533333,"[{""strike_type"": ""roundhouse_kick"", ""probability"": 0.533333}, {""strike_type"": ""hopstep_kick"", ""probability"": 0.176667}, {""strike_type"": ""axe_kick"", ""probability"": 0.133333}]"
Andus - Tornado Kick_compressed.mp4,single_athlete_training,14,data\processed\clips\Andus - Tornado Kick_compressed\event_014_kick_candidate_left_ankle_t66p52.mp4,kick_candidate,left_ankle,0.9693,kick,tornado_kick,True,,2026-04-29T21:07:27,roundhouse_kick,0.58,"[{""strike_type"": ""roundhouse_kick"", ""probability"": 0.58}, {""strike_type"": ""axe_kick"", ""probability"": 0.123333}, {""strike_type"": ""back_kick"", ""probability"": 0.12}]"
Andus - Tornado Kick_compressed.mp4,single_athlete_training,15,data\processed\clips\Andus - Tornado Kick_compressed\event_015_kick_candidate_left_ankle_t74p53.mp4,kick_candidate,left_ankle,0.9816,kick,tornado_kick,True,,2026-04-29T21:07:27,roundhouse_kick,0.55,"[{""strike_type"": ""roundhouse_kick"", ""probability"": 0.55}, {""strike_type"": ""back_kick"", ""probability"": 0.136667}, {""strike_type"": ""spinninghook_kick"", ""probability"": 0.113333}]"
Andus - Tornado Kick_compressed.mp4,single_athlete_training,16,data\processed\clips\Andus - Tornado Kick_compressed\event_016_kick_candidate_left_ankle_t75p94.mp4,kick_candidate,left_ankle,0.9689,kick,tornado_kick,True,,2026-04-29T21:07:27,roundhouse_kick,0.8,"[{""strike_type"": ""roundhouse_kick"", ""probability"": 0.8}, {""strike_type"": ""back_kick"", ""probability"": 0.08}, {""strike_type"": ""hopstep_kick"", ""probability"": 0.08}]"
Andus - Tornado Kick_compressed.mp4,single_athlete_training,17,data\processed\clips\Andus - Tornado Kick_compressed\event_017_kick_candidate_left_ankle_t88p56.mp4,kick_candidate,left_ankle,0.97,kick,tornado_kick,True,,2026-04-29T21:07:27,roundhouse_kick,0.68,"[{""strike_type"": ""roundhouse_kick"", ""probability"": 0.68}, {""strike_type"": ""spinninghook_kick"", ""probability"": 0.1}, {""strike_type"": ""axe_kick"", ""probability"": 0.09}]"
Andus - Tornado Kick_compressed.mp4,single_athlete_training,18,data\processed\clips\Andus - Tornado Kick_compressed\event_018_kick_candidate_left_ankle_t91p76.mp4,kick_candidate,left_ankle,0.9716,kick,tornado_kick,True,,2026-04-29T21:07:27,roundhouse_kick,0.47,"[{""strike_type"": ""roundhouse_kick"", ""probability"": 0.47}, {""strike_type"": ""axe_kick"", ""probability"": 0.266667}, {""strike_type"": ""spinninghook_kick"", ""probability"": 0.103333}]"
Andus - Tornado Kick_compressed.mp4,single_athlete_training,19,data\processed\clips\Andus - Tornado Kick_compressed\event_019_kick_candidate_left_ankle_t94p77.mp4,kick_candidate,left_ankle,0.8824,kick,tornado_kick,True,,2026-04-29T21:07:27,roundhouse_kick,0.55,"[{""strike_type"": ""roundhouse_kick"", ""probability"": 0.55}, {""strike_type"": ""back_kick"", ""probability"": 0.15}, {""strike_type"": ""spinninghook_kick"", ""probability"": 0.136667}]"
Andus - Tornado Kick_compressed.mp4,single_athlete_training,20,data\processed\clips\Andus - Tornado Kick_compressed\event_020_kick_candidate_left_ankle_t95p97.mp4,kick_candidate,left_ankle,0.9685,kick,tornado_kick,True,,2026-04-29T21:07:27,roundhouse_kick,0.766667,"[{""strike_type"": ""roundhouse_kick"", ""probability"": 0.766667}, {""strike_type"": ""hopstep_kick"", ""probability"": 0.073333}, {""strike_type"": ""spinninghook_kick"", ""probability"": 0.066667}]"
Andus - Tornado Kick_compressed.mp4,single_athlete_training,22,data\processed\clips\Andus - Tornado Kick_compressed\event_022_kick_candidate_left_ankle_t107p59.mp4,kick_candidate,left_ankle,0.9845,kick,tornado_kick,True,,2026-04-29T21:07:27,roundhouse_kick,0.566667,"[{""strike_type"": ""roundhouse_kick"", ""probability"": 0.566667}, {""strike_type"": ""axe_kick"", ""probability"": 0.2}, {""strike_type"": ""hopstep_kick"", ""probability"": 0.093333}]"
Andus - Tornado Kick_compressed.mp4,single_athlete_training,23,data\processed\clips\Andus - Tornado Kick_compressed\event_023_kick_candidate_left_ankle_t111p80.mp4,kick_candidate,left_ankle,0.9827,kick,tornado_kick,True,,2026-04-29T21:07:27,roundhouse_kick,0.603333,"[{""strike_type"": ""roundhouse_kick"", ""probability"": 0.603333}, {""strike_type"": ""axe_kick"", ""probability"": 0.206667}, {""strike_type"": ""hopstep_kick"", ""probability"": 0.08}]"
Andus - Tornado Kick_compressed.mp4,single_athlete_training,24,data\processed\clips\Andus - Tornado Kick_compressed\event_024_kick_candidate_left_ankle_t116p41.mp4,kick_candidate,left_ankle,0.975,kick,tornado_kick,True,,2026-04-29T21:07:27,roundhouse_kick,0.65,"[{""strike_type"": ""roundhouse_kick"", ""probability"": 0.65}, {""strike_type"": ""axe_kick"", ""probability"": 0.143333}, {""strike_type"": ""back_kick"", ""probability"": 0.096667}]"
Andus - Tornado Kick_compressed.mp4,single_athlete_training,25,data\processed\clips\Andus - Tornado Kick_compressed\event_025_kick_candidate_left_ankle_t120p41.mp4,kick_candidate,left_ankle,0.8717,kick,spinninghook_kick,True,,2026-04-29T21:07:27,roundhouse_kick,0.553333,"[{""strike_type"": ""roundhouse_kick"", ""probability"": 0.553333}, {""strike_type"": ""axe_kick"", ""probability"": 0.21}, {""strike_type"": ""hopstep_kick"", ""probability"": 0.083333}]"
Andus - Tornado Kick_compressed.mp4,single_athlete_training,26,data\processed\clips\Andus - Tornado Kick_compressed\event_026_kick_candidate_left_ankle_t130p83.mp4,kick_candidate,left_ankle,0.9688,kick,tornado_kick,True,,2026-04-29T21:07:27,roundhouse_kick,0.58,"[{""strike_type"": ""roundhouse_kick"", ""probability"": 0.58}, {""strike_type"": ""axe_kick"", ""probability"": 0.18}, {""strike_type"": ""hopstep_kick"", ""probability"": 0.1}]"
Andus - Tornado Kick_compressed.mp4,single_athlete_training,27,data\processed\clips\Andus - Tornado Kick_compressed\event_027_kick_candidate_left_ankle_t135p84.mp4,kick_candidate,left_ankle,0.957,kick,tornado_kick,True,,2026-04-29T21:07:27,roundhouse_kick,0.533333,"[{""strike_type"": ""roundhouse_kick"", ""probability"": 0.533333}, {""strike_type"": ""axe_kick"", ""probability"": 0.216667}, {""strike_type"": ""hopstep_kick"", ""probability"": 0.12}]"
Andus - Tornado Kick_compressed.mp4,single_athlete_training,28,data\processed\clips\Andus - Tornado Kick_compressed\event_028_kick_candidate_left_ankle_t140p85.mp4,kick_candidate,left_ankle,0.9747,kick,tornado_kick,True,,2026-04-29T21:07:27,roundhouse_kick,0.78,"[{""strike_type"": ""roundhouse_kick"", ""probability"": 0.78}, {""strike_type"": ""axe_kick"", ""probability"": 0.093333}, {""strike_type"": ""back_kick"", ""probability"": 0.056667}]"
Andus - Tornado Kick_compressed.mp4,single_athlete_training,29,data\processed\clips\Andus - Tornado Kick_compressed\event_029_kick_candidate_left_ankle_t146p46.mp4,kick_candidate,left_ankle,0.9445,kick,tornado_kick,True,,2026-04-29T21:07:27,roundhouse_kick,0.54,"[{""strike_type"": ""roundhouse_kick"", ""probability"": 0.54}, {""strike_type"": ""axe_kick"", ""probability"": 0.243333}, {""strike_type"": ""hopstep_kick"", ""probability"": 0.1}]"
Andus - Tornado Kick_compressed.mp4,single_athlete_training,30,data\processed\clips\Andus - Tornado Kick_compressed\event_030_kick_candidate_left_ankle_t160p69.mp4,kick_candidate,left_ankle,0.668,false_positive,unknown,False,,2026-04-29T21:07:27,roundhouse_kick,0.51,"[{""strike_type"": ""roundhouse_kick"", ""probability"": 0.51}, {""strike_type"": ""hopstep_kick"", ""probability"": 0.153333}, {""strike_type"": ""back_kick"", ""probability"": 0.133333}]"
Andus - Tornado Kick_compressed.mp4,single_athlete_training,31,data\processed\clips\Andus - Tornado Kick_compressed\event_031_kick_candidate_left_ankle_t163p49.mp4,kick_candidate,left_ankle,0.6179,false_positive,unknown,False,,2026-04-29T21:07:27,roundhouse_kick,0.516667,"[{""strike_type"": ""roundhouse_kick"", ""probability"": 0.516667}, {""strike_type"": ""hopstep_kick"", ""probability"": 0.186667}, {""strike_type"": ""axe_kick"", ""probability"": 0.14}]"
Andus - Tornado Kick_compressed.mp4,single_athlete_training,32,data\processed\clips\Andus - Tornado Kick_compressed\event_032_kick_candidate_left_ankle_t175p11.mp4,kick_candidate,left_ankle,0.9432,kick,tornado_kick,True,,2026-04-29T21:07:27,roundhouse_kick,0.476667,"[{""strike_type"": ""roundhouse_kick"", ""probability"": 0.476667}, {""strike_type"": ""axe_kick"", ""probability"": 0.166667}, {""strike_type"": ""back_kick"", ""probability"": 0.15}]"
Andus - Tornado Kick_compressed.mp4,single_athlete_training,33,data\processed\clips\Andus - Tornado Kick_compressed\event_033_kick_candidate_left_ankle_t183p53.mp4,kick_candidate,left_ankle,0.823,false_positive,tornado_kick,True,,2026-04-29T21:07:27,roundhouse_kick,0.55,"[{""strike_type"": ""roundhouse_kick"", ""probability"": 0.55}, {""strike_type"": ""hopstep_kick"", ""probability"": 0.14}, {""strike_type"": ""spinninghook_kick"", ""probability"": 0.133333}]"
Andus - Tornado Kick_compressed.mp4,single_athlete_training,34,data\processed\clips\Andus - Tornado Kick_compressed\event_034_kick_candidate_left_ankle_t189p94.mp4,kick_candidate,left_ankle,0.8342,kick,tornado_kick,True,,2026-04-29T21:07:27,roundhouse_kick,0.57,"[{""strike_type"": ""roundhouse_kick"", ""probability"": 0.57}, {""strike_type"": ""hopstep_kick"", ""probability"": 0.126667}, {""strike_type"": ""spinninghook_kick"", ""probability"": 0.123333}]"
Andus - Tornado Kick_compressed.mp4,single_athlete_training,35,data\processed\clips\Andus - Tornado Kick_compressed\event_035_kick_candidate_left_ankle_t199p15.mp4,kick_candidate,left_ankle,0.9043,kick,tornado_kick,True,,2026-04-29T21:07:27,roundhouse_kick,0.566667,"[{""strike_type"": ""roundhouse_kick"", ""probability"": 0.566667}, {""strike_type"": ""hopstep_kick"", ""probability"": 0.13}, {""strike_type"": ""axe_kick"", ""probability"": 0.12}]"
Andus - Tornado Kick_compressed.mp4,single_athlete_training,36,data\processed\clips\Andus - Tornado Kick_compressed\event_036_punch_candidate_left_wrist_t16p03.mp4,punch_candidate,left_wrist,0.6201,false_positive,unknown,False,,2026-04-29T21:07:27,roundhouse_kick,0.67,"[{""strike_type"": ""roundhouse_kick"", ""probability"": 0.67}, {""strike_type"": ""spinninghook_kick"", ""probability"": 0.1}, {""strike_type"": ""back_kick"", ""probability"": 0.093333}]"
Andus - Tornado Kick_compressed.mp4,single_athlete_training,39,data\processed\clips\Andus - Tornado Kick_compressed\event_039_punch_candidate_left_wrist_t27p05.mp4,punch_candidate,left_wrist,0.8501,false_positive,unknown,False,,2026-04-29T21:07:27,roundhouse_kick,0.56,"[{""strike_type"": ""roundhouse_kick"", ""probability"": 0.56}, {""strike_type"": ""spinninghook_kick"", ""probability"": 0.183333}, {""strike_type"": ""back_kick"", ""probability"": 0.163333}]"
Andus - Tornado Kick_compressed.mp4,single_athlete_training,41,data\processed\clips\Andus - Tornado Kick_compressed\event_041_punch_candidate_left_wrist_t35p66.mp4,punch_candidate,left_wrist,0.7668,false_positive,unknown,False,,2026-04-29T21:07:27,roundhouse_kick,0.73,"[{""strike_type"": ""roundhouse_kick"", ""probability"": 0.73}, {""strike_type"": ""hopstep_kick"", ""probability"": 0.09}, {""strike_type"": ""spinninghook_kick"", ""probability"": 0.073333}]"
Andus - Tornado Kick_compressed.mp4,single_athlete_training,44,data\processed\clips\Andus - Tornado Kick_compressed\event_044_punch_candidate_left_wrist_t40p27.mp4,punch_candidate,left_wrist,0.5982,false_positive,unknown,False,,2026-04-29T21:07:27,roundhouse_kick,0.666667,"[{""strike_type"": ""roundhouse_kick"", ""probability"": 0.666667}, {""strike_type"": ""hopstep_kick"", ""probability"": 0.123333}, {""strike_type"": ""back_kick"", ""probability"": 0.083333}]"
Andus - Tornado Kick_compressed.mp4,single_athlete_training,49,data\processed\clips\Andus - Tornado Kick_compressed\event_049_punch_candidate_left_wrist_t49p89.mp4,punch_candidate,left_wrist,0.9373,kick,tornado_kick,True,,2026-04-29T21:07:27,roundhouse_kick,0.583333,"[{""strike_type"": ""roundhouse_kick"", ""probability"": 0.583333}, {""strike_type"": ""axe_kick"", ""probability"": 0.16}, {""strike_type"": ""hopstep_kick"", ""probability"": 0.113333}]"
Andus - Tornado Kick_compressed.mp4,single_athlete_training,51,data\processed\clips\Andus - Tornado Kick_compressed\event_051_punch_candidate_left_wrist_t63p71.mp4,punch_candidate,left_wrist,0.7635,kick,tornado_kick,True,,2026-04-29T21:07:27,roundhouse_kick,0.633333,"[{""strike_type"": ""roundhouse_kick"", ""probability"": 0.633333}, {""strike_type"": ""axe_kick"", ""probability"": 0.163333}, {""strike_type"": ""hopstep_kick"", ""probability"": 0.11}]"
Andus - Tornado Kick_compressed.mp4,single_athlete_training,52,data\processed\clips\Andus - Tornado Kick_compressed\event_052_punch_candidate_left_wrist_t68p32.mp4,punch_candidate,left_wrist,0.9628,kick,tornado_kick,True,,2026-04-29T21:07:27,roundhouse_kick,0.713333,"[{""strike_type"": ""roundhouse_kick"", ""probability"": 0.713333}, {""strike_type"": ""spinninghook_kick"", ""probability"": 0.103333}, {""strike_type"": ""axe_kick"", ""probability"": 0.073333}]"
Andus - Tornado Kick_compressed.mp4,single_athlete_training,56,data\processed\clips\Andus - Tornado Kick_compressed\event_056_punch_candidate_left_wrist_t91p56.mp4,punch_candidate,left_wrist,0.8043,kick,tornado_kick,True,,2026-04-29T21:07:27,roundhouse_kick,0.54,"[{""strike_type"": ""roundhouse_kick"", ""probability"": 0.54}, {""strike_type"": ""axe_kick"", ""probability"": 0.146667}, {""strike_type"": ""back_kick"", ""probability"": 0.116667}]"
Andus - Tornado Kick_compressed.mp4,single_athlete_training,58,data\processed\clips\Andus - Tornado Kick_compressed\event_058_punch_candidate_left_wrist_t104p19.mp4,punch_candidate,left_wrist,0.7232,false_positive,unknown,False,,2026-04-29T21:07:27,roundhouse_kick,0.656667,"[{""strike_type"": ""roundhouse_kick"", ""probability"": 0.656667}, {""strike_type"": ""hopaxe_kick"", ""probability"": 0.11}, {""strike_type"": ""spinninghook_kick"", ""probability"": 0.096667}]"
Andus - Tornado Kick_compressed.mp4,single_athlete_training,60,data\processed\clips\Andus - Tornado Kick_compressed\event_060_punch_candidate_left_wrist_t111p60.mp4,punch_candidate,left_wrist,0.7657,kick,tornado_kick,True,,2026-04-29T21:07:27,roundhouse_kick,0.576667,"[{""strike_type"": ""roundhouse_kick"", ""probability"": 0.576667}, {""strike_type"": ""axe_kick"", ""probability"": 0.15}, {""strike_type"": ""back_kick"", ""probability"": 0.116667}]"
Andus - Tornado Kick_compressed.mp4,single_athlete_training,61,data\processed\clips\Andus - Tornado Kick_compressed\event_061_punch_candidate_left_wrist_t114p00.mp4,punch_candidate,left_wrist,0.8794,false_positive,unknown,False,,2026-04-29T21:07:27,roundhouse_kick,0.58,"[{""strike_type"": ""roundhouse_kick"", ""probability"": 0.58}, {""strike_type"": ""spinninghook_kick"", ""probability"": 0.183333}, {""strike_type"": ""back_kick"", ""probability"": 0.146667}]"
Andus - Tornado Kick_compressed.mp4,single_athlete_training,63,data\processed\clips\Andus - Tornado Kick_compressed\event_063_punch_candidate_left_wrist_t120p41.mp4,punch_candidate,left_wrist,0.8055,kick,tornado_kick,True,,2026-04-29T21:07:27,roundhouse_kick,0.513333,"[{""strike_type"": ""roundhouse_kick"", ""probability"": 0.513333}, {""strike_type"": ""axe_kick"", ""probability"": 0.173333}, {""strike_type"": ""hopstep_kick"", ""probability"": 0.11}]"
Andus - Tornado Kick_compressed.mp4,single_athlete_training,66,data\processed\clips\Andus - Tornado Kick_compressed\event_066_punch_candidate_left_wrist_t152p27.mp4,punch_candidate,left_wrist,0.8708,false_positive,unknown,False,,2026-04-29T21:07:27,roundhouse_kick,0.733333,"[{""strike_type"": ""roundhouse_kick"", ""probability"": 0.733333}, {""strike_type"": ""spinninghook_kick"", ""probability"": 0.173333}, {""strike_type"": ""back_kick"", ""probability"": 0.05}]"
Andus - Tornado Kick_compressed.mp4,single_athlete_training,68,data\processed\clips\Andus - Tornado Kick_compressed\event_068_punch_candidate_left_wrist_t160p89.mp4,punch_candidate,left_wrist,0.9355,false_positive,unknown,False,,2026-04-29T21:07:27,roundhouse_kick,0.52,"[{""strike_type"": ""roundhouse_kick"", ""probability"": 0.52}, {""strike_type"": ""back_kick"", ""probability"": 0.146667}, {""strike_type"": ""hopstep_kick"", ""probability"": 0.14}]"
Andus - Tornado Kick_compressed.mp4,single_athlete_training,72,data\processed\clips\Andus - Tornado Kick_compressed\event_072_punch_candidate_left_wrist_t174p91.mp4,punch_candidate,left_wrist,0.939,kick,tornado_kick,True,,2026-04-29T21:07:27,roundhouse_kick,0.36,"[{""strike_type"": ""roundhouse_kick"", ""probability"": 0.36}, {""strike_type"": ""axe_kick"", ""probability"": 0.236667}, {""strike_type"": ""back_kick"", ""probability"": 0.146667}]"
Andus - Tornado Kick_compressed.mp4,single_athlete_training,78,data\processed\clips\Andus - Tornado Kick_compressed\event_078_kick_candidate_right_ankle_t1p60.mp4,kick_candidate,right_ankle,0.9232,false_positive,unknown,False,,2026-04-29T21:07:27,roundhouse_kick,0.506667,"[{""strike_type"": ""roundhouse_kick"", ""probability"": 0.506667}, {""strike_type"": ""back_kick"", ""probability"": 0.2}, {""strike_type"": ""hopstep_kick"", ""probability"": 0.173333}]"
Andus - Tornado Kick_compressed.mp4,single_athlete_training,81,data\processed\clips\Andus - Tornado Kick_compressed\event_081_kick_candidate_right_ankle_t14p43.mp4,kick_candidate,right_ankle,0.8469,kick,tornado_kick,True,,2026-04-29T21:07:27,roundhouse_kick,0.63,"[{""strike_type"": ""roundhouse_kick"", ""probability"": 0.63}, {""strike_type"": ""hopstep_kick"", ""probability"": 0.166667}, {""strike_type"": ""spinninghook_kick"", ""probability"": 0.096667}]"
Andus - Tornado Kick_compressed.mp4,single_athlete_training,82,data\processed\clips\Andus - Tornado Kick_compressed\event_082_kick_candidate_right_ankle_t20p64.mp4,kick_candidate,right_ankle,0.8959,kick,tornado_kick,True,,2026-04-29T21:07:27,roundhouse_kick,0.633333,"[{""strike_type"": ""roundhouse_kick"", ""probability"": 0.633333}, {""strike_type"": ""back_kick"", ""probability"": 0.12}, {""strike_type"": ""hopstep_kick"", ""probability"": 0.113333}]"
Andus - Tornado Kick_compressed.mp4,single_athlete_training,83,data\processed\clips\Andus - Tornado Kick_compressed\event_083_kick_candidate_right_ankle_t29p85.mp4,kick_candidate,right_ankle,0.8725,kick,tornado_kick,True,,2026-04-29T21:07:27,roundhouse_kick,0.586667,"[{""strike_type"": ""roundhouse_kick"", ""probability"": 0.586667}, {""strike_type"": ""axe_kick"", ""probability"": 0.133333}, {""strike_type"": ""back_kick"", ""probability"": 0.11}]"
Andus - Tornado Kick_compressed.mp4,single_athlete_training,84,data\processed\clips\Andus - Tornado Kick_compressed\event_084_kick_candidate_right_ankle_t34p46.mp4,kick_candidate,right_ankle,0.8448,kick,tornado_kick,True,,2026-04-29T21:07:27,roundhouse_kick,0.59,"[{""strike_type"": ""roundhouse_kick"", ""probability"": 0.59}, {""strike_type"": ""axe_kick"", ""probability"": 0.126667}, {""strike_type"": ""hopstep_kick"", ""probability"": 0.106667}]"
Andus - Tornado Kick_compressed.mp4,single_athlete_training,87,data\processed\clips\Andus - Tornado Kick_compressed\event_087_kick_candidate_right_ankle_t38p07.mp4,kick_candidate,right_ankle,0.9398,kick,tornado_kick,True,,2026-04-29T21:07:27,roundhouse_kick,0.53,"[{""strike_type"": ""roundhouse_kick"", ""probability"": 0.53}, {""strike_type"": ""axe_kick"", ""probability"": 0.216667}, {""strike_type"": ""hopstep_kick"", ""probability"": 0.15}]"
Andus - Tornado Kick_compressed.mp4,single_athlete_training,88,data\processed\clips\Andus - Tornado Kick_compressed\event_088_kick_candidate_right_ankle_t43p88.mp4,kick_candidate,right_ankle,0.9412,kick,tornado_kick,True,,2026-04-29T21:07:27,roundhouse_kick,0.573333,"[{""strike_type"": ""roundhouse_kick"", ""probability"": 0.573333}, {""strike_type"": ""axe_kick"", ""probability"": 0.19}, {""strike_type"": ""hopstep_kick"", ""probability"": 0.16}]"
Andus - Tornado Kick_compressed.mp4,single_athlete_training,89,data\processed\clips\Andus - Tornado Kick_compressed\event_089_kick_candidate_right_ankle_t49p69.mp4,kick_candidate,right_ankle,0.9369,kick,tornado_kick,True,,2026-04-29T21:07:27,roundhouse_kick,0.44,"[{""strike_type"": ""roundhouse_kick"", ""probability"": 0.44}, {""strike_type"": ""axe_kick"", ""probability"": 0.29}, {""strike_type"": ""hopstep_kick"", ""probability"": 0.103333}]"
Andus - Tornado Kick_compressed.mp4,single_athlete_training,91,data\processed\clips\Andus - Tornado Kick_compressed\event_091_kick_candidate_right_ankle_t63p71.mp4,kick_candidate,right_ankle,0.9632,kick,tornado_kick,True,,2026-04-29T21:07:27,roundhouse_kick,0.613333,"[{""strike_type"": ""roundhouse_kick"", ""probability"": 0.613333}, {""strike_type"": ""axe_kick"", ""probability"": 0.173333}, {""strike_type"": ""hopstep_kick"", ""probability"": 0.13}]"
Andus - Tornado Kick_compressed.mp4,single_athlete_training,92,data\processed\clips\Andus - Tornado Kick_compressed\event_092_kick_candidate_right_ankle_t67p92.mp4,kick_candidate,right_ankle,0.9634,kick,tornado_kick,True,,2026-04-29T21:07:27,roundhouse_kick,0.646667,"[{""strike_type"": ""roundhouse_kick"", ""probability"": 0.646667}, {""strike_type"": ""axe_kick"", ""probability"": 0.12}, {""strike_type"": ""spinninghook_kick"", ""probability"": 0.12}]"
Andus - Tornado Kick_compressed.mp4,single_athlete_training,94,data\processed\clips\Andus - Tornado Kick_compressed\event_094_kick_candidate_right_ankle_t88p16.mp4,kick_candidate,right_ankle,0.9708,kick,tornado_kick,True,,2026-04-29T21:07:27,roundhouse_kick,0.593333,"[{""strike_type"": ""roundhouse_kick"", ""probability"": 0.593333}, {""strike_type"": ""axe_kick"", ""probability"": 0.22}, {""strike_type"": ""hopstep_kick"", ""probability"": 0.073333}]"
Andus - Tornado Kick_compressed.mp4,single_athlete_training,95,data\processed\clips\Andus - Tornado Kick_compressed\event_095_kick_candidate_right_ankle_t91p56.mp4,kick_candidate,right_ankle,0.8716,kick,tornado_kick,True,,2026-04-29T21:07:27,roundhouse_kick,0.546667,"[{""strike_type"": ""roundhouse_kick"", ""probability"": 0.546667}, {""strike_type"": ""axe_kick"", ""probability"": 0.146667}, {""strike_type"": ""back_kick"", ""probability"": 0.113333}]"
Andus - Tornado Kick_compressed.mp4,single_athlete_training,96,data\processed\clips\Andus - Tornado Kick_compressed\event_096_kick_candidate_right_ankle_t92p16.mp4,kick_candidate,right_ankle,0.9718,kick,tornado_kick,True,,2026-04-29T21:07:27,roundhouse_kick,0.59,"[{""strike_type"": ""roundhouse_kick"", ""probability"": 0.59}, {""strike_type"": ""axe_kick"", ""probability"": 0.23}, {""strike_type"": ""spinninghook_kick"", ""probability"": 0.083333}]"
Andus - Tornado Kick_compressed.mp4,single_athlete_training,98,data\processed\clips\Andus - Tornado Kick_compressed\event_098_kick_candidate_right_ankle_t100p58.mp4,kick_candidate,right_ankle,0.9718,kick,tornado_kick,True,,2026-04-29T21:07:27,roundhouse_kick,0.626667,"[{""strike_type"": ""roundhouse_kick"", ""probability"": 0.626667}, {""strike_type"": ""axe_kick"", ""probability"": 0.12}, {""strike_type"": ""spinninghook_kick"", ""probability"": 0.103333}]"
Andus - Tornado Kick_compressed.mp4,single_athlete_training,99,data\processed\clips\Andus - Tornado Kick_compressed\event_099_kick_candidate_right_ankle_t107p79.mp4,kick_candidate,right_ankle,0.9825,kick,tornado_kick,True,,2026-04-29T21:07:27,roundhouse_kick,0.67,"[{""strike_type"": ""roundhouse_kick"", ""probability"": 0.67}, {""strike_type"": ""axe_kick"", ""probability"": 0.14}, {""strike_type"": ""hopstep_kick"", ""probability"": 0.066667}]"
Andus - Tornado Kick_compressed.mp4,single_athlete_training,100,data\processed\clips\Andus - Tornado Kick_compressed\event_100_kick_candidate_right_ankle_t112p00.mp4,kick_candidate,right_ankle,0.9804,kick,tornado_kick,True,,2026-04-29T21:07:27,roundhouse_kick,0.686667,"[{""strike_type"": ""roundhouse_kick"", ""probability"": 0.686667}, {""strike_type"": ""spinninghook_kick"", ""probability"": 0.1}, {""strike_type"": ""axe_kick"", ""probability"": 0.093333}]"
Andus - Tornado Kick_compressed.mp4,single_athlete_training,102,data\processed\clips\Andus - Tornado Kick_compressed\event_102_kick_candidate_right_ankle_t116p81.mp4,kick_candidate,right_ankle,0.9747,kick,tornado_kick,True,,2026-04-29T21:07:27,roundhouse_kick,0.7,"[{""strike_type"": ""roundhouse_kick"", ""probability"": 0.7}, {""strike_type"": ""spinninghook_kick"", ""probability"": 0.086667}, {""strike_type"": ""hopstep_kick"", ""probability"": 0.076667}]"
Andus - Tornado Kick_compressed.mp4,single_athlete_training,104,data\processed\clips\Andus - Tornado Kick_compressed\event_104_kick_candidate_right_ankle_t120p61.mp4,kick_candidate,right_ankle,0.9673,kick,tornado_kick,True,,2026-04-29T21:07:27,roundhouse_kick,0.653333,"[{""strike_type"": ""roundhouse_kick"", ""probability"": 0.653333}, {""strike_type"": ""axe_kick"", ""probability"": 0.173333}, {""strike_type"": ""hopstep_kick"", ""probability"": 0.063333}]"
Andus - Tornado Kick_compressed.mp4,single_athlete_training,105,data\processed\clips\Andus - Tornado Kick_compressed\event_105_kick_candidate_right_ankle_t131p03.mp4,kick_candidate,right_ankle,0.9772,kick,tornado_kick,True,,2026-04-29T21:07:27,roundhouse_kick,0.676667,"[{""strike_type"": ""roundhouse_kick"", ""probability"": 0.676667}, {""strike_type"": ""spinninghook_kick"", ""probability"": 0.12}, {""strike_type"": ""hopstep_kick"", ""probability"": 0.08}]"
Andus - Tornado Kick_compressed.mp4,single_athlete_training,107,data\processed\clips\Andus - Tornado Kick_compressed\event_107_kick_candidate_right_ankle_t136p04.mp4,kick_candidate,right_ankle,0.9753,kick,tornado_kick,True,,2026-04-29T21:07:27,roundhouse_kick,0.63,"[{""strike_type"": ""roundhouse_kick"", ""probability"": 0.63}, {""strike_type"": ""axe_kick"", ""probability"": 0.163333}, {""strike_type"": ""spinninghook_kick"", ""probability"": 0.09}]"
Andus - Tornado Kick_compressed.mp4,single_athlete_training,109,data\processed\clips\Andus - Tornado Kick_compressed\event_109_kick_candidate_right_ankle_t141p25.mp4,kick_candidate,right_ankle,0.9195,kick,tornado_kick,True,,2026-04-29T21:07:27,roundhouse_kick,0.766667,"[{""strike_type"": ""roundhouse_kick"", ""probability"": 0.766667}, {""strike_type"": ""spinninghook_kick"", ""probability"": 0.103333}, {""strike_type"": ""hopstep_kick"", ""probability"": 0.046667}]"
Andus - Tornado Kick_compressed.mp4,single_athlete_training,111,data\processed\clips\Andus - Tornado Kick_compressed\event_111_kick_candidate_right_ankle_t146p66.mp4,kick_candidate,right_ankle,0.9738,kick,tornado_kick,True,,2026-04-29T21:07:27,roundhouse_kick,0.646667,"[{""strike_type"": ""roundhouse_kick"", ""probability"": 0.646667}, {""strike_type"": ""axe_kick"", ""probability"": 0.14}, {""strike_type"": ""spinninghook_kick"", ""probability"": 0.09}]"
Andus - Tornado Kick_compressed.mp4,single_athlete_training,112,data\processed\clips\Andus - Tornado Kick_compressed\event_112_kick_candidate_right_ankle_t156p28.mp4,kick_candidate,right_ankle,0.8269,kick,tornado_kick,True,,2026-04-29T21:07:27,roundhouse_kick,0.58,"[{""strike_type"": ""roundhouse_kick"", ""probability"": 0.58}, {""strike_type"": ""hopstep_kick"", ""probability"": 0.15}, {""strike_type"": ""spinninghook_kick"", ""probability"": 0.116667}]"
Andus - Tornado Kick_compressed.mp4,single_athlete_training,113,data\processed\clips\Andus - Tornado Kick_compressed\event_113_kick_candidate_right_ankle_t156p88.mp4,kick_candidate,right_ankle,0.7417,kick,tornado_kick,True,,2026-04-29T21:07:27,roundhouse_kick,0.636667,"[{""strike_type"": ""roundhouse_kick"", ""probability"": 0.636667}, {""strike_type"": ""spinninghook_kick"", ""probability"": 0.213333}, {""strike_type"": ""back_kick"", ""probability"": 0.083333}]"
Andus - Tornado Kick_compressed.mp4,single_athlete_training,117,data\processed\clips\Andus - Tornado Kick_compressed\event_117_kick_candidate_right_ankle_t175p51.mp4,kick_candidate,right_ankle,0.9424,kick,tornado_kick,True,,2026-04-29T21:07:27,roundhouse_kick,0.583333,"[{""strike_type"": ""roundhouse_kick"", ""probability"": 0.583333}, {""strike_type"": ""spinninghook_kick"", ""probability"": 0.11}, {""strike_type"": ""hopstep_kick"", ""probability"": 0.106667}]"
Andus - Tornado Kick_compressed.mp4,single_athlete_training,118,data\processed\clips\Andus - Tornado Kick_compressed\event_118_kick_candidate_right_ankle_t183p73.mp4,kick_candidate,right_ankle,0.9808,kick,tornado_kick,True,,2026-04-29T21:07:27,roundhouse_kick,0.663333,"[{""strike_type"": ""roundhouse_kick"", ""probability"": 0.663333}, {""strike_type"": ""spinninghook_kick"", ""probability"": 0.12}, {""strike_type"": ""hopstep_kick"", ""probability"": 0.093333}]"
Andus - Tornado Kick_compressed.mp4,single_athlete_training,119,data\processed\clips\Andus - Tornado Kick_compressed\event_119_kick_candidate_right_ankle_t190p14.mp4,kick_candidate,right_ankle,0.8314,kick,tornado_kick,True,,2026-04-29T21:07:27,roundhouse_kick,0.623333,"[{""strike_type"": ""roundhouse_kick"", ""probability"": 0.623333}, {""strike_type"": ""spinninghook_kick"", ""probability"": 0.146667}, {""strike_type"": ""hopstep_kick"", ""probability"": 0.093333}]"
Andus - Tornado Kick_compressed.mp4,single_athlete_training,120,data\processed\clips\Andus - Tornado Kick_compressed\event_120_kick_candidate_right_ankle_t190p74.mp4,kick_candidate,right_ankle,0.7591,kick,tornado_kick,True,,2026-04-29T21:07:27,roundhouse_kick,0.71,"[{""strike_type"": ""roundhouse_kick"", ""probability"": 0.71}, {""strike_type"": ""spinninghook_kick"", ""probability"": 0.13}, {""strike_type"": ""hopstep_kick"", ""probability"": 0.066667}]"
Andus - Tornado Kick_compressed.mp4,single_athlete_training,121,data\processed\clips\Andus - Tornado Kick_compressed\event_121_kick_candidate_right_ankle_t199p35.mp4,kick_candidate,right_ankle,0.9813,kick,tornado_kick,True,,2026-04-29T21:07:27,roundhouse_kick,0.706667,"[{""strike_type"": ""roundhouse_kick"", ""probability"": 0.706667}, {""strike_type"": ""hopstep_kick"", ""probability"": 0.096667}, {""strike_type"": ""spinninghook_kick"", ""probability"": 0.093333}]"
Andus - Tornado Kick_compressed.mp4,single_athlete_training,123,data\processed\clips\Andus - Tornado Kick_compressed\event_123_punch_candidate_right_wrist_t17p03.mp4,punch_candidate,right_wrist,0.6037,false_positive,unknown,False,,2026-04-29T21:07:27,roundhouse_kick,0.426667,"[{""strike_type"": ""roundhouse_kick"", ""probability"": 0.426667}, {""strike_type"": ""spinninghook_kick"", ""probability"": 0.233333}, {""strike_type"": ""back_kick"", ""probability"": 0.196667}]"
Andus - Tornado Kick_compressed.mp4,single_athlete_training,124,data\processed\clips\Andus - Tornado Kick_compressed\event_124_punch_candidate_right_wrist_t24p44.mp4,punch_candidate,right_wrist,0.9607,false_positive,unknown,False,,2026-04-29T21:07:27,roundhouse_kick,0.723333,"[{""strike_type"": ""roundhouse_kick"", ""probability"": 0.723333}, {""strike_type"": ""axe_kick"", ""probability"": 0.143333}, {""strike_type"": ""hopstep_kick"", ""probability"": 0.06}]"
Andus - Tornado Kick_compressed.mp4,single_athlete_training,125,data\processed\clips\Andus - Tornado Kick_compressed\event_125_punch_candidate_right_wrist_t26p45.mp4,punch_candidate,right_wrist,0.9258,false_positive,unknown,False,,2026-04-29T21:07:27,roundhouse_kick,0.566667,"[{""strike_type"": ""roundhouse_kick"", ""probability"": 0.566667}, {""strike_type"": ""spinninghook_kick"", ""probability"": 0.16}, {""strike_type"": ""back_kick"", ""probability"": 0.15}]"
Andus - Tornado Kick_compressed.mp4,single_athlete_training,127,data\processed\clips\Andus - Tornado Kick_compressed\event_127_punch_candidate_right_wrist_t40p27.mp4,punch_candidate,right_wrist,0.8685,false_positive,unknown,False,,2026-04-29T21:07:27,roundhouse_kick,0.666667,"[{""strike_type"": ""roundhouse_kick"", ""probability"": 0.666667}, {""strike_type"": ""hopstep_kick"", ""probability"": 0.096667}, {""strike_type"": ""spinninghook_kick"", ""probability"": 0.093333}]"
Andus - Tornado Kick_compressed.mp4,single_athlete_training,128,data\processed\clips\Andus - Tornado Kick_compressed\event_128_punch_candidate_right_wrist_t41p48.mp4,punch_candidate,right_wrist,0.7092,false_positive,unknown,False,,2026-04-29T21:07:27,roundhouse_kick,0.463333,"[{""strike_type"": ""roundhouse_kick"", ""probability"": 0.463333}, {""strike_type"": ""back_kick"", ""probability"": 0.196667}, {""strike_type"": ""spinninghook_kick"", ""probability"": 0.176667}]"
Andus - Tornado Kick_compressed.mp4,single_athlete_training,129,data\processed\clips\Andus - Tornado Kick_compressed\event_129_punch_candidate_right_wrist_t42p28.mp4,punch_candidate,right_wrist,0.914,false_positive,unknown,False,,2026-04-29T21:07:27,roundhouse_kick,0.596667,"[{""strike_type"": ""roundhouse_kick"", ""probability"": 0.596667}, {""strike_type"": ""spinninghook_kick"", ""probability"": 0.17}, {""strike_type"": ""back_kick"", ""probability"": 0.136667}]"
Andus - Tornado Kick_compressed.mp4,single_athlete_training,130,data\processed\clips\Andus - Tornado Kick_compressed\event_130_punch_candidate_right_wrist_t44p08.mp4,punch_candidate,right_wrist,0.7782,kick,tornado_kick,True,,2026-04-29T21:07:27,roundhouse_kick,0.77,"[{""strike_type"": ""roundhouse_kick"", ""probability"": 0.77}, {""strike_type"": ""back_kick"", ""probability"": 0.083333}, {""strike_type"": ""hopstep_kick"", ""probability"": 0.083333}]"
Andus - Tornado Kick_compressed.mp4,single_athlete_training,131,data\processed\clips\Andus - Tornado Kick_compressed\event_131_punch_candidate_right_wrist_t46p28.mp4,punch_candidate,right_wrist,0.8951,unknown,unknown,False,,2026-04-29T21:07:27,roundhouse_kick,0.556667,"[{""strike_type"": ""roundhouse_kick"", ""probability"": 0.556667}, {""strike_type"": ""back_kick"", ""probability"": 0.166667}, {""strike_type"": ""spinninghook_kick"", ""probability"": 0.116667}]"
Andus - Tornado Kick_compressed.mp4,single_athlete_training,132,data\processed\clips\Andus - Tornado Kick_compressed\event_132_punch_candidate_right_wrist_t49p89.mp4,punch_candidate,right_wrist,0.795,kick,tornado_kick,True,,2026-04-29T21:07:27,roundhouse_kick,0.58,"[{""strike_type"": ""roundhouse_kick"", ""probability"": 0.58}, {""strike_type"": ""axe_kick"", ""probability"": 0.16}, {""strike_type"": ""hopstep_kick"", ""probability"": 0.113333}]"
Andus - Tornado Kick_compressed.mp4,single_athlete_training,133,data\processed\clips\Andus - Tornado Kick_compressed\event_133_punch_candidate_right_wrist_t55p50.mp4,punch_candidate,right_wrist,0.8461,false_positive,unknown,False,,2026-04-29T21:07:27,roundhouse_kick,0.753333,"[{""strike_type"": ""roundhouse_kick"", ""probability"": 0.753333}, {""strike_type"": ""hopstep_kick"", ""probability"": 0.1}, {""strike_type"": ""axe_kick"", ""probability"": 0.056667}]"
Andus - Tornado Kick_compressed.mp4,single_athlete_training,134,data\processed\clips\Andus - Tornado Kick_compressed\event_134_punch_candidate_right_wrist_t68p52.mp4,punch_candidate,right_wrist,0.8229,kick,tornado_kick,True,,2026-04-29T21:07:27,roundhouse_kick,0.68,"[{""strike_type"": ""roundhouse_kick"", ""probability"": 0.68}, {""strike_type"": ""back_kick"", ""probability"": 0.106667}, {""strike_type"": ""hopstep_kick"", ""probability"": 0.093333}]"
Andus - Tornado Kick_compressed.mp4,single_athlete_training,135,data\processed\clips\Andus - Tornado Kick_compressed\event_135_punch_candidate_right_wrist_t81p35.mp4,punch_candidate,right_wrist,0.9127,false_positive,unknown,False,,2026-04-29T21:07:27,roundhouse_kick,0.74,"[{""strike_type"": ""roundhouse_kick"", ""probability"": 0.74}, {""strike_type"": ""axe_kick"", ""probability"": 0.076667}, {""strike_type"": ""hopstep_kick"", ""probability"": 0.076667}]"
Andus - Tornado Kick_compressed.mp4,single_athlete_training,141,data\processed\clips\Andus - Tornado Kick_compressed\event_141_punch_candidate_right_wrist_t102p78.mp4,punch_candidate,right_wrist,0.9209,false_positive,unknown,False,,2026-04-29T21:07:27,roundhouse_kick,0.756667,"[{""strike_type"": ""roundhouse_kick"", ""probability"": 0.756667}, {""strike_type"": ""hopstep_kick"", ""probability"": 0.063333}, {""strike_type"": ""back_kick"", ""probability"": 0.06}]"
Andus - Tornado Kick_compressed.mp4,single_athlete_training,142,data\processed\clips\Andus - Tornado Kick_compressed\event_142_punch_candidate_right_wrist_t107p79.mp4,punch_candidate,right_wrist,0.8972,kick,tornado_kick,True,,2026-04-29T21:07:27,roundhouse_kick,0.496667,"[{""strike_type"": ""roundhouse_kick"", ""probability"": 0.496667}, {""strike_type"": ""axe_kick"", ""probability"": 0.206667}, {""strike_type"": ""hopstep_kick"", ""probability"": 0.13}]"
Andus - Tornado Kick_compressed.mp4,single_athlete_training,143,data\processed\clips\Andus - Tornado Kick_compressed\event_143_punch_candidate_right_wrist_t111p80.mp4,punch_candidate,right_wrist,0.8129,kick,tornado_kick,True,,2026-04-29T21:07:27,roundhouse_kick,0.556667,"[{""strike_type"": ""roundhouse_kick"", ""probability"": 0.556667}, {""strike_type"": ""axe_kick"", ""probability"": 0.2}, {""strike_type"": ""hopstep_kick"", ""probability"": 0.1}]"
Andus - Tornado Kick_compressed.mp4,single_athlete_training,144,data\processed\clips\Andus - Tornado Kick_compressed\event_144_punch_candidate_right_wrist_t114p20.mp4,punch_candidate,right_wrist,0.9017,false_positive,unknown,False,,2026-04-29T21:07:27,roundhouse_kick,0.536667,"[{""strike_type"": ""roundhouse_kick"", ""probability"": 0.536667}, {""strike_type"": ""spinninghook_kick"", ""probability"": 0.19}, {""strike_type"": ""back_kick"", ""probability"": 0.156667}]"
Andus - Tornado Kick_compressed.mp4,single_athlete_training,146,data\processed\clips\Andus - Tornado Kick_compressed\event_146_punch_candidate_right_wrist_t120p61.mp4,punch_candidate,right_wrist,0.739,kick,tornado_kick,True,,2026-04-29T21:07:27,roundhouse_kick,0.513333,"[{""strike_type"": ""roundhouse_kick"", ""probability"": 0.513333}, {""strike_type"": ""axe_kick"", ""probability"": 0.183333}, {""strike_type"": ""hopstep_kick"", ""probability"": 0.12}]"
Andus - Tornado Kick_compressed.mp4,single_athlete_training,147,data\processed\clips\Andus - Tornado Kick_compressed\event_147_punch_candidate_right_wrist_t126p83.mp4,punch_candidate,right_wrist,0.8874,false_positive,unknown,False,,2026-04-29T21:07:27,roundhouse_kick,0.556667,"[{""strike_type"": ""roundhouse_kick"", ""probability"": 0.556667}, {""strike_type"": ""spinninghook_kick"", ""probability"": 0.23}, {""strike_type"": ""back_kick"", ""probability"": 0.133333}]"
Andus - Tornado Kick_compressed.mp4,single_athlete_training,151,data\processed\clips\Andus - Tornado Kick_compressed\event_151_punch_candidate_right_wrist_t149p47.mp4,punch_candidate,right_wrist,0.7568,false_positive,unknown,False,,2026-04-29T21:07:27,roundhouse_kick,0.63,"[{""strike_type"": ""roundhouse_kick"", ""probability"": 0.63}, {""strike_type"": ""spinninghook_kick"", ""probability"": 0.163333}, {""strike_type"": ""back_kick"", ""probability"": 0.103333}]"
Andus - Tornado Kick_compressed.mp4,single_athlete_training,152,data\processed\clips\Andus - Tornado Kick_compressed\event_152_punch_candidate_right_wrist_t158p88.mp4,punch_candidate,right_wrist,0.9323,false_positive,unknown,False,,2026-04-29T21:07:27,roundhouse_kick,0.666667,"[{""strike_type"": ""roundhouse_kick"", ""probability"": 0.666667}, {""strike_type"": ""spinninghook_kick"", ""probability"": 0.106667}, {""strike_type"": ""back_kick"", ""probability"": 0.076667}]"
Andus - Tornado Kick_compressed.mp4,single_athlete_training,154,data\processed\clips\Andus - Tornado Kick_compressed\event_154_punch_candidate_right_wrist_t163p49.mp4,punch_candidate,right_wrist,0.7689,false_positive,unknown,False,,2026-04-29T21:07:27,roundhouse_kick,0.516667,"[{""strike_type"": ""roundhouse_kick"", ""probability"": 0.516667}, {""strike_type"": ""hopstep_kick"", ""probability"": 0.186667}, {""strike_type"": ""axe_kick"", ""probability"": 0.14}]"
Andus - Tornado Kick_compressed.mp4,single_athlete_training,155,data\processed\clips\Andus - Tornado Kick_compressed\event_155_punch_candidate_right_wrist_t174p71.mp4,punch_candidate,right_wrist,0.9448,kick,tornado_kick,True,,2026-04-29T21:07:27,roundhouse_kick,0.35,"[{""strike_type"": ""roundhouse_kick"", ""probability"": 0.35}, {""strike_type"": ""axe_kick"", ""probability"": 0.266667}, {""strike_type"": ""back_kick"", ""probability"": 0.143333}]"
Andus - Tornado Kick_compressed.mp4,single_athlete_training,157,data\processed\clips\Andus - Tornado Kick_compressed\event_157_punch_candidate_right_wrist_t193p54.mp4,punch_candidate,right_wrist,0.8645,false_positive,unknown,False,,2026-04-29T21:07:27,roundhouse_kick,0.62,"[{""strike_type"": ""roundhouse_kick"", ""probability"": 0.62}, {""strike_type"": ""spinninghook_kick"", ""probability"": 0.196667}, {""strike_type"": ""back_kick"", ""probability"": 0.103333}]"
Alicia - Double & Front Double.mp4,single_athlete_training,1,data\processed\clips\Alicia - Double & Front Double\event_001_kick_candidate_left_ankle_t0p40.mp4,kick_candidate,left_ankle,0.9768,kick,frontdouble_kick,True,,2026-04-30T08:29:53,back_kick,0.7,"[{""strike_type"": ""back_kick"", ""probability"": 0.7}, {""strike_type"": ""hopstep_kick"", ""probability"": 0.173333}, {""strike_type"": ""axe_kick"", ""probability"": 0.05}]"
Alicia - Double & Front Double.mp4,single_athlete_training,2,data\processed\clips\Alicia - Double & Front Double\event_002_kick_candidate_left_ankle_t3p20.mp4,kick_candidate,left_ankle,0.9741,unknown,double_kick,True,,2026-04-30T08:29:53,back_kick,0.716667,"[{""strike_type"": ""back_kick"", ""probability"": 0.716667}, {""strike_type"": ""hopstep_kick"", ""probability"": 0.16}, {""strike_type"": ""tornado_kick"", ""probability"": 0.046667}]"
Alicia - Double & Front Double.mp4,single_athlete_training,4,data\processed\clips\Alicia - Double & Front Double\event_004_kick_candidate_left_ankle_t9p00.mp4,kick_candidate,left_ankle,0.9542,kick,double_kick,True,,2026-04-30T08:29:53,back_kick,0.543333,"[{""strike_type"": ""back_kick"", ""probability"": 0.543333}, {""strike_type"": ""hopstep_kick"", ""probability"": 0.31}, {""strike_type"": ""axe_kick"", ""probability"": 0.063333}]"
Alicia - Double & Front Double.mp4,single_athlete_training,5,data\processed\clips\Alicia - Double & Front Double\event_005_kick_candidate_left_ankle_t12p40.mp4,kick_candidate,left_ankle,0.9704,kick,frontdouble_kick,True,,2026-04-30T08:29:53,back_kick,0.66,"[{""strike_type"": ""back_kick"", ""probability"": 0.66}, {""strike_type"": ""hopstep_kick"", ""probability"": 0.176667}, {""strike_type"": ""axe_kick"", ""probability"": 0.07}]"
Alicia - Double & Front Double.mp4,single_athlete_training,8,data\processed\clips\Alicia - Double & Front Double\event_008_kick_candidate_left_ankle_t16p99.mp4,kick_candidate,left_ankle,0.9576,kick,frontdouble_kick,True,,2026-04-30T08:29:53,back_kick,0.723333,"[{""strike_type"": ""back_kick"", ""probability"": 0.723333}, {""strike_type"": ""hopstep_kick"", ""probability"": 0.156667}, {""strike_type"": ""axe_kick"", ""probability"": 0.05}]"
Alicia - Double & Front Double.mp4,single_athlete_training,9,data\processed\clips\Alicia - Double & Front Double\event_009_kick_candidate_left_ankle_t19p99.mp4,kick_candidate,left_ankle,0.7358,kick,double_kick,True,,2026-04-30T08:29:53,back_kick,0.683333,"[{""strike_type"": ""back_kick"", ""probability"": 0.683333}, {""strike_type"": ""hopstep_kick"", ""probability"": 0.166667}, {""strike_type"": ""axe_kick"", ""probability"": 0.066667}]"
Alicia - Double & Front Double.mp4,single_athlete_training,11,data\processed\clips\Alicia - Double & Front Double\event_011_kick_candidate_left_ankle_t23p59.mp4,kick_candidate,left_ankle,0.9222,kick,double_kick,True,,2026-04-30T08:29:53,back_kick,0.55,"[{""strike_type"": ""back_kick"", ""probability"": 0.55}, {""strike_type"": ""hopstep_kick"", ""probability"": 0.293333}, {""strike_type"": ""axe_kick"", ""probability"": 0.063333}]"
Alicia - Double & Front Double.mp4,single_athlete_training,12,data\processed\clips\Alicia - Double & Front Double\event_012_kick_candidate_left_ankle_t32p79.mp4,kick_candidate,left_ankle,0.8294,kick,frontdouble_kick,True,,2026-04-30T08:29:53,back_kick,0.59,"[{""strike_type"": ""back_kick"", ""probability"": 0.59}, {""strike_type"": ""hopstep_kick"", ""probability"": 0.29}, {""strike_type"": ""axe_kick"", ""probability"": 0.043333}]"
Alicia - Double & Front Double.mp4,single_athlete_training,14,data\processed\clips\Alicia - Double & Front Double\event_014_kick_candidate_left_ankle_t44p58.mp4,kick_candidate,left_ankle,0.8953,kick,frontdouble_kick,True,,2026-04-30T08:29:53,back_kick,0.67,"[{""strike_type"": ""back_kick"", ""probability"": 0.67}, {""strike_type"": ""hopstep_kick"", ""probability"": 0.233333}, {""strike_type"": ""tornado_kick"", ""probability"": 0.04}]"
Alicia - Double & Front Double.mp4,single_athlete_training,15,data\processed\clips\Alicia - Double & Front Double\event_015_kick_candidate_left_ankle_t48p98.mp4,kick_candidate,left_ankle,0.9665,kick,double_kick,True,,2026-04-30T08:29:53,back_kick,0.63,"[{""strike_type"": ""back_kick"", ""probability"": 0.63}, {""strike_type"": ""hopstep_kick"", ""probability"": 0.25}, {""strike_type"": ""axe_kick"", ""probability"": 0.046667}]"
Alicia - Double & Front Double.mp4,single_athlete_training,16,data\processed\clips\Alicia - Double & Front Double\event_016_kick_candidate_left_ankle_t52p38.mp4,kick_candidate,left_ankle,0.8247,kick,double_kick,True,,2026-04-30T08:29:53,back_kick,0.6,"[{""strike_type"": ""back_kick"", ""probability"": 0.6}, {""strike_type"": ""hopstep_kick"", ""probability"": 0.256667}, {""strike_type"": ""axe_kick"", ""probability"": 0.053333}]"
Alicia - Double & Front Double.mp4,single_athlete_training,19,data\processed\clips\Alicia - Double & Front Double\event_019_kick_candidate_left_ankle_t56p18.mp4,kick_candidate,left_ankle,0.9615,kick,double_kick,True,,2026-04-30T08:29:53,back_kick,0.723333,"[{""strike_type"": ""back_kick"", ""probability"": 0.723333}, {""strike_type"": ""hopstep_kick"", ""probability"": 0.163333}, {""strike_type"": ""tornado_kick"", ""probability"": 0.043333}]"
Alicia - Double & Front Double.mp4,single_athlete_training,20,data\processed\clips\Alicia - Double & Front Double\event_020_punch_candidate_left_wrist_t16p79.mp4,punch_candidate,left_wrist,0.7894,kick,frontdouble_kick,True,,2026-04-30T08:29:53,back_kick,0.7,"[{""strike_type"": ""back_kick"", ""probability"": 0.7}, {""strike_type"": ""hopstep_kick"", ""probability"": 0.166667}, {""strike_type"": ""axe_kick"", ""probability"": 0.043333}]"
Alicia - Double & Front Double.mp4,single_athlete_training,23,data\processed\clips\Alicia - Double & Front Double\event_023_punch_candidate_left_wrist_t32p39.mp4,punch_candidate,left_wrist,0.6639,kick,frontdouble_kick,True,,2026-04-30T08:29:53,back_kick,0.64,"[{""strike_type"": ""back_kick"", ""probability"": 0.64}, {""strike_type"": ""hopstep_kick"", ""probability"": 0.19}, {""strike_type"": ""tornado_kick"", ""probability"": 0.066667}]"
Alicia - Double & Front Double.mp4,single_athlete_training,27,data\processed\clips\Alicia - Double & Front Double\event_027_kick_candidate_right_ankle_t0p60.mp4,kick_candidate,right_ankle,0.7693,kick,frontdouble_kick,True,,2026-04-30T08:29:53,back_kick,0.62,"[{""strike_type"": ""back_kick"", ""probability"": 0.62}, {""strike_type"": ""hopstep_kick"", ""probability"": 0.253333}, {""strike_type"": ""axe_kick"", ""probability"": 0.053333}]"
Alicia - Double & Front Double.mp4,single_athlete_training,29,data\processed\clips\Alicia - Double & Front Double\event_029_kick_candidate_right_ankle_t3p60.mp4,kick_candidate,right_ankle,0.9734,kick,double_kick,True,,2026-04-30T08:29:53,back_kick,0.583333,"[{""strike_type"": ""back_kick"", ""probability"": 0.583333}, {""strike_type"": ""hopstep_kick"", ""probability"": 0.293333}, {""strike_type"": ""tornado_kick"", ""probability"": 0.053333}]"
Alicia - Double & Front Double.mp4,single_athlete_training,30,data\processed\clips\Alicia - Double & Front Double\event_030_kick_candidate_right_ankle_t6p40.mp4,kick_candidate,right_ankle,0.9231,kick,double_kick,True,,2026-04-30T08:29:53,back_kick,0.556667,"[{""strike_type"": ""back_kick"", ""probability"": 0.556667}, {""strike_type"": ""hopstep_kick"", ""probability"": 0.296667}, {""strike_type"": ""axe_kick"", ""probability"": 0.063333}]"
Alicia - Double & Front Double.mp4,single_athlete_training,31,data\processed\clips\Alicia - Double & Front Double\event_031_kick_candidate_right_ankle_t8p80.mp4,kick_candidate,right_ankle,0.9031,kick,double_kick,True,,2026-04-30T08:29:53,back_kick,0.693333,"[{""strike_type"": ""back_kick"", ""probability"": 0.693333}, {""strike_type"": ""hopstep_kick"", ""probability"": 0.163333}, {""strike_type"": ""tornado_kick"", ""probability"": 0.063333}]"
Alicia - Double & Front Double.mp4,single_athlete_training,33,data\processed\clips\Alicia - Double & Front Double\event_033_kick_candidate_right_ankle_t12p79.mp4,kick_candidate,right_ankle,0.8329,kick,frontdouble_kick,True,,2026-04-30T08:29:53,back_kick,0.62,"[{""strike_type"": ""back_kick"", ""probability"": 0.62}, {""strike_type"": ""hopstep_kick"", ""probability"": 0.223333}, {""strike_type"": ""tornado_kick"", ""probability"": 0.063333}]"
Alicia - Double & Front Double.mp4,single_athlete_training,35,data\processed\clips\Alicia - Double & Front Double\event_035_kick_candidate_right_ankle_t16p59.mp4,kick_candidate,right_ankle,0.9569,kick,frontdouble_kick,True,,2026-04-30T08:29:53,back_kick,0.723333,"[{""strike_type"": ""back_kick"", ""probability"": 0.723333}, {""strike_type"": ""hopstep_kick"", ""probability"": 0.156667}, {""strike_type"": ""hopaxe_kick"", ""probability"": 0.04}]"
Alicia - Double & Front Double.mp4,single_athlete_training,36,data\processed\clips\Alicia - Double & Front Double\event_036_kick_candidate_right_ankle_t19p99.mp4,kick_candidate,right_ankle,0.9624,kick,double_kick,True,,2026-04-30T08:29:53,back_kick,0.676667,"[{""strike_type"": ""back_kick"", ""probability"": 0.676667}, {""strike_type"": ""hopstep_kick"", ""probability"": 0.186667}, {""strike_type"": ""tornado_kick"", ""probability"": 0.06}]"
Alicia - Double & Front Double.mp4,single_athlete_training,38,data\processed\clips\Alicia - Double & Front Double\event_038_kick_candidate_right_ankle_t23p19.mp4,kick_candidate,right_ankle,0.6781,kick,double_kick,True,,2026-04-30T08:29:53,back_kick,0.7,"[{""strike_type"": ""back_kick"", ""probability"": 0.7}, {""strike_type"": ""hopstep_kick"", ""probability"": 0.143333}, {""strike_type"": ""axe_kick"", ""probability"": 0.07}]"
Alicia - Double & Front Double.mp4,single_athlete_training,39,data\processed\clips\Alicia - Double & Front Double\event_039_kick_candidate_right_ankle_t32p39.mp4,kick_candidate,right_ankle,0.969,kick,frontdouble_kick,True,,2026-04-30T08:29:53,back_kick,0.68,"[{""strike_type"": ""back_kick"", ""probability"": 0.68}, {""strike_type"": ""hopstep_kick"", ""probability"": 0.183333}, {""strike_type"": ""tornado_kick"", ""probability"": 0.06}]"
Alicia - Double & Front Double.mp4,single_athlete_training,40,data\processed\clips\Alicia - Double & Front Double\event_040_kick_candidate_right_ankle_t40p38.mp4,kick_candidate,right_ankle,0.8111,kick,frontdouble_kick,True,,2026-04-30T08:29:53,hopstep_kick,0.443333,"[{""strike_type"": ""hopstep_kick"", ""probability"": 0.443333}, {""strike_type"": ""back_kick"", ""probability"": 0.41}, {""strike_type"": ""axe_kick"", ""probability"": 0.053333}]"
Alicia - Double & Front Double.mp4,single_athlete_training,41,data\processed\clips\Alicia - Double & Front Double\event_041_kick_candidate_right_ankle_t44p18.mp4,kick_candidate,right_ankle,0.9609,kick,frontdouble_kick,True,,2026-04-30T08:29:53,back_kick,0.743333,"[{""strike_type"": ""back_kick"", ""probability"": 0.743333}, {""strike_type"": ""hopstep_kick"", ""probability"": 0.133333}, {""strike_type"": ""tornado_kick"", ""probability"": 0.053333}]"
Alicia - Double & Front Double.mp4,single_athlete_training,42,data\processed\clips\Alicia - Double & Front Double\event_042_kick_candidate_right_ankle_t48p58.mp4,kick_candidate,right_ankle,0.9757,kick,double_kick,True,,2026-04-30T08:29:53,back_kick,0.736667,"[{""strike_type"": ""back_kick"", ""probability"": 0.736667}, {""strike_type"": ""hopstep_kick"", ""probability"": 0.156667}, {""strike_type"": ""tornado_kick"", ""probability"": 0.046667}]"
Alicia - Double & Front Double.mp4,single_athlete_training,43,data\processed\clips\Alicia - Double & Front Double\event_043_kick_candidate_right_ankle_t52p98.mp4,kick_candidate,right_ankle,0.9515,kick,double_kick,True,,2026-04-30T08:29:53,back_kick,0.546667,"[{""strike_type"": ""back_kick"", ""probability"": 0.546667}, {""strike_type"": ""hopstep_kick"", ""probability"": 0.29}, {""strike_type"": ""tornado_kick"", ""probability"": 0.06}]"
Alicia - Double & Front Double.mp4,single_athlete_training,44,data\processed\clips\Alicia - Double & Front Double\event_044_kick_candidate_right_ankle_t56p58.mp4,kick_candidate,right_ankle,0.9477,kick,double_kick,True,,2026-04-30T08:29:53,back_kick,0.553333,"[{""strike_type"": ""back_kick"", ""probability"": 0.553333}, {""strike_type"": ""hopstep_kick"", ""probability"": 0.306667}, {""strike_type"": ""axe_kick"", ""probability"": 0.053333}]"
Alicia - Double & Front Double.mp4,single_athlete_training,48,data\processed\clips\Alicia - Double & Front Double\event_048_punch_candidate_right_wrist_t9p00.mp4,punch_candidate,right_wrist,0.8472,kick,double_kick,True,,2026-04-30T08:29:53,back_kick,0.553333,"[{""strike_type"": ""back_kick"", ""probability"": 0.553333}, {""strike_type"": ""hopstep_kick"", ""probability"": 0.313333}, {""strike_type"": ""axe_kick"", ""probability"": 0.053333}]"
Alicia - Double & Front Double.mp4,single_athlete_training,49,data\processed\clips\Alicia - Double & Front Double\event_049_punch_candidate_right_wrist_t12p60.mp4,punch_candidate,right_wrist,0.9647,kick,frontdouble_kick,True,,2026-04-30T08:29:53,back_kick,0.643333,"[{""strike_type"": ""back_kick"", ""probability"": 0.643333}, {""strike_type"": ""hopstep_kick"", ""probability"": 0.203333}, {""strike_type"": ""tornado_kick"", ""probability"": 0.063333}]"
Alicia - Double & Front Double.mp4,single_athlete_training,52,data\processed\clips\Alicia - Double & Front Double\event_052_punch_candidate_right_wrist_t23p59.mp4,punch_candidate,right_wrist,0.6627,kick,double_kick,True,,2026-04-30T08:29:53,back_kick,0.553333,"[{""strike_type"": ""back_kick"", ""probability"": 0.553333}, {""strike_type"": ""hopstep_kick"", ""probability"": 0.28}, {""strike_type"": ""axe_kick"", ""probability"": 0.063333}]"
Alicia - Double & Front Double.mp4,single_athlete_training,55,data\processed\clips\Alicia - Double & Front Double\event_055_punch_candidate_right_wrist_t52p38.mp4,punch_candidate,right_wrist,0.912,kick,double_kick,True,,2026-04-30T08:29:53,back_kick,0.653333,"[{""strike_type"": ""back_kick"", ""probability"": 0.653333}, {""strike_type"": ""hopstep_kick"", ""probability"": 0.2}, {""strike_type"": ""axe_kick"", ""probability"": 0.056667}]"
Alicia - Double & Front Double.mp4,single_athlete_training,56,data\processed\clips\Alicia - Double & Front Double\event_056_punch_candidate_right_wrist_t56p18.mp4,punch_candidate,right_wrist,0.7054,kick,double_kick,True,,2026-04-30T08:29:53,back_kick,0.723333,"[{""strike_type"": ""back_kick"", ""probability"": 0.723333}, {""strike_type"": ""hopstep_kick"", ""probability"": 0.156667}, {""strike_type"": ""axe_kick"", ""probability"": 0.046667}]"
Brayden - Cross.mp4,single_athlete_training,5,data\processed\clips\Brayden - Cross\event_005_punch_candidate_left_wrist_t8p20.mp4,punch_candidate,left_wrist,0.6867,false_positive,unknown,False,,2026-04-30T08:35:13,hopstep_kick,0.503333,"[{""strike_type"": ""hopstep_kick"", ""probability"": 0.503333}, {""strike_type"": ""back_kick"", ""probability"": 0.28}, {""strike_type"": ""tornado_kick"", ""probability"": 0.096667}]"
Brayden - Cross.mp4,single_athlete_training,6,data\processed\clips\Brayden - Cross\event_006_punch_candidate_left_wrist_t10p39.mp4,punch_candidate,left_wrist,0.7539,punch,cross,True,,2026-04-30T08:35:13,hopstep_kick,0.503333,"[{""strike_type"": ""hopstep_kick"", ""probability"": 0.503333}, {""strike_type"": ""back_kick"", ""probability"": 0.27}, {""strike_type"": ""tornado_kick"", ""probability"": 0.096667}]"
Brayden - Cross.mp4,single_athlete_training,8,data\processed\clips\Brayden - Cross\event_008_punch_candidate_left_wrist_t18p79.mp4,punch_candidate,left_wrist,0.8509,punch,cross,True,,2026-04-30T08:35:13,hopstep_kick,0.463333,"[{""strike_type"": ""hopstep_kick"", ""probability"": 0.463333}, {""strike_type"": ""back_kick"", ""probability"": 0.206667}, {""strike_type"": ""tornado_kick"", ""probability"": 0.126667}]"
Brayden - Cross.mp4,single_athlete_training,10,data\processed\clips\Brayden - Cross\event_010_punch_candidate_left_wrist_t30p79.mp4,punch_candidate,left_wrist,0.7604,punch,cross,True,,2026-04-30T08:35:13,hopstep_kick,0.463333,"[{""strike_type"": ""hopstep_kick"", ""probability"": 0.463333}, {""strike_type"": ""back_kick"", ""probability"": 0.376667}, {""strike_type"": ""hopaxe_kick"", ""probability"": 0.056667}]"
Brayden - Cross.mp4,single_athlete_training,13,data\processed\clips\Brayden - Cross\event_013_punch_candidate_left_wrist_t53p77.mp4,punch_candidate,left_wrist,0.6866,punch,cross,True,,2026-04-30T08:35:13,back_kick,0.543333,"[{""strike_type"": ""back_kick"", ""probability"": 0.543333}, {""strike_type"": ""hopstep_kick"", ""probability"": 0.323333}, {""strike_type"": ""tornado_kick"", ""probability"": 0.06}]"
Brayden - Cross.mp4,single_athlete_training,17,data\processed\clips\Brayden - Cross\event_017_kick_candidate_right_ankle_t21p99.mp4,kick_candidate,right_ankle,0.9165,punch,cross,True,,2026-04-30T08:35:13,hopstep_kick,0.543333,"[{""strike_type"": ""hopstep_kick"", ""probability"": 0.543333}, {""strike_type"": ""back_kick"", ""probability"": 0.126667}, {""strike_type"": ""spinninghook_kick"", ""probability"": 0.113333}]"
Brayden - Cross.mp4,single_athlete_training,18,data\processed\clips\Brayden - Cross\event_018_kick_candidate_right_ankle_t46p98.mp4,kick_candidate,right_ankle,0.8167,punch,cross,True,,2026-04-30T08:35:13,back_kick,0.46,"[{""strike_type"": ""back_kick"", ""probability"": 0.46}, {""strike_type"": ""hopstep_kick"", ""probability"": 0.376667}, {""strike_type"": ""axe_kick"", ""probability"": 0.08}]"
Brayden - Cross.mp4,single_athlete_training,19,data\processed\clips\Brayden - Cross\event_019_kick_candidate_right_ankle_t54p77.mp4,kick_candidate,right_ankle,0.8331,punch,cross,True,,2026-04-30T08:35:13,back_kick,0.53,"[{""strike_type"": ""back_kick"", ""probability"": 0.53}, {""strike_type"": ""hopstep_kick"", ""probability"": 0.316667}, {""strike_type"": ""axe_kick"", ""probability"": 0.06}]"
Brayden - Cross.mp4,single_athlete_training,21,data\processed\clips\Brayden - Cross\event_021_punch_candidate_right_wrist_t3p00.mp4,punch_candidate,right_wrist,0.8574,punch,cross,True,,2026-04-30T08:35:13,back_kick,0.56,"[{""strike_type"": ""back_kick"", ""probability"": 0.56}, {""strike_type"": ""hopstep_kick"", ""probability"": 0.286667}, {""strike_type"": ""axe_kick"", ""probability"": 0.063333}]"
Brayden - Cross.mp4,single_athlete_training,22,data\processed\clips\Brayden - Cross\event_022_punch_candidate_right_wrist_t13p79.mp4,punch_candidate,right_wrist,0.9187,punch,cross,True,,2026-04-30T08:35:13,hopstep_kick,0.476667,"[{""strike_type"": ""hopstep_kick"", ""probability"": 0.476667}, {""strike_type"": ""back_kick"", ""probability"": 0.286667}, {""strike_type"": ""tornado_kick"", ""probability"": 0.096667}]"
Brayden - Cross.mp4,single_athlete_training,25,data\processed\clips\Brayden - Cross\event_025_punch_candidate_right_wrist_t20p39.mp4,punch_candidate,right_wrist,0.9384,punch,cross,True,,2026-04-30T08:35:13,hopstep_kick,0.42,"[{""strike_type"": ""hopstep_kick"", ""probability"": 0.42}, {""strike_type"": ""back_kick"", ""probability"": 0.2}, {""strike_type"": ""tornado_kick"", ""probability"": 0.176667}]"
Brayden - Cross.mp4,single_athlete_training,26,data\processed\clips\Brayden - Cross\event_026_punch_candidate_right_wrist_t21p99.mp4,punch_candidate,right_wrist,0.7063,punch,cross,True,,2026-04-30T08:35:13,hopstep_kick,0.61,"[{""strike_type"": ""hopstep_kick"", ""probability"": 0.61}, {""strike_type"": ""axe_kick"", ""probability"": 0.113333}, {""strike_type"": ""back_kick"", ""probability"": 0.093333}]"
Brayden - Cross.mp4,single_athlete_training,29,data\processed\clips\Brayden - Cross\event_029_punch_candidate_right_wrist_t33p98.mp4,punch_candidate,right_wrist,0.7823,punch,cross,True,,2026-04-30T08:35:13,back_kick,0.513333,"[{""strike_type"": ""back_kick"", ""probability"": 0.513333}, {""strike_type"": ""hopstep_kick"", ""probability"": 0.346667}, {""strike_type"": ""axe_kick"", ""probability"": 0.046667}]"
Brayden - Cross.mp4,single_athlete_training,31,data\processed\clips\Brayden - Cross\event_031_punch_candidate_right_wrist_t38p18.mp4,punch_candidate,right_wrist,0.8175,punch,cross,True,,2026-04-30T08:35:13,back_kick,0.65,"[{""strike_type"": ""back_kick"", ""probability"": 0.65}, {""strike_type"": ""hopstep_kick"", ""probability"": 0.27}, {""strike_type"": ""axe_kick"", ""probability"": 0.026667}]"
Brayden - Cross.mp4,single_athlete_training,35,data\processed\clips\Brayden - Cross\event_035_punch_candidate_right_wrist_t46p58.mp4,punch_candidate,right_wrist,0.894,punch,cross,True,,2026-04-30T08:35:13,hopstep_kick,0.493333,"[{""strike_type"": ""hopstep_kick"", ""probability"": 0.493333}, {""strike_type"": ""back_kick"", ""probability"": 0.26}, {""strike_type"": ""tornado_kick"", ""probability"": 0.09}]"
Brayden - Jab.mp4,single_athlete_training,5,data\processed\clips\Brayden - Jab\event_005_punch_candidate_left_wrist_t0p00.mp4,punch_candidate,left_wrist,0.6829,punch,jab,True,,2026-04-30T08:43:51,hopstep_kick,0.3,"[{""strike_type"": ""hopstep_kick"", ""probability"": 0.3}, {""strike_type"": ""axe_kick"", ""probability"": 0.286667}, {""strike_type"": ""back_kick"", ""probability"": 0.226667}]"
Brayden - Jab.mp4,single_athlete_training,7,data\processed\clips\Brayden - Jab\event_007_punch_candidate_left_wrist_t10p19.mp4,punch_candidate,left_wrist,0.7723,punch,jab,True,,2026-04-30T08:43:51,hopstep_kick,0.483333,"[{""strike_type"": ""hopstep_kick"", ""probability"": 0.483333}, {""strike_type"": ""tornado_kick"", ""probability"": 0.19}, {""strike_type"": ""spinninghook_kick"", ""probability"": 0.14}]"
Brayden - Jab.mp4,single_athlete_training,13,data\processed\clips\Brayden - Jab\event_013_punch_candidate_left_wrist_t24p99.mp4,punch_candidate,left_wrist,0.7831,punch,jab,True,,2026-04-30T08:43:51,hopstep_kick,0.49,"[{""strike_type"": ""hopstep_kick"", ""probability"": 0.49}, {""strike_type"": ""tornado_kick"", ""probability"": 0.193333}, {""strike_type"": ""spinninghook_kick"", ""probability"": 0.113333}]"
Brayden - Jab.mp4,single_athlete_training,16,data\processed\clips\Brayden - Jab\event_016_punch_candidate_left_wrist_t39p98.mp4,punch_candidate,left_wrist,0.7831,punch,jab,True,,2026-04-30T08:43:51,tornado_kick,0.31,"[{""strike_type"": ""tornado_kick"", ""probability"": 0.31}, {""strike_type"": ""hopstep_kick"", ""probability"": 0.3}, {""strike_type"": ""roundhouse_kick"", ""probability"": 0.17}]"
Brayden - Jab.mp4,single_athlete_training,17,data\processed\clips\Brayden - Jab\event_017_punch_candidate_left_wrist_t40p78.mp4,punch_candidate,left_wrist,0.8379,punch,jab,True,,2026-04-30T08:43:51,hopstep_kick,0.463333,"[{""strike_type"": ""hopstep_kick"", ""probability"": 0.463333}, {""strike_type"": ""tornado_kick"", ""probability"": 0.213333}, {""strike_type"": ""roundhouse_kick"", ""probability"": 0.183333}]"
Brayden - Jab.mp4,single_athlete_training,21,data\processed\clips\Brayden - Jab\event_021_punch_candidate_left_wrist_t56p17.mp4,punch_candidate,left_wrist,0.8034,punch,jab,True,,2026-04-30T08:43:51,hopstep_kick,0.39,"[{""strike_type"": ""hopstep_kick"", ""probability"": 0.39}, {""strike_type"": ""axe_kick"", ""probability"": 0.253333}, {""strike_type"": ""back_kick"", ""probability"": 0.196667}]"
Brayden - Jab.mp4,single_athlete_training,23,data\processed\clips\Brayden - Jab\event_023_kick_candidate_right_ankle_t10p19.mp4,kick_candidate,right_ankle,0.8485,punch,jab,True,,2026-04-30T08:43:51,hopstep_kick,0.483333,"[{""strike_type"": ""hopstep_kick"", ""probability"": 0.483333}, {""strike_type"": ""tornado_kick"", ""probability"": 0.19}, {""strike_type"": ""spinninghook_kick"", ""probability"": 0.14}]"
Brayden - Jab.mp4,single_athlete_training,24,data\processed\clips\Brayden - Jab\event_024_kick_candidate_right_ankle_t24p99.mp4,kick_candidate,right_ankle,0.9429,false_positive,unknown,False,,2026-04-30T08:43:51,hopstep_kick,0.483333,"[{""strike_type"": ""hopstep_kick"", ""probability"": 0.483333}, {""strike_type"": ""tornado_kick"", ""probability"": 0.196667}, {""strike_type"": ""back_kick"", ""probability"": 0.116667}]"
Brayden - Jab.mp4,single_athlete_training,27,data\processed\clips\Brayden - Jab\event_027_kick_candidate_right_ankle_t40p98.mp4,kick_candidate,right_ankle,0.814,punch,jab,True,,2026-04-30T08:43:51,hopstep_kick,0.513333,"[{""strike_type"": ""hopstep_kick"", ""probability"": 0.513333}, {""strike_type"": ""tornado_kick"", ""probability"": 0.18}, {""strike_type"": ""roundhouse_kick"", ""probability"": 0.17}]"
Brayden - Jab.mp4,single_athlete_training,28,data\processed\clips\Brayden - Jab\event_028_kick_candidate_right_ankle_t51p37.mp4,kick_candidate,right_ankle,0.6895,false_positive,unknown,False,,2026-04-30T08:43:51,axe_kick,0.443333,"[{""strike_type"": ""axe_kick"", ""probability"": 0.443333}, {""strike_type"": ""hopstep_kick"", ""probability"": 0.243333}, {""strike_type"": ""back_kick"", ""probability"": 0.123333}]"
Brayden - Jab.mp4,single_athlete_training,29,data\processed\clips\Brayden - Jab\event_029_punch_candidate_right_wrist_t8p20.mp4,punch_candidate,right_wrist,0.8644,punch,jab,True,,2026-04-30T08:43:51,hopstep_kick,0.426667,"[{""strike_type"": ""hopstep_kick"", ""probability"": 0.426667}, {""strike_type"": ""tornado_kick"", ""probability"": 0.296667}, {""strike_type"": ""spinninghook_kick"", ""probability"": 0.11}]"
Brayden - Jab.mp4,single_athlete_training,30,data\processed\clips\Brayden - Jab\event_030_punch_candidate_right_wrist_t10p19.mp4,punch_candidate,right_wrist,0.7343,punch,jab,True,,2026-04-30T08:43:51,hopstep_kick,0.48,"[{""strike_type"": ""hopstep_kick"", ""probability"": 0.48}, {""strike_type"": ""tornado_kick"", ""probability"": 0.19}, {""strike_type"": ""spinninghook_kick"", ""probability"": 0.143333}]"
Brayden - Jab.mp4,single_athlete_training,32,data\processed\clips\Brayden - Jab\event_032_punch_candidate_right_wrist_t24p99.mp4,punch_candidate,right_wrist,0.7819,false_positive,unknown,False,,2026-04-30T08:43:51,hopstep_kick,0.49,"[{""strike_type"": ""hopstep_kick"", ""probability"": 0.49}, {""strike_type"": ""tornado_kick"", ""probability"": 0.193333}, {""strike_type"": ""spinninghook_kick"", ""probability"": 0.113333}]"
Nathan - Cut.mp4,single_athlete_training,1,data\processed\clips\Nathan - Cut\event_001_kick_candidate_left_ankle_t5p00.mp4,kick_candidate,left_ankle,0.8088,kick,cut_kick,True,,2026-04-30T08:52:43,hopstep_kick,0.476667,"[{""strike_type"": ""hopstep_kick"", ""probability"": 0.476667}, {""strike_type"": ""back_kick"", ""probability"": 0.353333}, {""strike_type"": ""tornado_kick"", ""probability"": 0.066667}]"
Nathan - Cut.mp4,single_athlete_training,3,data\processed\clips\Nathan - Cut\event_003_kick_candidate_left_ankle_t8p00.mp4,kick_candidate,left_ankle,0.6807,kick,cut_kick,True,,2026-04-30T08:52:43,back_kick,0.406667,"[{""strike_type"": ""back_kick"", ""probability"": 0.406667}, {""strike_type"": ""hopstep_kick"", ""probability"": 0.403333}, {""strike_type"": ""tornado_kick"", ""probability"": 0.08}]"
Nathan - Cut.mp4,single_athlete_training,6,data\processed\clips\Nathan - Cut\event_006_kick_candidate_left_ankle_t18p59.mp4,kick_candidate,left_ankle,0.7506,kick,cut_kick,True,,2026-04-30T08:52:43,hopstep_kick,0.466667,"[{""strike_type"": ""hopstep_kick"", ""probability"": 0.466667}, {""strike_type"": ""back_kick"", ""probability"": 0.393333}, {""strike_type"": ""hopaxe_kick"", ""probability"": 0.05}]"
Nathan - Cut.mp4,single_athlete_training,7,data\processed\clips\Nathan - Cut\event_007_kick_candidate_left_ankle_t21p99.mp4,kick_candidate,left_ankle,0.9618,kick,cut_kick,True,,2026-04-30T08:52:43,hopstep_kick,0.496667,"[{""strike_type"": ""hopstep_kick"", ""probability"": 0.496667}, {""strike_type"": ""back_kick"", ""probability"": 0.353333}, {""strike_type"": ""tornado_kick"", ""probability"": 0.076667}]"
Nathan - Cut.mp4,single_athlete_training,10,data\processed\clips\Nathan - Cut\event_010_kick_candidate_left_ankle_t29p59.mp4,kick_candidate,left_ankle,0.9536,kick,cut_kick,True,,2026-04-30T08:52:43,back_kick,0.533333,"[{""strike_type"": ""back_kick"", ""probability"": 0.533333}, {""strike_type"": ""hopstep_kick"", ""probability"": 0.31}, {""strike_type"": ""tornado_kick"", ""probability"": 0.08}]"
Nathan - Cut.mp4,single_athlete_training,11,data\processed\clips\Nathan - Cut\event_011_kick_candidate_left_ankle_t37p19.mp4,kick_candidate,left_ankle,0.7447,kick,cut_kick,True,,2026-04-30T08:52:43,hopstep_kick,0.46,"[{""strike_type"": ""hopstep_kick"", ""probability"": 0.46}, {""strike_type"": ""back_kick"", ""probability"": 0.386667}, {""strike_type"": ""hopaxe_kick"", ""probability"": 0.056667}]"
Nathan - Cut.mp4,single_athlete_training,13,data\processed\clips\Nathan - Cut\event_013_kick_candidate_left_ankle_t52p58.mp4,kick_candidate,left_ankle,0.8865,kick,cut_kick,True,,2026-04-30T08:52:43,back_kick,0.526667,"[{""strike_type"": ""back_kick"", ""probability"": 0.526667}, {""strike_type"": ""hopstep_kick"", ""probability"": 0.306667}, {""strike_type"": ""hopaxe_kick"", ""probability"": 0.053333}]"
Nathan - Cut.mp4,single_athlete_training,14,data\processed\clips\Nathan - Cut\event_014_kick_candidate_left_ankle_t53p38.mp4,kick_candidate,left_ankle,0.7141,kick,cut_kick,True,,2026-04-30T08:52:43,back_kick,0.426667,"[{""strike_type"": ""back_kick"", ""probability"": 0.426667}, {""strike_type"": ""hopstep_kick"", ""probability"": 0.426667}, {""strike_type"": ""hopaxe_kick"", ""probability"": 0.056667}]"
Nathan - Cut.mp4,single_athlete_training,15,data\processed\clips\Nathan - Cut\event_015_kick_candidate_left_ankle_t56p18.mp4,kick_candidate,left_ankle,0.9874,kick,cut_kick,True,,2026-04-30T08:52:43,back_kick,0.61,"[{""strike_type"": ""back_kick"", ""probability"": 0.61}, {""strike_type"": ""hopstep_kick"", ""probability"": 0.233333}, {""strike_type"": ""tornado_kick"", ""probability"": 0.073333}]"
Nathan - Cut.mp4,single_athlete_training,17,data\processed\clips\Nathan - Cut\event_017_punch_candidate_left_wrist_t24p39.mp4,punch_candidate,left_wrist,0.8413,kick,cut_kick,True,,2026-04-30T08:52:43,hopstep_kick,0.463333,"[{""strike_type"": ""hopstep_kick"", ""probability"": 0.463333}, {""strike_type"": ""tornado_kick"", ""probability"": 0.236667}, {""strike_type"": ""back_kick"", ""probability"": 0.11}]"
Nathan - Cut.mp4,single_athlete_training,18,data\processed\clips\Nathan - Cut\event_018_punch_candidate_left_wrist_t25p39.mp4,punch_candidate,left_wrist,0.9453,kick,cut_kick,True,,2026-04-30T08:52:43,hopstep_kick,0.38,"[{""strike_type"": ""hopstep_kick"", ""probability"": 0.38}, {""strike_type"": ""tornado_kick"", ""probability"": 0.21}, {""strike_type"": ""back_kick"", ""probability"": 0.2}]"
Nathan - Cut.mp4,single_athlete_training,19,data\processed\clips\Nathan - Cut\event_019_punch_candidate_left_wrist_t27p59.mp4,punch_candidate,left_wrist,0.7489,false_positive,unknown,False,,2026-04-30T08:52:43,hopstep_kick,0.483333,"[{""strike_type"": ""hopstep_kick"", ""probability"": 0.483333}, {""strike_type"": ""tornado_kick"", ""probability"": 0.206667}, {""strike_type"": ""back_kick"", ""probability"": 0.12}]"
Nathan - Cut.mp4,single_athlete_training,21,data\processed\clips\Nathan - Cut\event_021_kick_candidate_right_ankle_t0p60.mp4,kick_candidate,right_ankle,0.9571,kick,cut_kick,True,,2026-04-30T08:52:43,back_kick,0.506667,"[{""strike_type"": ""back_kick"", ""probability"": 0.506667}, {""strike_type"": ""hopstep_kick"", ""probability"": 0.306667}, {""strike_type"": ""axe_kick"", ""probability"": 0.09}]"
Nathan - Cut.mp4,single_athlete_training,24,data\processed\clips\Nathan - Cut\event_024_kick_candidate_right_ankle_t12p99.mp4,kick_candidate,right_ankle,0.9002,kick,cut_kick,True,,2026-04-30T08:52:43,back_kick,0.413333,"[{""strike_type"": ""back_kick"", ""probability"": 0.413333}, {""strike_type"": ""hopstep_kick"", ""probability"": 0.346667}, {""strike_type"": ""axe_kick"", ""probability"": 0.116667}]"
Nathan - Cut.mp4,single_athlete_training,26,data\processed\clips\Nathan - Cut\event_026_kick_candidate_right_ankle_t26p19.mp4,kick_candidate,right_ankle,0.6947,kick,cut_kick,True,,2026-04-30T08:52:43,hopstep_kick,0.523333,"[{""strike_type"": ""hopstep_kick"", ""probability"": 0.523333}, {""strike_type"": ""back_kick"", ""probability"": 0.223333}, {""strike_type"": ""tornado_kick"", ""probability"": 0.13}]"
Nathan - Cut.mp4,single_athlete_training,27,data\processed\clips\Nathan - Cut\event_027_kick_candidate_right_ankle_t29p19.mp4,kick_candidate,right_ankle,0.9136,kick,cut_kick,True,,2026-04-30T08:52:43,back_kick,0.526667,"[{""strike_type"": ""back_kick"", ""probability"": 0.526667}, {""strike_type"": ""hopstep_kick"", ""probability"": 0.346667}, {""strike_type"": ""tornado_kick"", ""probability"": 0.056667}]"
Nathan - Cut.mp4,single_athlete_training,28,data\processed\clips\Nathan - Cut\event_028_kick_candidate_right_ankle_t30p19.mp4,kick_candidate,right_ankle,0.954,kick,cut_kick,True,,2026-04-30T08:52:43,back_kick,0.473333,"[{""strike_type"": ""back_kick"", ""probability"": 0.473333}, {""strike_type"": ""hopstep_kick"", ""probability"": 0.393333}, {""strike_type"": ""tornado_kick"", ""probability"": 0.066667}]"
Nathan - Cut.mp4,single_athlete_training,31,data\processed\clips\Nathan - Cut\event_031_kick_candidate_right_ankle_t33p79.mp4,kick_candidate,right_ankle,0.8194,kick,cut_kick,True,,2026-04-30T08:52:43,back_kick,0.433333,"[{""strike_type"": ""back_kick"", ""probability"": 0.433333}, {""strike_type"": ""hopstep_kick"", ""probability"": 0.41}, {""strike_type"": ""axe_kick"", ""probability"": 0.063333}]"
Nathan - Cut.mp4,single_athlete_training,33,data\processed\clips\Nathan - Cut\event_033_kick_candidate_right_ankle_t43p58.mp4,kick_candidate,right_ankle,0.7144,kick,cut_kick,True,,2026-04-30T08:52:43,back_kick,0.503333,"[{""strike_type"": ""back_kick"", ""probability"": 0.503333}, {""strike_type"": ""hopstep_kick"", ""probability"": 0.33}, {""strike_type"": ""axe_kick"", ""probability"": 0.076667}]"
Nathan - Cut.mp4,single_athlete_training,35,data\processed\clips\Nathan - Cut\event_035_kick_candidate_right_ankle_t46p38.mp4,kick_candidate,right_ankle,0.8306,kick,cut_kick,True,,2026-04-30T08:52:43,back_kick,0.466667,"[{""strike_type"": ""back_kick"", ""probability"": 0.466667}, {""strike_type"": ""hopstep_kick"", ""probability"": 0.383333}, {""strike_type"": ""axe_kick"", ""probability"": 0.053333}]"
Nathan - Cut.mp4,single_athlete_training,37,data\processed\clips\Nathan - Cut\event_037_kick_candidate_right_ankle_t48p98.mp4,kick_candidate,right_ankle,0.8312,kick,cut_kick,True,,2026-04-30T08:52:43,back_kick,0.563333,"[{""strike_type"": ""back_kick"", ""probability"": 0.563333}, {""strike_type"": ""hopstep_kick"", ""probability"": 0.263333}, {""strike_type"": ""axe_kick"", ""probability"": 0.056667}]"
Nathan - Cut.mp4,single_athlete_training,38,data\processed\clips\Nathan - Cut\event_038_kick_candidate_right_ankle_t49p58.mp4,kick_candidate,right_ankle,0.8708,kick,cut_kick,True,,2026-04-30T08:52:43,hopstep_kick,0.54,"[{""strike_type"": ""hopstep_kick"", ""probability"": 0.54}, {""strike_type"": ""back_kick"", ""probability"": 0.33}, {""strike_type"": ""axe_kick"", ""probability"": 0.05}]"
Nathan - Cut.mp4,single_athlete_training,39,data\processed\clips\Nathan - Cut\event_039_kick_candidate_right_ankle_t56p38.mp4,kick_candidate,right_ankle,0.8957,kick,cut_kick,True,,2026-04-30T08:52:43,back_kick,0.563333,"[{""strike_type"": ""back_kick"", ""probability"": 0.563333}, {""strike_type"": ""hopstep_kick"", ""probability"": 0.326667}, {""strike_type"": ""tornado_kick"", ""probability"": 0.046667}]"
Nathan - Cut.mp4,single_athlete_training,40,data\processed\clips\Nathan - Cut\event_040_kick_candidate_right_ankle_t59p18.mp4,kick_candidate,right_ankle,0.8879,kick,cut_kick,True,,2026-04-30T08:52:43,back_kick,0.45,"[{""strike_type"": ""back_kick"", ""probability"": 0.45}, {""strike_type"": ""hopstep_kick"", ""probability"": 0.266667}, {""strike_type"": ""axe_kick"", ""probability"": 0.116667}]"
Nathan - Cut.mp4,single_athlete_training,41,data\processed\clips\Nathan - Cut\event_041_kick_candidate_right_ankle_t60p38.mp4,kick_candidate,right_ankle,0.9189,kick,cut_kick,True,,2026-04-30T08:52:43,back_kick,0.32,"[{""strike_type"": ""back_kick"", ""probability"": 0.32}, {""strike_type"": ""hopstep_kick"", ""probability"": 0.293333}, {""strike_type"": ""axe_kick"", ""probability"": 0.233333}]"
Nathan - Cut.mp4,single_athlete_training,43,data\processed\clips\Nathan - Cut\event_043_punch_candidate_right_wrist_t27p39.mp4,punch_candidate,right_wrist,0.9016,false_positive,unknown,False,,2026-04-30T08:52:43,hopstep_kick,0.473333,"[{""strike_type"": ""hopstep_kick"", ""probability"": 0.473333}, {""strike_type"": ""tornado_kick"", ""probability"": 0.223333}, {""strike_type"": ""back_kick"", ""probability"": 0.103333}]"
Group - Axe Kick_compressed.mp4,single_athlete_training,3,data\processed\clips\Group - Axe Kick_compressed\event_003_kick_candidate_left_ankle_t28p63.mp4,kick_candidate,left_ankle,0.768,false_positive,unknown,False,,2026-04-30T13:38:33,axe_kick,0.633333,"[{""strike_type"": ""axe_kick"", ""probability"": 0.633333}, {""strike_type"": ""hopstep_kick"", ""probability"": 0.106667}, {""strike_type"": ""roundhouse_kick"", ""probability"": 0.07}]"
Group - Axe Kick_compressed.mp4,single_athlete_training,4,data\processed\clips\Group - Axe Kick_compressed\event_004_kick_candidate_left_ankle_t29p63.mp4,kick_candidate,left_ankle,0.8095,false_positive,unknown,False,,2026-04-30T13:38:33,axe_kick,0.606667,"[{""strike_type"": ""axe_kick"", ""probability"": 0.606667}, {""strike_type"": ""hopstep_kick"", ""probability"": 0.1}, {""strike_type"": ""spinninghook_kick"", ""probability"": 0.096667}]"
Group - Axe Kick_compressed.mp4,single_athlete_training,5,data\processed\clips\Group - Axe Kick_compressed\event_005_kick_candidate_left_ankle_t31p43.mp4,kick_candidate,left_ankle,0.5736,false_positive,unknown,False,,2026-04-30T13:38:33,axe_kick,0.416667,"[{""strike_type"": ""axe_kick"", ""probability"": 0.416667}, {""strike_type"": ""hopaxe_kick"", ""probability"": 0.17}, {""strike_type"": ""spinninghook_kick"", ""probability"": 0.133333}]"
Group - Axe Kick_compressed.mp4,single_athlete_training,6,data\processed\clips\Group - Axe Kick_compressed\event_006_kick_candidate_left_ankle_t36p44.mp4,kick_candidate,left_ankle,0.8208,false_positive,unknown,False,,2026-04-30T13:38:33,axe_kick,0.723333,"[{""strike_type"": ""axe_kick"", ""probability"": 0.723333}, {""strike_type"": ""roundhouse_kick"", ""probability"": 0.063333}, {""strike_type"": ""tornado_kick"", ""probability"": 0.063333}]"
Group - Axe Kick_compressed.mp4,single_athlete_training,7,data\processed\clips\Group - Axe Kick_compressed\event_007_kick_candidate_left_ankle_t49p65.mp4,kick_candidate,left_ankle,0.6604,false_positive,unknown,False,,2026-04-30T13:38:33,axe_kick,0.383333,"[{""strike_type"": ""axe_kick"", ""probability"": 0.383333}, {""strike_type"": ""hopstep_kick"", ""probability"": 0.136667}, {""strike_type"": ""back_kick"", ""probability"": 0.123333}]"
Group - Axe Kick_compressed.mp4,single_athlete_training,13,data\processed\clips\Group - Axe Kick_compressed\event_013_kick_candidate_left_ankle_t76p48.mp4,kick_candidate,left_ankle,0.8568,false_positive,unknown,False,,2026-04-30T13:38:33,axe_kick,0.536667,"[{""strike_type"": ""axe_kick"", ""probability"": 0.536667}, {""strike_type"": ""hopstep_kick"", ""probability"": 0.163333}, {""strike_type"": ""spinninghook_kick"", ""probability"": 0.076667}]"
Group - Axe Kick_compressed.mp4,single_athlete_training,14,data\processed\clips\Group - Axe Kick_compressed\event_014_kick_candidate_left_ankle_t82p88.mp4,kick_candidate,left_ankle,0.7922,kick,axe_kick,True,,2026-04-30T13:38:33,axe_kick,0.723333,"[{""strike_type"": ""axe_kick"", ""probability"": 0.723333}, {""strike_type"": ""hopstep_kick"", ""probability"": 0.096667}, {""strike_type"": ""roundhouse_kick"", ""probability"": 0.043333}]"
Group - Axe Kick_compressed.mp4,single_athlete_training,18,data\processed\clips\Group - Axe Kick_compressed\event_018_kick_candidate_left_ankle_t109p51.mp4,kick_candidate,left_ankle,0.8386,kick,axe_kick,True,,2026-04-30T13:38:33,axe_kick,0.72,"[{""strike_type"": ""axe_kick"", ""probability"": 0.72}, {""strike_type"": ""hopstep_kick"", ""probability"": 0.07}, {""strike_type"": ""roundhouse_kick"", ""probability"": 0.04}]"
Group - Axe Kick_compressed.mp4,single_athlete_training,19,data\processed\clips\Group - Axe Kick_compressed\event_019_kick_candidate_left_ankle_t111p31.mp4,kick_candidate,left_ankle,0.8425,false_positive,unknown,False,,2026-04-30T13:38:33,axe_kick,0.57,"[{""strike_type"": ""axe_kick"", ""probability"": 0.57}, {""strike_type"": ""hopstep_kick"", ""probability"": 0.126667}, {""strike_type"": ""spinninghook_kick"", ""probability"": 0.08}]"
Group - Axe Kick_compressed.mp4,single_athlete_training,23,data\processed\clips\Group - Axe Kick_compressed\event_023_punch_candidate_left_wrist_t4p21.mp4,punch_candidate,left_wrist,0.5326,kick,axe_kick,True,,2026-04-30T13:38:33,axe_kick,0.563333,"[{""strike_type"": ""axe_kick"", ""probability"": 0.563333}, {""strike_type"": ""hopstep_kick"", ""probability"": 0.173333}, {""strike_type"": ""jab"", ""probability"": 0.056667}]"
Group - Axe Kick_compressed.mp4,single_athlete_training,24,data\processed\clips\Group - Axe Kick_compressed\event_024_punch_candidate_left_wrist_t7p81.mp4,punch_candidate,left_wrist,0.7131,kick,axe_kick,True,,2026-04-30T13:38:33,axe_kick,0.723333,"[{""strike_type"": ""axe_kick"", ""probability"": 0.723333}, {""strike_type"": ""hopstep_kick"", ""probability"": 0.083333}, {""strike_type"": ""jab"", ""probability"": 0.04}]"
Group - Axe Kick_compressed.mp4,single_athlete_training,26,data\processed\clips\Group - Axe Kick_compressed\event_026_punch_candidate_left_wrist_t11p41.mp4,punch_candidate,left_wrist,0.7172,false_positive,unknown,False,,2026-04-30T13:38:33,axe_kick,0.666667,"[{""strike_type"": ""axe_kick"", ""probability"": 0.666667}, {""strike_type"": ""hopstep_kick"", ""probability"": 0.146667}, {""strike_type"": ""jab"", ""probability"": 0.046667}]"
Group - Axe Kick_compressed.mp4,single_athlete_training,28,data\processed\clips\Group - Axe Kick_compressed\event_028_punch_candidate_left_wrist_t13p01.mp4,punch_candidate,left_wrist,0.7515,kick,axe_kick,True,,2026-04-30T13:38:33,axe_kick,0.636667,"[{""strike_type"": ""axe_kick"", ""probability"": 0.636667}, {""strike_type"": ""hopstep_kick"", ""probability"": 0.103333}, {""strike_type"": ""roundhouse_kick"", ""probability"": 0.07}]"
Group - Axe Kick_compressed.mp4,single_athlete_training,29,data\processed\clips\Group - Axe Kick_compressed\event_029_punch_candidate_left_wrist_t13p81.mp4,punch_candidate,left_wrist,0.7836,kick,axe_kick,True,,2026-04-30T13:38:33,axe_kick,0.496667,"[{""strike_type"": ""axe_kick"", ""probability"": 0.496667}, {""strike_type"": ""hopstep_kick"", ""probability"": 0.176667}, {""strike_type"": ""jab"", ""probability"": 0.086667}]"
Group - Axe Kick_compressed.mp4,single_athlete_training,30,data\processed\clips\Group - Axe Kick_compressed\event_030_punch_candidate_left_wrist_t18p42.mp4,punch_candidate,left_wrist,0.7469,kick,axe_kick,True,,2026-04-30T13:38:33,axe_kick,0.683333,"[{""strike_type"": ""axe_kick"", ""probability"": 0.683333}, {""strike_type"": ""hopstep_kick"", ""probability"": 0.113333}, {""strike_type"": ""roundhouse_kick"", ""probability"": 0.046667}]"
Group - Axe Kick_compressed.mp4,single_athlete_training,33,data\processed\clips\Group - Axe Kick_compressed\event_033_punch_candidate_left_wrist_t24p23.mp4,punch_candidate,left_wrist,0.8034,kick,axe_kick,True,,2026-04-30T13:38:33,axe_kick,0.696667,"[{""strike_type"": ""axe_kick"", ""probability"": 0.696667}, {""strike_type"": ""hopstep_kick"", ""probability"": 0.106667}, {""strike_type"": ""roundhouse_kick"", ""probability"": 0.046667}]"
Group - Axe Kick_compressed.mp4,single_athlete_training,35,data\processed\clips\Group - Axe Kick_compressed\event_035_punch_candidate_left_wrist_t27p03.mp4,punch_candidate,left_wrist,0.8125,kick,axe_kick,True,,2026-04-30T13:38:33,axe_kick,0.716667,"[{""strike_type"": ""axe_kick"", ""probability"": 0.716667}, {""strike_type"": ""hopstep_kick"", ""probability"": 0.113333}, {""strike_type"": ""roundhouse_kick"", ""probability"": 0.05}]"
Group - Axe Kick_compressed.mp4,single_athlete_training,36,data\processed\clips\Group - Axe Kick_compressed\event_036_punch_candidate_left_wrist_t29p63.mp4,punch_candidate,left_wrist,0.683,false_positive,unknown,False,,2026-04-30T13:38:33,axe_kick,0.443333,"[{""strike_type"": ""axe_kick"", ""probability"": 0.443333}, {""strike_type"": ""hopaxe_kick"", ""probability"": 0.14}, {""strike_type"": ""hopstep_kick"", ""probability"": 0.133333}]"
Group - Axe Kick_compressed.mp4,single_athlete_training,37,data\processed\clips\Group - Axe Kick_compressed\event_037_punch_candidate_left_wrist_t31p23.mp4,punch_candidate,left_wrist,0.6344,false_positive,unknown,False,,2026-04-30T13:38:33,axe_kick,0.413333,"[{""strike_type"": ""axe_kick"", ""probability"": 0.413333}, {""strike_type"": ""hopaxe_kick"", ""probability"": 0.17}, {""strike_type"": ""spinninghook_kick"", ""probability"": 0.133333}]"
Group - Axe Kick_compressed.mp4,single_athlete_training,38,data\processed\clips\Group - Axe Kick_compressed\event_038_punch_candidate_left_wrist_t36p64.mp4,punch_candidate,left_wrist,0.7542,false_positive,unknown,False,,2026-04-30T13:38:33,axe_kick,0.703333,"[{""strike_type"": ""axe_kick"", ""probability"": 0.703333}, {""strike_type"": ""hopstep_kick"", ""probability"": 0.07}, {""strike_type"": ""roundhouse_kick"", ""probability"": 0.066667}]"
Group - Axe Kick_compressed.mp4,single_athlete_training,39,data\processed\clips\Group - Axe Kick_compressed\event_039_punch_candidate_left_wrist_t39p24.mp4,punch_candidate,left_wrist,0.7502,kick,axe_kick,True,,2026-04-30T13:38:33,axe_kick,0.646667,"[{""strike_type"": ""axe_kick"", ""probability"": 0.646667}, {""strike_type"": ""hopstep_kick"", ""probability"": 0.133333}, {""strike_type"": ""jab"", ""probability"": 0.046667}]"
Group - Axe Kick_compressed.mp4,single_athlete_training,40,data\processed\clips\Group - Axe Kick_compressed\event_040_punch_candidate_left_wrist_t42p24.mp4,punch_candidate,left_wrist,0.7842,kick,axe_kick,True,,2026-04-30T13:38:33,axe_kick,0.673333,"[{""strike_type"": ""axe_kick"", ""probability"": 0.673333}, {""strike_type"": ""hopstep_kick"", ""probability"": 0.106667}, {""strike_type"": ""roundhouse_kick"", ""probability"": 0.056667}]"
Group - Axe Kick_compressed.mp4,single_athlete_training,43,data\processed\clips\Group - Axe Kick_compressed\event_043_punch_candidate_left_wrist_t51p45.mp4,punch_candidate,left_wrist,0.8218,kick,axe_kick,True,,2026-04-30T13:38:33,axe_kick,0.613333,"[{""strike_type"": ""axe_kick"", ""probability"": 0.613333}, {""strike_type"": ""hopstep_kick"", ""probability"": 0.166667}, {""strike_type"": ""roundhouse_kick"", ""probability"": 0.07}]"
Group - Axe Kick_compressed.mp4,single_athlete_training,44,data\processed\clips\Group - Axe Kick_compressed\event_044_punch_candidate_left_wrist_t55p66.mp4,punch_candidate,left_wrist,0.7342,kick,axe_kick,True,,2026-04-30T13:38:33,axe_kick,0.746667,"[{""strike_type"": ""axe_kick"", ""probability"": 0.746667}, {""strike_type"": ""hopstep_kick"", ""probability"": 0.1}, {""strike_type"": ""roundhouse_kick"", ""probability"": 0.04}]"
Group - Axe Kick_compressed.mp4,single_athlete_training,45,data\processed\clips\Group - Axe Kick_compressed\event_045_punch_candidate_left_wrist_t62p26.mp4,punch_candidate,left_wrist,0.7492,kick,axe_kick,True,,2026-04-30T13:38:33,axe_kick,0.67,"[{""strike_type"": ""axe_kick"", ""probability"": 0.67}, {""strike_type"": ""hopstep_kick"", ""probability"": 0.116667}, {""strike_type"": ""roundhouse_kick"", ""probability"": 0.056667}]"
Group - Axe Kick_compressed.mp4,single_athlete_training,46,data\processed\clips\Group - Axe Kick_compressed\event_046_punch_candidate_left_wrist_t65p27.mp4,punch_candidate,left_wrist,0.7607,kick,axe_kick,True,,2026-04-30T13:38:33,axe_kick,0.63,"[{""strike_type"": ""axe_kick"", ""probability"": 0.63}, {""strike_type"": ""hopstep_kick"", ""probability"": 0.143333}, {""strike_type"": ""jab"", ""probability"": 0.046667}]"
Group - Axe Kick_compressed.mp4,single_athlete_training,48,data\processed\clips\Group - Axe Kick_compressed\event_048_punch_candidate_left_wrist_t76p48.mp4,punch_candidate,left_wrist,0.8498,false_positive,unknown,False,,2026-04-30T13:38:33,axe_kick,0.533333,"[{""strike_type"": ""axe_kick"", ""probability"": 0.533333}, {""strike_type"": ""hopstep_kick"", ""probability"": 0.17}, {""strike_type"": ""spinninghook_kick"", ""probability"": 0.076667}]"
Group - Axe Kick_compressed.mp4,single_athlete_training,49,data\processed\clips\Group - Axe Kick_compressed\event_049_punch_candidate_left_wrist_t79p28.mp4,punch_candidate,left_wrist,0.9099,kick,axe_kick,True,,2026-04-30T13:38:33,axe_kick,0.656667,"[{""strike_type"": ""axe_kick"", ""probability"": 0.656667}, {""strike_type"": ""hopstep_kick"", ""probability"": 0.086667}, {""strike_type"": ""roundhouse_kick"", ""probability"": 0.053333}]"
Group - Axe Kick_compressed.mp4,single_athlete_training,51,data\processed\clips\Group - Axe Kick_compressed\event_051_punch_candidate_left_wrist_t82p68.mp4,punch_candidate,left_wrist,0.7025,kick,axe_kick,True,,2026-04-30T13:38:33,axe_kick,0.71,"[{""strike_type"": ""axe_kick"", ""probability"": 0.71}, {""strike_type"": ""hopstep_kick"", ""probability"": 0.106667}, {""strike_type"": ""roundhouse_kick"", ""probability"": 0.046667}]"
Group - Axe Kick_compressed.mp4,single_athlete_training,52,data\processed\clips\Group - Axe Kick_compressed\event_052_punch_candidate_left_wrist_t85p69.mp4,punch_candidate,left_wrist,0.8904,kick,axe_kick,True,,2026-04-30T13:38:33,axe_kick,0.633333,"[{""strike_type"": ""axe_kick"", ""probability"": 0.633333}, {""strike_type"": ""hopstep_kick"", ""probability"": 0.12}, {""strike_type"": ""roundhouse_kick"", ""probability"": 0.063333}]"
Group - Axe Kick_compressed.mp4,single_athlete_training,53,data\processed\clips\Group - Axe Kick_compressed\event_053_punch_candidate_left_wrist_t90p29.mp4,punch_candidate,left_wrist,0.802,kick,axe_kick,True,,2026-04-30T13:38:33,axe_kick,0.646667,"[{""strike_type"": ""axe_kick"", ""probability"": 0.646667}, {""strike_type"": ""hopstep_kick"", ""probability"": 0.13}, {""strike_type"": ""roundhouse_kick"", ""probability"": 0.06}]"
Group - Axe Kick_compressed.mp4,single_athlete_training,54,data\processed\clips\Group - Axe Kick_compressed\event_054_punch_candidate_left_wrist_t100p30.mp4,punch_candidate,left_wrist,0.8438,kick,axe_kick,True,,2026-04-30T13:38:33,axe_kick,0.643333,"[{""strike_type"": ""axe_kick"", ""probability"": 0.643333}, {""strike_type"": ""hopstep_kick"", ""probability"": 0.133333}, {""strike_type"": ""roundhouse_kick"", ""probability"": 0.066667}]"
Group - Axe Kick_compressed.mp4,single_athlete_training,55,data\processed\clips\Group - Axe Kick_compressed\event_055_punch_candidate_left_wrist_t104p51.mp4,punch_candidate,left_wrist,0.8006,kick,axe_kick,True,,2026-04-30T13:38:33,axe_kick,0.7,"[{""strike_type"": ""axe_kick"", ""probability"": 0.7}, {""strike_type"": ""hopstep_kick"", ""probability"": 0.12}, {""strike_type"": ""back_kick"", ""probability"": 0.043333}]"
Group - Axe Kick_compressed.mp4,single_athlete_training,56,data\processed\clips\Group - Axe Kick_compressed\event_056_punch_candidate_left_wrist_t106p91.mp4,punch_candidate,left_wrist,0.8122,kick,axe_kick,True,,2026-04-30T13:38:33,axe_kick,0.643333,"[{""strike_type"": ""axe_kick"", ""probability"": 0.643333}, {""strike_type"": ""hopstep_kick"", ""probability"": 0.126667}, {""strike_type"": ""roundhouse_kick"", ""probability"": 0.056667}]"
Group - Axe Kick_compressed.mp4,single_athlete_training,57,data\processed\clips\Group - Axe Kick_compressed\event_057_punch_candidate_left_wrist_t109p31.mp4,punch_candidate,left_wrist,0.8466,kick,axe_kick,True,,2026-04-30T13:38:33,axe_kick,0.726667,"[{""strike_type"": ""axe_kick"", ""probability"": 0.726667}, {""strike_type"": ""hopstep_kick"", ""probability"": 0.073333}, {""strike_type"": ""roundhouse_kick"", ""probability"": 0.043333}]"
Group - Axe Kick_compressed.mp4,single_athlete_training,58,data\processed\clips\Group - Axe Kick_compressed\event_058_punch_candidate_left_wrist_t111p11.mp4,punch_candidate,left_wrist,0.8784,false_positive,unknown,False,,2026-04-30T13:38:33,axe_kick,0.613333,"[{""strike_type"": ""axe_kick"", ""probability"": 0.613333}, {""strike_type"": ""hopstep_kick"", ""probability"": 0.126667}, {""strike_type"": ""roundhouse_kick"", ""probability"": 0.06}]"
Group - Axe Kick_compressed.mp4,single_athlete_training,61,data\processed\clips\Group - Axe Kick_compressed\event_061_kick_candidate_right_ankle_t13p41.mp4,kick_candidate,right_ankle,0.8421,kick,axe_kick,True,,2026-04-30T13:38:33,axe_kick,0.653333,"[{""strike_type"": ""axe_kick"", ""probability"": 0.653333}, {""strike_type"": ""hopstep_kick"", ""probability"": 0.093333}, {""strike_type"": ""jab"", ""probability"": 0.07}]"
Group - Axe Kick_compressed.mp4,single_athlete_training,64,data\processed\clips\Group - Axe Kick_compressed\event_064_kick_candidate_right_ankle_t28p63.mp4,kick_candidate,right_ankle,0.7743,false_positive,unknown,False,,2026-04-30T13:38:33,axe_kick,0.633333,"[{""strike_type"": ""axe_kick"", ""probability"": 0.633333}, {""strike_type"": ""hopstep_kick"", ""probability"": 0.106667}, {""strike_type"": ""roundhouse_kick"", ""probability"": 0.07}]"
Group - Axe Kick_compressed.mp4,single_athlete_training,65,data\processed\clips\Group - Axe Kick_compressed\event_065_kick_candidate_right_ankle_t29p83.mp4,kick_candidate,right_ankle,0.6149,false_positive,unknown,False,,2026-04-30T13:38:33,axe_kick,0.586667,"[{""strike_type"": ""axe_kick"", ""probability"": 0.586667}, {""strike_type"": ""hopstep_kick"", ""probability"": 0.103333}, {""strike_type"": ""spinninghook_kick"", ""probability"": 0.08}]"
Group - Axe Kick_compressed.mp4,single_athlete_training,66,data\processed\clips\Group - Axe Kick_compressed\event_066_kick_candidate_right_ankle_t31p23.mp4,kick_candidate,right_ankle,0.5896,false_positive,unknown,False,,2026-04-30T13:38:33,axe_kick,0.413333,"[{""strike_type"": ""axe_kick"", ""probability"": 0.413333}, {""strike_type"": ""hopaxe_kick"", ""probability"": 0.17}, {""strike_type"": ""spinninghook_kick"", ""probability"": 0.133333}]"
Group - Axe Kick_compressed.mp4,single_athlete_training,67,data\processed\clips\Group - Axe Kick_compressed\event_067_kick_candidate_right_ankle_t36p44.mp4,kick_candidate,right_ankle,0.8225,false_positive,unknown,False,,2026-04-30T13:38:33,axe_kick,0.723333,"[{""strike_type"": ""axe_kick"", ""probability"": 0.723333}, {""strike_type"": ""roundhouse_kick"", ""probability"": 0.063333}, {""strike_type"": ""tornado_kick"", ""probability"": 0.063333}]"
Group - Axe Kick_compressed.mp4,single_athlete_training,70,data\processed\clips\Group - Axe Kick_compressed\event_070_kick_candidate_right_ankle_t55p86.mp4,kick_candidate,right_ankle,0.8753,kick,axe_kick,True,,2026-04-30T13:38:33,axe_kick,0.753333,"[{""strike_type"": ""axe_kick"", ""probability"": 0.753333}, {""strike_type"": ""hopstep_kick"", ""probability"": 0.093333}, {""strike_type"": ""roundhouse_kick"", ""probability"": 0.033333}]"
Group - Axe Kick_compressed.mp4,single_athlete_training,73,data\processed\clips\Group - Axe Kick_compressed\event_073_kick_candidate_right_ankle_t76p48.mp4,kick_candidate,right_ankle,0.872,false_positive,unknown,False,,2026-04-30T13:38:33,axe_kick,0.536667,"[{""strike_type"": ""axe_kick"", ""probability"": 0.536667}, {""strike_type"": ""hopstep_kick"", ""probability"": 0.17}, {""strike_type"": ""roundhouse_kick"", ""probability"": 0.073333}]"
Group - Axe Kick_compressed.mp4,single_athlete_training,74,data\processed\clips\Group - Axe Kick_compressed\event_074_kick_candidate_right_ankle_t82p88.mp4,kick_candidate,right_ankle,0.7282,kick,axe_kick,True,,2026-04-30T13:38:33,axe_kick,0.713333,"[{""strike_type"": ""axe_kick"", ""probability"": 0.713333}, {""strike_type"": ""hopstep_kick"", ""probability"": 0.106667}, {""strike_type"": ""roundhouse_kick"", ""probability"": 0.05}]"
Group - Axe Kick_compressed.mp4,single_athlete_training,76,data\processed\clips\Group - Axe Kick_compressed\event_076_kick_candidate_right_ankle_t104p91.mp4,kick_candidate,right_ankle,0.782,kick,axe_kick,True,,2026-04-30T13:38:33,axe_kick,0.68,"[{""strike_type"": ""axe_kick"", ""probability"": 0.68}, {""strike_type"": ""hopstep_kick"", ""probability"": 0.136667}, {""strike_type"": ""roundhouse_kick"", ""probability"": 0.05}]"
Group - Axe Kick_compressed.mp4,single_athlete_training,77,data\processed\clips\Group - Axe Kick_compressed\event_077_kick_candidate_right_ankle_t109p51.mp4,kick_candidate,right_ankle,0.9189,kick,axe_kick,True,,2026-04-30T13:38:33,axe_kick,0.72,"[{""strike_type"": ""axe_kick"", ""probability"": 0.72}, {""strike_type"": ""hopstep_kick"", ""probability"": 0.07}, {""strike_type"": ""roundhouse_kick"", ""probability"": 0.04}]"
Group - Axe Kick_compressed.mp4,single_athlete_training,78,data\processed\clips\Group - Axe Kick_compressed\event_078_kick_candidate_right_ankle_t111p51.mp4,kick_candidate,right_ankle,0.8003,false_positive,unknown,False,,2026-04-30T13:38:33,axe_kick,0.586667,"[{""strike_type"": ""axe_kick"", ""probability"": 0.586667}, {""strike_type"": ""hopstep_kick"", ""probability"": 0.12}, {""strike_type"": ""spinninghook_kick"", ""probability"": 0.07}]"
Group - Axe Kick_compressed.mp4,single_athlete_training,80,data\processed\clips\Group - Axe Kick_compressed\event_080_punch_candidate_right_wrist_t0p00.mp4,punch_candidate,right_wrist,0.6562,false_positive,unknown,False,,2026-04-30T13:38:33,axe_kick,0.523333,"[{""strike_type"": ""axe_kick"", ""probability"": 0.523333}, {""strike_type"": ""hopstep_kick"", ""probability"": 0.203333}, {""strike_type"": ""roundhouse_kick"", ""probability"": 0.063333}]"
Group - Axe Kick_compressed.mp4,single_athlete_training,84,data\processed\clips\Group - Axe Kick_compressed\event_084_punch_candidate_right_wrist_t8p01.mp4,punch_candidate,right_wrist,0.8219,kick,axe_kick,True,,2026-04-30T13:38:33,axe_kick,0.726667,"[{""strike_type"": ""axe_kick"", ""probability"": 0.726667}, {""strike_type"": ""hopstep_kick"", ""probability"": 0.073333}, {""strike_type"": ""roundhouse_kick"", ""probability"": 0.043333}]"
Group - Axe Kick_compressed.mp4,single_athlete_training,86,data\processed\clips\Group - Axe Kick_compressed\event_086_punch_candidate_right_wrist_t13p21.mp4,punch_candidate,right_wrist,0.8408,kick,axe_kick,True,,2026-04-30T13:38:33,axe_kick,0.643333,"[{""strike_type"": ""axe_kick"", ""probability"": 0.643333}, {""strike_type"": ""hopstep_kick"", ""probability"": 0.096667}, {""strike_type"": ""jab"", ""probability"": 0.07}]"
Group - Axe Kick_compressed.mp4,single_athlete_training,88,data\processed\clips\Group - Axe Kick_compressed\event_088_punch_candidate_right_wrist_t18p62.mp4,punch_candidate,right_wrist,0.7594,kick,axe_kick,True,,2026-04-30T13:38:33,axe_kick,0.74,"[{""strike_type"": ""axe_kick"", ""probability"": 0.74}, {""strike_type"": ""hopstep_kick"", ""probability"": 0.083333}, {""strike_type"": ""roundhouse_kick"", ""probability"": 0.053333}]"
Group - Axe Kick_compressed.mp4,single_athlete_training,89,data\processed\clips\Group - Axe Kick_compressed\event_089_punch_candidate_right_wrist_t22p02.mp4,punch_candidate,right_wrist,0.5734,kick,axe_kick,True,,2026-04-30T13:38:33,axe_kick,0.65,"[{""strike_type"": ""axe_kick"", ""probability"": 0.65}, {""strike_type"": ""hopstep_kick"", ""probability"": 0.153333}, {""strike_type"": ""roundhouse_kick"", ""probability"": 0.046667}]"
Group - Axe Kick_compressed.mp4,single_athlete_training,92,data\processed\clips\Group - Axe Kick_compressed\event_092_punch_candidate_right_wrist_t24p23.mp4,punch_candidate,right_wrist,0.8184,kick,axe_kick,True,,2026-04-30T13:38:33,axe_kick,0.696667,"[{""strike_type"": ""axe_kick"", ""probability"": 0.696667}, {""strike_type"": ""hopstep_kick"", ""probability"": 0.106667}, {""strike_type"": ""roundhouse_kick"", ""probability"": 0.046667}]"
Group - Axe Kick_compressed.mp4,single_athlete_training,93,data\processed\clips\Group - Axe Kick_compressed\event_093_punch_candidate_right_wrist_t27p43.mp4,punch_candidate,right_wrist,0.81,kick,axe_kick,True,,2026-04-30T13:38:33,axe_kick,0.75,"[{""strike_type"": ""axe_kick"", ""probability"": 0.75}, {""strike_type"": ""hopstep_kick"", ""probability"": 0.093333}, {""strike_type"": ""roundhouse_kick"", ""probability"": 0.043333}]"
Group - Axe Kick_compressed.mp4,single_athlete_training,94,data\processed\clips\Group - Axe Kick_compressed\event_094_punch_candidate_right_wrist_t29p43.mp4,punch_candidate,right_wrist,0.7751,false_positive,unknown,False,,2026-04-30T13:38:33,axe_kick,0.66,"[{""strike_type"": ""axe_kick"", ""probability"": 0.66}, {""strike_type"": ""hopstep_kick"", ""probability"": 0.076667}, {""strike_type"": ""spinninghook_kick"", ""probability"": 0.073333}]"
Group - Axe Kick_compressed.mp4,single_athlete_training,95,data\processed\clips\Group - Axe Kick_compressed\event_095_punch_candidate_right_wrist_t30p23.mp4,punch_candidate,right_wrist,0.6147,false_positive,unknown,False,,2026-04-30T13:38:33,axe_kick,0.456667,"[{""strike_type"": ""axe_kick"", ""probability"": 0.456667}, {""strike_type"": ""hopaxe_kick"", ""probability"": 0.176667}, {""strike_type"": ""hopstep_kick"", ""probability"": 0.146667}]"
Group - Axe Kick_compressed.mp4,single_athlete_training,96,data\processed\clips\Group - Axe Kick_compressed\event_096_punch_candidate_right_wrist_t31p23.mp4,punch_candidate,right_wrist,0.6374,false_positive,unknown,False,,2026-04-30T13:38:33,axe_kick,0.413333,"[{""strike_type"": ""axe_kick"", ""probability"": 0.413333}, {""strike_type"": ""hopaxe_kick"", ""probability"": 0.17}, {""strike_type"": ""spinninghook_kick"", ""probability"": 0.133333}]"
Group - Axe Kick_compressed.mp4,single_athlete_training,97,data\processed\clips\Group - Axe Kick_compressed\event_097_punch_candidate_right_wrist_t36p44.mp4,punch_candidate,right_wrist,0.8388,false_positive,unknown,False,,2026-04-30T13:38:33,axe_kick,0.723333,"[{""strike_type"": ""axe_kick"", ""probability"": 0.723333}, {""strike_type"": ""roundhouse_kick"", ""probability"": 0.063333}, {""strike_type"": ""tornado_kick"", ""probability"": 0.063333}]"
Group - Axe Kick_compressed.mp4,single_athlete_training,100,data\processed\clips\Group - Axe Kick_compressed\event_100_punch_candidate_right_wrist_t49p65.mp4,punch_candidate,right_wrist,0.5797,false_positive,unknown,False,,2026-04-30T13:38:33,hopstep_kick,0.236667,"[{""strike_type"": ""hopstep_kick"", ""probability"": 0.236667}, {""strike_type"": ""back_kick"", ""probability"": 0.173333}, {""strike_type"": ""axe_kick"", ""probability"": 0.156667}]"
Group - Axe Kick_compressed.mp4,single_athlete_training,102,data\processed\clips\Group - Axe Kick_compressed\event_102_punch_candidate_right_wrist_t71p27.mp4,punch_candidate,right_wrist,0.6173,false_positive,unknown,False,,2026-04-30T13:38:33,axe_kick,0.453333,"[{""strike_type"": ""axe_kick"", ""probability"": 0.453333}, {""strike_type"": ""hopstep_kick"", ""probability"": 0.2}, {""strike_type"": ""hopaxe_kick"", ""probability"": 0.193333}]"
Group - Axe Kick_compressed.mp4,single_athlete_training,104,data\processed\clips\Group - Axe Kick_compressed\event_104_punch_candidate_right_wrist_t76p28.mp4,punch_candidate,right_wrist,0.8793,false_positive,unknown,False,,2026-04-30T13:38:33,axe_kick,0.53,"[{""strike_type"": ""axe_kick"", ""probability"": 0.53}, {""strike_type"": ""hopstep_kick"", ""probability"": 0.176667}, {""strike_type"": ""spinninghook_kick"", ""probability"": 0.076667}]"
Group - Axe Kick_compressed.mp4,single_athlete_training,105,data\processed\clips\Group - Axe Kick_compressed\event_105_punch_candidate_right_wrist_t79p28.mp4,punch_candidate,right_wrist,0.8036,kick,axe_kick,False,,2026-04-30T13:38:33,axe_kick,0.646667,"[{""strike_type"": ""axe_kick"", ""probability"": 0.646667}, {""strike_type"": ""hopstep_kick"", ""probability"": 0.086667}, {""strike_type"": ""jab"", ""probability"": 0.056667}]"
Group - Axe Kick_compressed.mp4,single_athlete_training,107,data\processed\clips\Group - Axe Kick_compressed\event_107_punch_candidate_right_wrist_t104p51.mp4,punch_candidate,right_wrist,0.7833,kick,axe_kick,True,,2026-04-30T13:38:33,axe_kick,0.66,"[{""strike_type"": ""axe_kick"", ""probability"": 0.66}, {""strike_type"": ""hopstep_kick"", ""probability"": 0.136667}, {""strike_type"": ""back_kick"", ""probability"": 0.05}]"
Group - Axe Kick_compressed.mp4,single_athlete_training,108,data\processed\clips\Group - Axe Kick_compressed\event_108_punch_candidate_right_wrist_t109p51.mp4,punch_candidate,right_wrist,0.6739,kick,axe_kick,True,,2026-04-30T13:38:33,axe_kick,0.72,"[{""strike_type"": ""axe_kick"", ""probability"": 0.72}, {""strike_type"": ""hopstep_kick"", ""probability"": 0.093333}, {""strike_type"": ""roundhouse_kick"", ""probability"": 0.046667}]"
Group - Axe Kick_compressed.mp4,single_athlete_training,110,data\processed\clips\Group - Axe Kick_compressed\event_110_punch_candidate_right_wrist_t111p31.mp4,punch_candidate,right_wrist,0.8806,false_positive,unknown,False,,2026-04-30T13:38:33,axe_kick,0.58,"[{""strike_type"": ""axe_kick"", ""probability"": 0.58}, {""strike_type"": ""hopstep_kick"", ""probability"": 0.12}, {""strike_type"": ""spinninghook_kick"", ""probability"": 0.08}]"
Group - Back Kick_compressed.mp4,single_athlete_training,1,data\processed\clips\Group - Back Kick_compressed\event_001_kick_candidate_left_ankle_t2p80.mp4,kick_candidate,left_ankle,0.9369,kick,back_kick,True,,2026-04-30T13:47:13,tornado_kick,0.396667,"[{""strike_type"": ""tornado_kick"", ""probability"": 0.396667}, {""strike_type"": ""spinninghook_kick"", ""probability"": 0.383333}, {""strike_type"": ""back_kick"", ""probability"": 0.066667}]"
Group - Back Kick_compressed.mp4,single_athlete_training,5,data\processed\clips\Group - Back Kick_compressed\event_005_kick_candidate_left_ankle_t19p80.mp4,kick_candidate,left_ankle,0.7825,kick,back_kick,True,,2026-04-30T13:47:13,spinninghook_kick,0.376667,"[{""strike_type"": ""spinninghook_kick"", ""probability"": 0.376667}, {""strike_type"": ""tornado_kick"", ""probability"": 0.376667}, {""strike_type"": ""roundhouse_kick"", ""probability"": 0.09}]"
Group - Back Kick_compressed.mp4,single_athlete_training,6,data\processed\clips\Group - Back Kick_compressed\event_006_kick_candidate_left_ankle_t22p80.mp4,kick_candidate,left_ankle,0.8193,kick,back_kick,True,,2026-04-30T13:47:13,axe_kick,0.56,"[{""strike_type"": ""axe_kick"", ""probability"": 0.56}, {""strike_type"": ""spinninghook_kick"", ""probability"": 0.213333}, {""strike_type"": ""hopstep_kick"", ""probability"": 0.083333}]"
Group - Back Kick_compressed.mp4,single_athlete_training,7,data\processed\clips\Group - Back Kick_compressed\event_007_kick_candidate_left_ankle_t46p80.mp4,kick_candidate,left_ankle,0.9408,kick,back_kick,True,,2026-04-30T13:47:13,spinninghook_kick,0.733333,"[{""strike_type"": ""spinninghook_kick"", ""probability"": 0.733333}, {""strike_type"": ""tornado_kick"", ""probability"": 0.11}, {""strike_type"": ""hopstep_kick"", ""probability"": 0.07}]"
Group - Back Kick_compressed.mp4,single_athlete_training,9,data\processed\clips\Group - Back Kick_compressed\event_009_kick_candidate_left_ankle_t55p20.mp4,kick_candidate,left_ankle,0.947,kick,back_kick,True,,2026-04-30T13:47:13,spinninghook_kick,0.673333,"[{""strike_type"": ""spinninghook_kick"", ""probability"": 0.673333}, {""strike_type"": ""tornado_kick"", ""probability"": 0.14}, {""strike_type"": ""hopstep_kick"", ""probability"": 0.083333}]"
Group - Back Kick_compressed.mp4,single_athlete_training,11,data\processed\clips\Group - Back Kick_compressed\event_011_kick_candidate_left_ankle_t62p80.mp4,kick_candidate,left_ankle,0.9428,kick,back_kick,True,,2026-04-30T13:47:13,spinninghook_kick,0.583333,"[{""strike_type"": ""spinninghook_kick"", ""probability"": 0.583333}, {""strike_type"": ""tornado_kick"", ""probability"": 0.176667}, {""strike_type"": ""hopstep_kick"", ""probability"": 0.103333}]"
Group - Back Kick_compressed.mp4,single_athlete_training,13,data\processed\clips\Group - Back Kick_compressed\event_013_kick_candidate_left_ankle_t66p00.mp4,kick_candidate,left_ankle,0.7041,kick,back_kick,True,,2026-04-30T13:47:13,spinninghook_kick,0.816667,"[{""strike_type"": ""spinninghook_kick"", ""probability"": 0.816667}, {""strike_type"": ""tornado_kick"", ""probability"": 0.076667}, {""strike_type"": ""roundhouse_kick"", ""probability"": 0.033333}]"
Group - Back Kick_compressed.mp4,single_athlete_training,14,data\processed\clips\Group - Back Kick_compressed\event_014_kick_candidate_left_ankle_t75p20.mp4,kick_candidate,left_ankle,0.6567,kick,back_kick,True,,2026-04-30T13:47:13,tornado_kick,0.31,"[{""strike_type"": ""tornado_kick"", ""probability"": 0.31}, {""strike_type"": ""spinninghook_kick"", ""probability"": 0.243333}, {""strike_type"": ""hopstep_kick"", ""probability"": 0.163333}]"
Group - Back Kick_compressed.mp4,single_athlete_training,17,data\processed\clips\Group - Back Kick_compressed\event_017_kick_candidate_left_ankle_t107p40.mp4,kick_candidate,left_ankle,0.9109,kick,back_kick,True,,2026-04-30T13:47:13,spinninghook_kick,0.486667,"[{""strike_type"": ""spinninghook_kick"", ""probability"": 0.486667}, {""strike_type"": ""tornado_kick"", ""probability"": 0.153333}, {""strike_type"": ""hopstep_kick"", ""probability"": 0.14}]"
Group - Back Kick_compressed.mp4,single_athlete_training,18,data\processed\clips\Group - Back Kick_compressed\event_018_kick_candidate_left_ankle_t111p00.mp4,kick_candidate,left_ankle,0.6454,kick,back_kick,True,,2026-04-30T13:47:13,spinninghook_kick,0.423333,"[{""strike_type"": ""spinninghook_kick"", ""probability"": 0.423333}, {""strike_type"": ""tornado_kick"", ""probability"": 0.203333}, {""strike_type"": ""hopstep_kick"", ""probability"": 0.126667}]"
Group - Back Kick_compressed.mp4,single_athlete_training,19,data\processed\clips\Group - Back Kick_compressed\event_019_kick_candidate_left_ankle_t146p20.mp4,kick_candidate,left_ankle,0.8968,kick,back_kick,True,,2026-04-30T13:47:13,tornado_kick,0.383333,"[{""strike_type"": ""tornado_kick"", ""probability"": 0.383333}, {""strike_type"": ""spinninghook_kick"", ""probability"": 0.293333}, {""strike_type"": ""roundhouse_kick"", ""probability"": 0.123333}]"
Group - Back Kick_compressed.mp4,single_athlete_training,20,data\processed\clips\Group - Back Kick_compressed\event_020_kick_candidate_left_ankle_t156p00.mp4,kick_candidate,left_ankle,0.9767,kick,back_kick,True,,2026-04-30T13:47:13,tornado_kick,0.333333,"[{""strike_type"": ""tornado_kick"", ""probability"": 0.333333}, {""strike_type"": ""spinninghook_kick"", ""probability"": 0.283333}, {""strike_type"": ""roundhouse_kick"", ""probability"": 0.213333}]"
Group - Back Kick_compressed.mp4,single_athlete_training,21,data\processed\clips\Group - Back Kick_compressed\event_021_kick_candidate_left_ankle_t158p80.mp4,kick_candidate,left_ankle,0.9561,false_positive,unknown,False,,2026-04-30T13:47:13,tornado_kick,0.366667,"[{""strike_type"": ""tornado_kick"", ""probability"": 0.366667}, {""strike_type"": ""spinninghook_kick"", ""probability"": 0.25}, {""strike_type"": ""roundhouse_kick"", ""probability"": 0.14}]"
Group - Back Kick_compressed.mp4,single_athlete_training,24,data\processed\clips\Group - Back Kick_compressed\event_024_kick_candidate_left_ankle_t175p40.mp4,kick_candidate,left_ankle,0.89,kick,back_kick,True,,2026-04-30T13:47:13,axe_kick,0.78,"[{""strike_type"": ""axe_kick"", ""probability"": 0.78}, {""strike_type"": ""hopaxe_kick"", ""probability"": 0.093333}, {""strike_type"": ""hopstep_kick"", ""probability"": 0.08}]"
Group - Back Kick_compressed.mp4,single_athlete_training,28,data\processed\clips\Group - Back Kick_compressed\event_028_punch_candidate_left_wrist_t32p00.mp4,punch_candidate,left_wrist,0.4747,false_positive,unknown,False,,2026-04-30T13:47:13,axe_kick,0.606667,"[{""strike_type"": ""axe_kick"", ""probability"": 0.606667}, {""strike_type"": ""hopaxe_kick"", ""probability"": 0.086667}, {""strike_type"": ""hopstep_kick"", ""probability"": 0.07}]"
Group - Back Kick_compressed.mp4,single_athlete_training,30,data\processed\clips\Group - Back Kick_compressed\event_030_punch_candidate_left_wrist_t66p20.mp4,punch_candidate,left_wrist,0.5763,kick,back_kick,True,,2026-04-30T13:47:13,spinninghook_kick,0.766667,"[{""strike_type"": ""spinninghook_kick"", ""probability"": 0.766667}, {""strike_type"": ""tornado_kick"", ""probability"": 0.08}, {""strike_type"": ""hopstep_kick"", ""probability"": 0.056667}]"
Group - Back Kick_compressed.mp4,single_athlete_training,31,data\processed\clips\Group - Back Kick_compressed\event_031_punch_candidate_left_wrist_t132p20.mp4,punch_candidate,left_wrist,0.6664,kick,back_kick,True,,2026-04-30T13:47:13,axe_kick,0.313333,"[{""strike_type"": ""axe_kick"", ""probability"": 0.313333}, {""strike_type"": ""spinninghook_kick"", ""probability"": 0.273333}, {""strike_type"": ""hopstep_kick"", ""probability"": 0.113333}]"
Group - Back Kick_compressed.mp4,single_athlete_training,36,data\processed\clips\Group - Back Kick_compressed\event_036_punch_candidate_left_wrist_t180p20.mp4,punch_candidate,left_wrist,0.6958,false_positive,unknown,False,,2026-04-30T13:47:13,tornado_kick,0.246667,"[{""strike_type"": ""tornado_kick"", ""probability"": 0.246667}, {""strike_type"": ""axe_kick"", ""probability"": 0.18}, {""strike_type"": ""hopstep_kick"", ""probability"": 0.15}]"
Group - Back Kick_compressed.mp4,single_athlete_training,37,data\processed\clips\Group - Back Kick_compressed\event_037_kick_candidate_right_ankle_t2p60.mp4,kick_candidate,right_ankle,0.9366,kick,back_kick,True,,2026-04-30T13:47:13,tornado_kick,0.41,"[{""strike_type"": ""tornado_kick"", ""probability"": 0.41}, {""strike_type"": ""spinninghook_kick"", ""probability"": 0.33}, {""strike_type"": ""hopstep_kick"", ""probability"": 0.076667}]"
Group - Back Kick_compressed.mp4,single_athlete_training,39,data\processed\clips\Group - Back Kick_compressed\event_039_kick_candidate_right_ankle_t20p00.mp4,kick_candidate,right_ankle,0.965,kick,back_kick,True,,2026-04-30T13:47:13,spinninghook_kick,0.563333,"[{""strike_type"": ""spinninghook_kick"", ""probability"": 0.563333}, {""strike_type"": ""tornado_kick"", ""probability"": 0.26}, {""strike_type"": ""hopstep_kick"", ""probability"": 0.063333}]"
Group - Back Kick_compressed.mp4,single_athlete_training,40,data\processed\clips\Group - Back Kick_compressed\event_040_kick_candidate_right_ankle_t22p80.mp4,kick_candidate,right_ankle,0.7035,kick,back_kick,True,,2026-04-30T13:47:13,axe_kick,0.54,"[{""strike_type"": ""axe_kick"", ""probability"": 0.54}, {""strike_type"": ""spinninghook_kick"", ""probability"": 0.23}, {""strike_type"": ""hopstep_kick"", ""probability"": 0.083333}]"
Group - Back Kick_compressed.mp4,single_athlete_training,44,data\processed\clips\Group - Back Kick_compressed\event_044_kick_candidate_right_ankle_t58p20.mp4,kick_candidate,right_ankle,0.9412,kick,back_kick,True,,2026-04-30T13:47:13,spinninghook_kick,0.646667,"[{""strike_type"": ""spinninghook_kick"", ""probability"": 0.646667}, {""strike_type"": ""tornado_kick"", ""probability"": 0.15}, {""strike_type"": ""roundhouse_kick"", ""probability"": 0.076667}]"
Group - Back Kick_compressed.mp4,single_athlete_training,45,data\processed\clips\Group - Back Kick_compressed\event_045_kick_candidate_right_ankle_t63p40.mp4,kick_candidate,right_ankle,0.9343,kick,back_kick,True,,2026-04-30T13:47:13,spinninghook_kick,0.436667,"[{""strike_type"": ""spinninghook_kick"", ""probability"": 0.436667}, {""strike_type"": ""tornado_kick"", ""probability"": 0.246667}, {""strike_type"": ""roundhouse_kick"", ""probability"": 0.15}]"
Group - Back Kick_compressed.mp4,single_athlete_training,47,data\processed\clips\Group - Back Kick_compressed\event_047_kick_candidate_right_ankle_t95p60.mp4,kick_candidate,right_ankle,0.7967,kick,back_kick,True,,2026-04-30T13:47:13,spinninghook_kick,0.566667,"[{""strike_type"": ""spinninghook_kick"", ""probability"": 0.566667}, {""strike_type"": ""tornado_kick"", ""probability"": 0.15}, {""strike_type"": ""roundhouse_kick"", ""probability"": 0.103333}]"
Group - Back Kick_compressed.mp4,single_athlete_training,48,data\processed\clips\Group - Back Kick_compressed\event_048_kick_candidate_right_ankle_t96p20.mp4,kick_candidate,right_ankle,0.8277,kick,back_kick,True,,2026-04-30T13:47:13,spinninghook_kick,0.37,"[{""strike_type"": ""spinninghook_kick"", ""probability"": 0.37}, {""strike_type"": ""axe_kick"", ""probability"": 0.28}, {""strike_type"": ""hopstep_kick"", ""probability"": 0.106667}]"
Group - Back Kick_compressed.mp4,single_athlete_training,51,data\processed\clips\Group - Back Kick_compressed\event_051_kick_candidate_right_ankle_t111p20.mp4,kick_candidate,right_ankle,0.9609,kick,back_kick,True,,2026-04-30T13:47:13,spinninghook_kick,0.483333,"[{""strike_type"": ""spinninghook_kick"", ""probability"": 0.483333}, {""strike_type"": ""tornado_kick"", ""probability"": 0.23}, {""strike_type"": ""axe_kick"", ""probability"": 0.1}]"
Group - Back Kick_compressed.mp4,single_athlete_training,52,data\processed\clips\Group - Back Kick_compressed\event_052_kick_candidate_right_ankle_t120p60.mp4,kick_candidate,right_ankle,0.9633,kick,back_kick,True,,2026-04-30T13:47:13,spinninghook_kick,0.443333,"[{""strike_type"": ""spinninghook_kick"", ""probability"": 0.443333}, {""strike_type"": ""tornado_kick"", ""probability"": 0.19}, {""strike_type"": ""axe_kick"", ""probability"": 0.153333}]"
Group - Back Kick_compressed.mp4,single_athlete_training,53,data\processed\clips\Group - Back Kick_compressed\event_053_kick_candidate_right_ankle_t125p00.mp4,kick_candidate,right_ankle,0.7669,kick,back_kick,True,,2026-04-30T13:47:13,spinninghook_kick,0.31,"[{""strike_type"": ""spinninghook_kick"", ""probability"": 0.31}, {""strike_type"": ""tornado_kick"", ""probability"": 0.206667}, {""strike_type"": ""axe_kick"", ""probability"": 0.16}]"
Group - Back Kick_compressed.mp4,single_athlete_training,55,data\processed\clips\Group - Back Kick_compressed\event_055_kick_candidate_right_ankle_t146p00.mp4,kick_candidate,right_ankle,0.8161,kick,back_kick,True,,2026-04-30T13:47:13,tornado_kick,0.366667,"[{""strike_type"": ""tornado_kick"", ""probability"": 0.366667}, {""strike_type"": ""spinninghook_kick"", ""probability"": 0.303333}, {""strike_type"": ""roundhouse_kick"", ""probability"": 0.143333}]"
Group - Back Kick_compressed.mp4,single_athlete_training,56,data\processed\clips\Group - Back Kick_compressed\event_056_kick_candidate_right_ankle_t146p60.mp4,kick_candidate,right_ankle,0.7929,kick,back_kick,True,,2026-04-30T13:47:13,tornado_kick,0.336667,"[{""strike_type"": ""tornado_kick"", ""probability"": 0.336667}, {""strike_type"": ""spinninghook_kick"", ""probability"": 0.286667}, {""strike_type"": ""roundhouse_kick"", ""probability"": 0.206667}]"
Group - Back Kick_compressed.mp4,single_athlete_training,57,data\processed\clips\Group - Back Kick_compressed\event_057_kick_candidate_right_ankle_t152p40.mp4,kick_candidate,right_ankle,0.9607,kick,back_kick,True,,2026-04-30T13:47:13,spinninghook_kick,0.446667,"[{""strike_type"": ""spinninghook_kick"", ""probability"": 0.446667}, {""strike_type"": ""tornado_kick"", ""probability"": 0.34}, {""strike_type"": ""axe_kick"", ""probability"": 0.076667}]"
Group - Back Kick_compressed.mp4,single_athlete_training,58,data\processed\clips\Group - Back Kick_compressed\event_058_kick_candidate_right_ankle_t155p80.mp4,kick_candidate,right_ankle,0.9791,kick,back_kick,True,,2026-04-30T13:47:13,tornado_kick,0.433333,"[{""strike_type"": ""tornado_kick"", ""probability"": 0.433333}, {""strike_type"": ""spinninghook_kick"", ""probability"": 0.2}, {""strike_type"": ""roundhouse_kick"", ""probability"": 0.183333}]"
Group - Back Kick_compressed.mp4,single_athlete_training,59,data\processed\clips\Group - Back Kick_compressed\event_059_kick_candidate_right_ankle_t159p00.mp4,kick_candidate,right_ankle,0.9548,false_positive,unknown,False,,2026-04-30T13:47:13,spinninghook_kick,0.82,"[{""strike_type"": ""spinninghook_kick"", ""probability"": 0.82}, {""strike_type"": ""tornado_kick"", ""probability"": 0.086667}, {""strike_type"": ""hopstep_kick"", ""probability"": 0.043333}]"
Group - Back Kick_compressed.mp4,single_athlete_training,60,data\processed\clips\Group - Back Kick_compressed\event_060_kick_candidate_right_ankle_t166p00.mp4,kick_candidate,right_ankle,0.855,kick,back_kick,True,,2026-04-30T13:47:13,tornado_kick,0.276667,"[{""strike_type"": ""tornado_kick"", ""probability"": 0.276667}, {""strike_type"": ""spinninghook_kick"", ""probability"": 0.246667}, {""strike_type"": ""roundhouse_kick"", ""probability"": 0.146667}]"
Group - Back Kick_compressed.mp4,single_athlete_training,61,data\processed\clips\Group - Back Kick_compressed\event_061_kick_candidate_right_ankle_t166p60.mp4,kick_candidate,right_ankle,0.8084,kick,back_kick,True,,2026-04-30T13:47:13,tornado_kick,0.373333,"[{""strike_type"": ""tornado_kick"", ""probability"": 0.373333}, {""strike_type"": ""roundhouse_kick"", ""probability"": 0.25}, {""strike_type"": ""spinninghook_kick"", ""probability"": 0.19}]"
Group - Back Kick_compressed.mp4,single_athlete_training,63,data\processed\clips\Group - Back Kick_compressed\event_063_kick_candidate_right_ankle_t179p00.mp4,kick_candidate,right_ankle,0.7898,kick,back_kick,True,,2026-04-30T13:47:13,tornado_kick,0.356667,"[{""strike_type"": ""tornado_kick"", ""probability"": 0.356667}, {""strike_type"": ""spinninghook_kick"", ""probability"": 0.253333}, {""strike_type"": ""roundhouse_kick"", ""probability"": 0.146667}]"
Group - Back Kick_compressed.mp4,single_athlete_training,65,data\processed\clips\Group - Back Kick_compressed\event_065_punch_candidate_right_wrist_t22p60.mp4,punch_candidate,right_wrist,0.887,kick,back_kick,True,,2026-04-30T13:47:13,axe_kick,0.443333,"[{""strike_type"": ""axe_kick"", ""probability"": 0.443333}, {""strike_type"": ""spinninghook_kick"", ""probability"": 0.35}, {""strike_type"": ""hopstep_kick"", ""probability"": 0.09}]"
Group - Back Kick_compressed.mp4,single_athlete_training,71,data\processed\clips\Group - Back Kick_compressed\event_071_punch_candidate_right_wrist_t132p20.mp4,punch_candidate,right_wrist,0.6664,kick,back_kick,True,,2026-04-30T13:47:13,axe_kick,0.313333,"[{""strike_type"": ""axe_kick"", ""probability"": 0.313333}, {""strike_type"": ""spinninghook_kick"", ""probability"": 0.273333}, {""strike_type"": ""hopstep_kick"", ""probability"": 0.113333}]"
Group - Cut Kick_compressed.mp4,single_athlete_training,1,data\processed\clips\Group - Cut Kick_compressed\event_001_kick_candidate_left_ankle_t0p00.mp4,kick_candidate,left_ankle,0.7838,false_positive,unknown,False,,2026-04-30T14:00:28,spinninghook_kick,0.25,"[{""strike_type"": ""spinninghook_kick"", ""probability"": 0.25}, {""strike_type"": ""roundhouse_kick"", ""probability"": 0.15}, {""strike_type"": ""hopstep_kick"", ""probability"": 0.133333}]"
Group - Cut Kick_compressed.mp4,single_athlete_training,4,data\processed\clips\Group - Cut Kick_compressed\event_004_kick_candidate_left_ankle_t6p82.mp4,kick_candidate,left_ankle,0.9576,kick,cut_kick,True,,2026-04-30T14:00:28,spinninghook_kick,0.336667,"[{""strike_type"": ""spinninghook_kick"", ""probability"": 0.336667}, {""strike_type"": ""tornado_kick"", ""probability"": 0.326667}, {""strike_type"": ""roundhouse_kick"", ""probability"": 0.136667}]"
Group - Cut Kick_compressed.mp4,single_athlete_training,8,data\processed\clips\Group - Cut Kick_compressed\event_008_kick_candidate_left_ankle_t24p67.mp4,kick_candidate,left_ankle,0.7438,false_positive,unknown,False,,2026-04-30T14:00:28,roundhouse_kick,0.386667,"[{""strike_type"": ""roundhouse_kick"", ""probability"": 0.386667}, {""strike_type"": ""tornado_kick"", ""probability"": 0.19}, {""strike_type"": ""spinninghook_kick"", ""probability"": 0.183333}]"
Group - Cut Kick_compressed.mp4,single_athlete_training,9,data\processed\clips\Group - Cut Kick_compressed\event_009_kick_candidate_left_ankle_t26p28.mp4,kick_candidate,left_ankle,0.9429,kick,cut_kick,True,,2026-04-30T14:00:28,spinninghook_kick,0.493333,"[{""strike_type"": ""spinninghook_kick"", ""probability"": 0.493333}, {""strike_type"": ""tornado_kick"", ""probability"": 0.286667}, {""strike_type"": ""hopstep_kick"", ""probability"": 0.076667}]"
Group - Cut Kick_compressed.mp4,single_athlete_training,11,data\processed\clips\Group - Cut Kick_compressed\event_011_kick_candidate_left_ankle_t28p88.mp4,kick_candidate,left_ankle,0.8458,kick,cut_kick,True,,2026-04-30T14:00:28,tornado_kick,0.436667,"[{""strike_type"": ""tornado_kick"", ""probability"": 0.436667}, {""strike_type"": ""spinninghook_kick"", ""probability"": 0.373333}, {""strike_type"": ""hopstep_kick"", ""probability"": 0.083333}]"
Group - Cut Kick_compressed.mp4,single_athlete_training,12,data\processed\clips\Group - Cut Kick_compressed\event_012_kick_candidate_left_ankle_t31p49.mp4,kick_candidate,left_ankle,0.6233,kick,cut_kick,True,,2026-04-30T14:00:28,spinninghook_kick,0.52,"[{""strike_type"": ""spinninghook_kick"", ""probability"": 0.52}, {""strike_type"": ""tornado_kick"", ""probability"": 0.243333}, {""strike_type"": ""roundhouse_kick"", ""probability"": 0.103333}]"
Group - Cut Kick_compressed.mp4,single_athlete_training,13,data\processed\clips\Group - Cut Kick_compressed\event_013_kick_candidate_left_ankle_t45p93.mp4,kick_candidate,left_ankle,0.777,kick,cut_kick,True,,2026-04-30T14:00:28,spinninghook_kick,0.283333,"[{""strike_type"": ""spinninghook_kick"", ""probability"": 0.283333}, {""strike_type"": ""tornado_kick"", ""probability"": 0.186667}, {""strike_type"": ""axe_kick"", ""probability"": 0.17}]"
Group - Cut Kick_compressed.mp4,single_athlete_training,14,data\processed\clips\Group - Cut Kick_compressed\event_014_kick_candidate_left_ankle_t53p15.mp4,kick_candidate,left_ankle,0.6968,kick,cut_kick,True,,2026-04-30T14:00:28,spinninghook_kick,0.323333,"[{""strike_type"": ""spinninghook_kick"", ""probability"": 0.323333}, {""strike_type"": ""tornado_kick"", ""probability"": 0.19}, {""strike_type"": ""axe_kick"", ""probability"": 0.166667}]"
Group - Cut Kick_compressed.mp4,single_athlete_training,15,data\processed\clips\Group - Cut Kick_compressed\event_015_kick_candidate_left_ankle_t55p16.mp4,kick_candidate,left_ankle,0.936,kick,cut_kick,True,,2026-04-30T14:00:28,spinninghook_kick,0.43,"[{""strike_type"": ""spinninghook_kick"", ""probability"": 0.43}, {""strike_type"": ""axe_kick"", ""probability"": 0.22}, {""strike_type"": ""hopstep_kick"", ""probability"": 0.13}]"
Group - Cut Kick_compressed.mp4,single_athlete_training,23,data\processed\clips\Group - Cut Kick_compressed\event_023_kick_candidate_left_ankle_t105p50.mp4,kick_candidate,left_ankle,0.9157,kick,cut_kick,True,,2026-04-30T14:00:28,spinninghook_kick,0.386667,"[{""strike_type"": ""spinninghook_kick"", ""probability"": 0.386667}, {""strike_type"": ""tornado_kick"", ""probability"": 0.236667}, {""strike_type"": ""roundhouse_kick"", ""probability"": 0.13}]"
Group - Cut Kick_compressed.mp4,single_athlete_training,24,data\processed\clips\Group - Cut Kick_compressed\event_024_kick_candidate_left_ankle_t119p74.mp4,kick_candidate,left_ankle,0.8354,kick,cut_kick,True,,2026-04-30T14:00:28,tornado_kick,0.323333,"[{""strike_type"": ""tornado_kick"", ""probability"": 0.323333}, {""strike_type"": ""hopstep_kick"", ""probability"": 0.196667}, {""strike_type"": ""axe_kick"", ""probability"": 0.18}]"
Group - Cut Kick_compressed.mp4,single_athlete_training,25,data\processed\clips\Group - Cut Kick_compressed\event_025_kick_candidate_left_ankle_t124p15.mp4,kick_candidate,left_ankle,0.9534,kick,cut_kick,True,,2026-04-30T14:00:28,tornado_kick,0.53,"[{""strike_type"": ""tornado_kick"", ""probability"": 0.53}, {""strike_type"": ""spinninghook_kick"", ""probability"": 0.156667}, {""strike_type"": ""roundhouse_kick"", ""probability"": 0.123333}]"
Group - Cut Kick_compressed.mp4,single_athlete_training,26,data\processed\clips\Group - Cut Kick_compressed\event_026_kick_candidate_left_ankle_t125p35.mp4,kick_candidate,left_ankle,0.6526,false_positive,unknown,False,,2026-04-30T14:00:28,tornado_kick,0.38,"[{""strike_type"": ""tornado_kick"", ""probability"": 0.38}, {""strike_type"": ""roundhouse_kick"", ""probability"": 0.276667}, {""strike_type"": ""spinninghook_kick"", ""probability"": 0.156667}]"
Group - Cut Kick_compressed.mp4,single_athlete_training,27,data\processed\clips\Group - Cut Kick_compressed\event_027_kick_candidate_left_ankle_t130p77.mp4,kick_candidate,left_ankle,0.9798,kick,cut_kick,True,,2026-04-30T14:00:28,tornado_kick,0.613333,"[{""strike_type"": ""tornado_kick"", ""probability"": 0.613333}, {""strike_type"": ""hopstep_kick"", ""probability"": 0.093333}, {""strike_type"": ""back_kick"", ""probability"": 0.073333}]"
Group - Cut Kick_compressed.mp4,single_athlete_training,28,data\processed\clips\Group - Cut Kick_compressed\event_028_kick_candidate_left_ankle_t133p97.mp4,kick_candidate,left_ankle,0.9302,kick,cut_kick,True,,2026-04-30T14:00:28,axe_kick,0.626667,"[{""strike_type"": ""axe_kick"", ""probability"": 0.626667}, {""strike_type"": ""hopstep_kick"", ""probability"": 0.133333}, {""strike_type"": ""roundhouse_kick"", ""probability"": 0.056667}]"
Group - Cut Kick_compressed.mp4,single_athlete_training,30,data\processed\clips\Group - Cut Kick_compressed\event_030_kick_candidate_left_ankle_t140p59.mp4,kick_candidate,left_ankle,0.9699,kick,cut_kick,True,,2026-04-30T14:00:28,tornado_kick,0.606667,"[{""strike_type"": ""tornado_kick"", ""probability"": 0.606667}, {""strike_type"": ""spinninghook_kick"", ""probability"": 0.12}, {""strike_type"": ""hopstep_kick"", ""probability"": 0.076667}]"
Group - Cut Kick_compressed.mp4,single_athlete_training,31,data\processed\clips\Group - Cut Kick_compressed\event_031_kick_candidate_left_ankle_t143p60.mp4,kick_candidate,left_ankle,0.9651,kick,cut_kick,True,,2026-04-30T14:00:28,tornado_kick,0.603333,"[{""strike_type"": ""tornado_kick"", ""probability"": 0.603333}, {""strike_type"": ""spinninghook_kick"", ""probability"": 0.106667}, {""strike_type"": ""roundhouse_kick"", ""probability"": 0.096667}]"
Group - Cut Kick_compressed.mp4,single_athlete_training,33,data\processed\clips\Group - Cut Kick_compressed\event_033_punch_candidate_left_wrist_t0p00.mp4,punch_candidate,left_wrist,0.6992,false_positive,unknown,False,,2026-04-30T14:00:28,spinninghook_kick,0.25,"[{""strike_type"": ""spinninghook_kick"", ""probability"": 0.25}, {""strike_type"": ""roundhouse_kick"", ""probability"": 0.15}, {""strike_type"": ""hopstep_kick"", ""probability"": 0.133333}]"
Group - Cut Kick_compressed.mp4,single_athlete_training,35,data\processed\clips\Group - Cut Kick_compressed\event_035_punch_candidate_left_wrist_t6p62.mp4,punch_candidate,left_wrist,0.8792,kick,cut_kick,True,,2026-04-30T14:00:28,spinninghook_kick,0.543333,"[{""strike_type"": ""spinninghook_kick"", ""probability"": 0.543333}, {""strike_type"": ""tornado_kick"", ""probability"": 0.23}, {""strike_type"": ""hopstep_kick"", ""probability"": 0.116667}]"
Group - Cut Kick_compressed.mp4,single_athlete_training,36,data\processed\clips\Group - Cut Kick_compressed\event_036_punch_candidate_left_wrist_t26p08.mp4,punch_candidate,left_wrist,0.8099,kick,cut_kick,True,,2026-04-30T14:00:28,spinninghook_kick,0.436667,"[{""strike_type"": ""spinninghook_kick"", ""probability"": 0.436667}, {""strike_type"": ""tornado_kick"", ""probability"": 0.316667}, {""strike_type"": ""hopstep_kick"", ""probability"": 0.113333}]"
Group - Cut Kick_compressed.mp4,single_athlete_training,39,data\processed\clips\Group - Cut Kick_compressed\event_039_punch_candidate_left_wrist_t54p96.mp4,punch_candidate,left_wrist,0.7051,kick,cut_kick,True,,2026-04-30T14:00:28,spinninghook_kick,0.46,"[{""strike_type"": ""spinninghook_kick"", ""probability"": 0.46}, {""strike_type"": ""tornado_kick"", ""probability"": 0.19}, {""strike_type"": ""hopstep_kick"", ""probability"": 0.113333}]"
Group - Cut Kick_compressed.mp4,single_athlete_training,40,data\processed\clips\Group - Cut Kick_compressed\event_040_punch_candidate_left_wrist_t88p65.mp4,punch_candidate,left_wrist,0.8438,kick,cut_kick,True,,2026-04-30T14:00:28,spinninghook_kick,0.753333,"[{""strike_type"": ""spinninghook_kick"", ""probability"": 0.753333}, {""strike_type"": ""tornado_kick"", ""probability"": 0.106667}, {""strike_type"": ""roundhouse_kick"", ""probability"": 0.04}]"
Group - Cut Kick_compressed.mp4,single_athlete_training,41,data\processed\clips\Group - Cut Kick_compressed\event_041_punch_candidate_left_wrist_t116p93.mp4,punch_candidate,left_wrist,0.5671,false_positive,unknown,False,,2026-04-30T14:00:28,axe_kick,0.4,"[{""strike_type"": ""axe_kick"", ""probability"": 0.4}, {""strike_type"": ""hopstep_kick"", ""probability"": 0.186667}, {""strike_type"": ""spinninghook_kick"", ""probability"": 0.136667}]"
Group - Cut Kick_compressed.mp4,single_athlete_training,42,data\processed\clips\Group - Cut Kick_compressed\event_042_punch_candidate_left_wrist_t117p73.mp4,punch_candidate,left_wrist,0.8939,false_positive,unknown,False,,2026-04-30T14:00:28,tornado_kick,0.39,"[{""strike_type"": ""tornado_kick"", ""probability"": 0.39}, {""strike_type"": ""spinninghook_kick"", ""probability"": 0.193333}, {""strike_type"": ""hopstep_kick"", ""probability"": 0.173333}]"
Group - Cut Kick_compressed.mp4,single_athlete_training,43,data\processed\clips\Group - Cut Kick_compressed\event_043_punch_candidate_left_wrist_t119p53.mp4,punch_candidate,left_wrist,0.9292,kick,cut_kick,True,,2026-04-30T14:00:28,tornado_kick,0.46,"[{""strike_type"": ""tornado_kick"", ""probability"": 0.46}, {""strike_type"": ""spinninghook_kick"", ""probability"": 0.163333}, {""strike_type"": ""hopstep_kick"", ""probability"": 0.143333}]"
Group - Cut Kick_compressed.mp4,single_athlete_training,44,data\processed\clips\Group - Cut Kick_compressed\event_044_punch_candidate_left_wrist_t121p94.mp4,punch_candidate,left_wrist,0.791,false_positive,unknown,False,,2026-04-30T14:00:28,tornado_kick,0.46,"[{""strike_type"": ""tornado_kick"", ""probability"": 0.46}, {""strike_type"": ""spinninghook_kick"", ""probability"": 0.273333}, {""strike_type"": ""roundhouse_kick"", ""probability"": 0.1}]"
Group - Cut Kick_compressed.mp4,single_athlete_training,48,data\processed\clips\Group - Cut Kick_compressed\event_048_punch_candidate_left_wrist_t135p58.mp4,punch_candidate,left_wrist,0.9241,false_positive,cut_kick,False,,2026-04-30T14:00:28,tornado_kick,0.543333,"[{""strike_type"": ""tornado_kick"", ""probability"": 0.543333}, {""strike_type"": ""spinninghook_kick"", ""probability"": 0.146667}, {""strike_type"": ""hopstep_kick"", ""probability"": 0.13}]"
Group - Cut Kick_compressed.mp4,single_athlete_training,51,data\processed\clips\Group - Cut Kick_compressed\event_051_kick_candidate_right_ankle_t0p00.mp4,kick_candidate,right_ankle,0.8002,false_positive,unknown,False,,2026-04-30T14:00:28,spinninghook_kick,0.25,"[{""strike_type"": ""spinninghook_kick"", ""probability"": 0.25}, {""strike_type"": ""roundhouse_kick"", ""probability"": 0.15}, {""strike_type"": ""hopstep_kick"", ""probability"": 0.133333}]"
Group - Cut Kick_compressed.mp4,single_athlete_training,52,data\processed\clips\Group - Cut Kick_compressed\event_052_kick_candidate_right_ankle_t3p41.mp4,kick_candidate,right_ankle,0.9234,kick,cut_kick,True,,2026-04-30T14:00:28,spinninghook_kick,0.566667,"[{""strike_type"": ""spinninghook_kick"", ""probability"": 0.566667}, {""strike_type"": ""tornado_kick"", ""probability"": 0.236667}, {""strike_type"": ""hopstep_kick"", ""probability"": 0.076667}]"
Group - Cut Kick_compressed.mp4,single_athlete_training,53,data\processed\clips\Group - Cut Kick_compressed\event_053_kick_candidate_right_ankle_t6p62.mp4,kick_candidate,right_ankle,0.7773,kick,cut_kick,True,,2026-04-30T14:00:28,spinninghook_kick,0.543333,"[{""strike_type"": ""spinninghook_kick"", ""probability"": 0.543333}, {""strike_type"": ""tornado_kick"", ""probability"": 0.23}, {""strike_type"": ""hopstep_kick"", ""probability"": 0.116667}]"
Group - Cut Kick_compressed.mp4,single_athlete_training,54,data\processed\clips\Group - Cut Kick_compressed\event_054_kick_candidate_right_ankle_t10p03.mp4,kick_candidate,right_ankle,0.9534,kick,cut_kick,True,,2026-04-30T14:00:28,spinninghook_kick,0.573333,"[{""strike_type"": ""spinninghook_kick"", ""probability"": 0.573333}, {""strike_type"": ""tornado_kick"", ""probability"": 0.233333}, {""strike_type"": ""hopstep_kick"", ""probability"": 0.086667}]"
Group - Cut Kick_compressed.mp4,single_athlete_training,55,data\processed\clips\Group - Cut Kick_compressed\event_055_kick_candidate_right_ankle_t26p08.mp4,kick_candidate,right_ankle,0.6756,kick,cut_kick,True,,2026-04-30T14:00:28,spinninghook_kick,0.44,"[{""strike_type"": ""spinninghook_kick"", ""probability"": 0.44}, {""strike_type"": ""tornado_kick"", ""probability"": 0.3}, {""strike_type"": ""hopstep_kick"", ""probability"": 0.1}]"
Group - Cut Kick_compressed.mp4,single_athlete_training,56,data\processed\clips\Group - Cut Kick_compressed\event_056_kick_candidate_right_ankle_t26p68.mp4,kick_candidate,right_ankle,0.9445,kick,cut_kick,True,,2026-04-30T14:00:28,spinninghook_kick,0.39,"[{""strike_type"": ""spinninghook_kick"", ""probability"": 0.39}, {""strike_type"": ""tornado_kick"", ""probability"": 0.3}, {""strike_type"": ""roundhouse_kick"", ""probability"": 0.106667}]"
Group - Cut Kick_compressed.mp4,single_athlete_training,57,data\processed\clips\Group - Cut Kick_compressed\event_057_kick_candidate_right_ankle_t28p88.mp4,kick_candidate,right_ankle,0.9647,kick,cut_kick,True,,2026-04-30T14:00:28,tornado_kick,0.44,"[{""strike_type"": ""tornado_kick"", ""probability"": 0.44}, {""strike_type"": ""spinninghook_kick"", ""probability"": 0.39}, {""strike_type"": ""hopstep_kick"", ""probability"": 0.07}]"
Group - Cut Kick_compressed.mp4,single_athlete_training,59,data\processed\clips\Group - Cut Kick_compressed\event_059_kick_candidate_right_ankle_t55p16.mp4,kick_candidate,right_ankle,0.9349,kick,cut_kick,True,,2026-04-30T14:00:28,spinninghook_kick,0.43,"[{""strike_type"": ""spinninghook_kick"", ""probability"": 0.43}, {""strike_type"": ""axe_kick"", ""probability"": 0.22}, {""strike_type"": ""hopstep_kick"", ""probability"": 0.13}]"
Group - Cut Kick_compressed.mp4,single_athlete_training,60,data\processed\clips\Group - Cut Kick_compressed\event_060_kick_candidate_right_ankle_t57p56.mp4,kick_candidate,right_ankle,0.9659,kick,cut_kick,True,,2026-04-30T14:00:28,spinninghook_kick,0.41,"[{""strike_type"": ""spinninghook_kick"", ""probability"": 0.41}, {""strike_type"": ""tornado_kick"", ""probability"": 0.2}, {""strike_type"": ""axe_kick"", ""probability"": 0.14}]"
Group - Cut Kick_compressed.mp4,single_athlete_training,61,data\processed\clips\Group - Cut Kick_compressed\event_061_kick_candidate_right_ankle_t59p57.mp4,kick_candidate,right_ankle,0.9748,kick,cut_kick,True,,2026-04-30T14:00:28,spinninghook_kick,0.353333,"[{""strike_type"": ""spinninghook_kick"", ""probability"": 0.353333}, {""strike_type"": ""axe_kick"", ""probability"": 0.22}, {""strike_type"": ""tornado_kick"", ""probability"": 0.203333}]"
Group - Cut Kick_compressed.mp4,single_athlete_training,63,data\processed\clips\Group - Cut Kick_compressed\event_063_kick_candidate_right_ankle_t64p98.mp4,kick_candidate,right_ankle,0.9465,kick,cut_kick,True,,2026-04-30T14:00:28,spinninghook_kick,0.333333,"[{""strike_type"": ""spinninghook_kick"", ""probability"": 0.333333}, {""strike_type"": ""axe_kick"", ""probability"": 0.24}, {""strike_type"": ""tornado_kick"", ""probability"": 0.176667}]"
Group - Cut Kick_compressed.mp4,single_athlete_training,67,data\processed\clips\Group - Cut Kick_compressed\event_067_kick_candidate_right_ankle_t88p85.mp4,kick_candidate,right_ankle,0.7799,kick,cut_kick,True,,2026-04-30T14:00:28,tornado_kick,0.39,"[{""strike_type"": ""tornado_kick"", ""probability"": 0.39}, {""strike_type"": ""spinninghook_kick"", ""probability"": 0.186667}, {""strike_type"": ""axe_kick"", ""probability"": 0.133333}]"
Group - Cut Kick_compressed.mp4,single_athlete_training,69,data\processed\clips\Group - Cut Kick_compressed\event_069_kick_candidate_right_ankle_t91p46.mp4,kick_candidate,right_ankle,0.9711,kick,cut_kick,True,,2026-04-30T14:00:28,spinninghook_kick,0.513333,"[{""strike_type"": ""spinninghook_kick"", ""probability"": 0.513333}, {""strike_type"": ""tornado_kick"", ""probability"": 0.24}, {""strike_type"": ""hopstep_kick"", ""probability"": 0.083333}]"
Group - Cut Kick_compressed.mp4,single_athlete_training,70,data\processed\clips\Group - Cut Kick_compressed\event_070_kick_candidate_right_ankle_t94p87.mp4,kick_candidate,right_ankle,0.9629,kick,cut_kick,True,,2026-04-30T14:00:28,spinninghook_kick,0.503333,"[{""strike_type"": ""spinninghook_kick"", ""probability"": 0.503333}, {""strike_type"": ""tornado_kick"", ""probability"": 0.206667}, {""strike_type"": ""axe_kick"", ""probability"": 0.133333}]"
Group - Cut Kick_compressed.mp4,single_athlete_training,71,data\processed\clips\Group - Cut Kick_compressed\event_071_kick_candidate_right_ankle_t105p50.mp4,kick_candidate,right_ankle,0.7086,kick,cut_kick,True,,2026-04-30T14:00:28,spinninghook_kick,0.303333,"[{""strike_type"": ""spinninghook_kick"", ""probability"": 0.303333}, {""strike_type"": ""tornado_kick"", ""probability"": 0.293333}, {""strike_type"": ""roundhouse_kick"", ""probability"": 0.133333}]"
Group - Cut Kick_compressed.mp4,single_athlete_training,72,data\processed\clips\Group - Cut Kick_compressed\event_072_kick_candidate_right_ankle_t108p10.mp4,kick_candidate,right_ankle,0.977,kick,cut_kick,True,,2026-04-30T14:00:28,spinninghook_kick,0.473333,"[{""strike_type"": ""spinninghook_kick"", ""probability"": 0.473333}, {""strike_type"": ""tornado_kick"", ""probability"": 0.236667}, {""strike_type"": ""axe_kick"", ""probability"": 0.08}]"
Group - Cut Kick_compressed.mp4,single_athlete_training,73,data\processed\clips\Group - Cut Kick_compressed\event_073_kick_candidate_right_ankle_t110p11.mp4,kick_candidate,right_ankle,0.9668,kick,cut_kick,True,,2026-04-30T14:00:28,spinninghook_kick,0.433333,"[{""strike_type"": ""spinninghook_kick"", ""probability"": 0.433333}, {""strike_type"": ""tornado_kick"", ""probability"": 0.216667}, {""strike_type"": ""hopstep_kick"", ""probability"": 0.113333}]"
Group - Cut Kick_compressed.mp4,single_athlete_training,74,data\processed\clips\Group - Cut Kick_compressed\event_074_kick_candidate_right_ankle_t117p33.mp4,kick_candidate,right_ankle,0.801,false_positive,unknown,False,,2026-04-30T14:00:28,tornado_kick,0.26,"[{""strike_type"": ""tornado_kick"", ""probability"": 0.26}, {""strike_type"": ""spinninghook_kick"", ""probability"": 0.223333}, {""strike_type"": ""hopstep_kick"", ""probability"": 0.183333}]"
Group - Cut Kick_compressed.mp4,single_athlete_training,75,data\processed\clips\Group - Cut Kick_compressed\event_075_kick_candidate_right_ankle_t119p33.mp4,kick_candidate,right_ankle,0.9381,kick,cut_kick,True,,2026-04-30T14:00:28,tornado_kick,0.55,"[{""strike_type"": ""tornado_kick"", ""probability"": 0.55}, {""strike_type"": ""spinninghook_kick"", ""probability"": 0.216667}, {""strike_type"": ""roundhouse_kick"", ""probability"": 0.093333}]"
Group - Cut Kick_compressed.mp4,single_athlete_training,78,data\processed\clips\Group - Cut Kick_compressed\event_078_kick_candidate_right_ankle_t124p15.mp4,kick_candidate,right_ankle,0.9613,kick,cut_kick,True,,2026-04-30T14:00:28,tornado_kick,0.536667,"[{""strike_type"": ""tornado_kick"", ""probability"": 0.536667}, {""strike_type"": ""spinninghook_kick"", ""probability"": 0.15}, {""strike_type"": ""roundhouse_kick"", ""probability"": 0.12}]"
Group - Cut Kick_compressed.mp4,single_athlete_training,79,data\processed\clips\Group - Cut Kick_compressed\event_079_kick_candidate_right_ankle_t126p96.mp4,kick_candidate,right_ankle,0.828,kick,cut_kick,True,,2026-04-30T14:00:28,tornado_kick,0.406667,"[{""strike_type"": ""tornado_kick"", ""probability"": 0.406667}, {""strike_type"": ""spinninghook_kick"", ""probability"": 0.143333}, {""strike_type"": ""hopstep_kick"", ""probability"": 0.14}]"
Group - Cut Kick_compressed.mp4,single_athlete_training,80,data\processed\clips\Group - Cut Kick_compressed\event_080_kick_candidate_right_ankle_t127p96.mp4,kick_candidate,right_ankle,0.6729,kick,cut_kick,True,,2026-04-30T14:00:28,tornado_kick,0.456667,"[{""strike_type"": ""tornado_kick"", ""probability"": 0.456667}, {""strike_type"": ""axe_kick"", ""probability"": 0.153333}, {""strike_type"": ""spinninghook_kick"", ""probability"": 0.15}]"
Group - Cut Kick_compressed.mp4,single_athlete_training,81,data\processed\clips\Group - Cut Kick_compressed\event_081_kick_candidate_right_ankle_t130p57.mp4,kick_candidate,right_ankle,0.8875,kick,cut_kick,True,,2026-04-30T14:00:28,tornado_kick,0.633333,"[{""strike_type"": ""tornado_kick"", ""probability"": 0.633333}, {""strike_type"": ""roundhouse_kick"", ""probability"": 0.103333}, {""strike_type"": ""spinninghook_kick"", ""probability"": 0.096667}]"
Group - Cut Kick_compressed.mp4,single_athlete_training,82,data\processed\clips\Group - Cut Kick_compressed\event_082_kick_candidate_right_ankle_t131p17.mp4,kick_candidate,right_ankle,0.977,kick,cut_kick,True,,2026-04-30T14:00:28,tornado_kick,0.436667,"[{""strike_type"": ""tornado_kick"", ""probability"": 0.436667}, {""strike_type"": ""axe_kick"", ""probability"": 0.23}, {""strike_type"": ""hopstep_kick"", ""probability"": 0.12}]"
Group - Cut Kick_compressed.mp4,single_athlete_training,85,data\processed\clips\Group - Cut Kick_compressed\event_085_kick_candidate_right_ankle_t140p39.mp4,kick_candidate,right_ankle,0.9699,kick,cut_kick,True,,2026-04-30T14:00:28,tornado_kick,0.62,"[{""strike_type"": ""tornado_kick"", ""probability"": 0.62}, {""strike_type"": ""spinninghook_kick"", ""probability"": 0.176667}, {""strike_type"": ""hopstep_kick"", ""probability"": 0.086667}]"
Group - Cut Kick_compressed.mp4,single_athlete_training,88,data\processed\clips\Group - Cut Kick_compressed\event_088_kick_candidate_right_ankle_t149p42.mp4,kick_candidate,right_ankle,0.9796,kick,cut_kick,True,,2026-04-30T14:00:28,tornado_kick,0.57,"[{""strike_type"": ""tornado_kick"", ""probability"": 0.57}, {""strike_type"": ""spinninghook_kick"", ""probability"": 0.13}, {""strike_type"": ""roundhouse_kick"", ""probability"": 0.116667}]"
Group - Cut Kick_compressed.mp4,single_athlete_training,94,data\processed\clips\Group - Cut Kick_compressed\event_094_punch_candidate_right_wrist_t28p88.mp4,punch_candidate,right_wrist,0.8685,kick,cut_kick,True,,2026-04-30T14:00:28,tornado_kick,0.436667,"[{""strike_type"": ""tornado_kick"", ""probability"": 0.436667}, {""strike_type"": ""spinninghook_kick"", ""probability"": 0.373333}, {""strike_type"": ""hopstep_kick"", ""probability"": 0.083333}]"
Group - Cut Kick_compressed.mp4,single_athlete_training,95,data\processed\clips\Group - Cut Kick_compressed\event_095_punch_candidate_right_wrist_t41p52.mp4,punch_candidate,right_wrist,0.7383,false_positive,unknown,False,,2026-04-30T14:00:28,axe_kick,0.586667,"[{""strike_type"": ""axe_kick"", ""probability"": 0.586667}, {""strike_type"": ""hopaxe_kick"", ""probability"": 0.113333}, {""strike_type"": ""hopstep_kick"", ""probability"": 0.096667}]"
Group - Cut Kick_compressed.mp4,single_athlete_training,97,data\processed\clips\Group - Cut Kick_compressed\event_097_punch_candidate_right_wrist_t88p65.mp4,punch_candidate,right_wrist,0.662,kick,cut_kick,True,,2026-04-30T14:00:28,spinninghook_kick,0.753333,"[{""strike_type"": ""spinninghook_kick"", ""probability"": 0.753333}, {""strike_type"": ""tornado_kick"", ""probability"": 0.11}, {""strike_type"": ""roundhouse_kick"", ""probability"": 0.036667}]"
Group - Cut Kick_compressed.mp4,single_athlete_training,98,data\processed\clips\Group - Cut Kick_compressed\event_098_punch_candidate_right_wrist_t116p53.mp4,punch_candidate,right_wrist,0.7108,false_positive,unknown,False,,2026-04-30T14:00:28,axe_kick,0.316667,"[{""strike_type"": ""axe_kick"", ""probability"": 0.316667}, {""strike_type"": ""hopaxe_kick"", ""probability"": 0.26}, {""strike_type"": ""hopstep_kick"", ""probability"": 0.186667}]"
Group - Cut Kick_compressed.mp4,single_athlete_training,102,data\processed\clips\Group - Cut Kick_compressed\event_102_punch_candidate_right_wrist_t135p58.mp4,punch_candidate,right_wrist,0.612,false_positive,unknown,False,,2026-04-30T14:00:28,tornado_kick,0.506667,"[{""strike_type"": ""tornado_kick"", ""probability"": 0.506667}, {""strike_type"": ""hopstep_kick"", ""probability"": 0.136667}, {""strike_type"": ""spinninghook_kick"", ""probability"": 0.136667}]"
Group - Double_compressed.mp4,single_athlete_training,1,data\processed\clips\Group - Double_compressed\event_001_kick_candidate_left_ankle_t33p23.mp4,kick_candidate,left_ankle,0.8679,kick,frontdouble_kick,True,,2026-04-30T14:50:10,back_kick,0.376667,"[{""strike_type"": ""back_kick"", ""probability"": 0.376667}, {""strike_type"": ""hopstep_kick"", ""probability"": 0.286667}, {""strike_type"": ""tornado_kick"", ""probability"": 0.26}]"
Group - Double_compressed.mp4,single_athlete_training,2,data\processed\clips\Group - Double_compressed\event_002_kick_candidate_left_ankle_t36p04.mp4,kick_candidate,left_ankle,0.8292,false_positive,unknown,False,,2026-04-30T14:50:10,axe_kick,0.346667,"[{""strike_type"": ""axe_kick"", ""probability"": 0.346667}, {""strike_type"": ""hopstep_kick"", ""probability"": 0.246667}, {""strike_type"": ""hopaxe_kick"", ""probability"": 0.206667}]"
Group - Double_compressed.mp4,single_athlete_training,6,data\processed\clips\Group - Double_compressed\event_006_kick_candidate_left_ankle_t83p88.mp4,kick_candidate,left_ankle,0.8842,false_positive,unknown,False,,2026-04-30T14:50:10,tornado_kick,0.273333,"[{""strike_type"": ""tornado_kick"", ""probability"": 0.273333}, {""strike_type"": ""hopstep_kick"", ""probability"": 0.213333}, {""strike_type"": ""spinninghook_kick"", ""probability"": 0.16}]"
Group - Double_compressed.mp4,single_athlete_training,9,data\processed\clips\Group - Double_compressed\event_009_kick_candidate_left_ankle_t101p50.mp4,kick_candidate,left_ankle,0.5078,false_positive,unknown,False,,2026-04-30T14:50:10,axe_kick,0.306667,"[{""strike_type"": ""axe_kick"", ""probability"": 0.306667}, {""strike_type"": ""hopstep_kick"", ""probability"": 0.203333}, {""strike_type"": ""hopaxe_kick"", ""probability"": 0.176667}]"
Group - Double_compressed.mp4,single_athlete_training,10,data\processed\clips\Group - Double_compressed\event_010_kick_candidate_left_ankle_t104p31.mp4,kick_candidate,left_ankle,0.9506,kick,double_kick,True,,2026-04-30T14:50:10,tornado_kick,0.516667,"[{""strike_type"": ""tornado_kick"", ""probability"": 0.516667}, {""strike_type"": ""spinninghook_kick"", ""probability"": 0.183333}, {""strike_type"": ""back_kick"", ""probability"": 0.116667}]"
Group - Double_compressed.mp4,single_athlete_training,13,data\processed\clips\Group - Double_compressed\event_013_kick_candidate_left_ankle_t113p91.mp4,kick_candidate,left_ankle,0.9597,kick,double_kick,True,,2026-04-30T14:50:10,tornado_kick,0.636667,"[{""strike_type"": ""tornado_kick"", ""probability"": 0.636667}, {""strike_type"": ""back_kick"", ""probability"": 0.16}, {""strike_type"": ""hopstep_kick"", ""probability"": 0.116667}]"
Group - Double_compressed.mp4,single_athlete_training,14,data\processed\clips\Group - Double_compressed\event_014_kick_candidate_left_ankle_t116p72.mp4,kick_candidate,left_ankle,0.832,kick,double_kick,True,,2026-04-30T14:50:10,tornado_kick,0.486667,"[{""strike_type"": ""tornado_kick"", ""probability"": 0.486667}, {""strike_type"": ""hopstep_kick"", ""probability"": 0.216667}, {""strike_type"": ""back_kick"", ""probability"": 0.156667}]"
Group - Double_compressed.mp4,single_athlete_training,15,data\processed\clips\Group - Double_compressed\event_015_kick_candidate_left_ankle_t117p52.mp4,kick_candidate,left_ankle,0.7472,kick,double_kick,True,,2026-04-30T14:50:10,hopstep_kick,0.31,"[{""strike_type"": ""hopstep_kick"", ""probability"": 0.31}, {""strike_type"": ""tornado_kick"", ""probability"": 0.303333}, {""strike_type"": ""spinninghook_kick"", ""probability"": 0.146667}]"
Group - Double_compressed.mp4,single_athlete_training,16,data\processed\clips\Group - Double_compressed\event_016_kick_candidate_left_ankle_t119p72.mp4,kick_candidate,left_ankle,0.917,kick,double_kick,True,,2026-04-30T14:50:10,tornado_kick,0.42,"[{""strike_type"": ""tornado_kick"", ""probability"": 0.42}, {""strike_type"": ""back_kick"", ""probability"": 0.28}, {""strike_type"": ""hopstep_kick"", ""probability"": 0.166667}]"
Group - Double_compressed.mp4,single_athlete_training,17,data\processed\clips\Group - Double_compressed\event_017_kick_candidate_left_ankle_t127p13.mp4,kick_candidate,left_ankle,0.9326,kick,double_kick,True,,2026-04-30T14:50:10,back_kick,0.423333,"[{""strike_type"": ""back_kick"", ""probability"": 0.423333}, {""strike_type"": ""tornado_kick"", ""probability"": 0.303333}, {""strike_type"": ""hopstep_kick"", ""probability"": 0.18}]"
Group - Double_compressed.mp4,single_athlete_training,18,data\processed\clips\Group - Double_compressed\event_018_kick_candidate_left_ankle_t132p53.mp4,kick_candidate,left_ankle,0.9626,kick,frontdouble_kick,True,,2026-04-30T14:50:10,tornado_kick,0.676667,"[{""strike_type"": ""tornado_kick"", ""probability"": 0.676667}, {""strike_type"": ""hopstep_kick"", ""probability"": 0.103333}, {""strike_type"": ""spinninghook_kick"", ""probability"": 0.083333}]"
Group - Double_compressed.mp4,single_athlete_training,20,data\processed\clips\Group - Double_compressed\event_020_kick_candidate_left_ankle_t162p16.mp4,kick_candidate,left_ankle,0.9507,kick,double_kick,True,,2026-04-30T14:50:10,back_kick,0.406667,"[{""strike_type"": ""back_kick"", ""probability"": 0.406667}, {""strike_type"": ""tornado_kick"", ""probability"": 0.243333}, {""strike_type"": ""hopstep_kick"", ""probability"": 0.156667}]"
Group - Double_compressed.mp4,single_athlete_training,21,data\processed\clips\Group - Double_compressed\event_021_kick_candidate_left_ankle_t164p57.mp4,kick_candidate,left_ankle,0.9741,kick,frontdouble_kick,True,,2026-04-30T14:50:10,back_kick,0.416667,"[{""strike_type"": ""back_kick"", ""probability"": 0.416667}, {""strike_type"": ""hopstep_kick"", ""probability"": 0.276667}, {""strike_type"": ""tornado_kick"", ""probability"": 0.12}]"
Group - Double_compressed.mp4,single_athlete_training,23,data\processed\clips\Group - Double_compressed\event_023_kick_candidate_left_ankle_t173p77.mp4,kick_candidate,left_ankle,0.969,kick,frontdouble_kick,True,,2026-04-30T14:50:10,back_kick,0.513333,"[{""strike_type"": ""back_kick"", ""probability"": 0.513333}, {""strike_type"": ""hopstep_kick"", ""probability"": 0.173333}, {""strike_type"": ""tornado_kick"", ""probability"": 0.126667}]"
Group - Double_compressed.mp4,single_athlete_training,24,data\processed\clips\Group - Double_compressed\event_024_kick_candidate_left_ankle_t177p98.mp4,kick_candidate,left_ankle,0.9816,kick,frontdouble_kick,True,,2026-04-30T14:50:10,back_kick,0.626667,"[{""strike_type"": ""back_kick"", ""probability"": 0.626667}, {""strike_type"": ""hopstep_kick"", ""probability"": 0.226667}, {""strike_type"": ""tornado_kick"", ""probability"": 0.066667}]"
Group - Double_compressed.mp4,single_athlete_training,25,data\processed\clips\Group - Double_compressed\event_025_kick_candidate_left_ankle_t180p18.mp4,kick_candidate,left_ankle,0.7115,kick,frontdouble_kick,True,,2026-04-30T14:50:10,back_kick,0.476667,"[{""strike_type"": ""back_kick"", ""probability"": 0.476667}, {""strike_type"": ""hopstep_kick"", ""probability"": 0.386667}, {""strike_type"": ""tornado_kick"", ""probability"": 0.066667}]"
Group - Double_compressed.mp4,single_athlete_training,26,data\processed\clips\Group - Double_compressed\event_026_kick_candidate_left_ankle_t183p78.mp4,kick_candidate,left_ankle,0.9782,kick,frontdouble_kick,True,,2026-04-30T14:50:10,back_kick,0.533333,"[{""strike_type"": ""back_kick"", ""probability"": 0.533333}, {""strike_type"": ""hopstep_kick"", ""probability"": 0.346667}, {""strike_type"": ""tornado_kick"", ""probability"": 0.076667}]"
Group - Double_compressed.mp4,single_athlete_training,27,data\processed\clips\Group - Double_compressed\event_027_kick_candidate_left_ankle_t185p99.mp4,kick_candidate,left_ankle,0.918,kick,frontdouble_kick,True,,2026-04-30T14:50:10,back_kick,0.63,"[{""strike_type"": ""back_kick"", ""probability"": 0.63}, {""strike_type"": ""hopstep_kick"", ""probability"": 0.25}, {""strike_type"": ""tornado_kick"", ""probability"": 0.05}]"
Group - Double_compressed.mp4,single_athlete_training,28,data\processed\clips\Group - Double_compressed\event_028_kick_candidate_left_ankle_t189p19.mp4,kick_candidate,left_ankle,0.9838,kick,double_kick,True,,2026-04-30T14:50:10,hopstep_kick,0.423333,"[{""strike_type"": ""hopstep_kick"", ""probability"": 0.423333}, {""strike_type"": ""back_kick"", ""probability"": 0.416667}, {""strike_type"": ""tornado_kick"", ""probability"": 0.113333}]"
Group - Double_compressed.mp4,single_athlete_training,32,data\processed\clips\Group - Double_compressed\event_032_punch_candidate_left_wrist_t35p64.mp4,punch_candidate,left_wrist,0.8435,false_positive,unknown,False,,2026-04-30T14:50:10,axe_kick,0.38,"[{""strike_type"": ""axe_kick"", ""probability"": 0.38}, {""strike_type"": ""hopstep_kick"", ""probability"": 0.186667}, {""strike_type"": ""hopaxe_kick"", ""probability"": 0.18}]"
Group - Double_compressed.mp4,single_athlete_training,36,data\processed\clips\Group - Double_compressed\event_036_punch_candidate_left_wrist_t72p27.mp4,punch_candidate,left_wrist,0.7712,false_positive,unknown,False,,2026-04-30T14:50:10,roundhouse_kick,0.373333,"[{""strike_type"": ""roundhouse_kick"", ""probability"": 0.373333}, {""strike_type"": ""tornado_kick"", ""probability"": 0.31}, {""strike_type"": ""spinninghook_kick"", ""probability"": 0.17}]"
Group - Double_compressed.mp4,single_athlete_training,39,data\processed\clips\Group - Double_compressed\event_039_punch_candidate_left_wrist_t82p48.mp4,punch_candidate,left_wrist,0.9087,false_positive,unknown,False,,2026-04-30T14:50:10,tornado_kick,0.54,"[{""strike_type"": ""tornado_kick"", ""probability"": 0.54}, {""strike_type"": ""spinninghook_kick"", ""probability"": 0.126667}, {""strike_type"": ""hopstep_kick"", ""probability"": 0.11}]"
Group - Double_compressed.mp4,single_athlete_training,41,data\processed\clips\Group - Double_compressed\event_041_punch_candidate_left_wrist_t84p69.mp4,punch_candidate,left_wrist,0.9255,false_positive,unknown,False,,2026-04-30T14:50:10,spinninghook_kick,0.716667,"[{""strike_type"": ""spinninghook_kick"", ""probability"": 0.716667}, {""strike_type"": ""tornado_kick"", ""probability"": 0.153333}, {""strike_type"": ""hopstep_kick"", ""probability"": 0.043333}]"
Group - Double_compressed.mp4,single_athlete_training,43,data\processed\clips\Group - Double_compressed\event_043_punch_candidate_left_wrist_t89p49.mp4,punch_candidate,left_wrist,0.7354,false_positive,unknown,False,,2026-04-30T14:50:10,roundhouse_kick,0.423333,"[{""strike_type"": ""roundhouse_kick"", ""probability"": 0.423333}, {""strike_type"": ""tornado_kick"", ""probability"": 0.213333}, {""strike_type"": ""hopstep_kick"", ""probability"": 0.16}]"
Group - Double_compressed.mp4,single_athlete_training,47,data\processed\clips\Group - Double_compressed\event_047_punch_candidate_left_wrist_t96p70.mp4,punch_candidate,left_wrist,0.7426,false_positive,unknown,False,,2026-04-30T14:50:10,axe_kick,0.503333,"[{""strike_type"": ""axe_kick"", ""probability"": 0.503333}, {""strike_type"": ""hopaxe_kick"", ""probability"": 0.2}, {""strike_type"": ""hopstep_kick"", ""probability"": 0.18}]"
Group - Double_compressed.mp4,single_athlete_training,49,data\processed\clips\Group - Double_compressed\event_049_punch_candidate_left_wrist_t110p91.mp4,punch_candidate,left_wrist,0.5806,kick,double_kick,True,,2026-04-30T14:50:10,axe_kick,0.426667,"[{""strike_type"": ""axe_kick"", ""probability"": 0.426667}, {""strike_type"": ""tornado_kick"", ""probability"": 0.186667}, {""strike_type"": ""roundhouse_kick"", ""probability"": 0.143333}]"
Group - Double_compressed.mp4,single_athlete_training,50,data\processed\clips\Group - Double_compressed\event_050_punch_candidate_left_wrist_t144p55.mp4,punch_candidate,left_wrist,0.7351,false_positive,unknown,False,,2026-04-30T14:50:10,axe_kick,0.32,"[{""strike_type"": ""axe_kick"", ""probability"": 0.32}, {""strike_type"": ""hopaxe_kick"", ""probability"": 0.273333}, {""strike_type"": ""hopstep_kick"", ""probability"": 0.2}]"
Group - Double_compressed.mp4,single_athlete_training,51,data\processed\clips\Group - Double_compressed\event_051_punch_candidate_left_wrist_t162p36.mp4,punch_candidate,left_wrist,0.851,kick,double_kick,True,,2026-04-30T14:50:10,back_kick,0.646667,"[{""strike_type"": ""back_kick"", ""probability"": 0.646667}, {""strike_type"": ""hopstep_kick"", ""probability"": 0.123333}, {""strike_type"": ""tornado_kick"", ""probability"": 0.076667}]"
Group - Double_compressed.mp4,single_athlete_training,52,data\processed\clips\Group - Double_compressed\event_052_punch_candidate_left_wrist_t164p77.mp4,punch_candidate,left_wrist,0.8372,kick,frontdouble_kick,True,,2026-04-30T14:50:10,back_kick,0.583333,"[{""strike_type"": ""back_kick"", ""probability"": 0.583333}, {""strike_type"": ""hopstep_kick"", ""probability"": 0.146667}, {""strike_type"": ""tornado_kick"", ""probability"": 0.083333}]"
Group - Double_compressed.mp4,single_athlete_training,54,data\processed\clips\Group - Double_compressed\event_054_punch_candidate_left_wrist_t173p77.mp4,punch_candidate,left_wrist,0.8762,kick,frontdouble_kick,True,,2026-04-30T14:50:10,back_kick,0.486667,"[{""strike_type"": ""back_kick"", ""probability"": 0.486667}, {""strike_type"": ""hopstep_kick"", ""probability"": 0.216667}, {""strike_type"": ""tornado_kick"", ""probability"": 0.066667}]"
Group - Double_compressed.mp4,single_athlete_training,58,data\processed\clips\Group - Double_compressed\event_058_punch_candidate_left_wrist_t192p79.mp4,punch_candidate,left_wrist,0.8701,false_positive,unknown,False,,2026-04-30T14:50:10,axe_kick,0.343333,"[{""strike_type"": ""axe_kick"", ""probability"": 0.343333}, {""strike_type"": ""tornado_kick"", ""probability"": 0.15}, {""strike_type"": ""hopstep_kick"", ""probability"": 0.143333}]"
Group - Double_compressed.mp4,single_athlete_training,59,data\processed\clips\Group - Double_compressed\event_059_punch_candidate_left_wrist_t193p99.mp4,punch_candidate,left_wrist,0.7334,false_positive,unknown,False,,2026-04-30T14:50:10,axe_kick,0.416667,"[{""strike_type"": ""axe_kick"", ""probability"": 0.416667}, {""strike_type"": ""hopaxe_kick"", ""probability"": 0.236667}, {""strike_type"": ""hopstep_kick"", ""probability"": 0.19}]"
Group - Double_compressed.mp4,single_athlete_training,60,data\processed\clips\Group - Double_compressed\event_060_punch_candidate_left_wrist_t195p20.mp4,punch_candidate,left_wrist,0.601,false_positive,unknown,False,,2026-04-30T14:50:10,axe_kick,0.47,"[{""strike_type"": ""axe_kick"", ""probability"": 0.47}, {""strike_type"": ""hopstep_kick"", ""probability"": 0.22}, {""strike_type"": ""hopaxe_kick"", ""probability"": 0.163333}]"
Group - Double_compressed.mp4,single_athlete_training,63,data\processed\clips\Group - Double_compressed\event_063_kick_candidate_right_ankle_t33p63.mp4,kick_candidate,right_ankle,0.9485,kick,frontdouble_kick,True,,2026-04-30T14:50:10,tornado_kick,0.583333,"[{""strike_type"": ""tornado_kick"", ""probability"": 0.583333}, {""strike_type"": ""back_kick"", ""probability"": 0.176667}, {""strike_type"": ""hopstep_kick"", ""probability"": 0.13}]"
Group - Double_compressed.mp4,single_athlete_training,66,data\processed\clips\Group - Double_compressed\event_066_kick_candidate_right_ankle_t48p45.mp4,kick_candidate,right_ankle,0.9057,kick,double_kick,True,,2026-04-30T14:50:10,axe_kick,0.593333,"[{""strike_type"": ""axe_kick"", ""probability"": 0.593333}, {""strike_type"": ""hopstep_kick"", ""probability"": 0.156667}, {""strike_type"": ""roundhouse_kick"", ""probability"": 0.073333}]"
Group - Double_compressed.mp4,single_athlete_training,67,data\processed\clips\Group - Double_compressed\event_067_kick_candidate_right_ankle_t57p26.mp4,kick_candidate,right_ankle,0.9204,kick,double_kick,True,,2026-04-30T14:50:10,axe_kick,0.703333,"[{""strike_type"": ""axe_kick"", ""probability"": 0.703333}, {""strike_type"": ""hopstep_kick"", ""probability"": 0.12}, {""strike_type"": ""tornado_kick"", ""probability"": 0.053333}]"
Group - Double_compressed.mp4,single_athlete_training,68,data\processed\clips\Group - Double_compressed\event_068_kick_candidate_right_ankle_t73p27.mp4,kick_candidate,right_ankle,0.7062,false_positive,unknown,False,,2026-04-30T14:50:10,roundhouse_kick,0.513333,"[{""strike_type"": ""roundhouse_kick"", ""probability"": 0.513333}, {""strike_type"": ""tornado_kick"", ""probability"": 0.18}, {""strike_type"": ""hopstep_kick"", ""probability"": 0.156667}]"
Group - Double_compressed.mp4,single_athlete_training,69,data\processed\clips\Group - Double_compressed\event_069_kick_candidate_right_ankle_t86p69.mp4,kick_candidate,right_ankle,0.6768,kick,double_kick,True,,2026-04-30T14:50:10,tornado_kick,0.356667,"[{""strike_type"": ""tornado_kick"", ""probability"": 0.356667}, {""strike_type"": ""hopstep_kick"", ""probability"": 0.143333}, {""strike_type"": ""axe_kick"", ""probability"": 0.123333}]"
Group - Double_compressed.mp4,single_athlete_training,70,data\processed\clips\Group - Double_compressed\event_070_kick_candidate_right_ankle_t92p09.mp4,kick_candidate,right_ankle,0.9662,kick,roundhouse_kick,True,,2026-04-30T14:50:10,tornado_kick,0.596667,"[{""strike_type"": ""tornado_kick"", ""probability"": 0.596667}, {""strike_type"": ""hopstep_kick"", ""probability"": 0.096667}, {""strike_type"": ""roundhouse_kick"", ""probability"": 0.09}]"
Group - Double_compressed.mp4,single_athlete_training,71,data\processed\clips\Group - Double_compressed\event_071_kick_candidate_right_ankle_t101p50.mp4,kick_candidate,right_ankle,0.6215,false_positive,unknown,False,,2026-04-30T14:50:10,axe_kick,0.306667,"[{""strike_type"": ""axe_kick"", ""probability"": 0.306667}, {""strike_type"": ""hopstep_kick"", ""probability"": 0.203333}, {""strike_type"": ""hopaxe_kick"", ""probability"": 0.176667}]"
Group - Double_compressed.mp4,single_athlete_training,72,data\processed\clips\Group - Double_compressed\event_072_kick_candidate_right_ankle_t103p70.mp4,kick_candidate,right_ankle,0.7892,kick,double_kick,True,,2026-04-30T14:50:10,tornado_kick,0.286667,"[{""strike_type"": ""tornado_kick"", ""probability"": 0.286667}, {""strike_type"": ""roundhouse_kick"", ""probability"": 0.283333}, {""strike_type"": ""hopstep_kick"", ""probability"": 0.243333}]"
Group - Double_compressed.mp4,single_athlete_training,75,data\processed\clips\Group - Double_compressed\event_075_kick_candidate_right_ankle_t110p51.mp4,kick_candidate,right_ankle,0.9526,kick,double_kick,True,,2026-04-30T14:50:10,spinninghook_kick,0.363333,"[{""strike_type"": ""spinninghook_kick"", ""probability"": 0.363333}, {""strike_type"": ""tornado_kick"", ""probability"": 0.346667}, {""strike_type"": ""hopstep_kick"", ""probability"": 0.07}]"
Group - Double_compressed.mp4,single_athlete_training,76,data\processed\clips\Group - Double_compressed\event_076_kick_candidate_right_ankle_t114p32.mp4,kick_candidate,right_ankle,0.9009,kick,double_kick,True,,2026-04-30T14:50:10,tornado_kick,0.58,"[{""strike_type"": ""tornado_kick"", ""probability"": 0.58}, {""strike_type"": ""back_kick"", ""probability"": 0.173333}, {""strike_type"": ""hopstep_kick"", ""probability"": 0.153333}]"
Group - Double_compressed.mp4,single_athlete_training,79,data\processed\clips\Group - Double_compressed\event_079_kick_candidate_right_ankle_t127p53.mp4,kick_candidate,right_ankle,0.9709,kick,double_kick,True,,2026-04-30T14:50:10,tornado_kick,0.393333,"[{""strike_type"": ""tornado_kick"", ""probability"": 0.393333}, {""strike_type"": ""back_kick"", ""probability"": 0.26}, {""strike_type"": ""hopstep_kick"", ""probability"": 0.246667}]"
Group - Double_compressed.mp4,single_athlete_training,80,data\processed\clips\Group - Double_compressed\event_080_kick_candidate_right_ankle_t132p33.mp4,kick_candidate,right_ankle,0.9639,kick,frontdouble_kick,True,,2026-04-30T14:50:10,tornado_kick,0.646667,"[{""strike_type"": ""tornado_kick"", ""probability"": 0.646667}, {""strike_type"": ""back_kick"", ""probability"": 0.13}, {""strike_type"": ""hopstep_kick"", ""probability"": 0.1}]"
Group - Double_compressed.mp4,single_athlete_training,83,data\processed\clips\Group - Double_compressed\event_083_kick_candidate_right_ankle_t162p36.mp4,kick_candidate,right_ankle,0.9049,kick,double_kick,True,,2026-04-30T14:50:10,back_kick,0.63,"[{""strike_type"": ""back_kick"", ""probability"": 0.63}, {""strike_type"": ""hopstep_kick"", ""probability"": 0.143333}, {""strike_type"": ""tornado_kick"", ""probability"": 0.05}]"
Group - Double_compressed.mp4,single_athlete_training,84,data\processed\clips\Group - Double_compressed\event_084_kick_candidate_right_ankle_t164p97.mp4,kick_candidate,right_ankle,0.9743,kick,frontdouble_kick,True,,2026-04-30T14:50:10,back_kick,0.553333,"[{""strike_type"": ""back_kick"", ""probability"": 0.553333}, {""strike_type"": ""hopstep_kick"", ""probability"": 0.233333}, {""strike_type"": ""tornado_kick"", ""probability"": 0.066667}]"
Group - Double_compressed.mp4,single_athlete_training,86,data\processed\clips\Group - Double_compressed\event_086_kick_candidate_right_ankle_t174p18.mp4,kick_candidate,right_ankle,0.972,kick,frontdouble_kick,True,,2026-04-30T14:50:10,back_kick,0.5,"[{""strike_type"": ""back_kick"", ""probability"": 0.5}, {""strike_type"": ""hopstep_kick"", ""probability"": 0.21}, {""strike_type"": ""tornado_kick"", ""probability"": 0.103333}]"
Group - Double_compressed.mp4,single_athlete_training,87,data\processed\clips\Group - Double_compressed\event_087_kick_candidate_right_ankle_t177p78.mp4,kick_candidate,right_ankle,0.9789,kick,frontdouble_kick,True,,2026-04-30T14:50:10,back_kick,0.523333,"[{""strike_type"": ""back_kick"", ""probability"": 0.523333}, {""strike_type"": ""tornado_kick"", ""probability"": 0.21}, {""strike_type"": ""hopstep_kick"", ""probability"": 0.176667}]"
Group - Double_compressed.mp4,single_athlete_training,88,data\processed\clips\Group - Double_compressed\event_088_kick_candidate_right_ankle_t180p58.mp4,kick_candidate,right_ankle,0.973,kick,frontdouble_kick,True,,2026-04-30T14:50:10,back_kick,0.536667,"[{""strike_type"": ""back_kick"", ""probability"": 0.536667}, {""strike_type"": ""hopstep_kick"", ""probability"": 0.363333}, {""strike_type"": ""tornado_kick"", ""probability"": 0.03}]"
Group - Double_compressed.mp4,single_athlete_training,89,data\processed\clips\Group - Double_compressed\event_089_kick_candidate_right_ankle_t183p38.mp4,kick_candidate,right_ankle,0.9823,kick,frontdouble_kick,True,,2026-04-30T14:50:10,back_kick,0.526667,"[{""strike_type"": ""back_kick"", ""probability"": 0.526667}, {""strike_type"": ""hopstep_kick"", ""probability"": 0.28}, {""strike_type"": ""tornado_kick"", ""probability"": 0.12}]"
Group - Double_compressed.mp4,single_athlete_training,90,data\processed\clips\Group - Double_compressed\event_090_kick_candidate_right_ankle_t186p39.mp4,kick_candidate,right_ankle,0.8407,kick,frontdouble_kick,True,,2026-04-30T14:50:10,back_kick,0.543333,"[{""strike_type"": ""back_kick"", ""probability"": 0.543333}, {""strike_type"": ""hopstep_kick"", ""probability"": 0.336667}, {""strike_type"": ""tornado_kick"", ""probability"": 0.05}]"
Group - Double_compressed.mp4,single_athlete_training,94,data\processed\clips\Group - Double_compressed\event_094_punch_candidate_right_wrist_t16p82.mp4,punch_candidate,right_wrist,0.7259,kick,frontdouble_kick,True,,2026-04-30T14:50:10,spinninghook_kick,0.616667,"[{""strike_type"": ""spinninghook_kick"", ""probability"": 0.616667}, {""strike_type"": ""tornado_kick"", ""probability"": 0.193333}, {""strike_type"": ""hopstep_kick"", ""probability"": 0.08}]"
Group - Double_compressed.mp4,single_athlete_training,95,data\processed\clips\Group - Double_compressed\event_095_punch_candidate_right_wrist_t33p43.mp4,punch_candidate,right_wrist,0.6716,kick,frontdouble_kick,True,,2026-04-30T14:50:10,back_kick,0.46,"[{""strike_type"": ""back_kick"", ""probability"": 0.46}, {""strike_type"": ""tornado_kick"", ""probability"": 0.246667}, {""strike_type"": ""hopstep_kick"", ""probability"": 0.216667}]"
Group - Double_compressed.mp4,single_athlete_training,96,data\processed\clips\Group - Double_compressed\event_096_punch_candidate_right_wrist_t36p04.mp4,punch_candidate,right_wrist,0.7839,false_positive,unknown,False,,2026-04-30T14:50:10,axe_kick,0.346667,"[{""strike_type"": ""axe_kick"", ""probability"": 0.346667}, {""strike_type"": ""hopstep_kick"", ""probability"": 0.246667}, {""strike_type"": ""hopaxe_kick"", ""probability"": 0.206667}]"
Group - Double_compressed.mp4,single_athlete_training,97,data\processed\clips\Group - Double_compressed\event_097_punch_candidate_right_wrist_t39p04.mp4,punch_candidate,right_wrist,0.7358,false_positive,unknown,False,,2026-04-30T14:50:10,axe_kick,0.496667,"[{""strike_type"": ""axe_kick"", ""probability"": 0.496667}, {""strike_type"": ""hopaxe_kick"", ""probability"": 0.196667}, {""strike_type"": ""hopstep_kick"", ""probability"": 0.16}]"
Group - Double_compressed.mp4,single_athlete_training,98,data\processed\clips\Group - Double_compressed\event_098_punch_candidate_right_wrist_t66p47.mp4,punch_candidate,right_wrist,0.5039,kick,double_kick,True,,2026-04-30T14:50:10,tornado_kick,0.493333,"[{""strike_type"": ""tornado_kick"", ""probability"": 0.493333}, {""strike_type"": ""spinninghook_kick"", ""probability"": 0.17}, {""strike_type"": ""roundhouse_kick"", ""probability"": 0.123333}]"
Group - Double_compressed.mp4,single_athlete_training,103,data\processed\clips\Group - Double_compressed\event_103_punch_candidate_right_wrist_t83p48.mp4,punch_candidate,right_wrist,0.7096,kick,roundhouse_kick,True,,2026-04-30T14:50:10,tornado_kick,0.46,"[{""strike_type"": ""tornado_kick"", ""probability"": 0.46}, {""strike_type"": ""spinninghook_kick"", ""probability"": 0.213333}, {""strike_type"": ""roundhouse_kick"", ""probability"": 0.11}]"
Group - Double_compressed.mp4,single_athlete_training,106,data\processed\clips\Group - Double_compressed\event_106_punch_candidate_right_wrist_t94p90.mp4,punch_candidate,right_wrist,0.6054,false_positive,unknown,False,,2026-04-30T14:50:10,axe_kick,0.693333,"[{""strike_type"": ""axe_kick"", ""probability"": 0.693333}, {""strike_type"": ""tornado_kick"", ""probability"": 0.066667}, {""strike_type"": ""roundhouse_kick"", ""probability"": 0.056667}]"
Group - Double_compressed.mp4,single_athlete_training,108,data\processed\clips\Group - Double_compressed\event_108_punch_candidate_right_wrist_t101p50.mp4,punch_candidate,right_wrist,0.5501,false_positive,unknown,False,,2026-04-30T14:50:10,axe_kick,0.306667,"[{""strike_type"": ""axe_kick"", ""probability"": 0.306667}, {""strike_type"": ""hopstep_kick"", ""probability"": 0.203333}, {""strike_type"": ""hopaxe_kick"", ""probability"": 0.176667}]"
Group - Double_compressed.mp4,single_athlete_training,109,data\processed\clips\Group - Double_compressed\event_109_punch_candidate_right_wrist_t104p71.mp4,punch_candidate,right_wrist,0.7705,kick,double_kick,True,,2026-04-30T14:50:10,tornado_kick,0.423333,"[{""strike_type"": ""tornado_kick"", ""probability"": 0.423333}, {""strike_type"": ""spinninghook_kick"", ""probability"": 0.18}, {""strike_type"": ""hopstep_kick"", ""probability"": 0.15}]"
Group - Double_compressed.mp4,single_athlete_training,110,data\processed\clips\Group - Double_compressed\event_110_punch_candidate_right_wrist_t110p51.mp4,punch_candidate,right_wrist,0.8868,kick,double_kick,True,,2026-04-30T14:50:10,spinninghook_kick,0.363333,"[{""strike_type"": ""spinninghook_kick"", ""probability"": 0.363333}, {""strike_type"": ""tornado_kick"", ""probability"": 0.346667}, {""strike_type"": ""hopstep_kick"", ""probability"": 0.07}]"
Group - Double_compressed.mp4,single_athlete_training,112,data\processed\clips\Group - Double_compressed\event_112_punch_candidate_right_wrist_t138p94.mp4,punch_candidate,right_wrist,0.5918,false_positive,unknown,False,,2026-04-30T14:50:10,axe_kick,0.486667,"[{""strike_type"": ""axe_kick"", ""probability"": 0.486667}, {""strike_type"": ""tornado_kick"", ""probability"": 0.163333}, {""strike_type"": ""spinninghook_kick"", ""probability"": 0.106667}]"
Group - Double_compressed.mp4,single_athlete_training,114,data\processed\clips\Group - Double_compressed\event_114_punch_candidate_right_wrist_t145p15.mp4,punch_candidate,right_wrist,0.769,false_positive,unknown,False,,2026-04-30T14:50:10,axe_kick,0.463333,"[{""strike_type"": ""axe_kick"", ""probability"": 0.463333}, {""strike_type"": ""hopstep_kick"", ""probability"": 0.213333}, {""strike_type"": ""hopaxe_kick"", ""probability"": 0.073333}]"
Group - Double_compressed.mp4,single_athlete_training,116,data\processed\clips\Group - Double_compressed\event_116_punch_candidate_right_wrist_t165p17.mp4,punch_candidate,right_wrist,0.6672,kick,frontdouble_kick,True,,2026-04-30T14:50:10,back_kick,0.42,"[{""strike_type"": ""back_kick"", ""probability"": 0.42}, {""strike_type"": ""hopstep_kick"", ""probability"": 0.39}, {""strike_type"": ""tornado_kick"", ""probability"": 0.066667}]"
Group - Double_compressed.mp4,single_athlete_training,118,data\processed\clips\Group - Double_compressed\event_118_punch_candidate_right_wrist_t173p97.mp4,punch_candidate,right_wrist,0.8002,kick,frontdouble_kick,True,,2026-04-30T14:50:10,back_kick,0.513333,"[{""strike_type"": ""back_kick"", ""probability"": 0.513333}, {""strike_type"": ""hopstep_kick"", ""probability"": 0.216667}, {""strike_type"": ""jab"", ""probability"": 0.053333}]"
Group - Double_compressed.mp4,single_athlete_training,121,data\processed\clips\Group - Double_compressed\event_121_punch_candidate_right_wrist_t188p99.mp4,punch_candidate,right_wrist,0.8844,kick,double_kick,True,,2026-04-30T14:50:10,back_kick,0.663333,"[{""strike_type"": ""back_kick"", ""probability"": 0.663333}, {""strike_type"": ""hopstep_kick"", ""probability"": 0.24}, {""strike_type"": ""tornado_kick"", ""probability"": 0.046667}]"
Group - Double_compressed.mp4,single_athlete_training,122,data\processed\clips\Group - Double_compressed\event_122_punch_candidate_right_wrist_t193p99.mp4,punch_candidate,right_wrist,0.5972,false_positive,unknown,False,,2026-04-30T14:50:10,axe_kick,0.416667,"[{""strike_type"": ""axe_kick"", ""probability"": 0.416667}, {""strike_type"": ""hopaxe_kick"", ""probability"": 0.233333}, {""strike_type"": ""hopstep_kick"", ""probability"": 0.193333}]"
Group - Spinning Hook_compressed.mp4,single_athlete_training,1,data\processed\clips\Group - Spinning Hook_compressed\event_001_kick_candidate_left_ankle_t0p20.mp4,kick_candidate,left_ankle,0.7452,false_positive,unknown,False,,2026-04-30T15:01:50,spinninghook_kick,0.32,"[{""strike_type"": ""spinninghook_kick"", ""probability"": 0.32}, {""strike_type"": ""hopstep_kick"", ""probability"": 0.21}, {""strike_type"": ""roundhouse_kick"", ""probability"": 0.123333}]"
Group - Spinning Hook_compressed.mp4,single_athlete_training,4,data\processed\clips\Group - Spinning Hook_compressed\event_004_kick_candidate_left_ankle_t16p82.mp4,kick_candidate,left_ankle,0.6428,kick,spinninghook_kick,True,,2026-04-30T15:01:50,spinninghook_kick,0.65,"[{""strike_type"": ""spinninghook_kick"", ""probability"": 0.65}, {""strike_type"": ""hopstep_kick"", ""probability"": 0.133333}, {""strike_type"": ""back_kick"", ""probability"": 0.096667}]"
Group - Spinning Hook_compressed.mp4,single_athlete_training,7,data\processed\clips\Group - Spinning Hook_compressed\event_007_kick_candidate_left_ankle_t27p64.mp4,kick_candidate,left_ankle,0.9411,kick,spinninghook_kick,True,,2026-04-30T15:01:50,spinninghook_kick,0.886667,"[{""strike_type"": ""spinninghook_kick"", ""probability"": 0.886667}, {""strike_type"": ""tornado_kick"", ""probability"": 0.076667}, {""strike_type"": ""hopstep_kick"", ""probability"": 0.016667}]"
Group - Spinning Hook_compressed.mp4,single_athlete_training,8,data\processed\clips\Group - Spinning Hook_compressed\event_008_kick_candidate_left_ankle_t29p24.mp4,kick_candidate,left_ankle,0.7994,false_positive,unknown,False,,2026-04-30T15:01:50,roundhouse_kick,0.67,"[{""strike_type"": ""roundhouse_kick"", ""probability"": 0.67}, {""strike_type"": ""tornado_kick"", ""probability"": 0.186667}, {""strike_type"": ""spinninghook_kick"", ""probability"": 0.076667}]"
Group - Spinning Hook_compressed.mp4,single_athlete_training,9,data\processed\clips\Group - Spinning Hook_compressed\event_009_kick_candidate_left_ankle_t32p45.mp4,kick_candidate,left_ankle,0.8206,false_positive,unknown,False,,2026-04-30T15:01:50,roundhouse_kick,0.503333,"[{""strike_type"": ""roundhouse_kick"", ""probability"": 0.503333}, {""strike_type"": ""spinninghook_kick"", ""probability"": 0.223333}, {""strike_type"": ""back_kick"", ""probability"": 0.13}]"
Group - Spinning Hook_compressed.mp4,single_athlete_training,10,data\processed\clips\Group - Spinning Hook_compressed\event_010_kick_candidate_left_ankle_t35p65.mp4,kick_candidate,left_ankle,0.7261,kick,spinninghook_kick,True,,2026-04-30T15:01:50,spinninghook_kick,0.58,"[{""strike_type"": ""spinninghook_kick"", ""probability"": 0.58}, {""strike_type"": ""hopstep_kick"", ""probability"": 0.13}, {""strike_type"": ""axe_kick"", ""probability"": 0.086667}]"
Group - Spinning Hook_compressed.mp4,single_athlete_training,11,data\processed\clips\Group - Spinning Hook_compressed\event_011_kick_candidate_left_ankle_t60p28.mp4,kick_candidate,left_ankle,0.6863,kick,spinninghook_kick,True,,2026-04-30T15:01:50,axe_kick,0.486667,"[{""strike_type"": ""axe_kick"", ""probability"": 0.486667}, {""strike_type"": ""tornado_kick"", ""probability"": 0.13}, {""strike_type"": ""hopstep_kick"", ""probability"": 0.106667}]"
Group - Spinning Hook_compressed.mp4,single_athlete_training,16,data\processed\clips\Group - Spinning Hook_compressed\event_016_kick_candidate_left_ankle_t91p73.mp4,kick_candidate,left_ankle,0.9691,kick,spinninghook_kick,True,,2026-04-30T15:01:50,spinninghook_kick,0.356667,"[{""strike_type"": ""spinninghook_kick"", ""probability"": 0.356667}, {""strike_type"": ""tornado_kick"", ""probability"": 0.206667}, {""strike_type"": ""axe_kick"", ""probability"": 0.166667}]"
Group - Spinning Hook_compressed.mp4,single_athlete_training,18,data\processed\clips\Group - Spinning Hook_compressed\event_018_kick_candidate_left_ankle_t103p74.mp4,kick_candidate,left_ankle,0.7111,kick,spinninghook_kick,True,,2026-04-30T15:01:50,tornado_kick,0.403333,"[{""strike_type"": ""tornado_kick"", ""probability"": 0.403333}, {""strike_type"": ""spinninghook_kick"", ""probability"": 0.326667}, {""strike_type"": ""axe_kick"", ""probability"": 0.073333}]"
Group - Spinning Hook_compressed.mp4,single_athlete_training,19,data\processed\clips\Group - Spinning Hook_compressed\event_019_kick_candidate_left_ankle_t117p56.mp4,kick_candidate,left_ankle,0.508,false_positive,unknown,False,,2026-04-30T15:01:50,axe_kick,0.74,"[{""strike_type"": ""axe_kick"", ""probability"": 0.74}, {""strike_type"": ""roundhouse_kick"", ""probability"": 0.066667}, {""strike_type"": ""spinninghook_kick"", ""probability"": 0.066667}]"
Group - Spinning Hook_compressed.mp4,single_athlete_training,25,data\processed\clips\Group - Spinning Hook_compressed\event_025_punch_candidate_left_wrist_t57p08.mp4,punch_candidate,left_wrist,0.6343,false_positive,unknown,False,,2026-04-30T15:01:50,axe_kick,0.42,"[{""strike_type"": ""axe_kick"", ""probability"": 0.42}, {""strike_type"": ""spinninghook_kick"", ""probability"": 0.276667}, {""strike_type"": ""roundhouse_kick"", ""probability"": 0.083333}]"
Group - Spinning Hook_compressed.mp4,single_athlete_training,26,data\processed\clips\Group - Spinning Hook_compressed\event_026_punch_candidate_left_wrist_t83p92.mp4,punch_candidate,left_wrist,0.8882,kick,spinninghook_kick,True,,2026-04-30T15:01:50,spinninghook_kick,0.626667,"[{""strike_type"": ""spinninghook_kick"", ""probability"": 0.626667}, {""strike_type"": ""tornado_kick"", ""probability"": 0.156667}, {""strike_type"": ""hopstep_kick"", ""probability"": 0.06}]"
Group - Spinning Hook_compressed.mp4,single_athlete_training,27,data\processed\clips\Group - Spinning Hook_compressed\event_027_punch_candidate_left_wrist_t103p54.mp4,punch_candidate,left_wrist,0.5736,kick,spinninghook_kick,True,,2026-04-30T15:01:50,tornado_kick,0.363333,"[{""strike_type"": ""tornado_kick"", ""probability"": 0.363333}, {""strike_type"": ""spinninghook_kick"", ""probability"": 0.22}, {""strike_type"": ""roundhouse_kick"", ""probability"": 0.13}]"
Group - Spinning Hook_compressed.mp4,single_athlete_training,29,data\processed\clips\Group - Spinning Hook_compressed\event_029_punch_candidate_left_wrist_t113p96.mp4,punch_candidate,left_wrist,0.7734,kick,spinninghook_kick,True,,2026-04-30T15:01:50,spinninghook_kick,0.683333,"[{""strike_type"": ""spinninghook_kick"", ""probability"": 0.683333}, {""strike_type"": ""tornado_kick"", ""probability"": 0.21}, {""strike_type"": ""hopstep_kick"", ""probability"": 0.04}]"
Group - Spinning Hook_compressed.mp4,single_athlete_training,31,data\processed\clips\Group - Spinning Hook_compressed\event_031_punch_candidate_left_wrist_t117p56.mp4,punch_candidate,left_wrist,0.6305,false_positive,unknown,False,,2026-04-30T15:01:50,axe_kick,0.74,"[{""strike_type"": ""axe_kick"", ""probability"": 0.74}, {""strike_type"": ""roundhouse_kick"", ""probability"": 0.066667}, {""strike_type"": ""spinninghook_kick"", ""probability"": 0.066667}]"
Group - Spinning Hook_compressed.mp4,single_athlete_training,33,data\processed\clips\Group - Spinning Hook_compressed\event_033_kick_candidate_right_ankle_t0p20.mp4,kick_candidate,right_ankle,0.6717,false_positive,unknown,False,,2026-04-30T15:01:50,spinninghook_kick,0.323333,"[{""strike_type"": ""spinninghook_kick"", ""probability"": 0.323333}, {""strike_type"": ""hopstep_kick"", ""probability"": 0.21}, {""strike_type"": ""roundhouse_kick"", ""probability"": 0.123333}]"
Group - Spinning Hook_compressed.mp4,single_athlete_training,34,data\processed\clips\Group - Spinning Hook_compressed\event_034_kick_candidate_right_ankle_t3p01.mp4,kick_candidate,right_ankle,0.9359,kick,spinninghook_kick,True,,2026-04-30T15:01:50,spinninghook_kick,0.876667,"[{""strike_type"": ""spinninghook_kick"", ""probability"": 0.876667}, {""strike_type"": ""tornado_kick"", ""probability"": 0.096667}, {""strike_type"": ""hopstep_kick"", ""probability"": 0.013333}]"
Group - Spinning Hook_compressed.mp4,single_athlete_training,35,data\processed\clips\Group - Spinning Hook_compressed\event_035_kick_candidate_right_ankle_t3p81.mp4,kick_candidate,right_ankle,0.8077,kick,spinninghook_kick,True,,2026-04-30T15:01:50,spinninghook_kick,0.783333,"[{""strike_type"": ""spinninghook_kick"", ""probability"": 0.783333}, {""strike_type"": ""tornado_kick"", ""probability"": 0.093333}, {""strike_type"": ""roundhouse_kick"", ""probability"": 0.043333}]"
Group - Spinning Hook_compressed.mp4,single_athlete_training,37,data\processed\clips\Group - Spinning Hook_compressed\event_037_kick_candidate_right_ankle_t16p42.mp4,kick_candidate,right_ankle,0.9337,kick,spinninghook_kick,True,,2026-04-30T15:01:50,spinninghook_kick,0.866667,"[{""strike_type"": ""spinninghook_kick"", ""probability"": 0.866667}, {""strike_type"": ""tornado_kick"", ""probability"": 0.056667}, {""strike_type"": ""hopstep_kick"", ""probability"": 0.026667}]"
Group - Spinning Hook_compressed.mp4,single_athlete_training,39,data\processed\clips\Group - Spinning Hook_compressed\event_039_kick_candidate_right_ankle_t28p24.mp4,kick_candidate,right_ankle,0.9658,kick,spinninghook_kick,True,,2026-04-30T15:01:50,spinninghook_kick,0.87,"[{""strike_type"": ""spinninghook_kick"", ""probability"": 0.87}, {""strike_type"": ""tornado_kick"", ""probability"": 0.073333}, {""strike_type"": ""roundhouse_kick"", ""probability"": 0.02}]"
Group - Spinning Hook_compressed.mp4,single_athlete_training,40,data\processed\clips\Group - Spinning Hook_compressed\event_040_kick_candidate_right_ankle_t30p84.mp4,kick_candidate,right_ankle,0.6839,kick,spinninghook_kick,True,,2026-04-30T15:01:50,spinninghook_kick,0.433333,"[{""strike_type"": ""spinninghook_kick"", ""probability"": 0.433333}, {""strike_type"": ""tornado_kick"", ""probability"": 0.303333}, {""strike_type"": ""roundhouse_kick"", ""probability"": 0.106667}]"
Group - Spinning Hook_compressed.mp4,single_athlete_training,42,data\processed\clips\Group - Spinning Hook_compressed\event_042_kick_candidate_right_ankle_t35p45.mp4,kick_candidate,right_ankle,0.6505,kick,spinninghook_kick,True,,2026-04-30T15:01:50,spinninghook_kick,0.64,"[{""strike_type"": ""spinninghook_kick"", ""probability"": 0.64}, {""strike_type"": ""hopstep_kick"", ""probability"": 0.123333}, {""strike_type"": ""back_kick"", ""probability"": 0.083333}]"
Group - Spinning Hook_compressed.mp4,single_athlete_training,46,data\processed\clips\Group - Spinning Hook_compressed\event_046_kick_candidate_right_ankle_t84p52.mp4,kick_candidate,right_ankle,0.7834,kick,spinninghook_kick,True,,2026-04-30T15:01:50,spinninghook_kick,0.346667,"[{""strike_type"": ""spinninghook_kick"", ""probability"": 0.346667}, {""strike_type"": ""tornado_kick"", ""probability"": 0.266667}, {""strike_type"": ""roundhouse_kick"", ""probability"": 0.163333}]"
Group - Spinning Hook_compressed.mp4,single_athlete_training,47,data\processed\clips\Group - Spinning Hook_compressed\event_047_kick_candidate_right_ankle_t88p12.mp4,kick_candidate,right_ankle,0.5746,kick,spinninghook_kick,True,,2026-04-30T15:01:50,tornado_kick,0.32,"[{""strike_type"": ""tornado_kick"", ""probability"": 0.32}, {""strike_type"": ""spinninghook_kick"", ""probability"": 0.313333}, {""strike_type"": ""roundhouse_kick"", ""probability"": 0.14}]"
Group - Spinning Hook_compressed.mp4,single_athlete_training,48,data\processed\clips\Group - Spinning Hook_compressed\event_048_kick_candidate_right_ankle_t91p53.mp4,kick_candidate,right_ankle,0.9712,kick,spinninghook_kick,True,,2026-04-30T15:01:50,spinninghook_kick,0.663333,"[{""strike_type"": ""spinninghook_kick"", ""probability"": 0.663333}, {""strike_type"": ""tornado_kick"", ""probability"": 0.24}, {""strike_type"": ""hopstep_kick"", ""probability"": 0.036667}]"
Group - Spinning Hook_compressed.mp4,single_athlete_training,49,data\processed\clips\Group - Spinning Hook_compressed\event_049_kick_candidate_right_ankle_t103p54.mp4,kick_candidate,right_ankle,0.9455,kick,spinninghook_kick,True,,2026-04-30T15:01:50,tornado_kick,0.39,"[{""strike_type"": ""tornado_kick"", ""probability"": 0.39}, {""strike_type"": ""spinninghook_kick"", ""probability"": 0.23}, {""strike_type"": ""roundhouse_kick"", ""probability"": 0.11}]"
Group - Spinning Hook_compressed.mp4,single_athlete_training,50,data\processed\clips\Group - Spinning Hook_compressed\event_050_kick_candidate_right_ankle_t107p15.mp4,kick_candidate,right_ankle,0.9487,kick,spinninghook_kick,True,,2026-04-30T15:01:50,tornado_kick,0.406667,"[{""strike_type"": ""tornado_kick"", ""probability"": 0.406667}, {""strike_type"": ""spinninghook_kick"", ""probability"": 0.27}, {""strike_type"": ""roundhouse_kick"", ""probability"": 0.116667}]"
Group - Spinning Hook_compressed.mp4,single_athlete_training,51,data\processed\clips\Group - Spinning Hook_compressed\event_051_kick_candidate_right_ankle_t107p95.mp4,kick_candidate,right_ankle,0.8886,kick,spinninghook_kick,True,,2026-04-30T15:01:50,tornado_kick,0.51,"[{""strike_type"": ""tornado_kick"", ""probability"": 0.51}, {""strike_type"": ""spinninghook_kick"", ""probability"": 0.213333}, {""strike_type"": ""roundhouse_kick"", ""probability"": 0.113333}]"
Group - Spinning Hook_compressed.mp4,single_athlete_training,52,data\processed\clips\Group - Spinning Hook_compressed\event_052_kick_candidate_right_ankle_t110p95.mp4,kick_candidate,right_ankle,0.967,kick,spinninghook_kick,True,,2026-04-30T15:01:50,spinninghook_kick,0.42,"[{""strike_type"": ""spinninghook_kick"", ""probability"": 0.42}, {""strike_type"": ""tornado_kick"", ""probability"": 0.373333}, {""strike_type"": ""roundhouse_kick"", ""probability"": 0.063333}]"
Group - Spinning Hook_compressed.mp4,single_athlete_training,57,data\processed\clips\Group - Spinning Hook_compressed\event_057_kick_candidate_right_ankle_t165p23.mp4,kick_candidate,right_ankle,0.8424,kick,spinninghook_kick,True,,2026-04-30T15:01:50,axe_kick,0.646667,"[{""strike_type"": ""axe_kick"", ""probability"": 0.646667}, {""strike_type"": ""hopstep_kick"", ""probability"": 0.19}, {""strike_type"": ""back_kick"", ""probability"": 0.05}]"
Group - Spinning Hook_compressed.mp4,single_athlete_training,61,data\processed\clips\Group - Spinning Hook_compressed\event_061_punch_candidate_right_wrist_t16p62.mp4,punch_candidate,right_wrist,0.8687,kick,spinninghook_kick,True,,2026-04-30T15:01:50,spinninghook_kick,0.866667,"[{""strike_type"": ""spinninghook_kick"", ""probability"": 0.866667}, {""strike_type"": ""tornado_kick"", ""probability"": 0.056667}, {""strike_type"": ""hopstep_kick"", ""probability"": 0.023333}]"
Group - Spinning Hook_compressed.mp4,single_athlete_training,66,data\processed\clips\Group - Spinning Hook_compressed\event_066_punch_candidate_right_wrist_t83p51.mp4,punch_candidate,right_wrist,0.8814,kick,spinninghook_kick,True,,2026-04-30T15:01:50,spinninghook_kick,0.706667,"[{""strike_type"": ""spinninghook_kick"", ""probability"": 0.706667}, {""strike_type"": ""tornado_kick"", ""probability"": 0.16}, {""strike_type"": ""hopstep_kick"", ""probability"": 0.056667}]"
Group - Spinning Hook_compressed.mp4,single_athlete_training,67,data\processed\clips\Group - Spinning Hook_compressed\event_067_punch_candidate_right_wrist_t92p73.mp4,punch_candidate,right_wrist,0.8211,kick,spinninghook_kick,True,,2026-04-30T15:01:50,spinninghook_kick,0.596667,"[{""strike_type"": ""spinninghook_kick"", ""probability"": 0.596667}, {""strike_type"": ""tornado_kick"", ""probability"": 0.216667}, {""strike_type"": ""hopstep_kick"", ""probability"": 0.076667}]"
Group - Spinning Hook_compressed.mp4,single_athlete_training,68,data\processed\clips\Group - Spinning Hook_compressed\event_068_punch_candidate_right_wrist_t113p96.mp4,punch_candidate,right_wrist,0.769,kick,spinninghook_kick,True,,2026-04-30T15:01:50,spinninghook_kick,0.683333,"[{""strike_type"": ""spinninghook_kick"", ""probability"": 0.683333}, {""strike_type"": ""tornado_kick"", ""probability"": 0.21}, {""strike_type"": ""hopstep_kick"", ""probability"": 0.04}]"
Group - Spinning Hook_compressed.mp4,single_athlete_training,69,data\processed\clips\Group - Spinning Hook_compressed\event_069_punch_candidate_right_wrist_t116p56.mp4,punch_candidate,right_wrist,0.5956,false_positive,unknown,False,,2026-04-30T15:01:50,roundhouse_kick,0.393333,"[{""strike_type"": ""roundhouse_kick"", ""probability"": 0.393333}, {""strike_type"": ""spinninghook_kick"", ""probability"": 0.273333}, {""strike_type"": ""tornado_kick"", ""probability"": 0.133333}]"
Group - Hop Axe.mp4,single_athlete_training,1,data\processed\clips\Group - Hop Axe\event_001_kick_candidate_left_ankle_t0p00.mp4,kick_candidate,left_ankle,0.8869,false_positive,unknown,False,,2026-05-01T16:37:14,hopaxe_kick,0.34,"[{""strike_type"": ""hopaxe_kick"", ""probability"": 0.34}, {""strike_type"": ""spinninghook_kick"", ""probability"": 0.28}, {""strike_type"": ""back_kick"", ""probability"": 0.08}]"
Group - Hop Axe.mp4,single_athlete_training,2,data\processed\clips\Group - Hop Axe\event_002_kick_candidate_left_ankle_t5p00.mp4,kick_candidate,left_ankle,0.9298,kick,hopaxe_kick,True,,2026-05-01T16:37:14,cut_kick,0.266667,"[{""strike_type"": ""cut_kick"", ""probability"": 0.266667}, {""strike_type"": ""spinninghook_kick"", ""probability"": 0.17}, {""strike_type"": ""tornado_kick"", ""probability"": 0.13}]"
Group - Hop Axe.mp4,single_athlete_training,3,data\processed\clips\Group - Hop Axe\event_003_kick_candidate_left_ankle_t7p80.mp4,kick_candidate,left_ankle,0.919,kick,hopaxe_kick,True,,2026-05-01T16:37:14,spinninghook_kick,0.493333,"[{""strike_type"": ""spinninghook_kick"", ""probability"": 0.493333}, {""strike_type"": ""cut_kick"", ""probability"": 0.116667}, {""strike_type"": ""back_kick"", ""probability"": 0.106667}]"
Group - Hop Axe.mp4,single_athlete_training,4,data\processed\clips\Group - Hop Axe\event_004_kick_candidate_left_ankle_t9p40.mp4,kick_candidate,left_ankle,0.6466,false_positive,unknown,False,,2026-05-01T16:37:14,back_kick,0.27,"[{""strike_type"": ""back_kick"", ""probability"": 0.27}, {""strike_type"": ""cut_kick"", ""probability"": 0.21}, {""strike_type"": ""spinninghook_kick"", ""probability"": 0.166667}]"
Group - Hop Axe.mp4,single_athlete_training,8,data\processed\clips\Group - Hop Axe\event_008_kick_candidate_left_ankle_t18p00.mp4,kick_candidate,left_ankle,0.9619,kick,hopaxe_kick,True,,2026-05-01T16:37:14,tornado_kick,0.343333,"[{""strike_type"": ""tornado_kick"", ""probability"": 0.343333}, {""strike_type"": ""cut_kick"", ""probability"": 0.33}, {""strike_type"": ""back_kick"", ""probability"": 0.08}]"
Group - Hop Axe.mp4,single_athlete_training,9,data\processed\clips\Group - Hop Axe\event_009_kick_candidate_left_ankle_t21p20.mp4,kick_candidate,left_ankle,0.9491,kick,hopaxe_kick,True,,2026-05-01T16:37:14,tornado_kick,0.316667,"[{""strike_type"": ""tornado_kick"", ""probability"": 0.316667}, {""strike_type"": ""cut_kick"", ""probability"": 0.303333}, {""strike_type"": ""back_kick"", ""probability"": 0.116667}]"
Group - Hop Axe.mp4,single_athlete_training,10,data\processed\clips\Group - Hop Axe\event_010_kick_candidate_left_ankle_t25p00.mp4,kick_candidate,left_ankle,0.9738,kick,hopaxe_kick,True,,2026-05-01T16:37:14,cut_kick,0.413333,"[{""strike_type"": ""cut_kick"", ""probability"": 0.413333}, {""strike_type"": ""tornado_kick"", ""probability"": 0.286667}, {""strike_type"": ""back_kick"", ""probability"": 0.08}]"
Group - Hop Axe.mp4,single_athlete_training,11,data\processed\clips\Group - Hop Axe\event_011_kick_candidate_left_ankle_t28p40.mp4,kick_candidate,left_ankle,0.9697,kick,hopaxe_kick,True,,2026-05-01T16:37:14,tornado_kick,0.433333,"[{""strike_type"": ""tornado_kick"", ""probability"": 0.433333}, {""strike_type"": ""cut_kick"", ""probability"": 0.193333}, {""strike_type"": ""spinninghook_kick"", ""probability"": 0.096667}]"
Group - Hop Axe.mp4,single_athlete_training,13,data\processed\clips\Group - Hop Axe\event_013_kick_candidate_left_ankle_t31p80.mp4,kick_candidate,left_ankle,0.9729,kick,hopaxe_kick,True,,2026-05-01T16:37:14,tornado_kick,0.39,"[{""strike_type"": ""tornado_kick"", ""probability"": 0.39}, {""strike_type"": ""spinninghook_kick"", ""probability"": 0.126667}, {""strike_type"": ""cut_kick"", ""probability"": 0.116667}]"
Group - Hop Axe.mp4,single_athlete_training,14,data\processed\clips\Group - Hop Axe\event_014_kick_candidate_left_ankle_t34p80.mp4,kick_candidate,left_ankle,0.9842,kick,hopaxe_kick,True,,2026-05-01T16:37:14,tornado_kick,0.36,"[{""strike_type"": ""tornado_kick"", ""probability"": 0.36}, {""strike_type"": ""cut_kick"", ""probability"": 0.253333}, {""strike_type"": ""spinninghook_kick"", ""probability"": 0.103333}]"
Group - Hop Axe.mp4,single_athlete_training,15,data\processed\clips\Group - Hop Axe\event_015_kick_candidate_left_ankle_t58p60.mp4,kick_candidate,left_ankle,0.7573,false_positive,unknown,False,,2026-05-01T16:37:14,spinninghook_kick,0.343333,"[{""strike_type"": ""spinninghook_kick"", ""probability"": 0.343333}, {""strike_type"": ""tornado_kick"", ""probability"": 0.253333}, {""strike_type"": ""back_kick"", ""probability"": 0.123333}]"
Group - Hop Axe.mp4,single_athlete_training,16,data\processed\clips\Group - Hop Axe\event_016_kick_candidate_left_ankle_t60p80.mp4,kick_candidate,left_ankle,0.9166,kick,hopaxe_kick,True,,2026-05-01T16:37:14,tornado_kick,0.266667,"[{""strike_type"": ""tornado_kick"", ""probability"": 0.266667}, {""strike_type"": ""back_kick"", ""probability"": 0.163333}, {""strike_type"": ""hopstep_kick"", ""probability"": 0.15}]"
Group - Hop Axe.mp4,single_athlete_training,17,data\processed\clips\Group - Hop Axe\event_017_kick_candidate_left_ankle_t65p00.mp4,kick_candidate,left_ankle,0.9381,kick,hopaxe_kick,True,,2026-05-01T16:37:14,tornado_kick,0.39,"[{""strike_type"": ""tornado_kick"", ""probability"": 0.39}, {""strike_type"": ""hopstep_kick"", ""probability"": 0.126667}, {""strike_type"": ""back_kick"", ""probability"": 0.103333}]"
Group - Hop Axe.mp4,single_athlete_training,20,data\processed\clips\Group - Hop Axe\event_020_kick_candidate_left_ankle_t71p80.mp4,kick_candidate,left_ankle,0.9435,kick,hopaxe_kick,True,,2026-05-01T16:37:14,tornado_kick,0.203333,"[{""strike_type"": ""tornado_kick"", ""probability"": 0.203333}, {""strike_type"": ""cut_kick"", ""probability"": 0.186667}, {""strike_type"": ""back_kick"", ""probability"": 0.126667}]"
Group - Hop Axe.mp4,single_athlete_training,24,data\processed\clips\Group - Hop Axe\event_024_kick_candidate_left_ankle_t75p00.mp4,kick_candidate,left_ankle,0.9675,kick,hopaxe_kick,True,,2026-05-01T16:37:14,tornado_kick,0.256667,"[{""strike_type"": ""tornado_kick"", ""probability"": 0.256667}, {""strike_type"": ""cut_kick"", ""probability"": 0.233333}, {""strike_type"": ""back_kick"", ""probability"": 0.163333}]"
Group - Hop Axe.mp4,single_athlete_training,25,data\processed\clips\Group - Hop Axe\event_025_kick_candidate_left_ankle_t78p20.mp4,kick_candidate,left_ankle,0.9553,kick,hopaxe_kick,True,,2026-05-01T16:37:14,tornado_kick,0.23,"[{""strike_type"": ""tornado_kick"", ""probability"": 0.23}, {""strike_type"": ""cut_kick"", ""probability"": 0.193333}, {""strike_type"": ""back_kick"", ""probability"": 0.163333}]"
Group - Hop Axe.mp4,single_athlete_training,26,data\processed\clips\Group - Hop Axe\event_026_kick_candidate_left_ankle_t79p40.mp4,kick_candidate,left_ankle,0.6628,false_positive,unknown,False,,2026-05-01T16:37:14,roundhouse_kick,0.693333,"[{""strike_type"": ""roundhouse_kick"", ""probability"": 0.693333}, {""strike_type"": ""spinninghook_kick"", ""probability"": 0.09}, {""strike_type"": ""back_kick"", ""probability"": 0.073333}]"
Group - Hop Axe.mp4,single_athlete_training,27,data\processed\clips\Group - Hop Axe\event_027_kick_candidate_left_ankle_t80p80.mp4,kick_candidate,left_ankle,0.5058,kick,hopaxe_kick,True,,2026-05-01T16:37:14,roundhouse_kick,0.44,"[{""strike_type"": ""roundhouse_kick"", ""probability"": 0.44}, {""strike_type"": ""spinninghook_kick"", ""probability"": 0.18}, {""strike_type"": ""tornado_kick"", ""probability"": 0.136667}]"
Group - Hop Axe.mp4,single_athlete_training,28,data\processed\clips\Group - Hop Axe\event_028_kick_candidate_left_ankle_t84p40.mp4,kick_candidate,left_ankle,0.9585,kick,hopaxe_kick,True,,2026-05-01T16:37:14,tornado_kick,0.376667,"[{""strike_type"": ""tornado_kick"", ""probability"": 0.376667}, {""strike_type"": ""back_kick"", ""probability"": 0.153333}, {""strike_type"": ""cut_kick"", ""probability"": 0.123333}]"
Group - Hop Axe.mp4,single_athlete_training,29,data\processed\clips\Group - Hop Axe\event_029_kick_candidate_left_ankle_t87p00.mp4,kick_candidate,left_ankle,0.7283,kick,hopaxe_kick,True,,2026-05-01T16:37:14,tornado_kick,0.303333,"[{""strike_type"": ""tornado_kick"", ""probability"": 0.303333}, {""strike_type"": ""spinninghook_kick"", ""probability"": 0.163333}, {""strike_type"": ""cut_kick"", ""probability"": 0.15}]"
Group - Hop Axe.mp4,single_athlete_training,30,data\processed\clips\Group - Hop Axe\event_030_kick_candidate_left_ankle_t87p60.mp4,kick_candidate,left_ankle,0.9648,kick,hopaxe_kick,True,,2026-05-01T16:37:14,tornado_kick,0.25,"[{""strike_type"": ""tornado_kick"", ""probability"": 0.25}, {""strike_type"": ""cut_kick"", ""probability"": 0.206667}, {""strike_type"": ""back_kick"", ""probability"": 0.18}]"
Group - Hop Axe.mp4,single_athlete_training,31,data\processed\clips\Group - Hop Axe\event_031_kick_candidate_left_ankle_t126p61.mp4,kick_candidate,left_ankle,0.6888,false_positive,unknown,False,,2026-05-01T16:37:14,axe_kick,0.323333,"[{""strike_type"": ""axe_kick"", ""probability"": 0.323333}, {""strike_type"": ""spinninghook_kick"", ""probability"": 0.163333}, {""strike_type"": ""cut_kick"", ""probability"": 0.12}]"
Group - Hop Axe.mp4,single_athlete_training,37,data\processed\clips\Group - Hop Axe\event_037_kick_candidate_left_ankle_t148p61.mp4,kick_candidate,left_ankle,0.9668,kick,hopaxe_kick,True,,2026-05-01T16:37:14,cut_kick,0.416667,"[{""strike_type"": ""cut_kick"", ""probability"": 0.416667}, {""strike_type"": ""tornado_kick"", ""probability"": 0.253333}, {""strike_type"": ""double_kick"", ""probability"": 0.11}]"
Group - Hop Axe.mp4,single_athlete_training,38,data\processed\clips\Group - Hop Axe\event_038_kick_candidate_left_ankle_t154p61.mp4,kick_candidate,left_ankle,0.9656,kick,hopaxe_kick,True,,2026-05-01T16:37:14,cut_kick,0.443333,"[{""strike_type"": ""cut_kick"", ""probability"": 0.443333}, {""strike_type"": ""tornado_kick"", ""probability"": 0.223333}, {""strike_type"": ""back_kick"", ""probability"": 0.096667}]"
Group - Hop Axe.mp4,single_athlete_training,39,data\processed\clips\Group - Hop Axe\event_039_kick_candidate_left_ankle_t160p01.mp4,kick_candidate,left_ankle,0.7819,false_positive,unknown,False,,2026-05-01T16:37:14,axe_kick,0.283333,"[{""strike_type"": ""axe_kick"", ""probability"": 0.283333}, {""strike_type"": ""back_kick"", ""probability"": 0.26}, {""strike_type"": ""cut_kick"", ""probability"": 0.193333}]"
Group - Hop Axe.mp4,single_athlete_training,41,data\processed\clips\Group - Hop Axe\event_041_kick_candidate_left_ankle_t171p01.mp4,kick_candidate,left_ankle,0.9052,kick,hopaxe_kick,True,,2026-05-01T16:37:14,cut_kick,0.24,"[{""strike_type"": ""cut_kick"", ""probability"": 0.24}, {""strike_type"": ""axe_kick"", ""probability"": 0.216667}, {""strike_type"": ""spinninghook_kick"", ""probability"": 0.183333}]"
Group - Hop Axe.mp4,single_athlete_training,42,data\processed\clips\Group - Hop Axe\event_042_kick_candidate_left_ankle_t175p61.mp4,kick_candidate,left_ankle,0.9622,kick,hopaxe_kick,True,,2026-05-01T16:37:14,cut_kick,0.206667,"[{""strike_type"": ""cut_kick"", ""probability"": 0.206667}, {""strike_type"": ""hopstep_kick"", ""probability"": 0.176667}, {""strike_type"": ""back_kick"", ""probability"": 0.143333}]"
Group - Hop Axe.mp4,single_athlete_training,43,data\processed\clips\Group - Hop Axe\event_043_kick_candidate_left_ankle_t179p61.mp4,kick_candidate,left_ankle,0.8316,kick,hopaxe_kick,True,,2026-05-01T16:37:14,spinninghook_kick,0.206667,"[{""strike_type"": ""spinninghook_kick"", ""probability"": 0.206667}, {""strike_type"": ""cut_kick"", ""probability"": 0.19}, {""strike_type"": ""back_kick"", ""probability"": 0.183333}]"
Group - Hop Axe.mp4,single_athlete_training,44,data\processed\clips\Group - Hop Axe\event_044_kick_candidate_left_ankle_t183p41.mp4,kick_candidate,left_ankle,0.961,kick,hopaxe_kick,True,,2026-05-01T16:37:14,tornado_kick,0.263333,"[{""strike_type"": ""tornado_kick"", ""probability"": 0.263333}, {""strike_type"": ""double_kick"", ""probability"": 0.193333}, {""strike_type"": ""cut_kick"", ""probability"": 0.15}]"
Group - Hop Axe.mp4,single_athlete_training,45,data\processed\clips\Group - Hop Axe\event_045_kick_candidate_left_ankle_t188p01.mp4,kick_candidate,left_ankle,0.9331,kick,hopaxe_kick,True,,2026-05-01T16:37:14,cut_kick,0.21,"[{""strike_type"": ""cut_kick"", ""probability"": 0.21}, {""strike_type"": ""hopstep_kick"", ""probability"": 0.19}, {""strike_type"": ""back_kick"", ""probability"": 0.183333}]"
Group - Hop Axe.mp4,single_athlete_training,46,data\processed\clips\Group - Hop Axe\event_046_kick_candidate_left_ankle_t192p01.mp4,kick_candidate,left_ankle,0.951,kick,hopaxe_kick,True,,2026-05-01T16:37:14,double_kick,0.21,"[{""strike_type"": ""double_kick"", ""probability"": 0.21}, {""strike_type"": ""hopstep_kick"", ""probability"": 0.19}, {""strike_type"": ""back_kick"", ""probability"": 0.173333}]"
Group - Hop Axe.mp4,single_athlete_training,47,data\processed\clips\Group - Hop Axe\event_047_kick_candidate_left_ankle_t192p81.mp4,kick_candidate,left_ankle,0.8681,kick,hopaxe_kick,True,,2026-05-01T16:37:14,tornado_kick,0.31,"[{""strike_type"": ""tornado_kick"", ""probability"": 0.31}, {""strike_type"": ""hopstep_kick"", ""probability"": 0.16}, {""strike_type"": ""back_kick"", ""probability"": 0.153333}]"
Group - Hop Axe.mp4,single_athlete_training,48,data\processed\clips\Group - Hop Axe\event_048_kick_candidate_left_ankle_t195p41.mp4,kick_candidate,left_ankle,0.7739,false_positive,unknown,False,,2026-05-01T16:37:14,back_kick,0.206667,"[{""strike_type"": ""back_kick"", ""probability"": 0.206667}, {""strike_type"": ""axe_kick"", ""probability"": 0.176667}, {""strike_type"": ""spinninghook_kick"", ""probability"": 0.146667}]"
Group - Hop Axe.mp4,single_athlete_training,50,data\processed\clips\Group - Hop Axe\event_050_kick_candidate_left_ankle_t201p61.mp4,kick_candidate,left_ankle,0.9621,kick,hopaxe_kick,True,,2026-05-01T16:37:14,tornado_kick,0.413333,"[{""strike_type"": ""tornado_kick"", ""probability"": 0.413333}, {""strike_type"": ""hopstep_kick"", ""probability"": 0.33}, {""strike_type"": ""back_kick"", ""probability"": 0.1}]"
Group - Hop Axe.mp4,single_athlete_training,51,data\processed\clips\Group - Hop Axe\event_051_punch_candidate_left_wrist_t0p00.mp4,punch_candidate,left_wrist,0.6563,false_positive,unknown,False,,2026-05-01T16:37:14,hopaxe_kick,0.333333,"[{""strike_type"": ""hopaxe_kick"", ""probability"": 0.333333}, {""strike_type"": ""spinninghook_kick"", ""probability"": 0.29}, {""strike_type"": ""back_kick"", ""probability"": 0.083333}]"
Group - Hop Axe.mp4,single_athlete_training,52,data\processed\clips\Group - Hop Axe\event_052_punch_candidate_left_wrist_t6p60.mp4,punch_candidate,left_wrist,0.9229,false_positive,unknown,False,,2026-05-01T16:37:14,spinninghook_kick,0.2,"[{""strike_type"": ""spinninghook_kick"", ""probability"": 0.2}, {""strike_type"": ""hopstep_kick"", ""probability"": 0.183333}, {""strike_type"": ""back_kick"", ""probability"": 0.173333}]"
Group - Hop Axe.mp4,single_athlete_training,53,data\processed\clips\Group - Hop Axe\event_053_punch_candidate_left_wrist_t8p00.mp4,punch_candidate,left_wrist,0.7512,kick,hopaxe_kick,True,,2026-05-01T16:37:14,spinninghook_kick,0.33,"[{""strike_type"": ""spinninghook_kick"", ""probability"": 0.33}, {""strike_type"": ""cut_kick"", ""probability"": 0.246667}, {""strike_type"": ""back_kick"", ""probability"": 0.133333}]"
Group - Hop Axe.mp4,single_athlete_training,54,data\processed\clips\Group - Hop Axe\event_054_punch_candidate_left_wrist_t8p60.mp4,punch_candidate,left_wrist,0.9166,kick,hopaxe_kick,True,,2026-05-01T16:37:14,spinninghook_kick,0.47,"[{""strike_type"": ""spinninghook_kick"", ""probability"": 0.47}, {""strike_type"": ""cut_kick"", ""probability"": 0.153333}, {""strike_type"": ""back_kick"", ""probability"": 0.12}]"
Group - Hop Axe.mp4,single_athlete_training,56,data\processed\clips\Group - Hop Axe\event_056_punch_candidate_left_wrist_t12p40.mp4,punch_candidate,left_wrist,0.8017,kick,hopaxe_kick,True,,2026-05-01T16:37:14,double_kick,0.143333,"[{""strike_type"": ""double_kick"", ""probability"": 0.143333}, {""strike_type"": ""tornado_kick"", ""probability"": 0.136667}, {""strike_type"": ""cut_kick"", ""probability"": 0.126667}]"
Group - Hop Axe.mp4,single_athlete_training,57,data\processed\clips\Group - Hop Axe\event_057_punch_candidate_left_wrist_t14p20.mp4,punch_candidate,left_wrist,0.7712,kick,hopaxe_kick,True,,2026-05-01T16:37:14,hopstep_kick,0.213333,"[{""strike_type"": ""hopstep_kick"", ""probability"": 0.213333}, {""strike_type"": ""spinninghook_kick"", ""probability"": 0.17}, {""strike_type"": ""cut_kick"", ""probability"": 0.123333}]"
Group - Hop Axe.mp4,single_athlete_training,58,data\processed\clips\Group - Hop Axe\event_058_punch_candidate_left_wrist_t15p00.mp4,punch_candidate,left_wrist,0.6613,kick,hopaxe_kick,True,,2026-05-01T16:37:14,jab,0.183333,"[{""strike_type"": ""jab"", ""probability"": 0.183333}, {""strike_type"": ""hopstep_kick"", ""probability"": 0.176667}, {""strike_type"": ""spinninghook_kick"", ""probability"": 0.15}]"
Group - Hop Axe.mp4,single_athlete_training,60,data\processed\clips\Group - Hop Axe\event_060_punch_candidate_left_wrist_t31p60.mp4,punch_candidate,left_wrist,0.8134,kick,hopaxe_kick,True,,2026-05-01T16:37:14,tornado_kick,0.416667,"[{""strike_type"": ""tornado_kick"", ""probability"": 0.416667}, {""strike_type"": ""spinninghook_kick"", ""probability"": 0.25}, {""strike_type"": ""cut_kick"", ""probability"": 0.093333}]"
Group - Hop Axe.mp4,single_athlete_training,61,data\processed\clips\Group - Hop Axe\event_061_punch_candidate_left_wrist_t33p40.mp4,punch_candidate,left_wrist,0.661,false_positive,unknown,False,,2026-05-01T16:37:14,roundhouse_kick,0.373333,"[{""strike_type"": ""roundhouse_kick"", ""probability"": 0.373333}, {""strike_type"": ""hopstep_kick"", ""probability"": 0.273333}, {""strike_type"": ""back_kick"", ""probability"": 0.066667}]"
Group - Hop Axe.mp4,single_athlete_training,62,data\processed\clips\Group - Hop Axe\event_062_punch_candidate_left_wrist_t36p00.mp4,punch_candidate,left_wrist,0.7466,kick,hopaxe_kick,True,,2026-05-01T16:37:14,axe_kick,0.423333,"[{""strike_type"": ""axe_kick"", ""probability"": 0.423333}, {""strike_type"": ""back_kick"", ""probability"": 0.2}, {""strike_type"": ""spinninghook_kick"", ""probability"": 0.186667}]"
Group - Hop Axe.mp4,single_athlete_training,63,data\processed\clips\Group - Hop Axe\event_063_punch_candidate_left_wrist_t42p40.mp4,punch_candidate,left_wrist,0.7779,false_positive,unknown,False,,2026-05-01T16:37:14,axe_kick,0.426667,"[{""strike_type"": ""axe_kick"", ""probability"": 0.426667}, {""strike_type"": ""cut_kick"", ""probability"": 0.163333}, {""strike_type"": ""back_kick"", ""probability"": 0.126667}]"
Group - Hop Axe.mp4,single_athlete_training,66,data\processed\clips\Group - Hop Axe\event_066_punch_candidate_left_wrist_t46p20.mp4,punch_candidate,left_wrist,0.803,false_positive,unknown,False,,2026-05-01T16:37:14,axe_kick,0.353333,"[{""strike_type"": ""axe_kick"", ""probability"": 0.353333}, {""strike_type"": ""hopaxe_kick"", ""probability"": 0.173333}, {""strike_type"": ""cut_kick"", ""probability"": 0.126667}]"
Group - Hop Axe.mp4,single_athlete_training,70,data\processed\clips\Group - Hop Axe\event_070_punch_candidate_left_wrist_t60p40.mp4,punch_candidate,left_wrist,0.6668,kick,hopaxe_kick,True,,2026-05-01T16:37:14,tornado_kick,0.293333,"[{""strike_type"": ""tornado_kick"", ""probability"": 0.293333}, {""strike_type"": ""hopstep_kick"", ""probability"": 0.206667}, {""strike_type"": ""roundhouse_kick"", ""probability"": 0.193333}]"
Group - Hop Axe.mp4,single_athlete_training,73,data\processed\clips\Group - Hop Axe\event_073_punch_candidate_left_wrist_t69p40.mp4,punch_candidate,left_wrist,0.8258,kick,axe_kick,True,,2026-05-01T16:37:14,tornado_kick,0.48,"[{""strike_type"": ""tornado_kick"", ""probability"": 0.48}, {""strike_type"": ""spinninghook_kick"", ""probability"": 0.173333}, {""strike_type"": ""roundhouse_kick"", ""probability"": 0.116667}]"
Group - Hop Axe.mp4,single_athlete_training,74,data\processed\clips\Group - Hop Axe\event_074_punch_candidate_left_wrist_t72p80.mp4,punch_candidate,left_wrist,0.6764,kick,axe_kick,True,,2026-05-01T16:37:14,roundhouse_kick,0.556667,"[{""strike_type"": ""roundhouse_kick"", ""probability"": 0.556667}, {""strike_type"": ""spinninghook_kick"", ""probability"": 0.176667}, {""strike_type"": ""back_kick"", ""probability"": 0.096667}]"
Group - Hop Axe.mp4,single_athlete_training,78,data\processed\clips\Group - Hop Axe\event_078_punch_candidate_left_wrist_t105p00.mp4,punch_candidate,left_wrist,0.8049,false_positive,unknown,False,,2026-05-01T16:37:14,axe_kick,0.446667,"[{""strike_type"": ""axe_kick"", ""probability"": 0.446667}, {""strike_type"": ""cut_kick"", ""probability"": 0.176667}, {""strike_type"": ""spinninghook_kick"", ""probability"": 0.14}]"
Group - Hop Axe.mp4,single_athlete_training,79,data\processed\clips\Group - Hop Axe\event_079_punch_candidate_left_wrist_t105p80.mp4,punch_candidate,left_wrist,0.8596,false_positive,unknown,False,,2026-05-01T16:37:14,axe_kick,0.403333,"[{""strike_type"": ""axe_kick"", ""probability"": 0.403333}, {""strike_type"": ""spinninghook_kick"", ""probability"": 0.166667}, {""strike_type"": ""cut_kick"", ""probability"": 0.143333}]"
Group - Hop Axe.mp4,single_athlete_training,82,data\processed\clips\Group - Hop Axe\event_082_punch_candidate_left_wrist_t134p21.mp4,punch_candidate,left_wrist,0.9043,kick,hopaxe_kick,True,,2026-05-01T16:37:14,tornado_kick,0.306667,"[{""strike_type"": ""tornado_kick"", ""probability"": 0.306667}, {""strike_type"": ""spinninghook_kick"", ""probability"": 0.256667}, {""strike_type"": ""cut_kick"", ""probability"": 0.193333}]"
Group - Hop Axe.mp4,single_athlete_training,84,data\processed\clips\Group - Hop Axe\event_084_punch_candidate_left_wrist_t137p41.mp4,punch_candidate,left_wrist,0.6674,kick,hopaxe_kick,True,,2026-05-01T16:37:14,tornado_kick,0.393333,"[{""strike_type"": ""tornado_kick"", ""probability"": 0.393333}, {""strike_type"": ""cut_kick"", ""probability"": 0.163333}, {""strike_type"": ""spinninghook_kick"", ""probability"": 0.16}]"
Group - Hop Axe.mp4,single_athlete_training,86,data\processed\clips\Group - Hop Axe\event_086_punch_candidate_left_wrist_t142p01.mp4,punch_candidate,left_wrist,0.8413,kick,hopaxe_kick,True,,2026-05-01T16:37:14,tornado_kick,0.24,"[{""strike_type"": ""tornado_kick"", ""probability"": 0.24}, {""strike_type"": ""cut_kick"", ""probability"": 0.19}, {""strike_type"": ""spinninghook_kick"", ""probability"": 0.143333}]"
Group - Hop Axe.mp4,single_athlete_training,87,data\processed\clips\Group - Hop Axe\event_087_punch_candidate_left_wrist_t142p61.mp4,punch_candidate,left_wrist,0.6822,kick,hopaxe_kick,True,,2026-05-01T16:37:14,tornado_kick,0.26,"[{""strike_type"": ""tornado_kick"", ""probability"": 0.26}, {""strike_type"": ""back_kick"", ""probability"": 0.133333}, {""strike_type"": ""hopstep_kick"", ""probability"": 0.13}]"
Group - Hop Axe.mp4,single_athlete_training,92,data\processed\clips\Group - Hop Axe\event_092_punch_candidate_left_wrist_t157p41.mp4,punch_candidate,left_wrist,0.6342,kick,hopaxe_kick,True,,2026-05-01T16:37:14,tornado_kick,0.24,"[{""strike_type"": ""tornado_kick"", ""probability"": 0.24}, {""strike_type"": ""hopstep_kick"", ""probability"": 0.18}, {""strike_type"": ""double_kick"", ""probability"": 0.113333}]"
Group - Hop Axe.mp4,single_athlete_training,93,data\processed\clips\Group - Hop Axe\event_093_punch_candidate_left_wrist_t159p81.mp4,punch_candidate,left_wrist,0.8991,false_positive,unknown,False,,2026-05-01T16:37:14,axe_kick,0.283333,"[{""strike_type"": ""axe_kick"", ""probability"": 0.283333}, {""strike_type"": ""back_kick"", ""probability"": 0.25}, {""strike_type"": ""cut_kick"", ""probability"": 0.206667}]"
Group - Hop Axe.mp4,single_athlete_training,94,data\processed\clips\Group - Hop Axe\event_094_punch_candidate_left_wrist_t177p81.mp4,punch_candidate,left_wrist,0.6874,false_positive,unknown,False,,2026-05-01T16:37:14,axe_kick,0.226667,"[{""strike_type"": ""axe_kick"", ""probability"": 0.226667}, {""strike_type"": ""back_kick"", ""probability"": 0.2}, {""strike_type"": ""spinninghook_kick"", ""probability"": 0.173333}]"
Group - Hop Axe.mp4,single_athlete_training,95,data\processed\clips\Group - Hop Axe\event_095_punch_candidate_left_wrist_t179p61.mp4,punch_candidate,left_wrist,0.9241,kick,hopaxe_kick,True,,2026-05-01T16:37:14,spinninghook_kick,0.243333,"[{""strike_type"": ""spinninghook_kick"", ""probability"": 0.243333}, {""strike_type"": ""hopstep_kick"", ""probability"": 0.176667}, {""strike_type"": ""axe_kick"", ""probability"": 0.15}]"
Group - Hop Axe.mp4,single_athlete_training,97,data\processed\clips\Group - Hop Axe\event_097_punch_candidate_left_wrist_t198p01.mp4,punch_candidate,left_wrist,0.877,kick,hopaxe_kick,True,,2026-05-01T16:37:14,hopstep_kick,0.23,"[{""strike_type"": ""hopstep_kick"", ""probability"": 0.23}, {""strike_type"": ""spinninghook_kick"", ""probability"": 0.156667}, {""strike_type"": ""cut_kick"", ""probability"": 0.15}]"
Group - Hop Axe.mp4,single_athlete_training,99,data\processed\clips\Group - Hop Axe\event_099_kick_candidate_right_ankle_t0p00.mp4,kick_candidate,right_ankle,0.8869,false_positive,unknown,False,,2026-05-01T16:37:14,hopaxe_kick,0.336667,"[{""strike_type"": ""hopaxe_kick"", ""probability"": 0.336667}, {""strike_type"": ""spinninghook_kick"", ""probability"": 0.286667}, {""strike_type"": ""back_kick"", ""probability"": 0.086667}]"
Group - Hop Axe.mp4,single_athlete_training,101,data\processed\clips\Group - Hop Axe\event_101_kick_candidate_right_ankle_t8p00.mp4,kick_candidate,right_ankle,0.9183,kick,hopaxe_kick,True,,2026-05-01T16:37:14,spinninghook_kick,0.446667,"[{""strike_type"": ""spinninghook_kick"", ""probability"": 0.446667}, {""strike_type"": ""cut_kick"", ""probability"": 0.173333}, {""strike_type"": ""axe_kick"", ""probability"": 0.123333}]"
Group - Hop Axe.mp4,single_athlete_training,102,data\processed\clips\Group - Hop Axe\event_102_kick_candidate_right_ankle_t9p20.mp4,kick_candidate,right_ankle,0.6904,kick,hopaxe_kick,True,,2026-05-01T16:37:14,back_kick,0.246667,"[{""strike_type"": ""back_kick"", ""probability"": 0.246667}, {""strike_type"": ""cut_kick"", ""probability"": 0.206667}, {""strike_type"": ""spinninghook_kick"", ""probability"": 0.196667}]"
Group - Hop Axe.mp4,single_athlete_training,104,data\processed\clips\Group - Hop Axe\event_104_kick_candidate_right_ankle_t15p00.mp4,kick_candidate,right_ankle,0.5106,kick,hopaxe_kick,True,,2026-05-01T16:37:14,hopstep_kick,0.183333,"[{""strike_type"": ""hopstep_kick"", ""probability"": 0.183333}, {""strike_type"": ""jab"", ""probability"": 0.166667}, {""strike_type"": ""spinninghook_kick"", ""probability"": 0.16}]"
Group - Hop Axe.mp4,single_athlete_training,105,data\processed\clips\Group - Hop Axe\event_105_kick_candidate_right_ankle_t21p20.mp4,kick_candidate,right_ankle,0.8389,kick,hopaxe_kick,True,,2026-05-01T16:37:14,tornado_kick,0.32,"[{""strike_type"": ""tornado_kick"", ""probability"": 0.32}, {""strike_type"": ""cut_kick"", ""probability"": 0.24}, {""strike_type"": ""back_kick"", ""probability"": 0.143333}]"
Group - Hop Axe.mp4,single_athlete_training,106,data\processed\clips\Group - Hop Axe\event_106_kick_candidate_right_ankle_t21p80.mp4,kick_candidate,right_ankle,0.9801,kick,hopaxe_kick,True,,2026-05-01T16:37:14,cut_kick,0.316667,"[{""strike_type"": ""cut_kick"", ""probability"": 0.316667}, {""strike_type"": ""tornado_kick"", ""probability"": 0.2}, {""strike_type"": ""back_kick"", ""probability"": 0.143333}]"
Group - Hop Axe.mp4,single_athlete_training,108,data\processed\clips\Group - Hop Axe\event_108_kick_candidate_right_ankle_t25p40.mp4,kick_candidate,right_ankle,0.9308,kick,hopaxe_kick,True,,2026-05-01T16:37:14,cut_kick,0.513333,"[{""strike_type"": ""cut_kick"", ""probability"": 0.513333}, {""strike_type"": ""tornado_kick"", ""probability"": 0.15}, {""strike_type"": ""back_kick"", ""probability"": 0.126667}]"
Group - Hop Axe.mp4,single_athlete_training,110,data\processed\clips\Group - Hop Axe\event_110_kick_candidate_right_ankle_t29p00.mp4,kick_candidate,right_ankle,0.8274,kick,hopaxe_kick,True,,2026-05-01T16:37:14,cut_kick,0.316667,"[{""strike_type"": ""cut_kick"", ""probability"": 0.316667}, {""strike_type"": ""tornado_kick"", ""probability"": 0.22}, {""strike_type"": ""spinninghook_kick"", ""probability"": 0.133333}]"
Group - Hop Axe.mp4,single_athlete_training,111,data\processed\clips\Group - Hop Axe\event_111_kick_candidate_right_ankle_t31p80.mp4,kick_candidate,right_ankle,0.973,kick,hopaxe_kick,True,,2026-05-01T16:37:14,tornado_kick,0.413333,"[{""strike_type"": ""tornado_kick"", ""probability"": 0.413333}, {""strike_type"": ""cut_kick"", ""probability"": 0.13}, {""strike_type"": ""back_kick"", ""probability"": 0.116667}]"
Group - Hop Axe.mp4,single_athlete_training,112,data\processed\clips\Group - Hop Axe\event_112_kick_candidate_right_ankle_t34p80.mp4,kick_candidate,right_ankle,0.9833,kick,hopaxe_kick,True,,2026-05-01T16:37:14,tornado_kick,0.273333,"[{""strike_type"": ""tornado_kick"", ""probability"": 0.273333}, {""strike_type"": ""axe_kick"", ""probability"": 0.16}, {""strike_type"": ""spinninghook_kick"", ""probability"": 0.153333}]"
Group - Hop Axe.mp4,single_athlete_training,114,data\processed\clips\Group - Hop Axe\event_114_kick_candidate_right_ankle_t58p60.mp4,kick_candidate,right_ankle,0.812,kick,axe_kick,True,,2026-05-01T16:37:14,spinninghook_kick,0.343333,"[{""strike_type"": ""spinninghook_kick"", ""probability"": 0.343333}, {""strike_type"": ""tornado_kick"", ""probability"": 0.253333}, {""strike_type"": ""back_kick"", ""probability"": 0.123333}]"
Group - Hop Axe.mp4,single_athlete_training,115,data\processed\clips\Group - Hop Axe\event_115_kick_candidate_right_ankle_t60p60.mp4,kick_candidate,right_ankle,0.775,kick,hopaxe_kick,True,,2026-05-01T16:37:14,tornado_kick,0.27,"[{""strike_type"": ""tornado_kick"", ""probability"": 0.27}, {""strike_type"": ""hopstep_kick"", ""probability"": 0.203333}, {""strike_type"": ""back_kick"", ""probability"": 0.116667}]"
Group - Hop Axe.mp4,single_athlete_training,118,data\processed\clips\Group - Hop Axe\event_118_kick_candidate_right_ankle_t68p40.mp4,kick_candidate,right_ankle,0.8155,kick,hopaxe_kick,True,,2026-05-01T16:37:14,tornado_kick,0.233333,"[{""strike_type"": ""tornado_kick"", ""probability"": 0.233333}, {""strike_type"": ""back_kick"", ""probability"": 0.206667}, {""strike_type"": ""cut_kick"", ""probability"": 0.15}]"
Group - Hop Axe.mp4,single_athlete_training,119,data\processed\clips\Group - Hop Axe\event_119_kick_candidate_right_ankle_t69p00.mp4,kick_candidate,right_ankle,0.9556,kick,hopaxe_kick,True,,2026-05-01T16:37:14,tornado_kick,0.553333,"[{""strike_type"": ""tornado_kick"", ""probability"": 0.553333}, {""strike_type"": ""spinninghook_kick"", ""probability"": 0.19}, {""strike_type"": ""roundhouse_kick"", ""probability"": 0.056667}]"
Group - Hop Axe.mp4,single_athlete_training,121,data\processed\clips\Group - Hop Axe\event_121_kick_candidate_right_ankle_t72p00.mp4,kick_candidate,right_ankle,0.9465,kick,hopaxe_kick,True,,2026-05-01T16:37:14,tornado_kick,0.28,"[{""strike_type"": ""tornado_kick"", ""probability"": 0.28}, {""strike_type"": ""back_kick"", ""probability"": 0.166667}, {""strike_type"": ""cut_kick"", ""probability"": 0.16}]"
Group - Hop Axe.mp4,single_athlete_training,123,data\processed\clips\Group - Hop Axe\event_123_kick_candidate_right_ankle_t74p80.mp4,kick_candidate,right_ankle,0.966,kick,hopaxe_kick,True,,2026-05-01T16:37:14,tornado_kick,0.423333,"[{""strike_type"": ""tornado_kick"", ""probability"": 0.423333}, {""strike_type"": ""cut_kick"", ""probability"": 0.226667}, {""strike_type"": ""spinninghook_kick"", ""probability"": 0.113333}]"
Group - Hop Axe.mp4,single_athlete_training,125,data\processed\clips\Group - Hop Axe\event_125_kick_candidate_right_ankle_t78p40.mp4,kick_candidate,right_ankle,0.9563,kick,hopaxe_kick,True,,2026-05-01T16:37:14,tornado_kick,0.286667,"[{""strike_type"": ""tornado_kick"", ""probability"": 0.286667}, {""strike_type"": ""back_kick"", ""probability"": 0.243333}, {""strike_type"": ""cut_kick"", ""probability"": 0.13}]"
Group - Hop Axe.mp4,single_athlete_training,126,data\processed\clips\Group - Hop Axe\event_126_kick_candidate_right_ankle_t84p00.mp4,kick_candidate,right_ankle,0.8008,kick,hopaxe_kick,True,,2026-05-01T16:37:14,tornado_kick,0.476667,"[{""strike_type"": ""tornado_kick"", ""probability"": 0.476667}, {""strike_type"": ""hopstep_kick"", ""probability"": 0.1}, {""strike_type"": ""cut_kick"", ""probability"": 0.08}]"
Group - Hop Axe.mp4,single_athlete_training,127,data\processed\clips\Group - Hop Axe\event_127_kick_candidate_right_ankle_t84p80.mp4,kick_candidate,right_ankle,0.9599,kick,hopaxe_kick,True,,2026-05-01T16:37:14,tornado_kick,0.423333,"[{""strike_type"": ""tornado_kick"", ""probability"": 0.423333}, {""strike_type"": ""back_kick"", ""probability"": 0.133333}, {""strike_type"": ""cut_kick"", ""probability"": 0.123333}]"
Group - Hop Axe.mp4,single_athlete_training,128,data\processed\clips\Group - Hop Axe\event_128_kick_candidate_right_ankle_t87p40.mp4,kick_candidate,right_ankle,0.8595,kick,hopaxe_kick,True,,2026-05-01T16:37:14,cut_kick,0.293333,"[{""strike_type"": ""cut_kick"", ""probability"": 0.293333}, {""strike_type"": ""tornado_kick"", ""probability"": 0.273333}, {""strike_type"": ""back_kick"", ""probability"": 0.133333}]"
Group - Hop Axe.mp4,single_athlete_training,129,data\processed\clips\Group - Hop Axe\event_129_kick_candidate_right_ankle_t88p00.mp4,kick_candidate,right_ankle,0.6964,kick,hopaxe_kick,True,,2026-05-01T16:37:14,back_kick,0.293333,"[{""strike_type"": ""back_kick"", ""probability"": 0.293333}, {""strike_type"": ""cut_kick"", ""probability"": 0.21}, {""strike_type"": ""spinninghook_kick"", ""probability"": 0.153333}]"
Group - Hop Axe.mp4,single_athlete_training,135,data\processed\clips\Group - Hop Axe\event_135_kick_candidate_right_ankle_t148p41.mp4,kick_candidate,right_ankle,0.8554,kick,hopaxe_kick,True,,2026-05-01T16:37:14,tornado_kick,0.293333,"[{""strike_type"": ""tornado_kick"", ""probability"": 0.293333}, {""strike_type"": ""cut_kick"", ""probability"": 0.24}, {""strike_type"": ""double_kick"", ""probability"": 0.176667}]"
Group - Hop Axe.mp4,single_athlete_training,137,data\processed\clips\Group - Hop Axe\event_137_kick_candidate_right_ankle_t157p21.mp4,kick_candidate,right_ankle,0.775,kick,hopaxe_kick,True,,2026-05-01T16:37:14,tornado_kick,0.266667,"[{""strike_type"": ""tornado_kick"", ""probability"": 0.266667}, {""strike_type"": ""cut_kick"", ""probability"": 0.193333}, {""strike_type"": ""double_kick"", ""probability"": 0.106667}]"
Group - Hop Axe.mp4,single_athlete_training,139,data\processed\clips\Group - Hop Axe\event_139_kick_candidate_right_ankle_t169p01.mp4,kick_candidate,right_ankle,0.5545,false_positive,unknown,False,,2026-05-01T16:37:14,axe_kick,0.35,"[{""strike_type"": ""axe_kick"", ""probability"": 0.35}, {""strike_type"": ""cut_kick"", ""probability"": 0.183333}, {""strike_type"": ""spinninghook_kick"", ""probability"": 0.183333}]"
Group - Hop Axe.mp4,single_athlete_training,140,data\processed\clips\Group - Hop Axe\event_140_kick_candidate_right_ankle_t171p01.mp4,kick_candidate,right_ankle,0.9076,kick,hopaxe_kick,True,,2026-05-01T16:37:14,spinninghook_kick,0.22,"[{""strike_type"": ""spinninghook_kick"", ""probability"": 0.22}, {""strike_type"": ""hopstep_kick"", ""probability"": 0.213333}, {""strike_type"": ""axe_kick"", ""probability"": 0.146667}]"
Group - Hop Axe.mp4,single_athlete_training,141,data\processed\clips\Group - Hop Axe\event_141_kick_candidate_right_ankle_t179p81.mp4,kick_candidate,right_ankle,0.9255,kick,hopaxe_kick,True,,2026-05-01T16:37:14,axe_kick,0.2,"[{""strike_type"": ""axe_kick"", ""probability"": 0.2}, {""strike_type"": ""spinninghook_kick"", ""probability"": 0.2}, {""strike_type"": ""hopstep_kick"", ""probability"": 0.176667}]"
Group - Hop Axe.mp4,single_athlete_training,143,data\processed\clips\Group - Hop Axe\event_143_kick_candidate_right_ankle_t188p01.mp4,kick_candidate,right_ankle,0.9344,kick,hopaxe_kick,True,,2026-05-01T16:37:14,cut_kick,0.24,"[{""strike_type"": ""cut_kick"", ""probability"": 0.24}, {""strike_type"": ""back_kick"", ""probability"": 0.183333}, {""strike_type"": ""hopstep_kick"", ""probability"": 0.183333}]"
Group - Hop Axe.mp4,single_athlete_training,145,data\processed\clips\Group - Hop Axe\event_145_kick_candidate_right_ankle_t205p41.mp4,kick_candidate,right_ankle,0.8302,kick,hopaxe_kick,True,,2026-05-01T16:37:14,cut_kick,0.216667,"[{""strike_type"": ""cut_kick"", ""probability"": 0.216667}, {""strike_type"": ""spinninghook_kick"", ""probability"": 0.186667}, {""strike_type"": ""back_kick"", ""probability"": 0.156667}]"
Group - Hop Axe.mp4,single_athlete_training,146,data\processed\clips\Group - Hop Axe\event_146_punch_candidate_right_wrist_t0p00.mp4,punch_candidate,right_wrist,0.6643,false_positive,unknown,False,,2026-05-01T16:37:14,hopaxe_kick,0.336667,"[{""strike_type"": ""hopaxe_kick"", ""probability"": 0.336667}, {""strike_type"": ""spinninghook_kick"", ""probability"": 0.286667}, {""strike_type"": ""back_kick"", ""probability"": 0.086667}]"
Group - Hop Axe.mp4,single_athlete_training,148,data\processed\clips\Group - Hop Axe\event_148_punch_candidate_right_wrist_t8p40.mp4,punch_candidate,right_wrist,0.8414,kick,hopaxe_kick,True,,2026-05-01T16:37:14,spinninghook_kick,0.373333,"[{""strike_type"": ""spinninghook_kick"", ""probability"": 0.373333}, {""strike_type"": ""cut_kick"", ""probability"": 0.173333}, {""strike_type"": ""axe_kick"", ""probability"": 0.14}]"
Group - Hop Axe.mp4,single_athlete_training,149,data\processed\clips\Group - Hop Axe\event_149_punch_candidate_right_wrist_t9p00.mp4,punch_candidate,right_wrist,0.6717,kick,hopaxe_kick,True,,2026-05-01T16:37:14,back_kick,0.273333,"[{""strike_type"": ""back_kick"", ""probability"": 0.273333}, {""strike_type"": ""spinninghook_kick"", ""probability"": 0.186667}, {""strike_type"": ""cut_kick"", ""probability"": 0.123333}]"
Group - Hop Axe.mp4,single_athlete_training,150,data\processed\clips\Group - Hop Axe\event_150_punch_candidate_right_wrist_t14p00.mp4,punch_candidate,right_wrist,0.9233,kick,hopaxe_kick,True,,2026-05-01T16:37:14,spinninghook_kick,0.21,"[{""strike_type"": ""spinninghook_kick"", ""probability"": 0.21}, {""strike_type"": ""hopstep_kick"", ""probability"": 0.203333}, {""strike_type"": ""back_kick"", ""probability"": 0.11}]"
Group - Hop Axe.mp4,single_athlete_training,153,data\processed\clips\Group - Hop Axe\event_153_punch_candidate_right_wrist_t34p60.mp4,punch_candidate,right_wrist,0.7767,kick,hopaxe_kick,True,,2026-05-01T16:37:14,tornado_kick,0.4,"[{""strike_type"": ""tornado_kick"", ""probability"": 0.4}, {""strike_type"": ""spinninghook_kick"", ""probability"": 0.216667}, {""strike_type"": ""cut_kick"", ""probability"": 0.103333}]"
Group - Hop Axe.mp4,single_athlete_training,154,data\processed\clips\Group - Hop Axe\event_154_punch_candidate_right_wrist_t69p60.mp4,punch_candidate,right_wrist,0.7521,false_positive,unknown,False,,2026-05-01T16:37:14,roundhouse_kick,0.546667,"[{""strike_type"": ""roundhouse_kick"", ""probability"": 0.546667}, {""strike_type"": ""hopstep_kick"", ""probability"": 0.123333}, {""strike_type"": ""tornado_kick"", ""probability"": 0.1}]"
Group - Hop Axe.mp4,single_athlete_training,157,data\processed\clips\Group - Hop Axe\event_157_punch_candidate_right_wrist_t78p20.mp4,punch_candidate,right_wrist,0.6453,kick,hopaxe_kick,True,,2026-05-01T16:37:14,tornado_kick,0.276667,"[{""strike_type"": ""tornado_kick"", ""probability"": 0.276667}, {""strike_type"": ""cut_kick"", ""probability"": 0.173333}, {""strike_type"": ""frontdouble_kick"", ""probability"": 0.13}]"
Group - Hop Axe.mp4,single_athlete_training,158,data\processed\clips\Group - Hop Axe\event_158_punch_candidate_right_wrist_t83p80.mp4,punch_candidate,right_wrist,0.7382,kick,hopaxe_kick,True,,2026-05-01T16:37:14,tornado_kick,0.313333,"[{""strike_type"": ""tornado_kick"", ""probability"": 0.313333}, {""strike_type"": ""roundhouse_kick"", ""probability"": 0.27}, {""strike_type"": ""spinninghook_kick"", ""probability"": 0.186667}]"
Group - Hop Axe.mp4,single_athlete_training,161,data\processed\clips\Group - Hop Axe\event_161_punch_candidate_right_wrist_t90p00.mp4,punch_candidate,right_wrist,0.6493,false_positive,unknown,False,,2026-05-01T16:37:14,cut_kick,0.346667,"[{""strike_type"": ""cut_kick"", ""probability"": 0.346667}, {""strike_type"": ""spinninghook_kick"", ""probability"": 0.19}, {""strike_type"": ""double_kick"", ""probability"": 0.163333}]"
Group - Hop Axe.mp4,single_athlete_training,165,data\processed\clips\Group - Hop Axe\event_165_punch_candidate_right_wrist_t137p61.mp4,punch_candidate,right_wrist,0.6612,kick,hopaxe_kick,True,,2026-05-01T16:37:14,tornado_kick,0.326667,"[{""strike_type"": ""tornado_kick"", ""probability"": 0.326667}, {""strike_type"": ""spinninghook_kick"", ""probability"": 0.153333}, {""strike_type"": ""cut_kick"", ""probability"": 0.14}]"
Group - Hop Axe.mp4,single_athlete_training,169,data\processed\clips\Group - Hop Axe\event_169_punch_candidate_right_wrist_t150p61.mp4,punch_candidate,right_wrist,0.9444,false_positive,unknown,False,,2026-05-01T16:37:14,back_kick,0.256667,"[{""strike_type"": ""back_kick"", ""probability"": 0.256667}, {""strike_type"": ""spinninghook_kick"", ""probability"": 0.246667}, {""strike_type"": ""cut_kick"", ""probability"": 0.163333}]"
Group - Hop Axe.mp4,single_athlete_training,170,data\processed\clips\Group - Hop Axe\event_170_punch_candidate_right_wrist_t157p21.mp4,punch_candidate,right_wrist,0.7821,kick,hopaxe_kick,True,,2026-05-01T16:37:14,tornado_kick,0.266667,"[{""strike_type"": ""tornado_kick"", ""probability"": 0.266667}, {""strike_type"": ""cut_kick"", ""probability"": 0.193333}, {""strike_type"": ""double_kick"", ""probability"": 0.106667}]"
Group - Hop Axe.mp4,single_athlete_training,173,data\processed\clips\Group - Hop Axe\event_173_punch_candidate_right_wrist_t178p01.mp4,punch_candidate,right_wrist,0.5661,false_positive,unknown,False,,2026-05-01T16:37:14,axe_kick,0.236667,"[{""strike_type"": ""axe_kick"", ""probability"": 0.236667}, {""strike_type"": ""back_kick"", ""probability"": 0.19}, {""strike_type"": ""spinninghook_kick"", ""probability"": 0.16}]"
Group - Hop Axe.mp4,single_athlete_training,177,data\processed\clips\Group - Hop Axe\event_177_punch_candidate_right_wrist_t198p21.mp4,punch_candidate,right_wrist,0.7107,kick,hopaxe_kick,True,,2026-05-01T16:37:14,hopstep_kick,0.283333,"[{""strike_type"": ""hopstep_kick"", ""probability"": 0.283333}, {""strike_type"": ""cut_kick"", ""probability"": 0.153333}, {""strike_type"": ""spinninghook_kick"", ""probability"": 0.123333}]"
