video_filename,analysis_mode,event_id,clip_path,duration_seconds,predicted_confidence_score,predicted_primary_limb,predicted_category,average_visibility_score_mean,pose_lost_frame_count,pose_lost_ratio,corrected_category,corrected_strike_type,coarse_strike_type,left_wrist_max_speed,left_wrist_mean_speed,left_wrist_total_distance,left_wrist_x_displacement,left_wrist_y_displacement,left_wrist_max_x,left_wrist_min_x,left_wrist_max_y,left_wrist_min_y,left_wrist_range_x,left_wrist_range_y,right_wrist_max_speed,right_wrist_mean_speed,right_wrist_total_distance,right_wrist_x_displacement,right_wrist_y_displacement,right_wrist_max_x,right_wrist_min_x,right_wrist_max_y,right_wrist_min_y,right_wrist_range_x,right_wrist_range_y,left_elbow_max_speed,left_elbow_mean_speed,left_elbow_total_distance,left_elbow_x_displacement,left_elbow_y_displacement,left_elbow_max_x,left_elbow_min_x,left_elbow_max_y,left_elbow_min_y,left_elbow_range_x,left_elbow_range_y,right_elbow_max_speed,right_elbow_mean_speed,right_elbow_total_distance,right_elbow_x_displacement,right_elbow_y_displacement,right_elbow_max_x,right_elbow_min_x,right_elbow_max_y,right_elbow_min_y,right_elbow_range_x,right_elbow_range_y,left_ankle_max_speed,left_ankle_mean_speed,left_ankle_total_distance,left_ankle_x_displacement,left_ankle_y_displacement,left_ankle_max_x,left_ankle_min_x,left_ankle_max_y,left_ankle_min_y,left_ankle_range_x,left_ankle_range_y,right_ankle_max_speed,right_ankle_mean_speed,right_ankle_total_distance,right_ankle_x_displacement,right_ankle_y_displacement,right_ankle_max_x,right_ankle_min_x,right_ankle_max_y,right_ankle_min_y,right_ankle_range_x,right_ankle_range_y,left_knee_max_speed,left_knee_mean_speed,left_knee_total_distance,left_knee_x_displacement,left_knee_y_displacement,left_knee_max_x,left_knee_min_x,left_knee_max_y,left_knee_min_y,left_knee_range_x,left_knee_range_y,right_knee_max_speed,right_knee_mean_speed,right_knee_total_distance,right_knee_x_displacement,right_knee_y_displacement,right_knee_max_x,right_knee_min_x,right_knee_max_y,right_knee_min_y,right_knee_range_x,right_knee_range_y,left_hip_max_speed,left_hip_mean_speed,left_hip_total_distance,left_hip_x_displacement,left_hip_y_displacement,left_hip_max_x,left_hip_min_x,left_hip_max_y,left_hip_min_y,left_hip_range_x,left_hip_range_y,right_hip_max_speed,right_hip_mean_speed,right_hip_total_distance,right_hip_x_displacement,right_hip_y_displacement,right_hip_max_x,right_hip_min_x,right_hip_max_y,right_hip_min_y,right_hip_range_x,right_hip_range_y,left_shoulder_max_speed,left_shoulder_mean_speed,left_shoulder_total_distance,left_shoulder_x_displacement,left_shoulder_y_displacement,left_shoulder_max_x,left_shoulder_min_x,left_shoulder_max_y,left_shoulder_min_y,left_shoulder_range_x,left_shoulder_range_y,right_shoulder_max_speed,right_shoulder_mean_speed,right_shoulder_total_distance,right_shoulder_x_displacement,right_shoulder_y_displacement,right_shoulder_max_x,right_shoulder_min_x,right_shoulder_max_y,right_shoulder_min_y,right_shoulder_range_x,right_shoulder_range_y
Kicking Session with Spin and Backkick.mp4,single_athlete_training,1,data\processed\clips\Kicking Session with Spin and Backkick\event_001_kick_candidate_left_ankle_t6p80.mp4,0.5999,0.9714,left_ankle,kick_candidate,0.859783,0,0.0,kick,roundhouse_kick,round_kicks,0.50947,0.193147,0.231736,-0.027808,0.095009,0.621917,0.549258,0.699146,0.577375,0.07266,0.121771,0.208681,0.108533,0.13022,-0.042012,0.049656,0.602584,0.54268,0.668685,0.618111,0.059904,0.050573,0.449273,0.138409,0.166043,-0.051104,0.018772,0.660509,0.567214,0.629165,0.586901,0.093295,0.042264,0.160557,0.075087,0.090086,-0.051559,-0.008513,0.626134,0.564538,0.636493,0.61472,0.061596,0.021772,1.009995,0.539075,0.646699,-0.128194,0.021633,0.730563,0.522747,0.937546,0.667457,0.207816,0.270089,0.194519,0.063283,0.075932,-0.028176,-0.011968,0.590618,0.540959,0.932065,0.91968,0.049659,0.012385,0.832829,0.340909,0.408967,-0.095517,-0.001437,0.685241,0.522586,0.818299,0.670808,0.162656,0.14749,0.176463,0.08498,0.10196,-0.031747,0.001973,0.597912,0.535953,0.807687,0.789231,0.061959,0.018456,0.363785,0.139587,0.167463,-0.06973,-0.013928,0.661905,0.555478,0.72069,0.679147,0.106428,0.041543,0.176733,0.083118,0.099719,-0.054675,-0.017528,0.627717,0.559827,0.72227,0.695468,0.06789,0.026802,0.325414,0.092955,0.111514,-0.059248,-0.002023,0.671894,0.58822,0.554333,0.544693,0.083674,0.00964,0.144641,0.049682,0.059612,-0.046512,-0.012125,0.63116,0.580558,0.564534,0.552409,0.050602,0.012125
Kicking Session with Spin and Backkick.mp4,single_athlete_training,2,data\processed\clips\Kicking Session with Spin and Backkick\event_002_kick_candidate_left_ankle_t13p20.mp4,0.2,0.7042,left_ankle,kick_candidate,0.929975,0,0.0,kick,roundhouse_kick,round_kicks,0.694039,0.262387,0.20983,-0.107328,-0.058224,0.647156,0.539828,0.730358,0.631571,0.107328,0.098787,0.174829,0.089956,0.071946,-0.048377,0.017777,0.613066,0.560138,0.680938,0.654821,0.052929,0.026117,0.618914,0.181857,0.14542,-0.129742,-0.048292,0.691188,0.561446,0.659857,0.605134,0.129742,0.054723,0.207371,0.078539,0.062821,-0.05934,-0.009084,0.643128,0.583789,0.639956,0.630871,0.05934,0.009084,0.791102,0.342348,0.273761,-0.257883,-0.040722,0.749343,0.49146,0.933125,0.888008,0.257883,0.045117,1.745838,0.832379,0.665745,-0.037512,-0.033097,0.599055,0.506088,0.933081,0.593664,0.092967,0.339417,0.754722,0.305312,0.244137,-0.211461,-0.095252,0.713239,0.501778,0.843731,0.748479,0.211461,0.095252,0.938206,0.475297,0.380142,-0.069179,-0.01687,0.611302,0.542123,0.797703,0.60902,0.069179,0.188683,0.430242,0.188072,0.150398,-0.137787,-0.042969,0.691543,0.553756,0.741996,0.697598,0.137787,0.044398,0.302474,0.145597,0.11645,-0.093768,-0.055187,0.658604,0.564836,0.738804,0.681317,0.093768,0.057487,0.405445,0.146776,0.117373,-0.111349,-0.026898,0.694992,0.583643,0.568417,0.541519,0.111349,0.026898,0.174833,0.070974,0.056769,-0.05558,-0.006899,0.6539,0.59832,0.569117,0.562218,0.05558,0.006899
Kicking Session with Spin and Backkick.mp4,single_athlete_training,3,data\processed\clips\Kicking Session with Spin and Backkick\event_003_kick_candidate_left_ankle_t25p39.mp4,0.5999,0.9785,left_ankle,kick_candidate,0.8928,0,0.0,kick,roundhouse_kick,round_kicks,0.385979,0.169927,0.203857,-0.123684,0.079318,0.618651,0.494967,0.67656,0.578754,0.123684,0.097805,0.661456,0.23187,0.278196,-0.081493,0.041349,0.64376,0.55558,0.685752,0.538635,0.088179,0.147117,0.388109,0.141891,0.170216,-0.139613,0.00456,0.648654,0.509041,0.617251,0.580409,0.139613,0.036842,0.273367,0.131206,0.157417,-0.064233,0.022351,0.649413,0.583223,0.627431,0.552434,0.06619,0.074997,1.168422,0.615322,0.738242,-0.186555,0.023921,0.732961,0.432147,0.959911,0.657062,0.300814,0.302849,0.152836,0.065605,0.078716,-0.021505,-0.005231,0.604962,0.557971,0.946481,0.938503,0.046991,0.007978,1.12504,0.380567,0.456506,-0.133247,-0.022435,0.678749,0.499024,0.846364,0.644099,0.179724,0.202265,0.271218,0.094553,0.113431,-0.025291,0.000363,0.599493,0.560645,0.818556,0.770775,0.038847,0.047781,0.475238,0.152479,0.182918,-0.107575,-0.034851,0.659662,0.546642,0.732002,0.652934,0.11302,0.079068,0.292403,0.103064,0.123642,-0.0525,-0.024992,0.632956,0.576276,0.731948,0.67483,0.05668,0.057119,0.291276,0.114949,0.137899,-0.123146,-0.010887,0.660463,0.537317,0.545445,0.514749,0.123146,0.030697,0.14064,0.071746,0.086071,-0.053742,-0.007727,0.640805,0.587063,0.548077,0.520086,0.053742,0.027991
Kicking Session with Spin and Backkick.mp4,single_athlete_training,4,data\processed\clips\Kicking Session with Spin and Backkick\event_004_kick_candidate_left_ankle_t31p99.mp4,0.5999,0.9756,left_ankle,kick_candidate,0.877067,0,0.0,kick,roundhouse_kick,round_kicks,1.058412,0.451089,0.541179,-0.196343,-0.012082,0.677142,0.480799,0.656897,0.473009,0.196343,0.183888,0.823616,0.335736,0.40283,-0.111485,-0.048638,0.612125,0.50064,0.70196,0.537248,0.111485,0.164712,0.900948,0.279896,0.335833,-0.203854,-0.097737,0.719978,0.516124,0.667312,0.523082,0.203854,0.144229,0.374668,0.189964,0.227922,-0.110985,-0.024827,0.642041,0.531056,0.648699,0.573944,0.110985,0.074755,0.908132,0.492353,0.590765,-0.251916,0.011251,0.798818,0.460198,0.949979,0.792889,0.33862,0.15709,0.477212,0.183262,0.219895,-0.059308,-0.017939,0.641225,0.553076,0.947018,0.870576,0.088149,0.076442,0.769655,0.345377,0.414392,-0.221023,-0.063967,0.752449,0.48651,0.859184,0.733376,0.265939,0.125809,0.24638,0.087694,0.105217,-0.086072,-0.004832,0.627239,0.541167,0.816558,0.787501,0.086072,0.029057,0.435829,0.182321,0.218749,-0.181171,-0.076375,0.708101,0.52693,0.764057,0.683011,0.181171,0.081046,0.365098,0.156838,0.188178,-0.138362,-0.070778,0.675195,0.536833,0.761635,0.673999,0.138362,0.087637,0.443424,0.15702,0.18839,-0.173114,-0.05871,0.712115,0.539002,0.587899,0.529189,0.173114,0.05871,0.261285,0.121909,0.146272,-0.112585,-0.047296,0.665272,0.552687,0.589824,0.542528,0.112585,0.047296
Kicking Session with Spin and Backkick.mp4,single_athlete_training,5,data\processed\clips\Kicking Session with Spin and Backkick\event_005_kick_candidate_left_ankle_t37p19.mp4,0.4,0.9689,left_ankle,kick_candidate,0.84254,0,0.0,kick,roundhouse_kick,round_kicks,0.433421,0.222036,0.221968,-0.079028,0.040653,0.669148,0.551737,0.693159,0.604503,0.117411,0.088656,0.431318,0.1801,0.180043,-0.012217,0.149446,0.577633,0.525413,0.653173,0.503727,0.05222,0.149446,0.267124,0.148824,0.148784,-0.081669,0.023927,0.692475,0.583608,0.650363,0.617246,0.108867,0.033117,0.13465,0.074731,0.074711,-0.011439,0.044889,0.599468,0.565244,0.615097,0.570208,0.034224,0.044889,1.537796,0.629977,0.62981,-0.031765,0.001102,0.60706,0.497746,0.956523,0.665508,0.109314,0.291015,0.688242,0.412377,0.412291,-0.042249,0.022931,0.652341,0.492218,0.942579,0.821104,0.160123,0.121475,0.596483,0.26301,0.262943,-0.018664,0.013183,0.600413,0.55664,0.831543,0.704809,0.043772,0.126735,0.47327,0.234655,0.234628,-0.0139,0.014309,0.605798,0.523938,0.810779,0.725487,0.081861,0.085292,0.216938,0.110797,0.110766,-0.067204,-0.018624,0.669796,0.585418,0.737864,0.712359,0.084378,0.025505,0.210342,0.103952,0.103922,-0.060154,-0.031299,0.651607,0.57374,0.735264,0.70147,0.077868,0.033794,0.130834,0.085517,0.085498,-0.051329,-0.005111,0.672364,0.621035,0.571591,0.544738,0.051329,0.026852,0.101463,0.051926,0.05191,-0.027357,-0.0014,0.630438,0.596147,0.56677,0.552159,0.034291,0.014611
Kicking Session with Spin and Backkick.mp4,single_athlete_training,6,data\processed\clips\Kicking Session with Spin and Backkick\event_006_kick_candidate_left_ankle_t41p39.mp4,0.2,0.7725,left_ankle,kick_candidate,0.880875,0,0.0,kick,roundhouse_kick,round_kicks,0.319514,0.108655,0.086917,-0.080609,0.009381,0.623927,0.543318,0.648285,0.638903,0.080609,0.009381,0.141902,0.092566,0.07404,-0.045717,-0.033912,0.640508,0.594791,0.675893,0.63195,0.045717,0.043943,0.433916,0.138769,0.111012,-0.100696,-0.036094,0.672393,0.571697,0.63784,0.597132,0.100696,0.040708,0.192049,0.066165,0.052929,-0.034855,-0.026099,0.657343,0.622488,0.644063,0.612652,0.034855,0.031411,1.082072,0.351909,0.28151,-0.246272,-0.061168,0.781258,0.534985,0.971963,0.877678,0.246272,0.094285,2.353545,0.841126,0.672804,-0.013736,-0.292182,0.599269,0.486415,0.974469,0.515313,0.112854,0.459156,1.114067,0.369893,0.295905,-0.158555,-0.113317,0.712018,0.549684,0.897146,0.744524,0.162334,0.152622,1.375298,0.500408,0.400272,0.007653,-0.175439,0.611005,0.565255,0.82872,0.554513,0.04575,0.274207,0.396705,0.186715,0.149362,-0.11468,-0.077525,0.683862,0.569181,0.759836,0.67546,0.11468,0.084377,0.386666,0.170821,0.136644,-0.058641,-0.068866,0.662046,0.603406,0.754585,0.661325,0.058641,0.09326,0.33491,0.11527,0.092213,-0.087655,-0.025561,0.69328,0.605625,0.564818,0.539035,0.087655,0.025783,0.115711,0.03609,0.02887,-0.016445,-0.01124,0.663251,0.641974,0.555537,0.544298,0.021278,0.01124
Kicking Session with Spin and Backkick.mp4,single_athlete_training,8,data\processed\clips\Kicking Session with Spin and Backkick\event_008_kick_candidate_left_ankle_t44p39.mp4,0.7998,0.9716,left_ankle,kick_candidate,0.855957,0,0.0,kick,roundhouse_kick,round_kicks,0.52863,0.263771,0.36921,0.098797,0.208482,0.711652,0.57981,0.742154,0.533672,0.131842,0.208482,0.488484,0.255046,0.356989,0.085724,0.193935,0.694066,0.527805,0.719966,0.526031,0.166261,0.193935,0.284876,0.141097,0.197504,0.078579,0.039208,0.704662,0.617562,0.664093,0.611965,0.0871,0.052127,0.305958,0.177671,0.248691,0.083366,0.054864,0.698758,0.571709,0.645665,0.569571,0.127049,0.076094,1.102529,0.483431,0.676725,0.037691,0.030634,0.642301,0.543734,0.987554,0.64926,0.098567,0.338294,1.197233,0.601738,0.84226,0.150635,0.001308,0.764877,0.484122,0.94675,0.711626,0.280755,0.235124,0.53676,0.348314,0.487552,0.044055,0.032807,0.646906,0.587398,0.861546,0.617742,0.059508,0.243804,0.794663,0.415946,0.582184,0.106271,0.011667,0.719448,0.543179,0.833245,0.658878,0.176269,0.174366,0.235124,0.121599,0.170201,-0.003468,-0.010278,0.680138,0.631394,0.740773,0.686004,0.048744,0.054769,0.322747,0.153111,0.214316,0.006078,-0.015558,0.683101,0.608949,0.736294,0.670115,0.074151,0.066179,0.232885,0.109941,0.153894,0.015687,-0.034354,0.687296,0.653031,0.615585,0.532067,0.034265,0.083518,0.235872,0.105992,0.148374,0.033059,-0.025338,0.686705,0.617038,0.57246,0.525318,0.069667,0.047142
Kicking Session with Spin and Backkick.mp4,single_athlete_training,10,data\processed\clips\Kicking Session with Spin and Backkick\event_010_kick_candidate_left_ankle_t48p59.mp4,0.3999,0.9741,left_ankle,kick_candidate,0.87086,0,0.0,kick,roundhouse_kick,round_kicks,0.349847,0.198255,0.198199,0.02818,0.118506,0.627346,0.554255,0.678446,0.552606,0.073092,0.12584,0.403139,0.151593,0.151583,-0.032431,0.089951,0.665079,0.596535,0.709182,0.619231,0.068544,0.089951,0.2165,0.127638,0.127597,0.032473,0.053407,0.656188,0.584069,0.646309,0.592901,0.072119,0.053407,0.244042,0.085999,0.085991,-0.014219,0.025915,0.673265,0.627084,0.643241,0.615936,0.046181,0.027305,1.692544,0.804316,0.804132,0.035498,0.056514,0.721754,0.517341,0.97447,0.624799,0.204413,0.349671,1.52096,0.643745,0.643613,-0.021242,-0.014297,0.607848,0.494036,0.970966,0.662054,0.113813,0.308913,1.071335,0.468574,0.468451,0.026021,0.030338,0.643239,0.562396,0.876844,0.639482,0.080843,0.237362,0.677037,0.330749,0.330709,0.000664,0.005445,0.611504,0.560952,0.836247,0.678633,0.050552,0.157614,0.384899,0.183295,0.183247,0.002724,0.010539,0.649005,0.594848,0.741976,0.665633,0.054157,0.076343,0.185506,0.104659,0.104641,-0.003754,0.0016,0.645063,0.607905,0.735451,0.702389,0.037157,0.033062,0.182771,0.095418,0.095386,0.01149,0.021212,0.671255,0.62323,0.554657,0.533143,0.048025,0.021515,0.075395,0.03803,0.038021,0.008802,0.010765,0.670486,0.65634,0.558671,0.545846,0.014146,0.012825
Kicking Session with Spin and Backkick.mp4,single_athlete_training,11,data\processed\clips\Kicking Session with Spin and Backkick\event_011_kick_candidate_left_ankle_t55p19.mp4,0.9998,0.9598,left_ankle,kick_candidate,0.79115,0,0.0,kick,roundhouse_kick,round_kicks,1.367836,0.374054,0.598311,0.22296,0.164935,0.913175,0.674306,0.803556,0.581919,0.238869,0.221637,0.584801,0.233134,0.372952,0.113294,0.096986,0.784763,0.660253,0.75446,0.634142,0.12451,0.120319,0.689123,0.249806,0.399574,0.201929,0.023564,0.890202,0.676875,0.692525,0.56751,0.213327,0.125015,0.588094,0.175238,0.280334,0.150512,0.020516,0.790623,0.622788,0.65413,0.609522,0.167835,0.044608,1.904899,0.675644,1.080819,0.246894,0.071066,0.848203,0.521594,1.029254,0.585641,0.32661,0.443613,1.741056,0.491169,0.785777,0.309203,0.465305,0.828394,0.501122,1.047678,0.582373,0.327271,0.465305,0.724315,0.348074,0.556822,0.197093,0.131825,0.831378,0.606717,0.951699,0.677659,0.224661,0.27404,0.599516,0.276089,0.441681,0.216301,0.273897,0.786757,0.570457,0.935087,0.66119,0.216301,0.273897,0.46859,0.171781,0.274757,0.160449,0.040796,0.838199,0.669954,0.766162,0.690225,0.168245,0.075936,0.350863,0.133683,0.213846,0.144598,0.062638,0.794464,0.642305,0.759197,0.690131,0.15216,0.069065,0.425103,0.197629,0.316123,0.150948,-0.085016,0.845731,0.694783,0.612856,0.468779,0.150948,0.144077,0.466888,0.144639,0.231385,0.133553,-0.066259,0.791999,0.658446,0.576332,0.476562,0.133553,0.09977
Kicking Session with Spin and Backkick.mp4,single_athlete_training,12,data\processed\clips\Kicking Session with Spin and Backkick\event_012_kick_candidate_left_ankle_t58p79.mp4,0.7998,0.9516,left_ankle,kick_candidate,0.760357,0,0.0,kick,back_kick,spinning_kicks,0.550988,0.260894,0.365155,-0.108813,-0.010678,0.77284,0.604902,0.783669,0.650734,0.167938,0.132935,0.731279,0.293471,0.410808,-0.078977,0.031926,0.745525,0.61874,0.786222,0.596364,0.126785,0.189857,0.81698,0.23598,0.330333,-0.137965,-0.054896,0.812912,0.600733,0.680557,0.612647,0.212179,0.06791,0.488504,0.165823,0.232138,-0.063581,-0.062767,0.73467,0.613412,0.683584,0.587687,0.121258,0.095897,1.84199,0.660663,0.924664,-0.165278,0.028095,0.79767,0.47511,0.939887,0.60321,0.32256,0.336677,1.110583,0.400797,0.560937,-0.057101,-0.104433,0.652337,0.503647,0.982259,0.803206,0.14869,0.179053,0.891859,0.349581,0.489303,-0.18158,-0.127803,0.829021,0.564408,0.923568,0.70872,0.264614,0.214847,0.585761,0.188613,0.26398,-0.078228,-0.115352,0.677459,0.599231,0.887065,0.770569,0.078228,0.116497,0.545944,0.184448,0.258189,-0.118919,-0.100042,0.773024,0.607118,0.791917,0.691875,0.165906,0.100042,0.362127,0.130247,0.182297,-0.097967,-0.11051,0.718363,0.618749,0.790576,0.680066,0.099614,0.11051,0.613793,0.175749,0.246019,-0.102071,-0.022665,0.786735,0.6306,0.590813,0.547829,0.156135,0.042984,0.218031,0.104986,0.146963,-0.076531,-0.049249,0.72033,0.628488,0.5851,0.517808,0.091842,0.067292
Kicking Session with Spin and Backkick.mp4,single_athlete_training,14,data\processed\clips\Kicking Session with Spin and Backkick\event_014_kick_candidate_left_ankle_t62p79.mp4,0.2,0.8072,left_ankle,kick_candidate,0.85365,0,0.0,kick,spinninghook_kick,spinning_kicks,0.669854,0.38128,0.304957,-0.089606,0.056613,0.74947,0.64795,0.711098,0.544348,0.101519,0.16675,0.473101,0.285709,0.228528,-0.070674,0.05964,0.69513,0.624456,0.681934,0.549233,0.070674,0.132701,0.629707,0.299137,0.239247,-0.097744,0.043939,0.777927,0.643133,0.689902,0.595851,0.134794,0.094051,0.332842,0.235944,0.188725,-0.110656,0.046354,0.715344,0.604688,0.682556,0.587134,0.110656,0.095422,0.85029,0.370801,0.296556,-0.166164,-0.079285,0.784439,0.618275,0.953191,0.836235,0.166164,0.116955,1.800201,0.571061,0.456838,-0.265618,-0.319561,0.750214,0.484597,0.934738,0.615176,0.265618,0.319561,0.403303,0.244545,0.195595,-0.081537,-0.108372,0.714534,0.632997,0.841145,0.732773,0.081537,0.108372,0.962125,0.32304,0.258422,-0.150411,-0.186748,0.718541,0.56813,0.825574,0.6313,0.150411,0.194274,0.46353,0.205718,0.164545,-0.11029,-0.056755,0.773785,0.660405,0.753616,0.679019,0.11338,0.074596,0.426058,0.196092,0.156856,-0.131756,-0.060847,0.757896,0.626141,0.753438,0.681854,0.131756,0.071584,0.370471,0.210513,0.168376,-0.065517,0.068408,0.754748,0.661366,0.628699,0.560045,0.093382,0.068655,0.254585,0.152942,0.122339,-0.09218,0.047329,0.726608,0.634428,0.613918,0.565834,0.09218,0.048083
Kicking Session with Spin and Backkick.mp4,single_athlete_training,17,data\processed\clips\Kicking Session with Spin and Backkick\event_017_kick_candidate_left_ankle_t71p79.mp4,0.2,0.6782,left_ankle,kick_candidate,0.6868,0,0.0,kick,spinninghook_kick,spinning_kicks,0.234563,0.112451,0.089935,-0.023166,-0.012423,0.504705,0.466406,0.609992,0.570518,0.038299,0.039474,0.20842,0.077755,0.062181,-0.017794,-0.0526,0.492058,0.467928,0.592714,0.540114,0.024129,0.0526,0.097708,0.043767,0.035002,-0.007504,-0.008176,0.472883,0.453362,0.589748,0.580719,0.019521,0.009029,0.122369,0.052015,0.041596,-0.012661,-0.022555,0.464389,0.445814,0.591597,0.563864,0.018576,0.027733,0.949757,0.359428,0.287417,-0.05285,0.207407,0.506448,0.44256,0.917564,0.710157,0.063888,0.207407,0.136495,0.048482,0.038767,0.023406,0.024932,0.437579,0.414172,0.928369,0.903436,0.023406,0.024932,0.634873,0.242552,0.193958,-0.016946,0.141101,0.490877,0.460468,0.79944,0.65834,0.030409,0.141101,0.094026,0.034828,0.027852,0.003139,0.011854,0.448649,0.444707,0.81645,0.798072,0.003942,0.018378,0.101723,0.046725,0.037367,0.005072,0.017131,0.455128,0.449505,0.689031,0.668752,0.005624,0.020279,0.068401,0.034451,0.027554,-0.001028,-0.000207,0.448608,0.443966,0.686576,0.673494,0.004643,0.013081,0.017851,0.006096,0.004876,0.003033,0.002035,0.456375,0.452729,0.52122,0.519132,0.003646,0.002087,0.058304,0.017525,0.014019,-0.008947,-0.00346,0.45389,0.443046,0.514493,0.509868,0.010844,0.004625
Kicking Session with Spin and Backkick.mp4,single_athlete_training,18,data\processed\clips\Kicking Session with Spin and Backkick\event_018_kick_candidate_left_ankle_t72p39.mp4,0.3999,0.9157,left_ankle,kick_candidate,0.6669,0,0.0,kick,spinninghook_kick,spinning_kicks,0.173933,0.074048,0.074044,0.01064,0.00695,0.492179,0.480397,0.605305,0.570518,0.011782,0.034787,0.340645,0.180429,0.180395,0.029765,0.037875,0.504029,0.464728,0.577989,0.481504,0.039301,0.096485,0.052861,0.023694,0.023693,-0.002172,0.009642,0.465379,0.463186,0.591215,0.580642,0.002194,0.010572,0.220928,0.11455,0.114533,0.016248,0.012743,0.467976,0.446035,0.581785,0.521379,0.021941,0.060406,1.109868,0.419617,0.419589,-0.022797,-0.046988,0.518028,0.4308,0.917564,0.705147,0.087228,0.212417,0.117064,0.064292,0.064291,-0.014716,-0.007629,0.437579,0.418216,0.928369,0.900404,0.019363,0.027965,0.612197,0.227323,0.227309,-0.015736,-0.021606,0.49079,0.458195,0.79944,0.678167,0.032595,0.121273,0.105945,0.053134,0.053132,-0.000185,-0.003856,0.448746,0.44339,0.81645,0.790616,0.005356,0.025834,0.073116,0.020701,0.0207,-0.004254,-0.01123,0.455128,0.450874,0.689031,0.67441,0.004254,0.01462,0.032802,0.01115,0.011149,-0.00088,-0.006862,0.44758,0.446502,0.686369,0.677431,0.001078,0.008937,0.008277,0.004038,0.004037,-0.003232,0.000448,0.456375,0.453143,0.521682,0.520859,0.003232,0.000823,0.014443,0.008917,0.008916,0.007984,-0.001336,0.452926,0.444942,0.511033,0.508899,0.007984,0.002134
Kicking Session with Spin and Backkick.mp4,single_athlete_training,21,data\processed\clips\Kicking Session with Spin and Backkick\event_021_punch_candidate_left_wrist_t13p20.mp4,0.2,0.7867,left_wrist,punch_candidate,0.929975,0,0.0,kick,roundhouse_kick,round_kicks,0.694039,0.262387,0.20983,-0.107328,-0.058224,0.647156,0.539828,0.730358,0.631571,0.107328,0.098787,0.174829,0.089956,0.071946,-0.048377,0.017777,0.613066,0.560138,0.680938,0.654821,0.052929,0.026117,0.618914,0.181857,0.14542,-0.129742,-0.048292,0.691188,0.561446,0.659857,0.605134,0.129742,0.054723,0.207371,0.078539,0.062821,-0.05934,-0.009084,0.643128,0.583789,0.639956,0.630871,0.05934,0.009084,0.791102,0.342348,0.273761,-0.257883,-0.040722,0.749343,0.49146,0.933125,0.888008,0.257883,0.045117,1.745838,0.832379,0.665745,-0.037512,-0.033097,0.599055,0.506088,0.933081,0.593664,0.092967,0.339417,0.754722,0.305312,0.244137,-0.211461,-0.095252,0.713239,0.501778,0.843731,0.748479,0.211461,0.095252,0.938206,0.475297,0.380142,-0.069179,-0.01687,0.611302,0.542123,0.797703,0.60902,0.069179,0.188683,0.430242,0.188072,0.150398,-0.137787,-0.042969,0.691543,0.553756,0.741996,0.697598,0.137787,0.044398,0.302474,0.145597,0.11645,-0.093768,-0.055187,0.658604,0.564836,0.738804,0.681317,0.093768,0.057487,0.405445,0.146776,0.117373,-0.111349,-0.026898,0.694992,0.583643,0.568417,0.541519,0.111349,0.026898,0.174833,0.070974,0.056769,-0.05558,-0.006899,0.6539,0.59832,0.569117,0.562218,0.05558,0.006899
Kicking Session with Spin and Backkick.mp4,single_athlete_training,23,data\processed\clips\Kicking Session with Spin and Backkick\event_023_punch_candidate_left_wrist_t31p99.mp4,0.5999,0.9756,left_wrist,punch_candidate,0.877067,0,0.0,kick,roundhouse_kick,round_kicks,1.058412,0.451089,0.541179,-0.196343,-0.012082,0.677142,0.480799,0.656897,0.473009,0.196343,0.183888,0.823616,0.335736,0.40283,-0.111485,-0.048638,0.612125,0.50064,0.70196,0.537248,0.111485,0.164712,0.900948,0.279896,0.335833,-0.203854,-0.097737,0.719978,0.516124,0.667312,0.523082,0.203854,0.144229,0.374668,0.189964,0.227922,-0.110985,-0.024827,0.642041,0.531056,0.648699,0.573944,0.110985,0.074755,0.908132,0.492353,0.590765,-0.251916,0.011251,0.798818,0.460198,0.949979,0.792889,0.33862,0.15709,0.477212,0.183262,0.219895,-0.059308,-0.017939,0.641225,0.553076,0.947018,0.870576,0.088149,0.076442,0.769655,0.345377,0.414392,-0.221023,-0.063967,0.752449,0.48651,0.859184,0.733376,0.265939,0.125809,0.24638,0.087694,0.105217,-0.086072,-0.004832,0.627239,0.541167,0.816558,0.787501,0.086072,0.029057,0.435829,0.182321,0.218749,-0.181171,-0.076375,0.708101,0.52693,0.764057,0.683011,0.181171,0.081046,0.365098,0.156838,0.188178,-0.138362,-0.070778,0.675195,0.536833,0.761635,0.673999,0.138362,0.087637,0.443424,0.15702,0.18839,-0.173114,-0.05871,0.712115,0.539002,0.587899,0.529189,0.173114,0.05871,0.261285,0.121909,0.146272,-0.112585,-0.047296,0.665272,0.552687,0.589824,0.542528,0.112585,0.047296
Kicking Session with Spin and Backkick.mp4,single_athlete_training,25,data\processed\clips\Kicking Session with Spin and Backkick\event_025_punch_candidate_left_wrist_t44p19.mp4,0.2,0.6709,left_wrist,punch_candidate,0.857925,0,0.0,kick,roundhouse_kick,round_kicks,0.631306,0.356992,0.28549,-0.078984,0.036151,0.658794,0.57981,0.687363,0.533672,0.078984,0.153691,0.816578,0.421425,0.33702,-0.133854,-0.015139,0.691668,0.527805,0.666396,0.526031,0.163863,0.140365,0.262798,0.153355,0.122641,-0.039597,0.012988,0.661124,0.621527,0.664093,0.611965,0.039597,0.052127,0.627531,0.269781,0.21574,-0.153556,-0.037125,0.725265,0.571709,0.651331,0.569571,0.153556,0.08176,1.102529,0.417786,0.334172,-0.074245,-0.292485,0.617979,0.543734,0.95692,0.64926,0.074245,0.307661,0.92938,0.477896,0.38214,-0.315873,-0.13542,0.799994,0.484122,0.945442,0.806645,0.315873,0.138796,0.53676,0.303763,0.242936,-0.054845,-0.194036,0.644274,0.589429,0.815187,0.617742,0.054845,0.197444,0.686687,0.3652,0.292031,-0.202157,-0.152691,0.749406,0.547248,0.83844,0.685749,0.202157,0.152691,0.224062,0.115139,0.092088,-0.053007,-0.062347,0.697697,0.644689,0.748351,0.686004,0.053007,0.062347,0.335052,0.193595,0.15483,-0.120293,-0.07654,0.743193,0.622901,0.746654,0.670115,0.120293,0.07654,0.215311,0.078517,0.062788,-0.016968,0.053053,0.679107,0.660344,0.615585,0.562532,0.018763,0.053053,0.340657,0.13466,0.107686,-0.101735,0.004371,0.721379,0.619644,0.57246,0.560847,0.101735,0.011613
Kicking Session with Spin and Backkick.mp4,single_athlete_training,26,data\processed\clips\Kicking Session with Spin and Backkick\event_026_punch_candidate_left_wrist_t52p39.mp4,0.1999,0.6658,left_wrist,punch_candidate,0.839125,0,0.0,kick,roundhouse_kick,round_kicks,0.769227,0.284436,0.227523,0.078981,0.109733,0.685715,0.594266,0.745782,0.608215,0.091449,0.137568,0.708463,0.278973,0.223172,0.181372,0.083677,0.747621,0.566249,0.701905,0.603552,0.181372,0.098352,0.174726,0.089696,0.07174,0.064011,-0.000571,0.690382,0.625688,0.651534,0.639307,0.064694,0.012227,0.411987,0.184988,0.147981,0.143595,0.02683,0.740894,0.597299,0.620384,0.591665,0.143595,0.028719,0.59254,0.254371,0.203437,0.201662,0.000573,0.772342,0.57068,0.966818,0.954829,0.201662,0.011989,0.381187,0.125029,0.100016,0.053935,0.057395,0.681345,0.62313,0.95648,0.89687,0.058214,0.05961,0.327327,0.18243,0.145921,0.144371,0.013646,0.724715,0.580345,0.849594,0.835358,0.144371,0.014236,0.296013,0.137879,0.110287,0.10429,0.022796,0.68802,0.58373,0.836525,0.811239,0.10429,0.025286,0.179343,0.117185,0.09373,0.092358,-0.011725,0.699109,0.606751,0.728591,0.716101,0.092358,0.012489,0.210373,0.142921,0.114322,0.114056,0.007364,0.703624,0.589568,0.714804,0.707439,0.114056,0.007364,0.124633,0.080928,0.064733,0.027705,-0.037505,0.691335,0.659707,0.566656,0.526092,0.031628,0.040563,0.18901,0.114009,0.091198,0.089106,-0.008437,0.716349,0.627243,0.545933,0.536821,0.089106,0.009112
Kicking Session with Spin and Backkick.mp4,single_athlete_training,30,data\processed\clips\Kicking Session with Spin and Backkick\event_030_punch_candidate_left_wrist_t62p79.mp4,0.2,0.8034,left_wrist,punch_candidate,0.85365,0,0.0,kick,spinninghook_kick,spinning_kicks,0.669854,0.38128,0.304957,-0.089606,0.056613,0.74947,0.64795,0.711098,0.544348,0.101519,0.16675,0.473101,0.285709,0.228528,-0.070674,0.05964,0.69513,0.624456,0.681934,0.549233,0.070674,0.132701,0.629707,0.299137,0.239247,-0.097744,0.043939,0.777927,0.643133,0.689902,0.595851,0.134794,0.094051,0.332842,0.235944,0.188725,-0.110656,0.046354,0.715344,0.604688,0.682556,0.587134,0.110656,0.095422,0.85029,0.370801,0.296556,-0.166164,-0.079285,0.784439,0.618275,0.953191,0.836235,0.166164,0.116955,1.800201,0.571061,0.456838,-0.265618,-0.319561,0.750214,0.484597,0.934738,0.615176,0.265618,0.319561,0.403303,0.244545,0.195595,-0.081537,-0.108372,0.714534,0.632997,0.841145,0.732773,0.081537,0.108372,0.962125,0.32304,0.258422,-0.150411,-0.186748,0.718541,0.56813,0.825574,0.6313,0.150411,0.194274,0.46353,0.205718,0.164545,-0.11029,-0.056755,0.773785,0.660405,0.753616,0.679019,0.11338,0.074596,0.426058,0.196092,0.156856,-0.131756,-0.060847,0.757896,0.626141,0.753438,0.681854,0.131756,0.071584,0.370471,0.210513,0.168376,-0.065517,0.068408,0.754748,0.661366,0.628699,0.560045,0.093382,0.068655,0.254585,0.152942,0.122339,-0.09218,0.047329,0.726608,0.634428,0.613918,0.565834,0.09218,0.048083
Kicking Session with Spin and Backkick.mp4,single_athlete_training,35,data\processed\clips\Kicking Session with Spin and Backkick\event_035_kick_candidate_right_ankle_t13p40.mp4,0.3999,0.9822,right_ankle,kick_candidate,0.91508,0,0.0,kick,roundhouse_kick,round_kicks,0.255355,0.106526,0.106516,0.013813,0.019671,0.563555,0.538144,0.682095,0.631571,0.025411,0.050524,0.223412,0.144315,0.144301,-0.09071,-0.033196,0.613066,0.522356,0.680938,0.621625,0.09071,0.059312,0.141164,0.052965,0.052961,0.011011,-0.001368,0.591239,0.561446,0.613347,0.603766,0.029792,0.009581,0.207371,0.100372,0.100368,-0.096398,-0.018914,0.633016,0.536619,0.631266,0.611975,0.096398,0.019291,0.444766,0.237106,0.237068,0.010589,-0.001199,0.601856,0.49146,0.933125,0.888008,0.110395,0.045117,1.745838,0.704811,0.704656,-0.044719,-0.013123,0.599055,0.506088,0.930228,0.593664,0.092967,0.336564,0.367653,0.185139,0.185102,0.017115,-0.014196,0.586713,0.501778,0.803343,0.748479,0.084935,0.054864,0.938206,0.390773,0.390687,-0.048509,0.009106,0.591673,0.542123,0.802905,0.60902,0.04955,0.193885,0.164342,0.094707,0.094691,-0.037049,-0.012099,0.617883,0.553756,0.701162,0.6855,0.064127,0.015662,0.302474,0.093777,0.093768,-0.085453,-0.014384,0.636528,0.551075,0.706547,0.681317,0.085453,0.02523,0.113101,0.055593,0.055586,-0.03035,-0.019459,0.616649,0.578019,0.550279,0.528193,0.03863,0.022087,0.178338,0.102866,0.102859,-0.09977,-0.02024,0.646518,0.546749,0.564941,0.544701,0.09977,0.02024
Kicking Session with Spin and Backkick.mp4,single_athlete_training,36,data\processed\clips\Kicking Session with Spin and Backkick\event_036_kick_candidate_right_ankle_t22p00.mp4,0.3999,0.9179,right_ankle,kick_candidate,0.8506,0,0.0,kick,roundhouse_kick,round_kicks,0.291776,0.172095,0.172044,-0.004331,0.068266,0.591045,0.535472,0.662066,0.572801,0.055574,0.089265,0.397668,0.153172,0.153111,-0.019967,0.000754,0.574225,0.533032,0.663292,0.59455,0.041193,0.068742,0.27341,0.126243,0.126208,-0.001253,-0.026887,0.614506,0.555987,0.64038,0.608151,0.058519,0.032229,0.165892,0.072465,0.072438,-0.014043,-0.011629,0.58303,0.558106,0.620367,0.583895,0.024924,0.036472,0.188453,0.070829,0.070817,0.050366,-0.010142,0.599721,0.548756,0.944538,0.927966,0.050965,0.016572,1.387764,0.535276,0.535063,0.170117,0.285102,0.564143,0.394026,0.932569,0.647467,0.170117,0.285102,0.095515,0.050801,0.050788,0.025529,-0.016854,0.577577,0.552048,0.838313,0.814333,0.025529,0.023981,0.671391,0.303379,0.303264,0.088644,0.164946,0.562258,0.473614,0.817436,0.65249,0.088644,0.164946,0.145208,0.073489,0.07348,0.015787,-0.018799,0.581206,0.548177,0.713039,0.683462,0.033029,0.029576,0.098592,0.051875,0.051859,0.018285,0.035273,0.561212,0.538603,0.697013,0.66174,0.022609,0.035273,0.224532,0.097426,0.0974,-0.046735,-0.056676,0.64552,0.584905,0.586647,0.529237,0.060615,0.05741,0.121915,0.050935,0.050926,-0.030059,-0.019087,0.604224,0.574165,0.550873,0.523244,0.030059,0.027629
Kicking Session with Spin and Backkick.mp4,single_athlete_training,37,data\processed\clips\Kicking Session with Spin and Backkick\event_037_kick_candidate_right_ankle_t37p19.mp4,0.4,0.9249,right_ankle,kick_candidate,0.84254,0,0.0,kick,roundhouse_kick,round_kicks,0.433421,0.222036,0.221968,-0.079028,0.040653,0.669148,0.551737,0.693159,0.604503,0.117411,0.088656,0.431318,0.1801,0.180043,-0.012217,0.149446,0.577633,0.525413,0.653173,0.503727,0.05222,0.149446,0.267124,0.148824,0.148784,-0.081669,0.023927,0.692475,0.583608,0.650363,0.617246,0.108867,0.033117,0.13465,0.074731,0.074711,-0.011439,0.044889,0.599468,0.565244,0.615097,0.570208,0.034224,0.044889,1.537796,0.629977,0.62981,-0.031765,0.001102,0.60706,0.497746,0.956523,0.665508,0.109314,0.291015,0.688242,0.412377,0.412291,-0.042249,0.022931,0.652341,0.492218,0.942579,0.821104,0.160123,0.121475,0.596483,0.26301,0.262943,-0.018664,0.013183,0.600413,0.55664,0.831543,0.704809,0.043772,0.126735,0.47327,0.234655,0.234628,-0.0139,0.014309,0.605798,0.523938,0.810779,0.725487,0.081861,0.085292,0.216938,0.110797,0.110766,-0.067204,-0.018624,0.669796,0.585418,0.737864,0.712359,0.084378,0.025505,0.210342,0.103952,0.103922,-0.060154,-0.031299,0.651607,0.57374,0.735264,0.70147,0.077868,0.033794,0.130834,0.085517,0.085498,-0.051329,-0.005111,0.672364,0.621035,0.571591,0.544738,0.051329,0.026852,0.101463,0.051926,0.05191,-0.027357,-0.0014,0.630438,0.596147,0.56677,0.552159,0.034291,0.014611
Kicking Session with Spin and Backkick.mp4,single_athlete_training,38,data\processed\clips\Kicking Session with Spin and Backkick\event_038_kick_candidate_right_ankle_t41p59.mp4,0.9997,0.9723,right_ankle,kick_candidate,0.865287,0,0.0,kick,roundhouse_kick,round_kicks,0.283869,0.147573,0.236065,0.149884,0.075796,0.709914,0.543318,0.731653,0.639772,0.166596,0.091881,0.371217,0.130876,0.209351,0.052628,0.004993,0.675794,0.589635,0.709832,0.63195,0.086159,0.077882,0.238766,0.127328,0.203678,0.131866,0.039801,0.723708,0.571697,0.658049,0.597132,0.152012,0.060917,0.192049,0.099124,0.158576,0.045105,-0.01924,0.693717,0.613847,0.64246,0.609329,0.079871,0.033132,0.383833,0.1969,0.31497,0.151129,0.030888,0.75292,0.534985,0.943041,0.877678,0.217934,0.065364,2.353545,0.84779,1.356276,0.088274,-0.051911,0.67963,0.463526,0.974175,0.515313,0.216104,0.458862,0.428125,0.156137,0.249757,0.153855,0.067273,0.710244,0.549684,0.82086,0.744524,0.16056,0.076336,1.375298,0.487901,0.78053,0.092094,-0.025875,0.678991,0.530629,0.82872,0.554513,0.148362,0.274207,0.258274,0.130256,0.208362,0.076819,-0.01226,0.695467,0.569181,0.716024,0.67546,0.126286,0.040564,0.386666,0.144981,0.231929,0.047664,-0.038201,0.682408,0.586958,0.732987,0.661325,0.09545,0.071662,0.347311,0.104411,0.167008,0.098355,0.017972,0.729129,0.605625,0.565416,0.527841,0.123505,0.037575,0.223866,0.084534,0.135235,0.042776,-0.011842,0.706027,0.632088,0.553986,0.532315,0.07394,0.021671
Kicking Session with Spin and Backkick.mp4,single_athlete_training,39,data\processed\clips\Kicking Session with Spin and Backkick\event_039_kick_candidate_right_ankle_t44p19.mp4,1.3997,0.9708,right_ankle,kick_candidate,0.85076,0,0.0,kick,roundhouse_kick,round_kicks,0.631306,0.29405,0.58795,0.035244,0.061945,0.746621,0.57981,0.742154,0.533672,0.166811,0.208482,0.816578,0.287962,0.575755,0.054106,0.036533,0.745774,0.527805,0.719966,0.526031,0.217969,0.193935,0.284876,0.153985,0.307895,0.056151,-0.025788,0.735441,0.617562,0.664093,0.611965,0.11788,0.052127,0.627531,0.219858,0.439587,0.038037,-0.01603,0.763302,0.571709,0.651331,0.569571,0.191593,0.08176,1.102529,0.441876,0.883641,0.209389,0.03391,0.827368,0.543734,0.987554,0.64926,0.283634,0.338294,1.197233,0.555916,1.111557,0.032728,0.014512,0.832723,0.484122,0.966805,0.711626,0.348601,0.25518,0.53676,0.316085,0.632039,0.102962,0.038477,0.747236,0.587398,0.861546,0.617742,0.159838,0.243804,0.794663,0.388739,0.777257,0.025452,0.010231,0.774857,0.543179,0.848671,0.658878,0.231679,0.189793,0.235124,0.137716,0.275363,0.063739,-0.015737,0.761435,0.631394,0.748351,0.686004,0.130042,0.062347,0.335052,0.18429,0.368484,0.026047,-0.022136,0.76924,0.608949,0.746654,0.670115,0.160291,0.07654,0.232885,0.106984,0.21393,0.059254,-0.0434,0.736566,0.653031,0.615585,0.519132,0.083536,0.096453,0.340657,0.145847,0.291622,0.039451,-0.038313,0.76083,0.617038,0.57246,0.525318,0.143792,0.047142
Kicking Session with Spin and Backkick.mp4,single_athlete_training,40,data\processed\clips\Kicking Session with Spin and Backkick\event_040_kick_candidate_right_ankle_t48p79.mp4,0.3999,0.9724,right_ankle,kick_candidate,0.86534,0,0.0,kick,roundhouse_kick,round_kicks,0.335973,0.19548,0.195459,0.13123,0.031208,0.685485,0.554255,0.678446,0.606213,0.13123,0.072233,0.630747,0.269179,0.269172,0.001535,-0.040247,0.662977,0.596535,0.709182,0.586733,0.066442,0.122449,0.375913,0.162749,0.162727,0.136517,0.008915,0.720587,0.584069,0.646309,0.598596,0.136517,0.047713,0.325396,0.142599,0.142596,-0.001755,-0.034353,0.673265,0.627084,0.643241,0.581584,0.046181,0.061657,1.485576,0.484385,0.484371,0.222494,0.353941,0.739835,0.517341,0.97874,0.624799,0.222494,0.353941,1.52096,0.695881,0.695763,0.081341,-0.003137,0.667318,0.494036,0.956669,0.662054,0.173283,0.294615,0.757914,0.334917,0.3349,0.158353,0.215223,0.720749,0.562396,0.876844,0.639482,0.158353,0.237362,0.677037,0.35413,0.354104,0.074934,0.02126,0.664079,0.560952,0.836247,0.678633,0.103127,0.157614,0.322411,0.170798,0.170788,0.100813,0.048617,0.707222,0.594848,0.741976,0.665633,0.112374,0.076343,0.208664,0.122861,0.122855,0.034754,-0.000685,0.674567,0.607905,0.735451,0.702389,0.066661,0.033062,0.316106,0.122085,0.122071,0.095093,-0.020693,0.718323,0.62323,0.554657,0.51245,0.095093,0.042208,0.195573,0.062066,0.062065,0.01166,-0.02966,0.682146,0.658445,0.558671,0.521386,0.023701,0.037285
Kicking Session with Spin and Backkick.mp4,single_athlete_training,41,data\processed\clips\Kicking Session with Spin and Backkick\event_041_kick_candidate_right_ankle_t52p19.mp4,0.2,0.8444,right_ankle,kick_candidate,0.840275,0,0.0,kick,roundhouse_kick,round_kicks,0.769227,0.357189,0.285725,0.050637,0.160638,0.685715,0.594266,0.745782,0.53891,0.091449,0.206872,0.708463,0.248692,0.198946,0.117276,0.048581,0.68049,0.563214,0.701905,0.603552,0.117276,0.098352,0.174726,0.12209,0.097655,0.048427,0.028421,0.690382,0.625688,0.651534,0.614802,0.064694,0.036732,0.411987,0.148699,0.11895,0.096406,0.010404,0.693586,0.59718,0.620384,0.591665,0.096406,0.028719,0.59254,0.197217,0.157714,0.154573,-0.017724,0.719242,0.56467,0.972553,0.954829,0.154573,0.017724,1.132054,0.396757,0.317398,0.215369,0.212431,0.681345,0.465975,0.95648,0.733885,0.215369,0.222596,0.233311,0.112415,0.089909,0.08916,-0.004166,0.660795,0.571635,0.839623,0.835358,0.08916,0.004265,0.72804,0.298003,0.238386,0.15199,0.151416,0.670585,0.518594,0.836525,0.681012,0.15199,0.155513,0.179343,0.090502,0.072384,0.069077,-0.005842,0.665428,0.596351,0.728591,0.716101,0.069077,0.012489,0.210373,0.132376,0.105886,0.088812,0.03321,0.662302,0.57349,0.711839,0.67863,0.088812,0.03321,0.124633,0.069961,0.055959,0.002502,-0.050077,0.67175,0.659707,0.57617,0.526092,0.012043,0.050077,0.177427,0.072408,0.057917,0.054558,-0.012256,0.678553,0.623995,0.549077,0.536821,0.054558,0.012256
Kicking Session with Spin and Backkick.mp4,single_athlete_training,42,data\processed\clips\Kicking Session with Spin and Backkick\event_042_kick_candidate_right_ankle_t54p99.mp4,0.3999,0.9612,right_ankle,kick_candidate,0.80312,0,0.0,kick,back_kick,spinning_kicks,0.391105,0.162844,0.162815,0.025099,0.130364,0.709525,0.674306,0.735593,0.603885,0.035219,0.131708,0.245894,0.152177,0.152149,-0.024099,0.108582,0.695308,0.660253,0.734905,0.626323,0.035054,0.108582,0.221269,0.131763,0.131723,0.048541,0.068711,0.70822,0.659679,0.692525,0.603404,0.048541,0.08912,0.326882,0.141142,0.141101,-0.045178,0.01568,0.700861,0.622788,0.65413,0.626361,0.078073,0.027769,1.904899,0.802081,0.801965,-0.043593,0.009624,0.637967,0.521594,0.958188,0.585641,0.116374,0.372547,2.118386,0.910678,0.91044,0.001696,0.03012,0.681269,0.501122,0.996522,0.582373,0.180147,0.414149,0.724315,0.35348,0.353429,-0.047724,0.005696,0.672486,0.606717,0.843131,0.677659,0.065769,0.165472,1.061768,0.428882,0.428754,-0.047894,0.026251,0.689411,0.570457,0.863222,0.66119,0.118954,0.202032,0.212677,0.095641,0.095616,-0.010623,0.003732,0.681486,0.669954,0.736155,0.690225,0.011533,0.045929,0.286141,0.090414,0.090382,-0.042715,-0.024558,0.688533,0.642305,0.738709,0.690131,0.046229,0.048577,0.192093,0.080936,0.080906,0.044378,0.055182,0.720653,0.676276,0.612856,0.552002,0.044378,0.060854,0.179686,0.082439,0.082415,-0.018192,-0.011525,0.694017,0.658446,0.576332,0.55327,0.03557,0.023062
Kicking Session with Spin and Backkick.mp4,single_athlete_training,45,data\processed\clips\Kicking Session with Spin and Backkick\event_045_kick_candidate_right_ankle_t58p99.mp4,0.3999,0.9223,right_ankle,kick_candidate,0.75794,0,0.0,kick,back_kick,spinning_kicks,0.479718,0.242906,0.24281,-0.020522,-0.053731,0.672848,0.604902,0.783669,0.653997,0.067945,0.129672,0.395076,0.217373,0.217323,-0.072576,-0.081314,0.745525,0.655327,0.786222,0.658158,0.090198,0.128064,0.192524,0.128821,0.128783,-0.012859,-0.047485,0.649998,0.600733,0.680557,0.612647,0.049265,0.06791,0.488504,0.160275,0.160261,-0.103204,-0.045681,0.73467,0.621916,0.683584,0.609603,0.112754,0.073981,1.84199,0.752612,0.752348,-0.027931,-0.001757,0.647888,0.47511,0.939887,0.60321,0.172778,0.336677,1.110583,0.457435,0.457257,-0.039259,-0.006344,0.64738,0.503647,0.982259,0.803206,0.143733,0.179053,0.869449,0.294105,0.293994,-0.021832,-0.070053,0.666966,0.564408,0.849039,0.70872,0.102558,0.140318,0.585761,0.17888,0.178801,-0.052762,-0.035655,0.676638,0.601236,0.860154,0.770569,0.075402,0.089585,0.347905,0.121631,0.121592,-0.034477,-0.042118,0.670435,0.607118,0.754532,0.697083,0.063317,0.057449,0.362127,0.118125,0.118075,-0.083839,-0.05153,0.702588,0.618749,0.769277,0.705502,0.083839,0.063775,0.22552,0.094475,0.094446,-0.000754,0.012327,0.664871,0.6306,0.590813,0.555703,0.03427,0.03511,0.198061,0.087587,0.08757,-0.064391,-0.011519,0.72033,0.655939,0.5851,0.551689,0.064391,0.03341
Kicking Session with Spin and Backkick.mp4,single_athlete_training,47,data\processed\clips\Kicking Session with Spin and Backkick\event_047_kick_candidate_right_ankle_t63p99.mp4,0.5999,0.6903,right_ankle,kick_candidate,0.541017,2,0.333333,kick,spinninghook_kick,spinning_kicks,0.315078,0.114522,0.13741,0.134646,-0.014295,0.766046,0.6314,0.707705,0.68685,0.134646,0.020855,0.460432,0.177001,0.212372,0.178147,0.072817,0.793064,0.614917,0.685676,0.59982,0.178147,0.085856,0.387745,0.162737,0.195257,0.145772,-0.073814,0.799733,0.653961,0.730345,0.630662,0.145772,0.099683,0.321639,0.135467,0.162531,0.158699,0.030011,0.809034,0.650334,0.626199,0.595636,0.158699,0.030563,2.08362,0.616435,0.739581,0.170677,-0.161774,0.759408,0.588731,0.937343,0.513565,0.170677,0.423778,1.96548,0.666319,0.799443,0.071436,-0.010695,0.76017,0.656278,0.916725,0.52363,0.103892,0.393094,1.264339,0.373442,0.448058,0.14802,-0.134075,0.752453,0.604433,0.831718,0.565132,0.14802,0.266586,1.179278,0.375877,0.450983,0.107651,-0.029481,0.76242,0.654769,0.806872,0.575145,0.107651,0.231728,0.280199,0.130334,0.156377,0.11387,-0.061513,0.749715,0.635844,0.743357,0.664693,0.11387,0.078665,0.250353,0.112026,0.134406,0.121288,-0.023191,0.75401,0.632722,0.692932,0.659722,0.121288,0.033209,0.360334,0.158465,0.190133,0.119331,-0.100273,0.810511,0.69118,0.663917,0.548202,0.119331,0.115715,0.342683,0.126751,0.152067,0.141337,-0.046349,0.825743,0.684406,0.586003,0.539653,0.141337,0.046349
Kicking Session with Spin and Backkick.mp4,single_athlete_training,55,data\processed\clips\Kicking Session with Spin and Backkick\event_055_punch_candidate_right_wrist_t31p99.mp4,0.2,0.8478,right_wrist,punch_candidate,0.885025,0,0.0,kick,roundhouse_kick,round_kicks,1.058412,0.586189,0.468845,-0.130008,0.012699,0.677142,0.547134,0.656897,0.473009,0.130008,0.183888,0.823616,0.407799,0.326214,-0.045773,-0.009773,0.612125,0.566351,0.70196,0.537248,0.045773,0.164712,0.900948,0.345763,0.276583,-0.154714,-0.128929,0.719978,0.565264,0.667312,0.523082,0.154714,0.144229,0.374668,0.208218,0.166557,-0.050296,-0.017088,0.642041,0.584719,0.648699,0.573944,0.057323,0.074755,0.908132,0.567533,0.453974,-0.33862,-0.093254,0.798818,0.460198,0.946611,0.792889,0.33862,0.153722,0.477212,0.254353,0.203468,-0.068716,-0.008299,0.641225,0.553076,0.947018,0.870576,0.088149,0.076442,0.769655,0.414326,0.331414,-0.265939,-0.125809,0.752449,0.48651,0.859184,0.733376,0.265939,0.125809,0.24638,0.115336,0.092257,-0.077387,-0.010855,0.627239,0.549852,0.816558,0.787501,0.077387,0.029057,0.435829,0.243166,0.194502,-0.158526,-0.067835,0.708101,0.549575,0.764057,0.683011,0.158526,0.081046,0.365098,0.197828,0.158243,-0.109828,-0.061887,0.675195,0.565367,0.761635,0.673999,0.109828,0.087637,0.443424,0.173063,0.138428,-0.124567,-0.047038,0.712115,0.587548,0.587899,0.539166,0.124567,0.048733,0.261285,0.110748,0.088595,-0.057615,-0.032237,0.665272,0.60596,0.589824,0.551411,0.059312,0.038413
Kicking Session with Spin and Backkick.mp4,single_athlete_training,56,data\processed\clips\Kicking Session with Spin and Backkick\event_056_punch_candidate_right_wrist_t36p99.mp4,0.1999,0.854,right_wrist,punch_candidate,0.838825,0,0.0,kick,roundhouse_kick,round_kicks,0.239251,0.141282,0.113001,-0.0266,-0.058773,0.669148,0.608615,0.663277,0.604503,0.060534,0.058773,1.13543,0.433112,0.346447,-0.180579,-0.083417,0.705992,0.525413,0.691055,0.503727,0.180579,0.187328,0.267124,0.157502,0.125975,-0.02048,-0.001239,0.692475,0.629585,0.650363,0.617246,0.06289,0.033117,0.746109,0.248175,0.198529,-0.160853,-0.044542,0.726097,0.565244,0.649153,0.570208,0.160853,0.078944,1.537796,0.741483,0.593032,-0.07037,-0.011218,0.614925,0.497746,0.95282,0.665508,0.117178,0.287313,0.784392,0.515142,0.412055,-0.287572,-0.144288,0.779791,0.492218,0.965392,0.821104,0.287572,0.144288,0.596483,0.332765,0.266156,-0.079686,0.006535,0.636327,0.55664,0.821621,0.704809,0.079686,0.116812,0.697714,0.328111,0.262475,-0.213124,-0.118335,0.737062,0.523938,0.843821,0.725487,0.213124,0.118335,0.216938,0.12755,0.102018,-0.092706,-0.030214,0.686336,0.59363,0.74371,0.712359,0.092706,0.031352,0.357587,0.194554,0.155622,-0.147231,-0.044811,0.722271,0.57504,0.746281,0.70147,0.147231,0.044811,0.105332,0.06102,0.048806,-0.020282,0.016553,0.672364,0.646616,0.571591,0.549849,0.025748,0.021741,0.469344,0.16055,0.12843,-0.125484,0.005465,0.723987,0.598502,0.56677,0.553559,0.125484,0.013211
Kicking Session with Spin and Backkick.mp4,single_athlete_training,58,data\processed\clips\Kicking Session with Spin and Backkick\event_058_punch_candidate_right_wrist_t44p19.mp4,0.2,0.8468,right_wrist,punch_candidate,0.857925,0,0.0,kick,roundhouse_kick,round_kicks,0.631306,0.356992,0.28549,-0.078984,0.036151,0.658794,0.57981,0.687363,0.533672,0.078984,0.153691,0.816578,0.421425,0.33702,-0.133854,-0.015139,0.691668,0.527805,0.666396,0.526031,0.163863,0.140365,0.262798,0.153355,0.122641,-0.039597,0.012988,0.661124,0.621527,0.664093,0.611965,0.039597,0.052127,0.627531,0.269781,0.21574,-0.153556,-0.037125,0.725265,0.571709,0.651331,0.569571,0.153556,0.08176,1.102529,0.417786,0.334172,-0.074245,-0.292485,0.617979,0.543734,0.95692,0.64926,0.074245,0.307661,0.92938,0.477896,0.38214,-0.315873,-0.13542,0.799994,0.484122,0.945442,0.806645,0.315873,0.138796,0.53676,0.303763,0.242936,-0.054845,-0.194036,0.644274,0.589429,0.815187,0.617742,0.054845,0.197444,0.686687,0.3652,0.292031,-0.202157,-0.152691,0.749406,0.547248,0.83844,0.685749,0.202157,0.152691,0.224062,0.115139,0.092088,-0.053007,-0.062347,0.697697,0.644689,0.748351,0.686004,0.053007,0.062347,0.335052,0.193595,0.15483,-0.120293,-0.07654,0.743193,0.622901,0.746654,0.670115,0.120293,0.07654,0.215311,0.078517,0.062788,-0.016968,0.053053,0.679107,0.660344,0.615585,0.562532,0.018763,0.053053,0.340657,0.13466,0.107686,-0.101735,0.004371,0.721379,0.619644,0.57246,0.560847,0.101735,0.011613
Kicking Session with Spin and Backkick.mp4,single_athlete_training,61,data\processed\clips\Kicking Session with Spin and Backkick\event_061_punch_candidate_right_wrist_t58p79.mp4,0.1999,0.706,right_wrist,punch_candidate,0.7539,0,0.0,kick,back_kick,spinning_kicks,0.550988,0.269501,0.215553,-0.167938,0.121099,0.77284,0.604902,0.783669,0.661413,0.167938,0.122256,0.731279,0.278005,0.222385,0.012511,0.189857,0.745525,0.697718,0.786222,0.596364,0.047808,0.189857,0.81698,0.275079,0.220044,-0.212179,0.000628,0.812912,0.600733,0.680557,0.660133,0.212179,0.020425,0.241845,0.122336,0.097861,0.027328,0.03313,0.73467,0.676994,0.683584,0.650454,0.057676,0.03313,1.84199,0.908137,0.726325,-0.231056,-0.102912,0.79767,0.47511,0.92837,0.60321,0.32256,0.32516,1.110583,0.389878,0.311792,-0.079632,-0.120155,0.652337,0.503647,0.972616,0.803206,0.14869,0.169411,0.891859,0.500437,0.400262,-0.251897,-0.168472,0.829021,0.564408,0.923568,0.70872,0.264614,0.214847,0.585761,0.201944,0.161497,-0.063007,-0.105058,0.677459,0.601236,0.887065,0.770569,0.076224,0.116497,0.545944,0.240101,0.192046,-0.161455,-0.094834,0.773024,0.61157,0.791917,0.697083,0.161455,0.094834,0.362127,0.138555,0.110807,-0.068147,-0.085074,0.718363,0.650216,0.790576,0.705502,0.068147,0.085074,0.613793,0.227741,0.18217,-0.156135,0.007303,0.786735,0.6306,0.590813,0.555703,0.156135,0.03511,0.125615,0.066802,0.053429,-0.012076,0.018043,0.72033,0.692942,0.5851,0.563209,0.027387,0.021891
Kicking Session.mp4,single_athlete_training,2,data\processed\clips\Kicking Session\event_002_kick_candidate_left_ankle_t6p80.mp4,0.2,0.8295,left_ankle,kick_candidate,0.8204,0,0.0,kick,roundhouse_kick,round_kicks,0.351352,0.185482,0.148385,-0.058786,0.04702,0.550699,0.491914,0.726474,0.656776,0.058786,0.069698,0.357196,0.193462,0.154769,-0.009337,0.025194,0.623111,0.54254,0.708647,0.683453,0.08057,0.025194,0.347995,0.12706,0.101648,-0.043918,-0.008394,0.562248,0.501503,0.661692,0.62772,0.060745,0.033972,0.269278,0.147254,0.117803,-0.001698,0.01314,0.622784,0.5692,0.6871,0.658583,0.053584,0.028517,1.105546,0.39499,0.315992,-0.175293,-0.076725,0.663229,0.487935,1.00642,0.840334,0.175293,0.166086,0.795189,0.327538,0.26203,-0.029615,-0.059689,0.536801,0.481492,0.98352,0.829877,0.055309,0.153642,1.047827,0.415361,0.332289,-0.136973,-0.096906,0.612864,0.475892,0.914837,0.747208,0.136973,0.167628,0.386466,0.150414,0.120331,-0.019769,-0.048976,0.537695,0.517879,0.855124,0.77159,0.019817,0.083534,0.416633,0.139275,0.11142,-0.076343,-0.053989,0.588128,0.511785,0.800233,0.735857,0.076343,0.064376,0.222279,0.09427,0.075416,-0.035089,-0.041332,0.575182,0.540093,0.796177,0.74517,0.035089,0.051007,0.246517,0.084551,0.067641,-0.042119,-0.007467,0.586068,0.538512,0.600126,0.580629,0.047556,0.019497,0.102019,0.042243,0.033795,-0.001204,0.013866,0.596223,0.586575,0.622837,0.602829,0.009648,0.020008
Kicking Session.mp4,single_athlete_training,3,data\processed\clips\Kicking Session\event_003_kick_candidate_left_ankle_t15p80.mp4,0.7999,0.9682,left_ankle,kick_candidate,0.8411,0,0.0,kick,roundhouse_kick,round_kicks,0.515221,0.220954,0.309314,0.023526,-0.033894,0.583206,0.505376,0.737366,0.603146,0.07783,0.13422,0.247186,0.125179,0.175244,-0.00855,-0.017119,0.616824,0.553023,0.720046,0.668801,0.063801,0.051244,0.258999,0.12233,0.171257,0.047047,0.00952,0.614891,0.519676,0.656138,0.622512,0.095214,0.033626,0.219994,0.09562,0.133857,-0.005317,-0.022771,0.635804,0.578181,0.688938,0.653976,0.057623,0.034962,1.236673,0.616858,0.86352,-0.02628,-0.014867,0.68153,0.44557,1.030925,0.671581,0.23596,0.359344,0.19668,0.078838,0.110364,0.013435,-0.049606,0.563852,0.517479,0.991436,0.94183,0.046373,0.049606,1.201881,0.401372,0.561877,0.007554,-0.026537,0.631102,0.496531,0.932522,0.688396,0.134571,0.244126,0.149022,0.060156,0.084216,0.003741,-0.038666,0.554293,0.533875,0.869972,0.831306,0.020417,0.038666,0.449942,0.151394,0.211938,0.008447,-0.03555,0.615894,0.534499,0.808944,0.72639,0.081395,0.082554,0.196705,0.069871,0.097818,-0.012387,-0.044131,0.592398,0.557652,0.805441,0.758006,0.034745,0.047436,0.278177,0.118006,0.165201,0.020418,-0.016661,0.629152,0.556214,0.603621,0.575422,0.072938,0.028199,0.135713,0.059058,0.082667,-0.005144,-0.020083,0.618706,0.58373,0.619911,0.590325,0.034976,0.029586
Kicking Session.mp4,single_athlete_training,4,data\processed\clips\Kicking Session\event_004_kick_candidate_left_ankle_t19p20.mp4,0.4,0.9607,left_ankle,kick_candidate,0.80332,0,0.0,kick,axe_kick,axe_kicks,0.406225,0.158208,0.158168,-0.0026,0.04911,0.52541,0.496879,0.715693,0.63874,0.028531,0.076953,0.530119,0.185064,0.185011,0.050907,0.02021,0.576709,0.504727,0.715901,0.633446,0.071982,0.082455,0.27757,0.105458,0.105431,0.037526,0.04329,0.579209,0.523675,0.665965,0.622675,0.055534,0.04329,0.429148,0.167718,0.167675,0.059026,0.012382,0.607694,0.529167,0.665826,0.608453,0.078528,0.057373,2.067134,0.931218,0.931176,0.094599,0.028352,0.636809,0.449134,1.012786,0.581621,0.187675,0.431166,1.790187,1.000668,1.000627,0.047928,0.181279,0.553147,0.458881,0.91363,0.560909,0.094266,0.352721,1.224923,0.592204,0.592164,0.089218,0.048449,0.607146,0.517927,0.900693,0.607751,0.089218,0.292942,0.469593,0.252897,0.252861,0.034478,0.091729,0.567483,0.50476,0.762446,0.60042,0.062724,0.162026,0.238734,0.109408,0.109384,0.05281,0.052947,0.60513,0.543172,0.764455,0.710351,0.061958,0.054104,0.210379,0.115834,0.115819,0.044353,0.022522,0.601252,0.539711,0.74415,0.707551,0.061541,0.036599,0.178375,0.105141,0.105123,0.051806,0.022391,0.612257,0.560452,0.599761,0.556065,0.051806,0.043696,0.209394,0.115304,0.115283,0.060016,-0.008922,0.623367,0.552047,0.59759,0.563769,0.07132,0.033821
Kicking Session.mp4,single_athlete_training,8,data\processed\clips\Kicking Session\event_008_kick_candidate_left_ankle_t27p20.mp4,0.4,0.9322,left_ankle,kick_candidate,0.66034,0,0.0,kick,hopstep_kick,linear_kicks,0.433431,0.176011,0.176011,0.085175,0.082457,0.602513,0.514178,0.775878,0.664493,0.088335,0.111385,0.27341,0.164148,0.164148,-0.003793,0.007863,0.604267,0.556055,0.749456,0.688174,0.048212,0.061281,0.228342,0.11134,0.11134,0.07816,0.002032,0.597821,0.510148,0.683241,0.66466,0.087673,0.018581,0.164375,0.075639,0.075639,-0.007548,-0.032216,0.624791,0.587704,0.709308,0.677091,0.037087,0.032216,1.103201,0.561688,0.561688,0.127883,0.057143,0.626212,0.461959,1.057849,0.775359,0.164253,0.28249,0.662311,0.329502,0.329502,-0.00949,0.208375,0.600747,0.503785,1.057373,0.825866,0.096961,0.231507,0.695889,0.40127,0.40127,0.064548,0.061591,0.604946,0.499474,0.928333,0.724294,0.105473,0.204039,0.484169,0.277222,0.277222,-0.019664,0.164255,0.617348,0.534881,0.927959,0.74026,0.082467,0.187699,0.229449,0.135233,0.135233,0.026379,0.070565,0.588862,0.536202,0.804945,0.725808,0.05266,0.079136,0.201914,0.131512,0.131512,-0.002119,0.071279,0.60685,0.570959,0.807772,0.725367,0.035891,0.082405,0.149378,0.050308,0.050308,0.031072,-0.029262,0.586753,0.552172,0.599813,0.57055,0.034581,0.029262,0.201324,0.068613,0.068613,-0.006695,-0.038379,0.62328,0.600689,0.619594,0.575966,0.022591,0.043627
Kicking Session.mp4,single_athlete_training,9,data\processed\clips\Kicking Session\event_009_kick_candidate_left_ankle_t32p20.mp4,0.6,0.9329,left_ankle,kick_candidate,0.70115,0,0.0,kick,roundhouse_kick,round_kicks,0.738702,0.193811,0.23256,-0.09153,0.145012,0.566756,0.475226,0.729174,0.578968,0.09153,0.150207,0.316594,0.118635,0.142361,-0.050447,0.017221,0.630894,0.573705,0.728388,0.66449,0.057188,0.063898,0.114056,0.062401,0.074876,-0.069796,0.024737,0.557114,0.487318,0.65492,0.630183,0.069796,0.024737,0.341982,0.085946,0.10313,-0.062402,-0.056647,0.655565,0.58935,0.718627,0.661979,0.066216,0.056647,0.959405,0.406817,0.488172,-0.13138,0.009888,0.648916,0.510795,0.9931,0.793681,0.13812,0.199419,0.804131,0.287399,0.344867,-0.066638,0.001008,0.645135,0.53834,0.99288,0.844314,0.106796,0.148566,0.624958,0.257739,0.309283,-0.049672,-0.070424,0.573563,0.508181,0.90974,0.726921,0.065381,0.182819,0.565543,0.189763,0.22771,-0.0489,-0.022884,0.610963,0.54463,0.877828,0.766757,0.066333,0.111071,0.379359,0.112888,0.135463,-0.068193,-0.056407,0.598905,0.52406,0.808974,0.737945,0.074844,0.071029,0.32566,0.094616,0.113535,-0.061588,-0.040714,0.628138,0.558249,0.799927,0.744554,0.069889,0.055373,0.096084,0.060324,0.072386,-0.070782,-0.006663,0.586396,0.515615,0.588122,0.580293,0.070782,0.007829,0.109533,0.069734,0.083675,-0.06837,-0.026445,0.647746,0.579376,0.611851,0.585405,0.06837,0.026445
Kicking Session.mp4,single_athlete_training,16,data\processed\clips\Kicking Session\event_016_kick_candidate_left_ankle_t48p60.mp4,0.2,0.8249,left_ankle,kick_candidate,0.63285,0,0.0,kick,roundhouse_kick,round_kicks,0.351705,0.155113,0.124091,-0.029787,-0.024129,0.571708,0.522697,0.726834,0.676379,0.049011,0.050456,0.459474,0.186792,0.149433,0.026578,-0.029923,0.675097,0.594242,0.750174,0.706503,0.080855,0.043671,0.513633,0.190208,0.152166,-0.018785,-0.074224,0.584503,0.532519,0.726258,0.637655,0.051984,0.088603,0.435668,0.187675,0.15014,0.025125,-0.02104,0.677511,0.625156,0.72679,0.657139,0.052355,0.069651,1.047071,0.444634,0.355707,-0.135778,-0.100239,0.629559,0.493781,1.031891,0.836241,0.135778,0.19565,0.920469,0.470081,0.376065,-0.065153,-0.037083,0.617812,0.55266,1.016151,0.832354,0.065153,0.183797,1.107344,0.509769,0.407815,-0.089651,-0.136989,0.600207,0.510556,0.945733,0.732782,0.089651,0.212951,0.458752,0.170165,0.136132,-0.00768,-0.061519,0.596362,0.570757,0.873005,0.781957,0.025605,0.091048,0.499219,0.168835,0.135068,-0.058287,-0.098861,0.61896,0.560672,0.845944,0.747083,0.058287,0.098861,0.226104,0.10408,0.083264,-0.030627,-0.074251,0.62351,0.592883,0.845458,0.771207,0.030627,0.074251,0.247969,0.096066,0.076853,-0.004686,-0.036785,0.604922,0.58177,0.625551,0.581693,0.023152,0.043858,0.13944,0.077823,0.062259,0.02072,-0.004256,0.650162,0.629442,0.626178,0.599963,0.02072,0.026215
Kicking Session.mp4,single_athlete_training,17,data\processed\clips\Kicking Session\event_017_kick_candidate_left_ankle_t49p20.mp4,0.2,0.6644,left_ankle,kick_candidate,0.681775,0,0.0,kick,roundhouse_kick,round_kicks,0.204836,0.098409,0.078706,0.069847,-0.010487,0.611769,0.541922,0.714872,0.692218,0.069847,0.022653,0.268623,0.082563,0.066024,0.046328,-0.000483,0.667148,0.611644,0.724981,0.719768,0.055505,0.005213,0.215291,0.121876,0.09748,0.080969,-0.006235,0.646687,0.565718,0.674943,0.645798,0.080969,0.029144,0.271479,0.095061,0.076022,0.034984,-0.050452,0.685265,0.640078,0.705749,0.655297,0.045188,0.050452,0.668549,0.259608,0.207682,0.19944,0.047213,0.693222,0.493781,0.978865,0.931652,0.19944,0.047213,0.469545,0.1607,0.128513,0.107077,-0.047727,0.659737,0.55266,0.988751,0.930965,0.107077,0.057786,0.433141,0.256454,0.205139,0.175257,0.06625,0.685813,0.510556,0.893628,0.808744,0.175257,0.084884,0.229503,0.12182,0.097433,0.057716,0.009299,0.628473,0.570757,0.852916,0.809248,0.057716,0.043668,0.237192,0.153532,0.122804,0.113255,0.005581,0.673927,0.560672,0.773025,0.747083,0.113255,0.025942,0.216407,0.090609,0.072466,0.061331,-0.02336,0.654214,0.592883,0.773613,0.747847,0.061331,0.025766,0.223412,0.104854,0.083861,0.056674,-0.031956,0.65691,0.600236,0.596247,0.556809,0.056674,0.039437,0.25167,0.075299,0.060214,0.022408,-0.051011,0.67257,0.646061,0.618327,0.567316,0.026509,0.051011
Kicking Session.mp4,single_athlete_training,22,data\processed\clips\Kicking Session\event_022_punch_candidate_left_wrist_t18p60.mp4,0.2,0.7697,left_wrist,punch_candidate,0.819775,0,0.0,kick,axe_kick,axe_kicks,0.973374,0.352291,0.281833,-0.118948,-0.111832,0.644358,0.52541,0.778415,0.596448,0.118948,0.181967,0.75293,0.277834,0.222267,-0.175327,-0.090306,0.701129,0.525802,0.785996,0.678809,0.175327,0.107187,0.482208,0.190785,0.152628,-0.098577,-0.114304,0.640261,0.541683,0.736979,0.622675,0.098577,0.114304,0.488365,0.247342,0.197873,-0.168721,-0.070663,0.71739,0.548669,0.724107,0.653444,0.168721,0.070663,0.19973,0.083275,0.06662,-0.059167,-0.021372,0.601377,0.54221,1.005806,0.984434,0.059167,0.021372,1.66428,0.754569,0.603655,-0.291845,-0.488322,0.767939,0.476094,1.049232,0.560909,0.291845,0.488322,0.250362,0.135154,0.108123,-0.09764,-0.029907,0.615567,0.517927,0.882151,0.852244,0.09764,0.029907,1.117423,0.542629,0.434103,-0.200614,-0.334279,0.733619,0.533005,0.937742,0.60042,0.200614,0.337323,0.349414,0.205253,0.164202,-0.110831,-0.109243,0.663151,0.55232,0.82075,0.711508,0.110831,0.109243,0.397646,0.243349,0.194679,-0.148648,-0.113863,0.705546,0.556898,0.821413,0.707551,0.148648,0.113863,0.344952,0.14844,0.118752,-0.085873,-0.077144,0.646325,0.560452,0.633208,0.556065,0.085873,0.077144,0.32899,0.203739,0.162991,-0.147188,-0.061764,0.710539,0.563351,0.634926,0.573162,0.147188,0.061764
Kicking Session.mp4,single_athlete_training,24,data\processed\clips\Kicking Session\event_024_punch_candidate_left_wrist_t32p00.mp4,0.2,0.8719,left_wrist,punch_candidate,0.696175,0,0.0,kick,roundhouse_kick,round_kicks,0.738702,0.367949,0.294359,-0.109112,0.049528,0.621476,0.512364,0.729174,0.578968,0.109112,0.150207,0.229168,0.113905,0.091124,-0.027954,-0.022799,0.630894,0.582719,0.701545,0.66449,0.048174,0.037055,0.599996,0.190068,0.152055,-0.136646,-0.039006,0.664852,0.528206,0.683026,0.630183,0.136646,0.052843,0.341982,0.139582,0.111666,-0.046963,-0.011236,0.655565,0.601347,0.718627,0.668389,0.054218,0.050238,0.959405,0.488743,0.390995,-0.214743,-0.241043,0.739085,0.524342,1.034724,0.793681,0.214743,0.241043,0.804131,0.438643,0.350915,-0.051426,-0.039488,0.645135,0.53834,1.009886,0.844314,0.106796,0.165572,0.718342,0.414292,0.331434,-0.171284,-0.241334,0.704774,0.53349,0.968256,0.726921,0.171284,0.241334,0.565543,0.212938,0.17035,-0.055309,-0.085451,0.610963,0.551829,0.884411,0.766757,0.059134,0.117654,0.41602,0.245767,0.196613,-0.146598,-0.079364,0.681384,0.534786,0.819932,0.737945,0.146598,0.081987,0.32566,0.154185,0.123348,-0.08611,-0.052787,0.651947,0.565837,0.8119,0.744554,0.08611,0.067346,0.43416,0.152853,0.122283,-0.12106,-0.003614,0.673228,0.552168,0.588122,0.581869,0.12106,0.006253,0.109533,0.074487,0.059589,-0.04376,0.008448,0.654838,0.611078,0.611851,0.595734,0.04376,0.016117
Kicking Session.mp4,single_athlete_training,33,data\processed\clips\Kicking Session\event_033_kick_candidate_right_ankle_t10p20.mp4,0.6,0.959,right_ankle,kick_candidate,0.79715,0,0.0,kick,roundhouse_kick,round_kicks,0.279563,0.147603,0.177123,-0.00423,-0.001887,0.541398,0.503763,0.667514,0.613333,0.037635,0.05418,0.559652,0.182053,0.218464,0.00856,-0.020308,0.576249,0.489797,0.687304,0.606923,0.086452,0.080381,0.253794,0.121031,0.145237,-0.021094,-0.019023,0.554226,0.494312,0.676677,0.64381,0.059914,0.032867,0.517442,0.192734,0.23128,0.000671,-0.005005,0.596567,0.513062,0.670583,0.604443,0.083505,0.066139,0.159952,0.062969,0.075562,-0.005125,-0.038753,0.532771,0.504863,0.987457,0.948704,0.027907,0.038753,0.895114,0.479895,0.575874,-0.090212,-0.031209,0.676039,0.494507,1.016401,0.762418,0.181532,0.253983,0.156909,0.087745,0.105294,-0.016468,-0.031996,0.532433,0.48569,0.861417,0.829421,0.046743,0.031996,0.68155,0.323335,0.388002,-0.051921,-0.070902,0.624484,0.506525,0.900237,0.7065,0.11796,0.193736,0.317965,0.147668,0.177202,-0.02913,-0.039072,0.568283,0.501197,0.786132,0.724511,0.067086,0.061621,0.474728,0.160015,0.192018,-0.036735,-0.035258,0.604644,0.521045,0.784977,0.716404,0.083598,0.068573,0.205758,0.090592,0.10871,-0.032819,-0.013357,0.574607,0.517633,0.612021,0.579839,0.056974,0.032183,0.364556,0.134972,0.161967,-0.029299,-0.01715,0.615451,0.546031,0.613544,0.572281,0.06942,0.041263
Kicking Session.mp4,single_athlete_training,34,data\processed\clips\Kicking Session\event_034_kick_candidate_right_ankle_t12p60.mp4,0.2,0.8364,right_ankle,kick_candidate,0.794625,0,0.0,kick,roundhouse_kick,round_kicks,0.334825,0.140653,0.112523,-0.044811,-0.089231,0.546816,0.502006,0.692652,0.601654,0.044811,0.090998,0.338561,0.113832,0.091066,-0.017798,0.054317,0.525263,0.507465,0.683401,0.615692,0.017798,0.067709,0.262357,0.112001,0.089601,-0.075521,0.003221,0.572952,0.497431,0.655364,0.633903,0.075521,0.021461,0.1024,0.064815,0.051852,-0.005161,0.031617,0.532183,0.517131,0.663532,0.628492,0.015052,0.03504,0.482076,0.198645,0.158916,-0.024449,-0.026678,0.539006,0.496264,0.984699,0.898276,0.042742,0.086424,1.00833,0.43679,0.349432,-0.007745,-0.058529,0.559154,0.496338,0.979595,0.787962,0.062815,0.191634,0.286808,0.13589,0.108712,-0.023683,-0.009808,0.532224,0.498293,0.858664,0.806417,0.033931,0.052247,0.566081,0.27047,0.216376,-0.009367,-0.021711,0.539611,0.502193,0.855119,0.744008,0.037418,0.111111,0.267113,0.122746,0.098197,-0.056322,-0.002602,0.577748,0.517239,0.754111,0.718039,0.060509,0.036073,0.158124,0.101104,0.080884,-0.021466,-0.001248,0.558217,0.517887,0.743177,0.717627,0.04033,0.02555,0.149514,0.08942,0.071536,-0.065474,0.008235,0.585962,0.520488,0.604483,0.589565,0.065474,0.014918,0.103889,0.048502,0.038802,-0.025453,0.002824,0.569885,0.539962,0.602981,0.594633,0.029922,0.008347
Kicking Session.mp4,single_athlete_training,35,data\processed\clips\Kicking Session\event_035_kick_candidate_right_ankle_t18p80.mp4,1.3999,0.9598,right_ankle,kick_candidate,0.79874,0,0.0,kick,axe_kick,axe_kicks,0.729651,0.242085,0.48413,0.086963,0.115769,0.684281,0.496879,0.760908,0.596448,0.187402,0.16446,0.538316,0.258175,0.516297,0.094347,0.018764,0.689707,0.504727,0.767384,0.633446,0.18498,0.133938,0.454084,0.181636,0.363245,0.104841,-0.036951,0.693713,0.523675,0.690096,0.622675,0.170038,0.067421,0.429148,0.236397,0.47275,0.085442,-0.091095,0.705253,0.529167,0.719825,0.608453,0.176086,0.111373,2.067134,0.622669,1.245297,0.17225,-0.02655,0.733818,0.449134,1.012786,0.581621,0.284684,0.431166,1.790187,0.941071,1.8821,-0.003674,-0.078898,0.737694,0.458881,1.044324,0.560909,0.278813,0.483415,1.224923,0.441221,0.882402,0.117208,-0.022344,0.682705,0.517927,0.900693,0.607751,0.164777,0.292942,1.117423,0.43046,0.860884,0.011412,-0.080094,0.699222,0.50476,0.937742,0.60042,0.194462,0.337323,0.349414,0.171361,0.342698,0.053244,-0.084261,0.679834,0.543172,0.814519,0.710351,0.136662,0.104168,0.397646,0.185055,0.370094,0.017444,-0.093516,0.685754,0.539711,0.818001,0.707551,0.146043,0.11045,0.344952,0.169064,0.33811,0.05085,-0.087913,0.682816,0.560452,0.625082,0.537169,0.122364,0.087913,0.32899,0.17047,0.340919,0.043469,-0.088847,0.695743,0.552047,0.626904,0.538057,0.143696,0.088847
Kicking Session.mp4,single_athlete_training,37,data\processed\clips\Kicking Session\event_037_kick_candidate_right_ankle_t26p80.mp4,0.6,0.9343,right_ankle,kick_candidate,0.674817,0,0.0,kick,hopstep_kick,linear_kicks,0.457516,0.207106,0.248528,-0.11272,-0.044278,0.650857,0.514178,0.762103,0.664493,0.136679,0.09761,0.27341,0.172536,0.207043,-0.134459,-0.031235,0.690514,0.556055,0.764705,0.688174,0.134459,0.076531,0.297081,0.14987,0.179844,-0.06916,-0.047531,0.621314,0.510148,0.730426,0.66466,0.111166,0.065766,0.251735,0.118183,0.141819,-0.133488,-0.005957,0.721191,0.587704,0.709308,0.69152,0.133488,0.017788,1.103201,0.533648,0.640378,0.042129,0.018247,0.605653,0.461959,1.057849,0.775359,0.143694,0.28249,0.825631,0.51924,0.623088,-0.176434,-0.027372,0.750241,0.503785,1.084744,0.825866,0.246456,0.258879,0.695889,0.372775,0.44733,-0.034385,-0.002417,0.593708,0.499474,0.93075,0.724294,0.094234,0.206456,0.776838,0.414411,0.497293,-0.157888,-0.023479,0.72298,0.534881,0.951438,0.74026,0.188099,0.211178,0.480631,0.228669,0.274403,-0.095473,-0.027748,0.66543,0.536202,0.832692,0.725808,0.129228,0.106884,0.47159,0.218221,0.261866,-0.124563,-0.024427,0.705935,0.570959,0.832199,0.725367,0.134976,0.106832,0.307622,0.083945,0.100734,-0.065917,-0.024197,0.633715,0.552172,0.61784,0.593643,0.081543,0.024197,0.24921,0.094932,0.113919,-0.102436,0.007397,0.703125,0.600689,0.619594,0.596345,0.102436,0.023249
Kicking Session.mp4,single_athlete_training,38,data\processed\clips\Kicking Session\event_038_kick_candidate_right_ankle_t32p20.mp4,0.2,0.8519,right_ankle,kick_candidate,0.693175,0,0.0,kick,roundhouse_kick,round_kicks,0.738702,0.247102,0.197682,-0.068171,0.138765,0.566756,0.498585,0.729174,0.578968,0.068171,0.150207,0.316594,0.162984,0.130387,-0.057188,0.026844,0.630894,0.573705,0.728388,0.66449,0.057188,0.063898,0.114056,0.061078,0.048862,-0.045327,0.017428,0.557114,0.511788,0.647611,0.630183,0.045327,0.017428,0.341982,0.107552,0.086042,-0.061251,-0.042171,0.655565,0.594314,0.718627,0.668389,0.061251,0.050238,0.959405,0.539678,0.431742,-0.13812,-0.045573,0.648916,0.510795,0.983311,0.793681,0.13812,0.18963,0.804131,0.380385,0.304308,-0.103912,-0.0027,0.645135,0.53834,0.986346,0.844314,0.106796,0.142032,0.624958,0.355484,0.284387,-0.065381,-0.08957,0.573563,0.508181,0.90974,0.726921,0.065381,0.182819,0.565543,0.242527,0.194022,-0.066333,-0.048422,0.610963,0.54463,0.877828,0.766757,0.066333,0.111071,0.379359,0.156971,0.125577,-0.074844,-0.062663,0.598905,0.52406,0.808974,0.737945,0.074844,0.071029,0.32566,0.126281,0.101025,-0.065912,-0.038431,0.628138,0.562226,0.799927,0.744554,0.065912,0.055373,0.096084,0.066634,0.053307,-0.05188,-0.00657,0.586396,0.534516,0.588122,0.581552,0.05188,0.00657,0.109533,0.072818,0.058254,-0.052801,-0.009799,0.647746,0.594945,0.611851,0.598544,0.052801,0.013307
Kicking Session.mp4,single_athlete_training,41,data\processed\clips\Kicking Session\event_041_kick_candidate_right_ankle_t47p80.mp4,0.4,0.8402,right_ankle,kick_candidate,0.61504,0,0.0,kick,roundhouse_kick,round_kicks,0.347546,0.238335,0.238311,-0.128234,-0.103881,0.699943,0.571708,0.830715,0.717221,0.128234,0.113494,0.356864,0.215843,0.215807,-0.08343,-0.031693,0.677672,0.591293,0.781867,0.695668,0.086379,0.086199,0.490552,0.268161,0.26812,-0.167102,-0.016201,0.751604,0.584503,0.742459,0.652054,0.167102,0.090405,0.483353,0.241366,0.241326,-0.076281,0.008499,0.701437,0.617613,0.72679,0.630414,0.083824,0.096376,0.427376,0.241356,0.241313,-0.14045,-0.047262,0.77001,0.629559,1.079153,1.023679,0.14045,0.055474,0.789909,0.41099,0.410948,-0.06346,-0.062177,0.681272,0.587809,1.077952,0.853064,0.093463,0.224888,0.683786,0.277633,0.277565,-0.180987,-0.098854,0.781194,0.600207,1.044587,0.917374,0.180987,0.127213,0.592873,0.311408,0.311367,-0.076867,-0.067707,0.655304,0.562709,0.938474,0.760947,0.092595,0.177528,0.433251,0.251539,0.251495,-0.13378,-0.004299,0.75274,0.61896,0.850243,0.763402,0.13378,0.086841,0.438103,0.224355,0.224313,-0.095109,0.006645,0.718619,0.615501,0.845458,0.758204,0.103118,0.087254,0.408494,0.193376,0.193356,-0.132219,0.0311,0.737141,0.604922,0.625551,0.555002,0.132219,0.070549,0.408823,0.191091,0.191061,-0.073043,0.018833,0.702485,0.622426,0.622583,0.54112,0.080059,0.081463
Kicking Session.mp4,single_athlete_training,42,data\processed\clips\Kicking Session\event_042_kick_candidate_right_ankle_t48p80.mp4,0.2,0.8358,right_ankle,kick_candidate,0.64535,0,0.0,kick,roundhouse_kick,round_kicks,0.18954,0.098185,0.078548,0.040833,0.038493,0.563531,0.522697,0.714872,0.676379,0.040833,0.038493,0.183172,0.084749,0.0678,-0.063454,0.018339,0.675097,0.611644,0.724842,0.706503,0.063454,0.018339,0.156433,0.089213,0.071371,0.053646,0.022309,0.586165,0.532519,0.662816,0.637655,0.053646,0.025161,0.278413,0.103362,0.082689,-0.037433,0.031779,0.677511,0.640078,0.708869,0.657139,0.037433,0.051731,0.668549,0.350004,0.280003,0.071505,0.112494,0.626395,0.493781,0.948735,0.836241,0.132614,0.112494,0.920469,0.444415,0.355532,-0.003322,-0.030466,0.586486,0.55266,1.016151,0.832354,0.033826,0.183797,0.602127,0.319241,0.255393,0.033023,0.106665,0.572401,0.510556,0.851263,0.732782,0.061845,0.118481,0.458752,0.189364,0.151491,-0.001567,-0.045406,0.596362,0.570757,0.873005,0.781957,0.025605,0.091048,0.165326,0.085362,0.068289,0.019196,-0.00055,0.592309,0.560672,0.768555,0.747083,0.031636,0.021471,0.131045,0.067789,0.054232,-0.008186,-0.034063,0.616618,0.592883,0.800765,0.766703,0.023735,0.034063,0.076198,0.048375,0.0387,0.029058,0.002749,0.610829,0.58177,0.594667,0.581693,0.029058,0.012974,0.131871,0.048785,0.039028,0.000307,0.016156,0.650162,0.645754,0.626178,0.599963,0.004408,0.026215
Practice (RoundHouse).mp4,single_athlete_training,1,data\processed\clips\Practice (RoundHouse)\event_001_kick_candidate_left_ankle_t13p98.mp4,0.192,0.6842,left_ankle,kick_candidate,0.583675,1,0.25,kick,roundhouse_kick,round_kicks,2.024907,0.575198,0.441752,-0.080807,-0.420015,0.570086,0.463328,0.842037,0.422023,0.106758,0.420015,1.505561,0.388281,0.2982,-0.016758,-0.293754,0.562565,0.545807,0.857209,0.563455,0.016758,0.293754,1.160827,0.39232,0.301302,-0.026985,-0.297871,0.561257,0.525313,0.765099,0.467228,0.035944,0.297871,0.911236,0.305288,0.234461,0.008862,-0.234237,0.556288,0.547425,0.762293,0.528057,0.008863,0.234237,1.002443,0.455874,0.350111,0.324571,-0.100611,0.393289,0.068718,0.904042,0.803431,0.324571,0.100611,0.925745,0.272837,0.209539,0.161153,-0.129177,0.230685,0.069531,0.92653,0.797354,0.161153,0.129177,0.71752,0.339622,0.26083,0.243838,-0.092135,0.456571,0.212733,0.835747,0.743612,0.243838,0.092135,0.648437,0.255406,0.196152,0.129167,-0.132109,0.339702,0.210535,0.853179,0.72107,0.129167,0.132109,0.440812,0.197873,0.151967,0.074274,-0.132324,0.431149,0.356874,0.760683,0.628359,0.074274,0.132324,0.385153,0.192361,0.147733,0.068301,-0.129876,0.425375,0.357074,0.772445,0.642569,0.068301,0.129876,0.407024,0.196181,0.150667,0.038001,-0.144139,0.583442,0.545441,0.619389,0.47525,0.038001,0.144139,0.354629,0.163478,0.125551,0.066833,-0.105862,0.607328,0.540495,0.623206,0.517343,0.066833,0.105862
Practice (RoundHouse).mp4,single_athlete_training,9,data\processed\clips\Practice (RoundHouse)\event_009_kick_candidate_left_ankle_t44p89.mp4,0.384,0.6808,left_ankle,kick_candidate,0.48936,2,0.4,kick,hopstep_kick,linear_kicks,0.40922,0.102813,0.098701,0.046398,-0.038955,0.462967,0.409913,0.872109,0.814155,0.053054,0.057953,0.128555,0.045356,0.043542,0.028849,-0.026881,0.433977,0.405129,0.869273,0.842392,0.028849,0.026881,0.200216,0.073317,0.070384,0.020809,-0.004648,0.446662,0.425853,0.769441,0.733605,0.020809,0.035836,0.242842,0.069268,0.066497,0.022249,0.061334,0.433714,0.411465,0.802537,0.741202,0.022249,0.061334,1.284086,0.478786,0.459635,-0.003901,-0.03586,0.160956,0.096873,0.898398,0.659312,0.064083,0.239086,0.781728,0.312343,0.299849,0.00638,0.002471,0.141764,0.09133,0.904002,0.760521,0.050435,0.143481,0.715531,0.194412,0.186636,-0.04784,-0.127812,0.229042,0.180727,0.863785,0.726404,0.048316,0.137381,0.551924,0.220098,0.211294,-0.033307,0.001362,0.225353,0.192046,0.862123,0.757141,0.033307,0.104982,0.512435,0.137781,0.13227,-0.00995,0.064008,0.28813,0.27818,0.785575,0.687685,0.00995,0.09789,0.665614,0.145168,0.139362,0.005722,0.116098,0.288228,0.282287,0.831832,0.704172,0.005941,0.12766,0.479852,0.134003,0.128643,-0.023509,0.056526,0.465324,0.441815,0.716138,0.624841,0.023509,0.091297,0.713072,0.160912,0.154475,-0.010015,0.123963,0.459468,0.447583,0.771338,0.634441,0.011885,0.136897
Practice (RoundHouse).mp4,single_athlete_training,18,data\processed\clips\Practice (RoundHouse)\event_018_kick_candidate_left_ankle_t96p54.mp4,0.384,0.6802,left_ankle,kick_candidate,0.48018,2,0.4,kick,back_kick,spinning_kicks,0.074721,0.026084,0.025041,-0.005263,0.004436,0.466061,0.451774,0.325851,0.320112,0.014287,0.005739,0.545549,0.204789,0.196597,-0.008263,-0.033205,0.591681,0.491595,0.345754,0.312549,0.100086,0.033205,0.250397,0.085302,0.08189,-0.009753,-0.011946,0.521857,0.481184,0.400571,0.374938,0.040673,0.025633,0.323496,0.108009,0.103688,-0.025786,-0.041691,0.594921,0.535324,0.416669,0.374978,0.059597,0.041691,1.487595,0.578314,0.555182,0.007661,-0.044204,0.520164,0.278732,0.835278,0.671177,0.241432,0.164101,0.297242,0.073286,0.070355,-0.034236,-0.032394,0.532573,0.498338,0.865523,0.819845,0.034236,0.045678,0.752779,0.280525,0.269304,-0.012118,-0.015746,0.479651,0.380929,0.726481,0.620916,0.098721,0.105566,0.225857,0.050394,0.048379,-0.03311,-0.02009,0.526583,0.490598,0.739986,0.715787,0.035985,0.024198,0.100647,0.039527,0.037946,0.006936,-0.003255,0.503682,0.49078,0.62188,0.60424,0.012903,0.01764,0.117697,0.025556,0.024534,-0.018361,-0.014892,0.534141,0.515781,0.633114,0.617677,0.018361,0.015437,0.159317,0.051434,0.049376,-0.014356,0.007426,0.569229,0.538717,0.420825,0.411235,0.030512,0.00959,0.156013,0.04456,0.042778,-0.037731,-0.020154,0.608416,0.570686,0.435214,0.41506,0.037731,0.020154
Practice (RoundHouse).mp4,single_athlete_training,45,data\processed\clips\Practice (RoundHouse)\event_045_kick_candidate_right_ankle_t13p98.mp4,0.192,0.5251,right_ankle,kick_candidate,0.583675,1,0.25,kick,roundhouse_kick,round_kicks,2.024907,0.575198,0.441752,-0.080807,-0.420015,0.570086,0.463328,0.842037,0.422023,0.106758,0.420015,1.505561,0.388281,0.2982,-0.016758,-0.293754,0.562565,0.545807,0.857209,0.563455,0.016758,0.293754,1.160827,0.39232,0.301302,-0.026985,-0.297871,0.561257,0.525313,0.765099,0.467228,0.035944,0.297871,0.911236,0.305288,0.234461,0.008862,-0.234237,0.556288,0.547425,0.762293,0.528057,0.008863,0.234237,1.002443,0.455874,0.350111,0.324571,-0.100611,0.393289,0.068718,0.904042,0.803431,0.324571,0.100611,0.925745,0.272837,0.209539,0.161153,-0.129177,0.230685,0.069531,0.92653,0.797354,0.161153,0.129177,0.71752,0.339622,0.26083,0.243838,-0.092135,0.456571,0.212733,0.835747,0.743612,0.243838,0.092135,0.648437,0.255406,0.196152,0.129167,-0.132109,0.339702,0.210535,0.853179,0.72107,0.129167,0.132109,0.440812,0.197873,0.151967,0.074274,-0.132324,0.431149,0.356874,0.760683,0.628359,0.074274,0.132324,0.385153,0.192361,0.147733,0.068301,-0.129876,0.425375,0.357074,0.772445,0.642569,0.068301,0.129876,0.407024,0.196181,0.150667,0.038001,-0.144139,0.583442,0.545441,0.619389,0.47525,0.038001,0.144139,0.354629,0.163478,0.125551,0.066833,-0.105862,0.607328,0.540495,0.623206,0.517343,0.066833,0.105862
Practice (RoundHouse).mp4,single_athlete_training,58,data\processed\clips\Practice (RoundHouse)\event_058_kick_candidate_right_ankle_t72p54.mp4,0.192,0.6214,right_ankle,kick_candidate,0.61375,1,0.25,kick,roundhouse_kick,round_kicks,0.622325,0.163318,0.125428,0.108512,0.059797,0.367983,0.259471,0.588554,0.528757,0.108512,0.059797,0.267765,0.089176,0.068487,0.061429,0.018384,0.40586,0.344431,0.579215,0.560831,0.061429,0.018384,0.324909,0.104393,0.080174,0.063252,0.042746,0.363619,0.300367,0.571322,0.528576,0.063252,0.042746,0.232513,0.062203,0.047772,0.043779,0.007139,0.426629,0.382849,0.548778,0.538526,0.043779,0.010252,0.762046,0.337536,0.259227,0.035078,-0.000467,0.480106,0.339707,0.867847,0.826671,0.140399,0.041176,0.651754,0.314251,0.241345,-0.003814,0.034934,0.476758,0.356738,0.854859,0.819443,0.120021,0.035416,0.521535,0.203749,0.15648,0.050785,0.012573,0.429511,0.330854,0.768162,0.738445,0.098656,0.029717,0.446674,0.193752,0.148801,0.022722,0.018366,0.441486,0.356297,0.757028,0.738662,0.085189,0.018366,0.175092,0.076134,0.058471,0.046112,0.011917,0.39205,0.345939,0.660111,0.639359,0.046112,0.020752,0.260489,0.072836,0.055938,0.050411,0.013397,0.428435,0.378024,0.656492,0.638504,0.050411,0.017988,0.179336,0.077277,0.059348,0.043869,0.027277,0.376886,0.333017,0.492305,0.463586,0.043869,0.028719,0.288319,0.078379,0.060195,0.05431,0.012329,0.43791,0.3836,0.483008,0.466113,0.05431,0.016896
Practice (RoundHouse).mp4,single_athlete_training,71,data\processed\clips\Practice (RoundHouse)\event_071_punch_candidate_right_wrist_t51p03.mp4,0.192,0.8425,right_wrist,punch_candidate,0.84875,0,0.0,kick,roundhouse_kick,round_kicks,0.269739,0.121262,0.093129,0.020427,0.008866,0.704759,0.680994,0.552492,0.503558,0.023765,0.048934,0.771281,0.32716,0.251259,0.053638,-0.030763,0.713367,0.607909,0.620881,0.51692,0.105458,0.103961,0.420826,0.199154,0.15295,0.013247,0.008259,0.733244,0.668358,0.565558,0.51741,0.064886,0.048148,0.561285,0.268387,0.206121,0.039972,-0.017289,0.713382,0.614183,0.56473,0.520596,0.099199,0.044134,0.624795,0.310552,0.238504,0.018,-0.017892,0.766716,0.649972,0.874932,0.844165,0.116744,0.030767,0.613734,0.311789,0.239454,0.006644,-0.0319,0.733875,0.616358,0.852586,0.820686,0.117518,0.0319,0.412071,0.195346,0.150025,0.019658,-0.004827,0.737045,0.663922,0.773627,0.743418,0.073123,0.030209,0.45945,0.232478,0.178543,0.007852,-0.034167,0.706414,0.61949,0.753583,0.719416,0.086924,0.034167,0.24651,0.10529,0.080863,0.016505,0.004753,0.71285,0.673705,0.656883,0.63028,0.039146,0.026603,0.264499,0.130776,0.100436,0.025472,0.000997,0.693935,0.643824,0.655043,0.628937,0.05011,0.026106,0.356922,0.177862,0.136598,0.012494,-0.006703,0.720859,0.659638,0.484546,0.453754,0.061221,0.030793,0.395867,0.213007,0.16359,0.017255,-0.014968,0.705119,0.634376,0.490033,0.455384,0.070743,0.034649
Practice (RoundHouse).mp4,single_athlete_training,79,data\processed\clips\Practice (RoundHouse)\event_079_punch_candidate_right_wrist_t90p20.mp4,0.384,0.6649,right_wrist,punch_candidate,0.48302,2,0.4,kick,back_kick,spinning_kicks,0.502407,0.161252,0.154802,0.007316,0.037677,0.519204,0.509411,0.55652,0.460557,0.009792,0.095964,0.932692,0.316397,0.303741,0.005315,0.05459,0.599472,0.59272,0.570963,0.391892,0.006752,0.179071,0.734417,0.235794,0.226362,-0.010907,0.056388,0.505327,0.494153,0.565152,0.424144,0.011174,0.141008,1.001628,0.302907,0.290791,0.00947,0.093843,0.617627,0.608157,0.566898,0.374661,0.00947,0.192237,0.041289,0.015547,0.014925,-0.014204,-0.004513,0.524478,0.510274,0.876058,0.871545,0.014204,0.004513,0.168867,0.034268,0.032897,0.032306,0.000598,0.678284,0.645862,0.871024,0.870427,0.032422,0.000598,0.182891,0.060846,0.058413,-0.014745,0.006456,0.535265,0.515895,0.760241,0.730952,0.01937,0.029289,0.196389,0.058002,0.055682,0.008018,0.018847,0.621417,0.613295,0.769893,0.733072,0.008122,0.036822,0.509667,0.161585,0.155121,-0.002058,0.0406,0.553507,0.55145,0.686753,0.588901,0.002058,0.097853,0.485388,0.151555,0.145493,0.001486,0.040928,0.597367,0.595511,0.677557,0.584363,0.001856,0.093194,0.834129,0.231829,0.222556,-0.00409,0.098178,0.534359,0.526741,0.54262,0.382506,0.007618,0.160114,0.870255,0.232877,0.223562,0.000409,0.11062,0.607662,0.607013,0.535117,0.368028,0.000649,0.167089
Practice (Tornado).mp4,single_athlete_training,2,data\processed\clips\Practice (Tornado)\event_002_kick_candidate_left_ankle_t9p00.mp4,0.2,0.6689,left_ankle,kick_candidate,0.577425,1,0.25,kick,tornado_kick,spinning_kicks,0.421604,0.128853,0.103083,-0.099291,-0.016672,0.697365,0.598074,0.339239,0.322567,0.099291,0.016672,0.293279,0.142056,0.113644,0.027916,-0.012345,0.758675,0.716496,0.372765,0.319658,0.042178,0.053107,0.388783,0.124532,0.099626,-0.091694,-0.013342,0.727485,0.635791,0.315348,0.298559,0.091694,0.016789,0.219951,0.109078,0.087262,0.012629,-0.0072,0.73248,0.706756,0.327901,0.285905,0.025724,0.041996,0.83503,0.315241,0.252193,-0.217454,-0.046894,0.806352,0.588898,0.647465,0.579795,0.217454,0.06767,0.376051,0.163932,0.131145,0.043834,-0.005944,0.784859,0.727163,0.617527,0.563337,0.057696,0.05419,0.686326,0.228059,0.182447,-0.14447,-0.025921,0.762147,0.617677,0.534321,0.489937,0.14447,0.044385,0.367615,0.159503,0.127603,0.038766,0.006366,0.732784,0.690789,0.528525,0.468176,0.041996,0.060349,0.308155,0.125829,0.100663,-0.056122,0.002198,0.730551,0.674429,0.426796,0.386695,0.056122,0.0401,0.241195,0.109948,0.087958,-0.017637,-0.008917,0.723399,0.705762,0.427693,0.380172,0.017637,0.047521,0.403905,0.163598,0.130878,-0.065496,0.00634,0.727866,0.662369,0.259489,0.203572,0.065496,0.055918,0.313687,0.150721,0.120577,-0.008225,-0.004092,0.72097,0.710731,0.265387,0.203491,0.010239,0.061896
Practice (Tornado).mp4,single_athlete_training,3,data\processed\clips\Practice (Tornado)\event_003_kick_candidate_left_ankle_t30p00.mp4,0.2,0.7893,left_ankle,kick_candidate,0.75375,0,0.0,kick,hopaxe_kick,axe_kicks,0.575633,0.381611,0.305289,0.053874,0.033872,0.504782,0.420705,0.621301,0.472383,0.084077,0.148918,0.096779,0.041236,0.032988,0.021011,0.015909,0.457423,0.434241,0.6188,0.602891,0.023182,0.015909,0.478776,0.219534,0.175627,0.029761,-0.031912,0.454878,0.420498,0.555131,0.459405,0.034379,0.095726,0.137745,0.076233,0.060986,0.044901,-0.020761,0.438102,0.393202,0.536034,0.515273,0.044901,0.020761,0.924119,0.388408,0.310726,0.165083,0.029743,0.280264,0.100289,0.803616,0.761558,0.179975,0.042058,0.405772,0.177653,0.142123,0.132933,0.045623,0.235027,0.102094,0.794132,0.74851,0.132933,0.045623,0.507077,0.177345,0.141876,0.092042,-0.020232,0.297276,0.197763,0.687395,0.667163,0.099513,0.020232,0.231843,0.107244,0.085795,0.078129,0.024479,0.265285,0.187156,0.679813,0.655335,0.078129,0.024479,0.11476,0.066457,0.053166,0.032576,-0.032784,0.311216,0.278641,0.590776,0.557992,0.032576,0.032784,0.086576,0.032144,0.025715,0.017476,-0.017323,0.294834,0.277358,0.555398,0.538004,0.017476,0.017393,0.4383,0.141388,0.11311,0.031741,-0.098931,0.458264,0.426523,0.501711,0.40278,0.031741,0.098931,0.233858,0.104561,0.083649,0.061094,-0.042527,0.447893,0.386799,0.439405,0.396878,0.061094,0.042527
Practice (Tornado).mp4,single_athlete_training,5,data\processed\clips\Practice (Tornado)\event_005_kick_candidate_left_ankle_t40p20.mp4,0.2,0.7401,left_ankle,kick_candidate,0.780925,0,0.0,kick,hopstep_kick,linear_kicks,0.650921,0.253352,0.202682,-0.076879,-0.001529,0.620131,0.490635,0.600545,0.585649,0.129496,0.014896,0.448608,0.2224,0.17792,0.038192,-0.062389,0.53378,0.433182,0.641739,0.57935,0.100598,0.062389,0.298992,0.109285,0.087428,-0.034231,0.032295,0.519587,0.465278,0.574637,0.536647,0.054309,0.037989,0.176644,0.085868,0.068695,0.015591,-0.022123,0.461189,0.429092,0.556224,0.524988,0.032097,0.031236,0.984661,0.303331,0.242665,-0.150012,-0.01901,0.256881,0.061485,0.766774,0.742227,0.195396,0.024547,0.493265,0.180325,0.14426,-0.06205,0.017666,0.162702,0.064315,0.777949,0.753048,0.098387,0.024901,0.74885,0.249199,0.199359,-0.132141,0.042265,0.332112,0.183453,0.683905,0.64164,0.148658,0.042265,0.385188,0.115397,0.092317,-0.090192,-0.002806,0.270468,0.180276,0.693438,0.686435,0.090192,0.007004,0.206519,0.097776,0.078221,-0.016365,0.049584,0.298865,0.2825,0.584425,0.523267,0.016365,0.061158,0.096264,0.063025,0.05042,-0.011536,0.039571,0.286912,0.271766,0.57322,0.53365,0.015146,0.039571,0.176234,0.10143,0.081144,-0.013619,0.043873,0.493979,0.471648,0.487833,0.429904,0.022331,0.057928,0.111597,0.048149,0.038519,-0.01109,0.032413,0.48184,0.47075,0.456526,0.424113,0.01109,0.032413
Practice (Tornado).mp4,single_athlete_training,14,data\processed\clips\Practice (Tornado)\event_014_punch_candidate_left_wrist_t29p60.mp4,0.8,0.7135,left_wrist,punch_candidate,0.649129,1,0.142857,kick,hopaxe_kick,axe_kicks,2.14853,0.827666,1.158733,-0.015084,0.036647,0.504782,0.405594,0.621301,0.164136,0.099188,0.457165,0.327394,0.087647,0.122706,-0.038685,-0.003582,0.499593,0.434241,0.622382,0.598813,0.065352,0.023569,1.533197,0.521662,0.730326,-0.007928,0.032525,0.460533,0.404525,0.555131,0.24904,0.056008,0.306092,0.424248,0.124746,0.174645,-0.023914,-0.000702,0.47796,0.393202,0.53997,0.515273,0.084758,0.024697,0.924119,0.265349,0.371489,0.146557,0.076685,0.280264,0.100289,0.803616,0.714615,0.179975,0.089,0.405772,0.127126,0.177976,0.119059,0.062698,0.235027,0.102094,0.794132,0.731434,0.132933,0.062698,0.507077,0.157269,0.220177,0.079906,0.042385,0.297276,0.197763,0.687395,0.621703,0.099513,0.065692,0.231843,0.097442,0.136419,0.053759,0.030683,0.265285,0.187156,0.679813,0.64913,0.078129,0.030683,0.4406,0.116837,0.163571,0.018067,0.044897,0.311216,0.273377,0.590776,0.502813,0.037839,0.087963,0.118349,0.045307,0.063429,-0.010163,-0.003892,0.304997,0.277358,0.555438,0.538004,0.027639,0.017434,0.843195,0.24798,0.347173,-0.013069,0.021961,0.471333,0.426523,0.501711,0.333072,0.044809,0.168639,0.508867,0.154669,0.216537,-0.044384,-0.015555,0.492277,0.386799,0.443318,0.396878,0.105478,0.04644
Practice (Tornado).mp4,single_athlete_training,20,data\processed\clips\Practice (Tornado)\event_020_punch_candidate_left_wrist_t47p40.mp4,0.4,0.6372,left_wrist,punch_candidate,0.45006,2,0.4,kick,axe_kick,axe_kicks,0.937644,0.262611,0.262611,-0.085396,-0.189542,0.569927,0.484532,0.319709,0.130167,0.085396,0.189542,0.75493,0.282604,0.282604,-0.15524,-0.120461,0.652017,0.496777,0.303466,0.154854,0.15524,0.148612,0.572143,0.148919,0.148919,-0.061372,-0.098009,0.578331,0.516959,0.298878,0.188256,0.061372,0.110622,0.565428,0.193793,0.193793,-0.125484,-0.058567,0.643148,0.517663,0.274695,0.195271,0.125484,0.079424,0.57285,0.16252,0.16252,-0.070253,-0.009099,0.641481,0.527374,0.624406,0.605014,0.114107,0.019392,0.847135,0.313461,0.313461,-0.267178,-0.071328,0.69437,0.427192,0.643255,0.540301,0.267178,0.102954,0.437806,0.108607,0.108607,-0.065603,-0.032303,0.585206,0.515459,0.553477,0.50054,0.069747,0.052937,0.747954,0.265141,0.265141,-0.172228,-0.073346,0.652113,0.479886,0.550653,0.438487,0.172228,0.112166,0.352945,0.104984,0.104984,-0.053302,-0.030967,0.596862,0.54356,0.441325,0.380619,0.053302,0.060706,0.446052,0.159461,0.159461,-0.091627,-0.027646,0.631585,0.539957,0.440377,0.371271,0.091627,0.069105,0.319351,0.090034,0.090034,-0.020669,-0.033532,0.571519,0.548541,0.238199,0.178606,0.022978,0.059594,0.479533,0.151805,0.151805,-0.085057,-0.007729,0.624941,0.539884,0.243405,0.187547,0.085057,0.055859
Practice (Tornado).mp4,single_athlete_training,23,data\processed\clips\Practice (Tornado)\event_023_punch_candidate_left_wrist_t57p40.mp4,0.6,0.6902,left_wrist,punch_candidate,0.533683,2,0.333333,kick,tornado_kick,spinning_kicks,0.930861,0.370482,0.444579,-0.069336,-0.097897,0.701085,0.544401,0.371652,0.186117,0.156685,0.185535,0.688629,0.25996,0.311952,-0.132209,-0.059027,0.658483,0.526274,0.28601,0.226983,0.132209,0.059027,0.623278,0.190799,0.228959,-0.063441,-0.044394,0.671317,0.546662,0.306896,0.244909,0.124656,0.061987,0.621745,0.239044,0.286853,-0.109525,-0.06265,0.65651,0.546985,0.306814,0.234725,0.109525,0.07209,0.832474,0.286345,0.343614,-0.149188,-0.13104,0.662334,0.434274,0.613244,0.482204,0.22806,0.13104,0.586143,0.20298,0.243576,-0.145761,-0.074161,0.689391,0.543629,0.638158,0.540196,0.145761,0.097962,0.955356,0.262287,0.314745,-0.166714,-0.154736,0.661262,0.448415,0.511464,0.354758,0.212848,0.156706,0.645794,0.175774,0.210929,-0.147182,-0.079278,0.66474,0.517558,0.523661,0.427355,0.147182,0.096306,0.432857,0.130625,0.15675,-0.110185,-0.060275,0.656674,0.546488,0.393315,0.33256,0.110185,0.060755,0.482242,0.143571,0.172285,-0.124714,-0.060692,0.663759,0.539045,0.403728,0.330155,0.124714,0.073573,0.550411,0.160239,0.192287,-0.0624,-0.051705,0.676772,0.566698,0.217462,0.163102,0.110074,0.05436,0.385209,0.123481,0.148177,-0.112027,-0.045227,0.675007,0.562979,0.21767,0.165246,0.112027,0.052424
Practice (Tornado).mp4,single_athlete_training,27,data\processed\clips\Practice (Tornado)\event_027_kick_candidate_right_ankle_t47p40.mp4,0.2,0.6708,right_ankle,kick_candidate,0.562575,1,0.25,kick,axe_kick,axe_kicks,0.937644,0.328263,0.262611,-0.085396,-0.189542,0.569927,0.484532,0.319709,0.130167,0.085396,0.189542,0.75493,0.353255,0.282604,-0.15524,-0.120461,0.652017,0.496777,0.303466,0.154854,0.15524,0.148612,0.572143,0.186149,0.148919,-0.061372,-0.098009,0.578331,0.516959,0.298878,0.188256,0.061372,0.110622,0.565428,0.242242,0.193793,-0.125484,-0.058567,0.643148,0.517663,0.274695,0.195271,0.125484,0.079424,0.57285,0.20315,0.16252,-0.070253,-0.009099,0.641481,0.527374,0.624406,0.605014,0.114107,0.019392,0.847135,0.391827,0.313461,-0.267178,-0.071328,0.69437,0.427192,0.643255,0.540301,0.267178,0.102954,0.437806,0.135759,0.108607,-0.065603,-0.032303,0.585206,0.515459,0.553477,0.50054,0.069747,0.052937,0.747954,0.331427,0.265141,-0.172228,-0.073346,0.652113,0.479886,0.550653,0.438487,0.172228,0.112166,0.352945,0.13123,0.104984,-0.053302,-0.030967,0.596862,0.54356,0.441325,0.380619,0.053302,0.060706,0.446052,0.199327,0.159461,-0.091627,-0.027646,0.631585,0.539957,0.440377,0.371271,0.091627,0.069105,0.319351,0.112543,0.090034,-0.020669,-0.033532,0.571519,0.548541,0.238199,0.178606,0.022978,0.059594,0.479533,0.189756,0.151805,-0.085057,-0.007729,0.624941,0.539884,0.243405,0.187547,0.085057,0.055859
Practice (Tornado).mp4,single_athlete_training,31,data\processed\clips\Practice (Tornado)\event_031_punch_candidate_right_wrist_t39p00.mp4,0.2,0.6625,right_wrist,punch_candidate,0.6009,1,0.25,kick,hopstep_kick,linear_kicks,0.712142,0.257589,0.206071,-0.115443,-0.128577,0.729458,0.614014,0.332043,0.199419,0.115443,0.132624,1.108585,0.430064,0.344051,-0.100192,-0.149095,0.722347,0.622155,0.430662,0.208952,0.100192,0.22171,0.457121,0.219616,0.175693,-0.096267,-0.01388,0.766603,0.670336,0.308116,0.228041,0.096267,0.080075,0.582618,0.246226,0.196981,-0.096345,-0.060986,0.720036,0.623691,0.346761,0.235231,0.096345,0.11153,0.112763,0.032208,0.025766,-0.018041,-0.015742,0.818754,0.800713,0.661099,0.644273,0.018041,0.016827,0.390501,0.185821,0.148657,-0.143124,0.028877,0.709244,0.56612,0.634211,0.605334,0.143124,0.028877,0.156636,0.076858,0.061487,-0.031994,-0.000125,0.765143,0.733149,0.553557,0.527263,0.031994,0.026294,0.35112,0.139861,0.111889,-0.107361,0.021366,0.684629,0.577268,0.532348,0.507854,0.107361,0.024494,0.317307,0.131561,0.105249,-0.07882,0.007509,0.751993,0.673173,0.438662,0.400345,0.07882,0.038318,0.28742,0.132378,0.105902,-0.078399,-0.003177,0.719295,0.640895,0.43687,0.400234,0.078399,0.036636,0.270089,0.117786,0.094229,-0.06437,0.005495,0.754921,0.69055,0.238595,0.201607,0.06437,0.036988,0.306226,0.143102,0.114482,-0.063653,-0.010425,0.710037,0.646384,0.248566,0.195897,0.063653,0.052669
Practice (Tornado).mp4,single_athlete_training,32,data\processed\clips\Practice (Tornado)\event_032_punch_candidate_right_wrist_t47p40.mp4,0.2,0.676,right_wrist,punch_candidate,0.562575,1,0.25,kick,axe_kick,axe_kicks,0.937644,0.328263,0.262611,-0.085396,-0.189542,0.569927,0.484532,0.319709,0.130167,0.085396,0.189542,0.75493,0.353255,0.282604,-0.15524,-0.120461,0.652017,0.496777,0.303466,0.154854,0.15524,0.148612,0.572143,0.186149,0.148919,-0.061372,-0.098009,0.578331,0.516959,0.298878,0.188256,0.061372,0.110622,0.565428,0.242242,0.193793,-0.125484,-0.058567,0.643148,0.517663,0.274695,0.195271,0.125484,0.079424,0.57285,0.20315,0.16252,-0.070253,-0.009099,0.641481,0.527374,0.624406,0.605014,0.114107,0.019392,0.847135,0.391827,0.313461,-0.267178,-0.071328,0.69437,0.427192,0.643255,0.540301,0.267178,0.102954,0.437806,0.135759,0.108607,-0.065603,-0.032303,0.585206,0.515459,0.553477,0.50054,0.069747,0.052937,0.747954,0.331427,0.265141,-0.172228,-0.073346,0.652113,0.479886,0.550653,0.438487,0.172228,0.112166,0.352945,0.13123,0.104984,-0.053302,-0.030967,0.596862,0.54356,0.441325,0.380619,0.053302,0.060706,0.446052,0.199327,0.159461,-0.091627,-0.027646,0.631585,0.539957,0.440377,0.371271,0.091627,0.069105,0.319351,0.112543,0.090034,-0.020669,-0.033532,0.571519,0.548541,0.238199,0.178606,0.022978,0.059594,0.479533,0.189756,0.151805,-0.085057,-0.007729,0.624941,0.539884,0.243405,0.187547,0.085057,0.055859
Andus - Axe Kick_compressed.mp4,single_athlete_training,3,data\processed\clips\Andus - Axe Kick_compressed\event_003_kick_candidate_left_ankle_t4p61.mp4,0.4008,0.8268,left_ankle,kick_candidate,0.75102,0,0.0,kick,axe_kick,axe_kicks,0.125573,0.067052,0.067175,0.007775,0.051657,0.33876,0.314259,0.685269,0.633612,0.024501,0.051657,0.404086,0.17607,0.176409,-0.028244,0.100544,0.33872,0.283315,0.671069,0.545661,0.055405,0.125408,0.13605,0.039786,0.039852,-0.005044,0.024805,0.359326,0.348314,0.642541,0.613322,0.011013,0.029218,0.158965,0.09002,0.090184,-0.026562,0.040689,0.349493,0.30585,0.62519,0.575807,0.043643,0.049383,0.844871,0.264182,0.264679,-0.003086,0.13981,0.316213,0.287925,0.865397,0.667365,0.028288,0.198031,1.047154,0.448112,0.448986,-0.023041,0.024632,0.328288,0.236593,0.854196,0.656871,0.091695,0.197325,0.402526,0.101837,0.102037,-0.019266,0.091219,0.340313,0.316971,0.780029,0.68881,0.023342,0.091219,0.449464,0.208069,0.208468,-0.036189,0.038653,0.338546,0.259146,0.758731,0.6797,0.079401,0.079031,0.169161,0.062961,0.06307,-0.042456,0.026521,0.374151,0.325893,0.686635,0.660113,0.048258,0.026521,0.23071,0.079033,0.079168,-0.050562,0.02435,0.361518,0.305248,0.679264,0.648978,0.05627,0.030285,0.115023,0.045347,0.045426,-0.023433,0.010445,0.375145,0.351712,0.594041,0.570683,0.023433,0.023359,0.188904,0.058575,0.058674,-0.038647,0.014427,0.362649,0.324002,0.577126,0.555622,0.038647,0.021504
Andus - Axe Kick_compressed.mp4,single_athlete_training,4,data\processed\clips\Andus - Axe Kick_compressed\event_004_kick_candidate_left_ankle_t8p42.mp4,1.2023,0.9739,left_ankle,kick_candidate,0.870389,0,0.0,kick,axe_kick,axe_kicks,0.154227,0.0769,0.138676,0.034807,0.005095,0.381741,0.300167,0.667221,0.65815,0.081574,0.009071,0.196542,0.067632,0.121953,0.045191,0.039616,0.410791,0.352769,0.679865,0.636128,0.058022,0.043737,0.171821,0.083216,0.150068,0.044508,-0.001776,0.407098,0.314775,0.626822,0.603782,0.092323,0.02304,0.095492,0.052821,0.095253,0.04144,0.00813,0.424038,0.368001,0.630372,0.613176,0.056038,0.017197,1.37737,0.550957,0.993588,0.091643,0.023643,0.44548,0.250425,0.849854,0.580104,0.195055,0.269751,1.527606,0.435292,0.785054,0.036565,-0.003708,0.397176,0.239692,0.858538,0.568265,0.157484,0.290273,0.691666,0.291462,0.525606,0.078389,0.013202,0.430594,0.294223,0.769978,0.617029,0.136371,0.15295,0.717558,0.237889,0.42903,0.036654,0.016783,0.407543,0.295938,0.767217,0.624179,0.111605,0.143039,0.187633,0.092026,0.165954,0.031358,-0.012127,0.4177,0.323943,0.696521,0.671503,0.093757,0.025018,0.150589,0.078025,0.140706,0.014143,-0.009621,0.410228,0.337387,0.693705,0.672982,0.07284,0.020723,0.143389,0.081945,0.147779,0.043967,-0.010577,0.416369,0.326197,0.574814,0.552406,0.090172,0.022408,0.111702,0.052554,0.094769,0.03197,-0.00553,0.422846,0.361618,0.57436,0.566201,0.061229,0.00816
Andus - Axe Kick_compressed.mp4,single_athlete_training,5,data\processed\clips\Andus - Axe Kick_compressed\event_005_kick_candidate_left_ankle_t16p63.mp4,0.4008,0.9278,left_ankle,kick_candidate,0.85756,0,0.0,kick,axe_kick,axe_kicks,0.222538,0.114522,0.114752,-0.044887,0.044677,0.360681,0.30255,0.690881,0.634392,0.058131,0.05649,0.36502,0.150837,0.151139,-0.027551,0.000483,0.373796,0.343962,0.691553,0.618697,0.029834,0.072857,0.179147,0.086911,0.087085,-0.066541,-0.009208,0.397617,0.321372,0.637091,0.627883,0.076245,0.009208,0.199287,0.092692,0.092877,-0.0317,0.003769,0.397395,0.365696,0.654619,0.610018,0.0317,0.044601,0.893276,0.47231,0.473255,-0.097993,0.03792,0.425605,0.29319,0.865445,0.70706,0.132415,0.158385,0.771469,0.26822,0.268756,-0.09748,-0.225923,0.365046,0.256035,0.859206,0.628329,0.109011,0.230877,0.549367,0.284726,0.285295,-0.059404,-0.004178,0.379434,0.294596,0.781525,0.68734,0.084838,0.094185,0.307596,0.184893,0.185263,-0.088222,-0.147865,0.375518,0.287296,0.774384,0.62652,0.088222,0.147865,0.188183,0.093378,0.093564,-0.07643,-0.010084,0.40273,0.318678,0.704075,0.6919,0.084052,0.012175,0.141257,0.074414,0.074563,-0.07084,0.000172,0.401006,0.330166,0.704622,0.694552,0.07084,0.01007,0.157179,0.076461,0.076614,-0.055572,-0.012279,0.403,0.338209,0.585238,0.572706,0.064792,0.012532,0.108157,0.055638,0.05575,-0.036907,0.01133,0.40357,0.366663,0.596574,0.573039,0.036907,0.023535
Andus - Axe Kick_compressed.mp4,single_athlete_training,8,data\processed\clips\Andus - Axe Kick_compressed\event_008_kick_candidate_left_ankle_t22p64.mp4,0.2004,0.873,left_ankle,kick_candidate,0.8764,0,0.0,kick,axe_kick,axe_kicks,0.273176,0.094837,0.076022,-0.03839,-0.034261,0.362041,0.323651,0.642804,0.59446,0.03839,0.048344,0.468714,0.197762,0.158526,-0.016204,-0.029067,0.373658,0.341905,0.681605,0.591482,0.031753,0.090123,0.315682,0.129984,0.104195,-0.069313,-0.030793,0.384471,0.315158,0.643288,0.591714,0.069313,0.051574,0.313269,0.130241,0.104401,-0.014597,-0.015897,0.392213,0.353849,0.644436,0.594743,0.038364,0.049693,1.124653,0.438296,0.351338,-0.185818,-0.292608,0.409131,0.223313,0.842841,0.550232,0.185818,0.292608,0.11562,0.061554,0.049341,-0.03609,0.022558,0.367929,0.331839,0.884427,0.85914,0.03609,0.025286,0.896998,0.300987,0.241271,-0.097394,-0.165695,0.368427,0.271033,0.780484,0.604667,0.097394,0.175817,0.126268,0.069064,0.055362,-0.048572,0.01054,0.37181,0.323238,0.787606,0.77115,0.048572,0.016456,0.262114,0.134168,0.107549,-0.078093,-0.036205,0.396475,0.318382,0.712545,0.66642,0.078093,0.046124,0.165407,0.082383,0.066038,-0.056915,-0.021365,0.398821,0.341906,0.709989,0.687184,0.056915,0.022805,0.18608,0.093018,0.074563,-0.067148,-0.018123,0.389704,0.322556,0.581337,0.56105,0.067148,0.020287,0.175402,0.062679,0.050244,-0.026826,-0.007596,0.395994,0.368609,0.586933,0.564312,0.027385,0.02262
Andus - Axe Kick_compressed.mp4,single_athlete_training,11,data\processed\clips\Andus - Axe Kick_compressed\event_011_kick_candidate_left_ankle_t31p66.mp4,0.4008,0.8546,left_ankle,kick_candidate,0.85108,0,0.0,kick,axe_kick,axe_kicks,0.211874,0.081906,0.082048,0.049773,0.046037,0.361814,0.30665,0.687174,0.641137,0.055164,0.046037,0.146639,0.056943,0.057056,0.002392,0.029197,0.325157,0.305755,0.667752,0.638555,0.019402,0.029197,0.080541,0.041007,0.041082,0.025239,0.015777,0.362913,0.337674,0.634131,0.61754,0.025239,0.016591,0.11918,0.047706,0.047798,-0.009964,0.010776,0.347602,0.323965,0.628484,0.617708,0.023637,0.010776,0.557019,0.312051,0.312672,0.012417,0.100407,0.324738,0.27168,0.865934,0.670416,0.053059,0.195518,0.449496,0.146652,0.146929,0.040875,0.078421,0.352689,0.311813,0.857584,0.767815,0.040875,0.089769,0.399714,0.215586,0.216013,-0.000747,0.057337,0.333058,0.323662,0.77643,0.642691,0.009396,0.133738,0.243772,0.097816,0.097998,0.003881,0.066772,0.337345,0.307967,0.774023,0.70725,0.029378,0.066772,0.079379,0.036611,0.036679,-0.016705,0.012311,0.363041,0.338527,0.69512,0.682809,0.024515,0.012311,0.126206,0.054337,0.054439,-0.02063,0.015237,0.358395,0.322965,0.692465,0.677228,0.03543,0.015237,0.070374,0.027285,0.027337,0.005859,0.004415,0.36133,0.355471,0.584991,0.570892,0.005859,0.014099,0.118487,0.034558,0.034626,-0.015661,0.00574,0.359569,0.335266,0.571161,0.565421,0.024303,0.00574
Andus - Axe Kick_compressed.mp4,single_athlete_training,13,data\processed\clips\Andus - Axe Kick_compressed\event_013_kick_candidate_left_ankle_t35p07.mp4,0.6011,0.9736,left_ankle,kick_candidate,0.869217,0,0.0,kick,axe_kick,axe_kicks,0.274966,0.110621,0.133003,0.111058,-0.034797,0.417689,0.306631,0.684999,0.634134,0.111058,0.050865,0.432725,0.134427,0.161627,0.081498,-0.014856,0.455134,0.34838,0.680446,0.648158,0.106754,0.032288,0.170755,0.099063,0.119104,0.111701,0.004388,0.4329,0.321199,0.628199,0.611086,0.111701,0.017113,0.322065,0.08723,0.104885,0.074208,-0.019011,0.45336,0.368071,0.632205,0.613194,0.08529,0.019011,1.54054,0.591315,0.710922,0.142831,-0.009371,0.475687,0.249305,0.872219,0.569956,0.226382,0.302262,1.314368,0.393891,0.473576,0.233671,0.289559,0.474037,0.240366,0.873202,0.551713,0.233671,0.321489,0.806909,0.345559,0.415466,0.121832,-0.005009,0.446423,0.298158,0.783403,0.617543,0.148264,0.16586,0.711986,0.229468,0.275896,0.149707,0.149095,0.451022,0.301315,0.78691,0.613898,0.149707,0.173013,0.177666,0.099714,0.119889,0.114634,-0.00213,0.439929,0.325296,0.690314,0.677131,0.114634,0.013183,0.169109,0.097467,0.117185,0.108956,-0.006297,0.448999,0.340043,0.698548,0.678525,0.108956,0.020023,0.120661,0.082149,0.098769,0.096162,-0.006592,0.431358,0.335195,0.566923,0.553233,0.096162,0.01369,0.172878,0.074349,0.089389,0.073209,-0.017806,0.444748,0.37104,0.577346,0.558804,0.073708,0.018541
Andus - Axe Kick_compressed.mp4,single_athlete_training,14,data\processed\clips\Andus - Axe Kick_compressed\event_014_kick_candidate_left_ankle_t37p27.mp4,0.4008,0.972,left_ankle,kick_candidate,0.85954,0,0.0,kick,axe_kick,axe_kicks,0.238114,0.060112,0.060208,-0.040363,0.029118,0.348816,0.304622,0.647937,0.617935,0.044194,0.030002,0.254213,0.084496,0.08464,-0.036422,0.047445,0.35703,0.312283,0.66763,0.620185,0.044746,0.047445,0.183624,0.053867,0.053957,-0.032055,0.014172,0.373661,0.33689,0.627267,0.61197,0.036771,0.015297,0.218325,0.068293,0.068408,-0.034789,0.01624,0.373958,0.327685,0.625612,0.609156,0.046273,0.016456,1.440167,0.576661,0.57767,-0.040113,0.002938,0.37118,0.279859,0.862776,0.586209,0.091321,0.276567,0.366454,0.169598,0.169913,-0.049102,-0.108076,0.354986,0.305883,0.832148,0.724072,0.049102,0.108076,0.641915,0.257917,0.258369,-0.03755,0.003867,0.361254,0.31885,0.7751,0.646988,0.042404,0.128112,0.244923,0.123966,0.124193,-0.065976,-0.053038,0.361116,0.29514,0.751902,0.689511,0.065976,0.062391,0.142397,0.059135,0.059239,-0.050268,-0.00251,0.384305,0.331297,0.685654,0.675787,0.053007,0.009867,0.166132,0.06538,0.065494,-0.059969,-0.006364,0.382355,0.321168,0.685321,0.678957,0.061187,0.006364,0.139593,0.039557,0.039623,-0.026282,0.011901,0.38487,0.357362,0.581943,0.567896,0.027508,0.014048,0.144543,0.062898,0.063009,-0.029449,-0.001341,0.378379,0.333876,0.575034,0.566815,0.044503,0.008219
Andus - Axe Kick_compressed.mp4,single_athlete_training,15,data\processed\clips\Andus - Axe Kick_compressed\event_015_kick_candidate_left_ankle_t40p68.mp4,0.6011,0.9588,left_ankle,kick_candidate,0.848117,0,0.0,kick,axe_kick,axe_kicks,0.127219,0.065986,0.079329,0.068177,0.014512,0.377598,0.309421,0.679909,0.660354,0.068177,0.019555,0.604432,0.284259,0.341733,0.060136,0.008515,0.440719,0.350973,0.677015,0.555169,0.089746,0.121846,0.131057,0.06443,0.077463,0.074712,0.019513,0.397195,0.322483,0.626228,0.606715,0.074712,0.019513,0.287316,0.132117,0.158835,0.050833,-0.001771,0.430418,0.368884,0.623671,0.565811,0.061534,0.05786,1.16832,0.504589,0.606617,0.105716,0.0637,0.426514,0.252916,0.872514,0.584739,0.173598,0.287775,1.397213,0.343175,0.412628,0.191022,0.27053,0.431118,0.240096,0.865493,0.575146,0.191022,0.290347,0.515452,0.256124,0.307914,0.094279,0.014563,0.418259,0.294062,0.779286,0.659984,0.124197,0.119302,0.621917,0.181358,0.218057,0.118068,0.132975,0.419893,0.301825,0.777206,0.635721,0.118068,0.141485,0.141029,0.076768,0.0923,0.090255,0.014486,0.416341,0.326086,0.687267,0.672781,0.090255,0.014486,0.123759,0.072185,0.086786,0.083809,0.0157,0.42615,0.342342,0.690683,0.673804,0.083809,0.016879,0.115306,0.061757,0.074252,0.073059,0.009221,0.406993,0.333934,0.562651,0.553362,0.073059,0.009289,0.139722,0.0519,0.062397,0.05705,-0.00713,0.428142,0.371092,0.571835,0.563678,0.05705,0.008157
Andus - Axe Kick_compressed.mp4,single_athlete_training,16,data\processed\clips\Andus - Axe Kick_compressed\event_016_kick_candidate_left_ankle_t48p89.mp4,0.6011,0.9101,left_ankle,kick_candidate,0.797183,0,0.0,kick,axe_kick,axe_kicks,0.371729,0.131319,0.157893,0.084456,0.058233,0.411032,0.311772,0.693459,0.635226,0.09926,0.058233,0.434765,0.139814,0.168096,-0.007941,0.076113,0.353211,0.300032,0.656434,0.573086,0.053179,0.083348,0.195647,0.077918,0.093681,0.053639,0.026589,0.404289,0.345579,0.638038,0.611449,0.05871,0.026589,0.187721,0.096928,0.116533,0.012938,0.04489,0.364755,0.314323,0.631605,0.586715,0.050432,0.04489,0.944423,0.357404,0.429706,0.032282,0.152659,0.344502,0.264693,0.871965,0.593981,0.079809,0.277984,0.798756,0.450707,0.541851,0.065468,-0.009974,0.401469,0.250998,0.855638,0.615019,0.150471,0.240619,0.342631,0.127623,0.153435,0.013949,0.103301,0.350472,0.305946,0.783248,0.671459,0.044526,0.111789,0.473792,0.277902,0.334117,-0.016647,0.031556,0.337793,0.277541,0.775986,0.626729,0.060251,0.149257,0.142917,0.07825,0.094077,0.001251,0.042099,0.369921,0.328496,0.703693,0.661594,0.041425,0.042099,0.19117,0.111584,0.134157,0.008595,0.036686,0.365567,0.313938,0.698671,0.661985,0.051629,0.036686,0.087438,0.047698,0.057345,0.015747,0.015415,0.385446,0.359529,0.593988,0.567678,0.025917,0.026309,0.145154,0.066661,0.080148,0.010988,0.029867,0.369682,0.336149,0.582441,0.552574,0.033533,0.029867
Andus - Axe Kick_compressed.mp4,single_athlete_training,17,data\processed\clips\Andus - Axe Kick_compressed\event_017_kick_candidate_left_ankle_t51p70.mp4,0.2004,0.8287,left_ankle,kick_candidate,0.856775,0,0.0,kick,axe_kick,axe_kicks,0.175966,0.092741,0.074335,-0.035562,0.040114,0.339408,0.303846,0.672333,0.632219,0.035562,0.040114,0.118469,0.061029,0.048909,-0.039873,0.018261,0.377701,0.337828,0.662806,0.643461,0.039873,0.019345,0.154483,0.066649,0.053424,-0.048059,-0.006307,0.369064,0.319225,0.621628,0.613391,0.049839,0.008237,0.1753,0.072797,0.058347,-0.038652,-0.007149,0.396672,0.35802,0.627713,0.61866,0.038652,0.009054,0.734972,0.312363,0.250385,0.00407,0.068275,0.34187,0.317888,0.855911,0.698591,0.023982,0.157321,0.761239,0.387731,0.310758,-0.129437,-0.279101,0.363932,0.234495,0.855076,0.575975,0.129437,0.279101,0.273865,0.125056,0.100238,-0.02217,0.056753,0.349247,0.320968,0.771559,0.702656,0.028279,0.068904,0.35496,0.204356,0.163795,-0.062644,-0.150264,0.365495,0.302851,0.766819,0.616555,0.062644,0.150264,0.15245,0.081486,0.065317,-0.060927,-0.015185,0.383428,0.322501,0.694501,0.676916,0.060927,0.017585,0.149851,0.074691,0.059867,-0.051973,-0.02468,0.388068,0.336095,0.708224,0.683544,0.051973,0.02468,0.16002,0.068528,0.054931,-0.048768,-0.00858,0.381791,0.330493,0.571062,0.562433,0.051298,0.008629,0.12683,0.041107,0.032948,-0.031299,-0.004509,0.396153,0.364854,0.578321,0.573744,0.031299,0.004577
Andus - Axe Kick_compressed.mp4,single_athlete_training,18,data\processed\clips\Andus - Axe Kick_compressed\event_018_kick_candidate_left_ankle_t52p30.mp4,0.6012,0.9701,left_ankle,kick_candidate,0.850833,0,0.0,kick,axe_kick,axe_kicks,0.182136,0.083628,0.100536,0.09601,0.0004,0.399856,0.303846,0.677674,0.669598,0.09601,0.008076,0.448858,0.233335,0.280552,0.087853,0.010191,0.444568,0.337828,0.681602,0.578718,0.10674,0.102883,0.148472,0.079713,0.095832,0.094242,0.007884,0.415246,0.321005,0.624336,0.615321,0.094242,0.009015,0.286263,0.11514,0.138441,0.074706,0.002581,0.437844,0.356109,0.62789,0.586446,0.081736,0.041444,1.478756,0.571009,0.686578,0.105876,0.004149,0.447746,0.234528,0.8609,0.579693,0.213219,0.281207,1.389741,0.344032,0.41363,0.194167,0.259756,0.428662,0.234495,0.860822,0.575975,0.194167,0.284847,0.747133,0.345465,0.415371,0.107915,-0.008957,0.434992,0.287111,0.779725,0.627266,0.147881,0.152458,0.698904,0.197852,0.237877,0.119245,0.147264,0.422096,0.302851,0.776352,0.616555,0.119245,0.159796,0.201478,0.093124,0.111957,0.103687,0.001425,0.426188,0.322501,0.690548,0.672453,0.103687,0.018095,0.123367,0.080042,0.096231,0.086526,-0.005602,0.422621,0.336095,0.690762,0.676051,0.086526,0.014711,0.117841,0.076973,0.092541,0.089307,-0.00055,0.42233,0.333023,0.567361,0.556489,0.089307,0.010872,0.177477,0.070559,0.084834,0.066659,-0.011242,0.431513,0.362263,0.573812,0.56257,0.06925,0.011242
Andus - Axe Kick_compressed.mp4,single_athlete_training,19,data\processed\clips\Andus - Axe Kick_compressed\event_019_kick_candidate_left_ankle_t54p51.mp4,0.6011,0.9653,left_ankle,kick_candidate,0.866183,0,0.0,kick,axe_kick,axe_kicks,0.23558,0.108371,0.130304,0.009536,0.084182,0.359725,0.307991,0.691424,0.607243,0.051734,0.084182,0.217247,0.094189,0.113248,-0.037043,0.025201,0.356537,0.30951,0.675119,0.624795,0.047027,0.050323,0.172581,0.070981,0.085346,-0.015613,0.027171,0.380983,0.338544,0.635016,0.607446,0.042439,0.02757,0.187303,0.067905,0.081647,-0.036098,0.028576,0.373627,0.3268,0.634744,0.600495,0.046827,0.034248,1.388034,0.466367,0.560668,-0.061727,0.005612,0.384962,0.268086,0.864956,0.59564,0.116876,0.269316,1.140049,0.45818,0.550802,-0.002661,0.046581,0.340656,0.236389,0.853786,0.641595,0.104267,0.212192,0.690105,0.262241,0.315258,-0.048029,0.015347,0.377732,0.317961,0.783994,0.628005,0.059771,0.155989,0.471029,0.24124,0.29002,-0.035886,0.058121,0.363559,0.284224,0.766781,0.65392,0.079335,0.112861,0.160355,0.073762,0.08868,-0.057272,0.013004,0.401489,0.334156,0.697536,0.673137,0.067333,0.024399,0.143928,0.073368,0.088209,-0.058529,0.00839,0.390645,0.321352,0.690476,0.67594,0.069293,0.014536,0.153844,0.053734,0.064608,-0.02931,0.010637,0.393933,0.35761,0.5903,0.568743,0.036324,0.021557,0.147777,0.055446,0.066667,-0.032914,0.013467,0.380272,0.33661,0.58508,0.564967,0.043662,0.020113
Andus - Axe Kick_compressed.mp4,single_athlete_training,20,data\processed\clips\Andus - Axe Kick_compressed\event_020_kick_candidate_left_ankle_t57p91.mp4,0.6012,0.9714,left_ankle,kick_candidate,0.857283,0,0.0,kick,axe_kick,axe_kicks,0.13887,0.078254,0.094086,0.087034,-0.004911,0.396448,0.309414,0.674925,0.656494,0.087034,0.018431,0.414717,0.181028,0.217665,0.062799,0.008334,0.410306,0.347507,0.677346,0.582609,0.062799,0.094737,0.13061,0.084887,0.102064,0.098025,0.013889,0.422066,0.324041,0.628143,0.610488,0.098025,0.017655,0.203755,0.107773,0.129585,0.056037,0.008324,0.425871,0.369314,0.63229,0.582033,0.056556,0.050257,1.554068,0.604884,0.727157,0.109754,-0.014889,0.450256,0.233494,0.858427,0.566118,0.216761,0.292309,1.178782,0.288869,0.347219,0.146396,0.234526,0.418362,0.271966,0.862029,0.611696,0.146396,0.250333,0.794051,0.354096,0.425686,0.108121,-0.002821,0.437285,0.283124,0.782005,0.617645,0.154161,0.16436,0.570193,0.161566,0.194209,0.090867,0.130302,0.406866,0.315999,0.776206,0.640189,0.090867,0.136018,0.201334,0.086639,0.104171,0.098631,0.014595,0.424528,0.325897,0.689285,0.670599,0.098631,0.018686,0.119944,0.061065,0.073422,0.071563,0.005904,0.414385,0.342822,0.688709,0.677976,0.071563,0.010733,0.126662,0.072517,0.087191,0.085838,0.0001,0.424327,0.338489,0.567775,0.560981,0.085838,0.006793,0.106742,0.04999,0.060108,0.051162,-0.013936,0.425895,0.373329,0.576542,0.562606,0.052566,0.013936
Andus - Axe Kick_compressed.mp4,single_athlete_training,21,data\processed\clips\Andus - Axe Kick_compressed\event_021_kick_candidate_left_ankle_t60p12.mp4,0.6012,0.9522,left_ankle,kick_candidate,0.869117,0,0.0,kick,axe_kick,axe_kicks,0.346269,0.141566,0.170184,0.023514,0.079647,0.366233,0.311692,0.693068,0.613421,0.054541,0.079647,0.29457,0.076944,0.092514,-0.023113,0.032984,0.339526,0.316412,0.660737,0.606194,0.023113,0.054543,0.151143,0.063929,0.07686,-0.011893,0.013928,0.373242,0.342879,0.631878,0.611468,0.030363,0.020409,0.104181,0.036657,0.044074,-0.014422,0.014559,0.356254,0.329228,0.625915,0.611356,0.027026,0.014559,1.159522,0.432705,0.520277,-0.032822,0.022161,0.370709,0.265801,0.872417,0.619081,0.104908,0.253335,0.849327,0.348691,0.419233,0.022322,0.052998,0.357746,0.261178,0.857582,0.698912,0.096568,0.15867,0.723589,0.276278,0.332193,-0.035383,0.013348,0.362238,0.324116,0.784201,0.613844,0.038122,0.170357,0.336075,0.185216,0.222675,-0.008926,0.064087,0.345516,0.290494,0.775847,0.695005,0.055022,0.080843,0.115498,0.062311,0.074918,-0.041069,0.018592,0.383131,0.334498,0.700861,0.674866,0.048633,0.025994,0.133963,0.075477,0.090741,-0.030824,0.018794,0.375097,0.321417,0.697565,0.675386,0.05368,0.022179,0.136683,0.028401,0.034149,-0.025949,0.004777,0.386902,0.360054,0.577069,0.57126,0.026848,0.00581,0.090459,0.045959,0.055259,-0.01277,-0.001368,0.367615,0.336705,0.576378,0.567504,0.030911,0.008873
Andus - Axe Kick_compressed.mp4,single_athlete_training,22,data\processed\clips\Andus - Axe Kick_compressed\event_022_kick_candidate_left_ankle_t63p12.mp4,0.6012,0.9737,left_ankle,kick_candidate,0.871333,0,0.0,kick,axe_kick,axe_kicks,0.290842,0.113441,0.136392,-0.020612,0.087554,0.364675,0.314115,0.671714,0.58416,0.05056,0.087554,0.269443,0.139969,0.168286,-0.027569,0.032726,0.376244,0.331054,0.671789,0.607077,0.04519,0.064711,0.162961,0.074738,0.089855,-0.025211,-0.015552,0.382953,0.327456,0.625865,0.608631,0.055497,0.017235,0.146272,0.069981,0.084138,-0.028307,-0.024858,0.393936,0.350858,0.632262,0.606655,0.043078,0.025607,1.019456,0.442989,0.532633,-0.163578,-0.184361,0.422217,0.247125,0.831465,0.607591,0.175092,0.223874,0.555409,0.183684,0.220848,-0.010762,-0.01321,0.363021,0.322072,0.850726,0.742558,0.040949,0.108167,0.558121,0.25471,0.306249,-0.077275,-0.136622,0.3814,0.293256,0.774104,0.637482,0.088144,0.136622,0.246216,0.104086,0.125145,-0.025702,-0.016603,0.369796,0.326527,0.770257,0.709891,0.043269,0.060367,0.178674,0.085704,0.103043,-0.055071,-0.030771,0.401894,0.327677,0.702089,0.669178,0.074216,0.032911,0.134432,0.068957,0.082909,-0.054373,-0.027673,0.406084,0.341491,0.702697,0.675024,0.064593,0.027673,0.145735,0.076268,0.091698,-0.039051,-0.017689,0.401234,0.338085,0.580563,0.562874,0.063149,0.017689,0.112796,0.044153,0.053085,-0.034058,-0.014082,0.403227,0.364821,0.584332,0.57025,0.038406,0.014082
Andus - Axe Kick_compressed.mp4,single_athlete_training,23,data\processed\clips\Andus - Axe Kick_compressed\event_023_kick_candidate_left_ankle_t64p12.mp4,0.2004,0.8557,left_ankle,kick_candidate,0.8623,0,0.0,kick,axe_kick,axe_kicks,0.098083,0.062574,0.05016,0.024786,-0.02426,0.368849,0.344063,0.676703,0.647454,0.024786,0.029249,0.099949,0.063994,0.051297,0.04149,0.025206,0.390165,0.348674,0.679911,0.654706,0.04149,0.025206,0.081285,0.059252,0.047496,0.03913,0.018963,0.396872,0.357742,0.629276,0.610313,0.03913,0.018963,0.133261,0.059508,0.047701,0.033286,0.033153,0.398915,0.365629,0.640557,0.607404,0.033286,0.033153,0.943478,0.384298,0.308053,0.179676,0.185497,0.438316,0.25864,0.824164,0.638666,0.179676,0.185497,0.057746,0.032205,0.025815,0.013486,0.010885,0.365744,0.352258,0.853515,0.837515,0.013486,0.016,0.544477,0.242411,0.194317,0.10872,0.134402,0.412845,0.304125,0.771884,0.637482,0.10872,0.134402,0.096381,0.062279,0.049923,0.045969,0.015328,0.390063,0.344094,0.768982,0.753654,0.045969,0.015328,0.154985,0.086385,0.069246,0.063441,0.024454,0.410264,0.346823,0.695772,0.671319,0.063441,0.024454,0.103258,0.063762,0.051112,0.04707,0.01916,0.398781,0.35171,0.694183,0.675024,0.04707,0.01916,0.148393,0.074068,0.059373,0.054571,0.021225,0.416754,0.362183,0.584099,0.562874,0.054571,0.021225,0.128984,0.056785,0.045519,0.038755,0.018648,0.407924,0.369169,0.588898,0.57025,0.038755,0.018648
Andus - Axe Kick_compressed.mp4,single_athlete_training,25,data\processed\clips\Andus - Axe Kick_compressed\event_025_kick_candidate_left_ankle_t71p54.mp4,0.4007,0.9707,left_ankle,kick_candidate,0.8637,0,0.0,kick,axe_kick,axe_kicks,0.149102,0.060707,0.060825,0.040797,0.02432,0.345117,0.299125,0.687631,0.663312,0.045992,0.02432,0.07834,0.042097,0.042174,0.003444,-0.011533,0.355464,0.342752,0.654008,0.631877,0.012712,0.022131,0.126072,0.052493,0.052596,0.03765,0.011816,0.355959,0.312116,0.622535,0.61072,0.043843,0.011816,0.043414,0.024881,0.024926,-0.003771,-0.004522,0.374329,0.361519,0.624106,0.616889,0.01281,0.007216,1.489178,0.546402,0.547346,0.004416,-0.069447,0.343278,0.22898,0.832144,0.556629,0.114297,0.275515,0.582435,0.18502,0.185332,0.052585,0.11551,0.36391,0.302843,0.859272,0.731398,0.061067,0.127874,0.612759,0.256971,0.257424,0.0228,-0.016007,0.338487,0.274911,0.750189,0.639958,0.063576,0.110231,0.259441,0.098377,0.098547,0.042768,0.053807,0.36372,0.317775,0.770114,0.705236,0.045946,0.064878,0.118604,0.057893,0.058007,0.032181,0.003179,0.362581,0.318054,0.675687,0.67069,0.044527,0.004997,0.110192,0.050427,0.050527,0.021519,0.005989,0.371391,0.335723,0.682334,0.676345,0.035668,0.005989,0.10466,0.051474,0.051576,0.033027,-0.000799,0.364563,0.323577,0.566244,0.561711,0.040986,0.004533,0.071328,0.035787,0.035856,0.00971,-0.005413,0.376969,0.356954,0.573614,0.562943,0.020014,0.010671
Andus - Axe Kick_compressed.mp4,single_athlete_training,27,data\processed\clips\Andus - Axe Kick_compressed\event_027_kick_candidate_left_ankle_t77p95.mp4,0.4008,0.8924,left_ankle,kick_candidate,0.88228,0,0.0,kick,axe_kick,axe_kicks,0.287934,0.109469,0.109688,-0.026379,0.062366,0.343857,0.302189,0.67344,0.611074,0.041668,0.062366,0.15117,0.046661,0.046755,-0.008233,0.032773,0.356975,0.343357,0.677935,0.645162,0.013618,0.032773,0.164228,0.070275,0.070415,-0.04041,0.00101,0.373776,0.31842,0.620672,0.619505,0.055356,0.001167,0.102508,0.043542,0.043629,-0.018257,0.008201,0.382633,0.360556,0.643448,0.625134,0.022077,0.018314,0.866408,0.414807,0.415637,-0.015338,0.068358,0.353715,0.296396,0.848314,0.681131,0.057319,0.167183,1.402224,0.414796,0.415625,-0.110892,-0.29194,0.365634,0.245082,0.859962,0.55738,0.120552,0.302582,0.446254,0.233236,0.233702,-0.024205,0.050423,0.356128,0.307127,0.768652,0.66747,0.049001,0.101183,0.603553,0.221587,0.22203,-0.054505,-0.145627,0.36716,0.300525,0.768171,0.616511,0.066635,0.15166,0.184864,0.084765,0.084935,-0.057139,-0.013372,0.393747,0.323489,0.697362,0.68399,0.070258,0.013372,0.125623,0.06672,0.066854,-0.045724,-0.01952,0.390656,0.339919,0.6976,0.67808,0.050737,0.01952,0.149772,0.065318,0.065449,-0.039681,-0.002016,0.384966,0.333309,0.574634,0.570801,0.051657,0.003833,0.095058,0.03532,0.035391,-0.028341,0.005538,0.39234,0.363432,0.588742,0.577264,0.028908,0.011478
Andus - Axe Kick_compressed.mp4,single_athlete_training,28,data\processed\clips\Andus - Axe Kick_compressed\event_028_kick_candidate_left_ankle_t78p75.mp4,0.4008,0.9512,left_ankle,kick_candidate,0.86822,0,0.0,kick,axe_kick,axe_kicks,0.21373,0.105019,0.105217,0.084919,-0.03182,0.402397,0.317478,0.676713,0.64162,0.084919,0.035093,0.442264,0.230378,0.230794,0.071087,-0.008423,0.419829,0.348742,0.690845,0.589376,0.071087,0.101469,0.177625,0.111368,0.11158,0.095137,-0.00152,0.428503,0.333365,0.641247,0.618994,0.095137,0.022253,0.158956,0.11344,0.113652,0.065388,-0.026717,0.429765,0.363774,0.642453,0.611772,0.065991,0.030681,0.718553,0.397538,0.398261,0.110685,-0.018446,0.449062,0.317293,0.847897,0.705523,0.131769,0.142373,1.506108,0.407582,0.408247,0.176699,0.261257,0.431441,0.254742,0.852293,0.55738,0.176699,0.294913,0.440405,0.252835,0.253296,0.107937,-0.011061,0.439861,0.322086,0.768687,0.680989,0.117775,0.087698,0.727645,0.253152,0.253586,0.109949,0.149978,0.422603,0.312655,0.773705,0.616511,0.109949,0.157195,0.180003,0.114008,0.114226,0.098006,-0.011173,0.434613,0.336608,0.698756,0.672817,0.098006,0.025938,0.16034,0.094191,0.09437,0.079682,-0.004819,0.424614,0.344932,0.695271,0.673261,0.079682,0.022009,0.165511,0.102798,0.102995,0.082971,-0.00856,0.428255,0.345284,0.588329,0.562241,0.082971,0.026089,0.114932,0.07335,0.073492,0.061484,-0.025756,0.425484,0.364,0.588446,0.56269,0.061484,0.025756
Andus - Axe Kick_compressed.mp4,single_athlete_training,30,data\processed\clips\Andus - Axe Kick_compressed\event_030_kick_candidate_left_ankle_t84p76.mp4,0.4008,0.9082,left_ankle,kick_candidate,0.87222,0,0.0,kick,axe_kick,axe_kicks,0.138755,0.065577,0.065701,0.049435,-0.003148,0.365794,0.314401,0.678036,0.663368,0.051393,0.014669,0.124439,0.084981,0.085139,0.040369,-0.017285,0.376383,0.334241,0.67216,0.64932,0.042143,0.02284,0.103795,0.073125,0.073263,0.066027,0.021931,0.394447,0.32842,0.636797,0.613102,0.066027,0.023696,0.145601,0.063783,0.063905,0.044674,0.005426,0.391653,0.346979,0.626418,0.61096,0.044674,0.015458,0.873109,0.41462,0.415362,0.093729,-0.009582,0.435311,0.2747,0.840964,0.679375,0.160611,0.161589,1.055945,0.30343,0.303931,0.110118,0.271701,0.356491,0.246373,0.84881,0.573507,0.110118,0.275303,0.357777,0.208696,0.209077,0.082794,0.003419,0.409679,0.301102,0.76551,0.695227,0.108577,0.070283,0.357915,0.174131,0.174446,0.075046,0.139323,0.374654,0.299608,0.7654,0.626076,0.075046,0.139323,0.169561,0.076102,0.076246,0.071329,0.016056,0.396852,0.325524,0.688946,0.671802,0.071329,0.017144,0.133977,0.060412,0.060526,0.054096,0.018583,0.384068,0.329972,0.686228,0.667645,0.054096,0.018583,0.140466,0.074252,0.074394,0.067327,0.020214,0.405962,0.338635,0.583231,0.559926,0.067327,0.023306,0.117795,0.047987,0.04808,0.041697,0.002047,0.395475,0.353778,0.571673,0.565053,0.041697,0.00662
Andus - Axe Kick_compressed.mp4,single_athlete_training,35,data\processed\clips\Andus - Axe Kick_compressed\event_035_kick_candidate_left_ankle_t95p98.mp4,0.8015,0.9558,left_ankle,kick_candidate,0.844843,0,0.0,kick,axe_kick,axe_kicks,0.147303,0.092082,0.129159,0.089233,-0.002575,0.403594,0.310312,0.681016,0.646472,0.093282,0.034545,0.329898,0.134785,0.189043,0.059448,0.004848,0.427636,0.359312,0.678654,0.602371,0.068323,0.076283,0.147823,0.084244,0.118166,0.103763,0.020797,0.434475,0.326774,0.632399,0.609707,0.107702,0.022692,0.151389,0.083838,0.117597,0.060604,-0.00421,0.438903,0.376801,0.65152,0.609396,0.062102,0.042123,1.019034,0.525987,0.737752,0.141269,-0.013042,0.483292,0.255538,0.858491,0.574359,0.227755,0.284131,0.634137,0.15249,0.21391,0.087188,0.142287,0.404674,0.308023,0.861003,0.71412,0.096651,0.146883,0.497257,0.256411,0.359643,0.124632,0.004346,0.458503,0.30059,0.769045,0.640306,0.157913,0.12874,0.313605,0.106579,0.149507,0.079381,0.072681,0.417891,0.328423,0.773048,0.698739,0.089468,0.074309,0.160746,0.088628,0.124322,0.080264,0.003957,0.432861,0.335312,0.689876,0.673713,0.097549,0.016163,0.113119,0.064033,0.089821,0.059543,0.012515,0.423963,0.353444,0.694652,0.680199,0.070519,0.014453,0.123118,0.072727,0.102013,0.088692,0.002222,0.438238,0.346458,0.574667,0.563194,0.09178,0.011473,0.08798,0.061009,0.085577,0.054446,-0.012856,0.437607,0.3815,0.597056,0.570897,0.056107,0.026159
Andus - Axe Kick_compressed.mp4,single_athlete_training,38,data\processed\clips\Andus - Axe Kick_compressed\event_038_punch_candidate_left_wrist_t43p28.mp4,0.6012,0.7974,left_wrist,punch_candidate,0.7858,0,0.0,kick,axe_kick,axe_kicks,0.96294,0.42477,0.510709,0.036165,0.062659,0.239158,0.198694,0.675312,0.458456,0.040465,0.216856,0.596911,0.279284,0.335797,0.00739,0.082212,0.238131,0.226208,0.652688,0.444734,0.011923,0.207954,0.607792,0.184975,0.22241,0.026008,0.087581,0.228267,0.195082,0.628082,0.491156,0.033186,0.136926,0.29964,0.132065,0.158794,0.012514,0.065294,0.240568,0.226458,0.614237,0.5044,0.01411,0.109838,0.201075,0.055987,0.067317,0.012508,0.024418,0.231612,0.20751,0.880511,0.848218,0.024102,0.032293,0.22607,0.052696,0.06336,-0.031907,0.008263,0.245828,0.2016,0.886015,0.876201,0.044229,0.009814,0.240496,0.062047,0.074604,0.021716,0.020357,0.237304,0.198014,0.790225,0.762313,0.03929,0.027912,0.12074,0.033799,0.040639,-0.009492,0.020811,0.232676,0.215924,0.794629,0.773818,0.016752,0.020811,0.227829,0.05359,0.064435,0.018815,0.020728,0.230472,0.196636,0.69634,0.665687,0.033837,0.030653,0.149272,0.035457,0.042632,0.006998,0.027283,0.228707,0.221331,0.691532,0.661618,0.007375,0.029914,0.254262,0.060961,0.073299,0.029052,0.020947,0.23154,0.186095,0.558288,0.530689,0.045444,0.027599,0.066241,0.027441,0.032995,0.01444,0.013411,0.238024,0.222455,0.551624,0.534244,0.015568,0.017379
Andus - Axe Kick_compressed.mp4,single_athlete_training,42,data\processed\clips\Andus - Axe Kick_compressed\event_042_kick_candidate_right_ankle_t4p81.mp4,0.6012,0.8749,right_ankle,kick_candidate,0.7735,0,0.0,kick,axe_kick,axe_kicks,0.125573,0.059837,0.071944,0.030468,0.03337,0.354978,0.314259,0.685269,0.649485,0.040719,0.035784,0.404086,0.14814,0.178116,-0.023235,0.118081,0.336692,0.283315,0.671552,0.545661,0.053378,0.125891,0.025719,0.017803,0.021404,0.012158,-0.003769,0.362522,0.348314,0.642541,0.635289,0.014209,0.007252,0.156235,0.070332,0.084561,0.006107,0.052524,0.324969,0.30585,0.630611,0.575807,0.019119,0.054803,0.844871,0.221727,0.266583,0.088917,0.18689,0.376841,0.287925,0.865397,0.667365,0.088917,0.198031,1.047154,0.353466,0.425007,-0.000786,0.002152,0.312689,0.236593,0.856348,0.656871,0.076097,0.199477,0.402526,0.100034,0.120271,0.014845,0.086868,0.346658,0.316971,0.780029,0.690013,0.029688,0.090015,0.449464,0.163129,0.196143,0.011292,0.033011,0.320053,0.259146,0.771917,0.6797,0.060907,0.092217,0.08323,0.03686,0.044315,0.000817,0.010531,0.346532,0.325893,0.689068,0.678537,0.020639,0.010531,0.073558,0.042013,0.050509,0.004309,0.008897,0.326178,0.305248,0.681611,0.66807,0.020929,0.013541,0.050878,0.033349,0.040093,-0.008973,-0.015856,0.366971,0.347985,0.594041,0.574579,0.018986,0.019463,0.077168,0.03709,0.044589,0.004519,0.009448,0.330521,0.315706,0.577126,0.565035,0.014814,0.012091
Andus - Axe Kick_compressed.mp4,single_athlete_training,43,data\processed\clips\Andus - Axe Kick_compressed\event_043_kick_candidate_right_ankle_t8p82.mp4,0.4008,0.9746,right_ankle,kick_candidate,0.86998,0,0.0,kick,axe_kick,axe_kicks,0.098727,0.05763,0.05774,0.056193,0.006022,0.35636,0.300167,0.667221,0.65815,0.056193,0.009071,0.196542,0.067806,0.067922,0.028783,0.01298,0.381552,0.352769,0.672188,0.636128,0.028783,0.03606,0.087226,0.049844,0.049941,0.044974,-0.002452,0.359749,0.314775,0.611951,0.603782,0.044974,0.008169,0.071055,0.037807,0.037876,0.018765,-0.007375,0.39259,0.36919,0.625541,0.613176,0.0234,0.012366,1.37737,0.636228,0.637425,0.110689,0.269751,0.361115,0.250425,0.849854,0.580104,0.110689,0.269751,1.527606,0.62203,0.623268,0.032863,-0.005125,0.37222,0.239692,0.857719,0.568265,0.132529,0.289454,0.691666,0.285482,0.286015,0.044123,0.142001,0.338346,0.294223,0.75903,0.617029,0.044123,0.142001,0.717558,0.305132,0.305733,0.033742,-0.001636,0.362359,0.295938,0.764215,0.624179,0.066421,0.140036,0.087554,0.044941,0.045025,0.039982,-2.2e-05,0.36491,0.323943,0.675231,0.671503,0.040966,0.003729,0.093123,0.050803,0.0509,0.030476,-0.003428,0.374558,0.337387,0.684204,0.672982,0.037171,0.011222,0.085914,0.048849,0.048943,0.039663,-0.005679,0.36586,0.326197,0.562652,0.552406,0.039663,0.010246,0.061558,0.030462,0.030518,0.025547,-0.002805,0.38902,0.361618,0.570379,0.566201,0.027402,0.004179
Andus - Axe Kick_compressed.mp4,single_athlete_training,51,data\processed\clips\Andus - Axe Kick_compressed\event_051_kick_candidate_right_ankle_t26p05.mp4,0.6011,0.9295,right_ankle,kick_candidate,0.853783,0,0.0,kick,axe_kick,axe_kicks,0.31508,0.119574,0.143769,0.085998,0.037077,0.395472,0.296399,0.686291,0.641851,0.099073,0.04444,0.188799,0.096895,0.116497,0.011466,0.003104,0.338854,0.296467,0.670256,0.63102,0.042387,0.039236,0.143742,0.095129,0.114375,0.053626,0.014649,0.395713,0.33166,0.640127,0.6165,0.064052,0.023627,0.120863,0.078484,0.094358,0.034934,0.01242,0.368645,0.309615,0.633656,0.616021,0.05903,0.017635,0.417658,0.183414,0.220511,0.084417,0.134874,0.381004,0.288345,0.873234,0.721946,0.092659,0.151288,1.161225,0.422969,0.508546,0.055662,-0.007086,0.381876,0.245512,0.854113,0.635845,0.136364,0.218268,0.323178,0.124478,0.149667,0.049122,0.077858,0.372531,0.301135,0.783736,0.698374,0.071396,0.085362,0.450938,0.205664,0.247286,0.060989,0.02528,0.372659,0.274083,0.774902,0.667242,0.098575,0.107659,0.140435,0.070758,0.085079,0.027246,0.014053,0.37862,0.326651,0.697954,0.675182,0.051969,0.022773,0.123541,0.07944,0.095515,0.040763,0.013302,0.374502,0.313851,0.695862,0.671356,0.060651,0.024506,0.10515,0.057107,0.068657,0.026945,-0.004539,0.385985,0.348699,0.586854,0.570573,0.037286,0.016281,0.089367,0.060993,0.073331,0.039808,0.007852,0.377481,0.325837,0.577283,0.558853,0.051644,0.01843
Andus - Axe Kick_compressed.mp4,single_athlete_training,53,data\processed\clips\Andus - Axe Kick_compressed\event_053_kick_candidate_right_ankle_t29p26.mp4,0.4008,0.9697,right_ankle,kick_candidate,0.8509,0,0.0,kick,axe_kick,axe_kicks,0.117467,0.076044,0.076186,0.073202,-0.002559,0.373545,0.300344,0.681575,0.670543,0.073202,0.011032,0.326848,0.146734,0.147025,0.085345,0.008966,0.437859,0.350328,0.682179,0.635737,0.087531,0.046443,0.113364,0.081894,0.082049,0.079563,0.002898,0.395794,0.316231,0.626032,0.617383,0.079563,0.008648,0.206986,0.094647,0.094832,0.069777,-0.017659,0.435901,0.362736,0.644472,0.617281,0.073165,0.027191,0.46722,0.200922,0.201277,0.134692,0.105121,0.432014,0.297322,0.870877,0.765756,0.134692,0.105121,1.449441,0.476381,0.477261,0.106038,0.136974,0.38787,0.239579,0.859154,0.577475,0.148291,0.281679,0.248662,0.135421,0.13567,0.118869,0.046912,0.413932,0.295063,0.780999,0.734087,0.118869,0.046912,0.61559,0.303336,0.3039,0.082836,0.057032,0.400135,0.302687,0.773348,0.631891,0.097448,0.141457,0.163283,0.090854,0.091028,0.088809,0.007016,0.408454,0.319645,0.694395,0.682422,0.088809,0.011972,0.122062,0.073617,0.07376,0.066204,-0.000855,0.407502,0.341298,0.695485,0.68704,0.066204,0.008445,0.110002,0.078536,0.078683,0.077193,-0.000478,0.406518,0.329326,0.570195,0.564726,0.077193,0.005469,0.149988,0.065304,0.06543,0.058816,-0.011223,0.42551,0.366694,0.590281,0.579058,0.058816,0.011223
Andus - Axe Kick_compressed.mp4,single_athlete_training,54,data\processed\clips\Andus - Axe Kick_compressed\event_054_kick_candidate_right_ankle_t31p26.mp4,0.2004,0.7919,right_ankle,kick_candidate,0.86245,0,0.0,kick,axe_kick,axe_kicks,0.20641,0.100597,0.080618,-0.071802,0.028501,0.378452,0.30665,0.651346,0.622845,0.071802,0.028501,0.211407,0.099836,0.080019,-0.070421,0.019669,0.376176,0.305755,0.643703,0.615421,0.070421,0.028282,0.276935,0.118007,0.094567,-0.071942,-0.003087,0.410235,0.337674,0.636756,0.612901,0.072561,0.023855,0.165981,0.104961,0.084123,-0.072206,-0.011411,0.396327,0.324121,0.633485,0.611764,0.072206,0.021722,0.516121,0.287067,0.230099,-0.114874,-0.197681,0.386554,0.27168,0.868097,0.670416,0.114874,0.197681,0.877163,0.414775,0.332396,-0.139869,0.017638,0.459149,0.311813,0.857584,0.708637,0.147336,0.148947,0.382926,0.192941,0.154647,-0.050673,-0.135452,0.376549,0.325876,0.778144,0.642691,0.050673,0.135452,0.672422,0.294086,0.235672,-0.089946,-0.043098,0.397913,0.307967,0.792018,0.662646,0.089946,0.129372,0.189445,0.093727,0.075113,-0.067938,-0.025643,0.415197,0.34726,0.710449,0.682809,0.067938,0.02764,0.199349,0.121443,0.097329,-0.077863,-0.030019,0.411224,0.333362,0.710857,0.676728,0.077863,0.034129,0.210324,0.092647,0.074245,-0.057395,0.003048,0.413189,0.355471,0.584991,0.56837,0.057718,0.016621,0.134679,0.094287,0.075568,-0.064269,-0.011731,0.400696,0.336427,0.58247,0.562189,0.064269,0.020281
Andus - Axe Kick_compressed.mp4,single_athlete_training,55,data\processed\clips\Andus - Axe Kick_compressed\event_055_kick_candidate_right_ankle_t34p67.mp4,0.6011,0.9729,right_ankle,kick_candidate,0.867983,0,0.0,kick,axe_kick,axe_kicks,0.106277,0.068414,0.082253,0.02013,0.005252,0.340353,0.303039,0.684999,0.654901,0.037314,0.030098,0.432725,0.116584,0.140173,0.093375,0.014848,0.444431,0.34838,0.680446,0.663014,0.096051,0.017433,0.093386,0.063506,0.07635,0.034021,0.013873,0.366495,0.319051,0.628199,0.603658,0.047444,0.024541,0.322065,0.077774,0.093515,0.065198,2.1e-05,0.433879,0.368071,0.632205,0.626667,0.065808,0.005537,1.54054,0.555935,0.668381,0.082019,0.001161,0.425416,0.249305,0.867159,0.569956,0.176112,0.297203,1.314368,0.475711,0.571956,0.019791,0.126406,0.354957,0.240366,0.873202,0.551713,0.114591,0.321489,0.806909,0.316411,0.380418,0.044523,0.036098,0.380749,0.298158,0.783403,0.617543,0.082591,0.16586,0.711986,0.248039,0.298226,0.036199,0.083164,0.378822,0.301315,0.78691,0.613898,0.077506,0.173013,0.151046,0.072235,0.086848,0.034896,0.004456,0.38318,0.324724,0.690314,0.677131,0.058456,0.013183,0.131037,0.06823,0.08203,0.037605,0.010284,0.397691,0.340043,0.698548,0.684822,0.057648,0.013725,0.120661,0.058788,0.07068,0.037616,0.002212,0.385731,0.332999,0.566923,0.557822,0.052732,0.0091,0.172878,0.052646,0.063293,0.047552,0.004588,0.421122,0.37104,0.577346,0.568617,0.050082,0.008729
Andus - Axe Kick_compressed.mp4,single_athlete_training,56,data\processed\clips\Andus - Axe Kick_compressed\event_056_kick_candidate_right_ankle_t40p28.mp4,0.6012,0.964,right_ankle,kick_candidate,0.84645,0,0.0,kick,axe_kick,axe_kicks,0.127219,0.060974,0.073303,0.02639,0.026316,0.355648,0.309421,0.679909,0.653593,0.046227,0.026316,0.604432,0.224156,0.269464,0.008636,0.029696,0.373358,0.350973,0.674149,0.555169,0.022385,0.11898,0.098362,0.054991,0.066114,0.0228,0.008964,0.365629,0.322483,0.618417,0.606715,0.043146,0.011702,0.287316,0.097759,0.117524,0.009409,-0.012503,0.385347,0.368884,0.623671,0.565811,0.016463,0.05786,1.16832,0.492091,0.591589,-0.004718,0.00875,0.352872,0.252916,0.858469,0.584739,0.099956,0.27373,1.397213,0.478866,0.575782,0.013318,0.081184,0.363636,0.240096,0.862178,0.575146,0.123539,0.287032,0.515452,0.200927,0.241545,-0.014195,0.013585,0.343218,0.294062,0.762506,0.659984,0.049156,0.102522,0.621917,0.212993,0.256094,0.008946,0.059754,0.362748,0.301825,0.776466,0.635721,0.060923,0.140745,0.132056,0.060559,0.07281,0.003633,0.014486,0.363015,0.326086,0.6821,0.667614,0.036929,0.014486,0.093094,0.059583,0.071633,0.007277,0.016362,0.37901,0.342342,0.687499,0.671137,0.036668,0.016362,0.096211,0.052705,0.063367,0.015025,-0.003239,0.371119,0.333934,0.561541,0.553362,0.037185,0.008179,0.074209,0.027114,0.032594,0.016416,-0.002998,0.391924,0.371092,0.571835,0.563678,0.020832,0.008157
Andus - Axe Kick_compressed.mp4,single_athlete_training,58,data\processed\clips\Andus - Axe Kick_compressed\event_058_kick_candidate_right_ankle_t49p09.mp4,0.6012,0.9266,right_ankle,kick_candidate,0.80515,0,0.0,kick,axe_kick,axe_kicks,0.371729,0.131676,0.158322,0.108061,0.038144,0.421167,0.311772,0.693459,0.637869,0.109395,0.05559,0.162357,0.087896,0.10567,0.042095,-0.005731,0.369925,0.300032,0.656434,0.639557,0.069893,0.016877,0.195647,0.083898,0.100871,0.073489,0.007863,0.419068,0.345579,0.638038,0.62057,0.073489,0.017468,0.134975,0.088138,0.105963,0.050681,0.006746,0.391722,0.314323,0.631605,0.620437,0.077399,0.011168,0.944423,0.290835,0.349663,0.130919,0.260584,0.395611,0.264693,0.871965,0.593981,0.130919,0.277984,0.798756,0.446502,0.536794,0.097429,-0.010905,0.414106,0.250998,0.855638,0.615019,0.163108,0.240619,0.342631,0.149957,0.18029,0.073917,0.100426,0.394199,0.305946,0.783248,0.671459,0.088253,0.111789,0.473792,0.318453,0.382875,0.081185,0.00575,0.397329,0.277541,0.775986,0.626729,0.119787,0.149257,0.144448,0.078505,0.094384,0.051453,0.016973,0.398036,0.328496,0.703693,0.679826,0.069539,0.023867,0.19117,0.108126,0.129999,0.053044,0.009277,0.391225,0.313938,0.698671,0.662165,0.077287,0.036506,0.116764,0.052585,0.063222,0.047456,-0.007997,0.406986,0.359529,0.593988,0.573951,0.047456,0.020037,0.150324,0.067523,0.081184,0.049683,-0.008805,0.397433,0.336149,0.582441,0.570721,0.061285,0.01172
Andus - Axe Kick_compressed.mp4,single_athlete_training,60,data\processed\clips\Andus - Axe Kick_compressed\event_060_kick_candidate_right_ankle_t52p30.mp4,0.2004,0.8033,right_ankle,kick_candidate,0.8496,0,0.0,kick,axe_kick,axe_kicks,0.104487,0.069748,0.05591,0.053476,0.00029,0.357322,0.303846,0.677221,0.669598,0.053476,0.007623,0.448858,0.225777,0.180983,0.029241,0.004458,0.367068,0.337828,0.667264,0.578718,0.029241,0.088545,0.091893,0.059924,0.048035,0.047981,0.001777,0.368985,0.321005,0.617098,0.615321,0.047981,0.001777,0.185858,0.092434,0.074095,0.022867,0.000485,0.380887,0.356109,0.62105,0.586446,0.024778,0.034603,1.478756,0.729019,0.584381,0.005136,-0.01136,0.347006,0.234528,0.855911,0.579693,0.112479,0.276218,1.389741,0.411936,0.330208,0.124318,0.271691,0.358813,0.234495,0.855859,0.575975,0.124318,0.279884,0.747133,0.349682,0.280305,-0.017877,-0.020894,0.327077,0.287111,0.771559,0.627266,0.039966,0.144293,0.698904,0.214523,0.171962,0.056965,0.150761,0.359816,0.302851,0.769419,0.616555,0.056965,0.152864,0.089931,0.051054,0.040925,0.035378,0.001818,0.357879,0.322501,0.681135,0.672453,0.035378,0.008682,0.096057,0.059205,0.047458,0.041786,0.003181,0.377882,0.336095,0.686725,0.676051,0.041786,0.010674,0.082296,0.05964,0.047807,0.046459,-0.002287,0.379482,0.333023,0.562482,0.556489,0.046459,0.005993,0.080983,0.046012,0.036883,0.025744,-0.008039,0.390598,0.362263,0.573812,0.5649,0.028335,0.008912
Andus - Axe Kick_compressed.mp4,single_athlete_training,61,data\processed\clips\Andus - Axe Kick_compressed\event_061_kick_candidate_right_ankle_t54p91.mp4,0.4008,0.9423,right_ankle,kick_candidate,0.8658,0,0.0,kick,axe_kick,axe_kicks,0.23558,0.101374,0.101576,0.077536,0.038002,0.385535,0.307991,0.691424,0.642151,0.077544,0.049273,0.092991,0.052223,0.052323,0.014132,-0.020203,0.333294,0.30951,0.675119,0.649997,0.023785,0.025122,0.086686,0.047464,0.047557,0.041979,-0.000389,0.382456,0.338544,0.635016,0.631481,0.043912,0.003535,0.068662,0.028254,0.028309,0.023721,-0.004004,0.351187,0.3268,0.634744,0.629071,0.024387,0.005673,0.915983,0.206141,0.206461,0.064542,0.18701,0.332628,0.268086,0.864956,0.677336,0.064542,0.18762,1.140049,0.478105,0.478947,0.042528,-0.003284,0.363293,0.236389,0.853786,0.641595,0.126904,0.212192,0.600306,0.15812,0.158376,0.018118,0.126594,0.343265,0.317961,0.783994,0.649284,0.025304,0.13471,0.471029,0.236583,0.237009,0.036838,0.028918,0.345055,0.284224,0.774084,0.65392,0.060831,0.120164,0.112894,0.050204,0.050294,0.006723,0.023151,0.358047,0.334156,0.697536,0.673354,0.02389,0.024183,0.11218,0.05312,0.053218,0.016856,0.001693,0.354324,0.321352,0.69217,0.682273,0.032971,0.009896,0.032522,0.021055,0.021096,0.012461,-0.014275,0.37015,0.35761,0.5903,0.576025,0.01254,0.014275,0.060771,0.027114,0.027166,0.020917,-0.004656,0.359373,0.33661,0.58508,0.578434,0.022763,0.006646
Andus - Axe Kick_compressed.mp4,single_athlete_training,62,data\processed\clips\Andus - Axe Kick_compressed\event_062_kick_candidate_right_ankle_t57p71.mp4,0.4007,0.9724,right_ankle,kick_candidate,0.86056,0,0.0,kick,axe_kick,axe_kicks,0.113973,0.066594,0.066721,0.045847,0.002911,0.361981,0.309414,0.674925,0.661406,0.052566,0.013519,0.414717,0.174919,0.175266,0.010726,-0.007463,0.366967,0.347507,0.665622,0.582609,0.01946,0.083014,0.116757,0.063182,0.063304,0.047256,-0.003293,0.376421,0.324041,0.619585,0.610488,0.05238,0.009097,0.203755,0.080384,0.080544,0.008426,-0.002207,0.379052,0.369314,0.62275,0.582033,0.009737,0.040717,1.554068,0.613006,0.614077,-0.006166,-0.010657,0.341786,0.233494,0.859508,0.566118,0.108292,0.29339,1.178782,0.413606,0.414315,0.030012,0.10819,0.353678,0.271966,0.857053,0.611696,0.081712,0.245358,0.794051,0.308573,0.30911,-0.007604,-0.012558,0.332205,0.283124,0.769883,0.617645,0.049081,0.152239,0.570193,0.23288,0.233289,0.024129,0.043727,0.359615,0.315999,0.769699,0.640189,0.043616,0.12951,0.099424,0.046043,0.046132,0.019032,-0.001745,0.355551,0.325897,0.680536,0.670599,0.029654,0.009937,0.074777,0.047507,0.0476,0.016679,0.008537,0.374431,0.342822,0.685236,0.676699,0.03161,0.008537,0.084767,0.049647,0.049742,0.035393,-0.005558,0.379858,0.338489,0.568404,0.560981,0.041369,0.007423,0.051548,0.024338,0.024386,0.013267,-0.00576,0.388616,0.373329,0.576542,0.567638,0.015287,0.008904
Andus - Axe Kick_compressed.mp4,single_athlete_training,66,data\processed\clips\Andus - Axe Kick_compressed\event_066_kick_candidate_right_ankle_t78p35.mp4,0.6011,0.9742,right_ankle,kick_candidate,0.871467,0,0.0,kick,axe_kick,axe_kicks,0.174197,0.069324,0.083344,0.070685,0.005865,0.375098,0.302189,0.676713,0.666786,0.072909,0.009927,0.442264,0.197933,0.237951,0.054582,0.043951,0.400789,0.343357,0.690845,0.589376,0.057432,0.101469,0.143796,0.076109,0.091503,0.081829,0.020901,0.400721,0.31842,0.641247,0.620346,0.0823,0.020901,0.158956,0.083532,0.100423,0.044526,0.001582,0.409216,0.360556,0.643448,0.611772,0.04866,0.031676,0.718553,0.464859,0.558874,0.142333,0.154084,0.438729,0.296396,0.847897,0.681131,0.142333,0.166766,1.506108,0.545276,0.655489,0.028201,-0.010438,0.37089,0.245082,0.859962,0.55738,0.125808,0.302582,0.440405,0.277775,0.333953,0.110197,0.101218,0.417324,0.307127,0.768687,0.66747,0.110197,0.101218,0.727645,0.310665,0.373471,0.055472,0.005534,0.38574,0.300525,0.773705,0.616511,0.085215,0.157195,0.180003,0.082374,0.099036,0.081988,0.01126,0.411522,0.323489,0.698756,0.680898,0.088033,0.017858,0.112149,0.070972,0.085328,0.052129,0.00342,0.401203,0.339919,0.695271,0.67808,0.061284,0.01719,0.165511,0.071757,0.086272,0.079126,0.014976,0.412435,0.333309,0.588329,0.57025,0.079126,0.018079,0.11053,0.045849,0.055123,0.04552,-0.004659,0.411698,0.363432,0.588742,0.579293,0.048266,0.009449
Andus - Axe Kick_compressed.mp4,single_athlete_training,67,data\processed\clips\Andus - Axe Kick_compressed\event_067_kick_candidate_right_ankle_t84p36.mp4,0.6011,0.9392,right_ankle,kick_candidate,0.874283,0,0.0,kick,axe_kick,axe_kicks,0.138755,0.064957,0.078097,0.038227,0.010615,0.365794,0.311559,0.678036,0.663368,0.054235,0.014669,0.119948,0.062368,0.07498,0.005346,-0.000905,0.355971,0.334241,0.67216,0.64932,0.02173,0.02284,0.092818,0.06501,0.07816,0.038654,0.008658,0.378577,0.321323,0.623351,0.613102,0.057254,0.010249,0.059478,0.041908,0.050385,0.000931,0.002116,0.362528,0.346979,0.624656,0.61096,0.015549,0.013696,0.873109,0.393879,0.473513,0.080266,0.066437,0.40838,0.2747,0.840964,0.679375,0.13368,0.161589,1.304177,0.485296,0.583414,0.00249,0.01189,0.349046,0.246373,0.84881,0.573507,0.102673,0.275303,0.357777,0.169171,0.203375,0.038565,0.03905,0.362583,0.301102,0.762091,0.695227,0.061482,0.066864,0.608155,0.237706,0.285785,0.007742,0.017055,0.352838,0.299608,0.763644,0.626076,0.053231,0.137568,0.096903,0.053907,0.064811,0.016112,0.010863,0.363391,0.325524,0.683032,0.671802,0.037867,0.011231,0.108689,0.053901,0.064804,-0.001242,0.003775,0.358596,0.329972,0.683544,0.667645,0.028624,0.015899,0.090161,0.058168,0.069935,0.028461,0.000195,0.380721,0.335171,0.57096,0.559926,0.04555,0.011034,0.066514,0.033209,0.039928,0.004332,-0.004625,0.371873,0.353778,0.575819,0.565053,0.018095,0.010766
Andus - Axe Kick_compressed.mp4,single_athlete_training,71,data\processed\clips\Andus - Axe Kick_compressed\event_071_kick_candidate_right_ankle_t98p99.mp4,0.4008,0.9705,right_ankle,kick_candidate,0.85492,0,0.0,kick,axe_kick,axe_kicks,0.12395,0.063445,0.063569,0.009075,0.036092,0.317205,0.291078,0.685911,0.645177,0.026127,0.040734,0.096384,0.048372,0.048459,-0.012901,0.020383,0.306372,0.287596,0.67579,0.655407,0.018776,0.020383,0.122016,0.035647,0.035717,-0.008553,0.016704,0.337891,0.322427,0.634323,0.615382,0.015464,0.018941,0.079631,0.037199,0.037265,-0.016123,0.00882,0.319911,0.298724,0.634302,0.625482,0.021188,0.00882,0.714452,0.161375,0.161696,0.03378,0.147966,0.325839,0.289837,0.852643,0.700201,0.036002,0.152442,0.973553,0.425549,0.426396,-0.004029,0.038693,0.311001,0.251193,0.845188,0.620789,0.059809,0.224399,0.217631,0.059879,0.059996,-0.003065,0.046941,0.322966,0.314064,0.773293,0.725642,0.008902,0.047651,0.594982,0.271972,0.272511,0.004834,0.026887,0.304756,0.269038,0.76695,0.622576,0.035718,0.144374,0.061813,0.024107,0.024152,-0.01361,0.010258,0.33275,0.31914,0.686278,0.67602,0.01361,0.010258,0.046142,0.029616,0.029671,-0.014034,0.007103,0.315299,0.301265,0.68338,0.669862,0.014034,0.013518,0.076913,0.040809,0.040886,-0.029601,0.001644,0.352738,0.323137,0.587917,0.574326,0.029601,0.013591,0.072202,0.02964,0.029692,-0.024408,-0.003677,0.325262,0.300854,0.579163,0.573582,0.024408,0.005581
Andus - Back Kick_compressed.mp4,single_athlete_training,4,data\processed\clips\Andus - Back Kick_compressed\event_004_kick_candidate_left_ankle_t6p82.mp4,0.6013,0.9777,left_ankle,kick_candidate,0.888167,0,0.0,kick,back_kick,spinning_kicks,0.448663,0.141486,0.170181,-0.038778,0.087341,0.497309,0.45618,0.612791,0.494945,0.041129,0.117847,0.399616,0.204381,0.245784,-0.029681,0.032476,0.554539,0.502782,0.643633,0.515665,0.051756,0.127968,0.317216,0.12749,0.153342,-0.020057,0.056014,0.482759,0.457246,0.551137,0.45844,0.025513,0.092697,0.478836,0.194417,0.233811,-8.2e-05,0.049686,0.562928,0.524168,0.579853,0.449152,0.03876,0.1307,1.324813,0.523426,0.629537,-0.026448,0.097998,0.483322,0.371066,0.843825,0.505088,0.112256,0.338737,0.347848,0.156026,0.187652,0.073273,0.071373,0.535137,0.461864,0.860195,0.75104,0.073273,0.109155,0.720317,0.308416,0.37096,-0.021086,0.087509,0.490217,0.431542,0.737485,0.518008,0.058674,0.219477,0.348004,0.117373,0.14116,0.030866,0.069089,0.520489,0.488314,0.735068,0.63951,0.032174,0.095558,0.204074,0.109009,0.131109,-6.4e-05,0.060537,0.496019,0.481688,0.61999,0.528505,0.014331,0.091484,0.323701,0.100452,0.120807,0.026405,0.064458,0.522432,0.490134,0.628015,0.539669,0.032299,0.088345,0.303365,0.104807,0.126061,-0.018467,0.046578,0.498812,0.46826,0.476004,0.405427,0.030552,0.070577,0.39842,0.118488,0.142488,0.004548,0.07778,0.549645,0.518065,0.502711,0.404985,0.03158,0.097725
Andus - Back Kick_compressed.mp4,single_athlete_training,5,data\processed\clips\Andus - Back Kick_compressed\event_005_kick_candidate_left_ankle_t11p83.mp4,0.4009,0.9825,left_ankle,kick_candidate,0.91242,0,0.0,kick,back_kick,spinning_kicks,0.28449,0.135486,0.135785,-0.030892,0.132008,0.491234,0.460341,0.61701,0.485001,0.030892,0.132008,0.55681,0.150854,0.151212,-0.023493,0.100684,0.558305,0.522693,0.63541,0.514692,0.035612,0.120717,0.184862,0.09113,0.091331,-0.013193,0.081936,0.48278,0.464754,0.546361,0.464425,0.018026,0.081936,0.367775,0.131777,0.132077,-0.016657,0.089814,0.565573,0.530177,0.56921,0.465362,0.035395,0.103848,1.080695,0.560238,0.561467,-0.01957,0.162925,0.494472,0.372576,0.876754,0.542149,0.121896,0.334605,0.382538,0.171862,0.172236,0.058901,0.117908,0.541129,0.482229,0.856844,0.723702,0.058901,0.133142,0.6683,0.316559,0.317219,-0.022197,0.114837,0.505124,0.427357,0.74241,0.545928,0.077767,0.196483,0.249699,0.109194,0.109437,0.011509,0.090648,0.5218,0.508924,0.732013,0.636875,0.012876,0.095137,0.210544,0.085092,0.085283,-0.000631,0.083932,0.48756,0.483675,0.625461,0.541529,0.003885,0.083932,0.233435,0.081724,0.081911,0.009994,0.079757,0.515938,0.505944,0.62683,0.547073,0.009994,0.079757,0.132696,0.083224,0.083403,-0.019888,0.063241,0.499373,0.47201,0.465744,0.402504,0.027362,0.063241,0.312876,0.124464,0.124744,-0.010749,0.082385,0.546126,0.527146,0.495748,0.396951,0.018981,0.098797
Andus - Back Kick_compressed.mp4,single_athlete_training,6,data\processed\clips\Andus - Back Kick_compressed\event_006_kick_candidate_left_ankle_t17p04.mp4,0.6013,0.987,left_ankle,kick_candidate,0.934433,0,0.0,kick,back_kick,spinning_kicks,0.431287,0.162419,0.195334,-0.054333,0.025332,0.532937,0.477742,0.604833,0.502174,0.055194,0.102659,0.260281,0.085253,0.10254,-0.02677,0.073389,0.549544,0.509936,0.600379,0.52699,0.039608,0.073389,0.406444,0.141542,0.170223,-0.042051,-0.000986,0.52544,0.477674,0.541037,0.474334,0.047766,0.066703,0.346851,0.148914,0.179087,0.032155,0.032129,0.556823,0.503743,0.55796,0.468965,0.05308,0.088995,1.136622,0.538503,0.647602,-0.060829,0.056257,0.55227,0.374727,0.84965,0.537769,0.177543,0.311882,0.418086,0.181768,0.218602,0.059164,0.011175,0.526283,0.467118,0.839056,0.737397,0.059164,0.101659,0.653733,0.353519,0.425129,-0.03853,0.01666,0.542446,0.42984,0.726553,0.532573,0.112607,0.193981,0.41968,0.151806,0.18256,0.036517,-0.008207,0.5218,0.485283,0.726444,0.642886,0.036517,0.083558,0.438237,0.141886,0.170631,-0.018223,-0.005087,0.523979,0.482443,0.612157,0.534777,0.041536,0.07738,0.337419,0.131112,0.157678,0.031552,0.007949,0.526631,0.495079,0.618475,0.54366,0.031552,0.074816,0.384552,0.128674,0.15474,-0.039306,-0.015838,0.532149,0.488297,0.475632,0.412261,0.043852,0.063371,0.32542,0.135679,0.16317,0.035096,0.021152,0.542503,0.498482,0.488503,0.40452,0.044021,0.083984
Andus - Back Kick_compressed.mp4,single_athlete_training,7,data\processed\clips\Andus - Back Kick_compressed\event_007_kick_candidate_left_ankle_t22p85.mp4,0.6013,0.9843,left_ankle,kick_candidate,0.922317,0,0.0,kick,back_kick,spinning_kicks,0.365033,0.181611,0.21842,-0.030797,-0.033124,0.550544,0.463845,0.666205,0.589013,0.086698,0.077192,0.764163,0.302218,0.363429,0.027746,-0.037705,0.571261,0.522956,0.652354,0.501111,0.048306,0.151242,0.260321,0.131823,0.158537,-0.019865,-0.015544,0.537822,0.470075,0.582552,0.542913,0.067747,0.039639,0.318393,0.145541,0.175029,0.04544,-0.011102,0.584543,0.526961,0.582144,0.508986,0.057582,0.073157,1.373964,0.547998,0.659007,-0.085756,-0.022069,0.585019,0.35509,0.812906,0.542272,0.229928,0.270634,0.445342,0.252563,0.303769,0.077942,-0.048089,0.567542,0.44103,0.83934,0.754942,0.126512,0.084397,0.692125,0.284542,0.342161,-0.054713,-0.034186,0.566365,0.418232,0.73125,0.603206,0.148132,0.128044,0.392691,0.185996,0.22369,0.050069,-0.058455,0.56259,0.484132,0.751543,0.673214,0.078458,0.078329,0.289198,0.127832,0.153722,-0.032101,-0.039279,0.553818,0.475039,0.645675,0.600594,0.078778,0.045081,0.222077,0.102245,0.122961,0.016032,-0.035237,0.552108,0.504585,0.646256,0.606056,0.047523,0.040201,0.25594,0.120059,0.144387,-0.035161,-0.016082,0.559763,0.492651,0.535042,0.479734,0.067112,0.055307,0.18455,0.102476,0.123247,0.027971,-0.004975,0.573838,0.531152,0.53736,0.482418,0.042685,0.054942
Andus - Back Kick_compressed.mp4,single_athlete_training,9,data\processed\clips\Andus - Back Kick_compressed\event_009_kick_candidate_left_ankle_t30p07.mp4,0.6013,0.9869,left_ankle,kick_candidate,0.936283,0,0.0,kick,back_kick,spinning_kicks,0.277886,0.113566,0.136564,-0.006512,0.099431,0.496954,0.469575,0.606367,0.497397,0.027378,0.10897,0.406191,0.12887,0.15497,-0.005423,0.072342,0.564508,0.526303,0.636299,0.539218,0.038205,0.097081,0.129004,0.06773,0.081454,0.011532,0.061509,0.493229,0.472152,0.534527,0.468469,0.021077,0.066059,0.48024,0.121205,0.145754,0.014256,0.075662,0.564803,0.541238,0.574566,0.478709,0.023565,0.095858,1.558636,0.597338,0.718415,-0.022073,0.069529,0.51942,0.367187,0.832019,0.48778,0.152233,0.344239,0.405222,0.175788,0.211395,0.09021,0.007927,0.571598,0.481388,0.857063,0.768499,0.09021,0.088565,0.874088,0.348597,0.419255,-0.020823,0.057747,0.522941,0.424355,0.719556,0.514422,0.098586,0.205134,0.285557,0.128234,0.154209,0.052605,0.022328,0.555766,0.503161,0.731948,0.659276,0.052605,0.072672,0.216507,0.1121,0.134819,0.003291,0.035568,0.508816,0.47672,0.611873,0.537015,0.032096,0.074858,0.279864,0.093372,0.112281,0.019719,0.043686,0.539135,0.505291,0.623111,0.558154,0.033844,0.064956,0.086456,0.057958,0.069704,-0.009112,0.041852,0.506935,0.489292,0.46903,0.419718,0.017643,0.049312,0.390654,0.088931,0.10694,0.013368,0.0721,0.552678,0.533524,0.499491,0.416075,0.019155,0.083416
Andus - Back Kick_compressed.mp4,single_athlete_training,11,data\processed\clips\Andus - Back Kick_compressed\event_011_kick_candidate_left_ankle_t37p68.mp4,0.6013,0.9835,left_ankle,kick_candidate,0.919083,0,0.0,kick,back_kick,spinning_kicks,0.437872,0.226581,0.27249,0.072425,-0.005305,0.629585,0.495868,0.670694,0.602594,0.133717,0.0681,0.328054,0.160052,0.192512,0.025174,-0.100217,0.617487,0.581232,0.660975,0.534718,0.036255,0.126257,0.361521,0.169235,0.203526,0.10734,-0.014692,0.64615,0.495679,0.586128,0.552042,0.150471,0.034086,0.309219,0.085631,0.102995,-0.001235,-0.06428,0.611736,0.582062,0.583795,0.515491,0.029674,0.068303,1.017391,0.434725,0.522822,0.087872,0.025611,0.62161,0.401893,0.817556,0.626916,0.219716,0.190639,1.592547,0.619259,0.744643,0.062371,-0.036322,0.566469,0.408412,0.849964,0.532906,0.158056,0.317058,0.496582,0.266532,0.320534,0.078213,0.008134,0.630723,0.468064,0.709799,0.623966,0.162659,0.085833,0.862338,0.341448,0.410598,0.044997,-0.039676,0.575333,0.50012,0.749405,0.579255,0.075213,0.17015,0.262346,0.151027,0.18163,0.067988,-0.022435,0.620891,0.505492,0.647383,0.616725,0.115399,0.030657,0.230434,0.11313,0.136053,0.022408,-0.036941,0.586977,0.530819,0.653487,0.612946,0.056158,0.040541,0.308036,0.14783,0.17779,0.09371,-0.025706,0.64289,0.514573,0.523786,0.47776,0.128318,0.046026,0.188421,0.088074,0.105929,0.023014,-0.040743,0.603597,0.570568,0.521336,0.457045,0.033029,0.064291
Andus - Back Kick_compressed.mp4,single_athlete_training,13,data\processed\clips\Andus - Back Kick_compressed\event_013_kick_candidate_left_ankle_t44p70.mp4,0.6013,0.9791,left_ankle,kick_candidate,0.898317,0,0.0,kick,back_kick,spinning_kicks,0.234886,0.105622,0.127038,0.044136,-0.043779,0.594466,0.530461,0.664137,0.60603,0.064005,0.058107,0.217989,0.130815,0.157327,-0.051583,-0.071021,0.613879,0.548733,0.649203,0.565945,0.065146,0.083258,0.266232,0.118285,0.142261,0.074388,-0.036773,0.608938,0.516837,0.596863,0.547375,0.092101,0.049488,0.229827,0.088988,0.10702,-0.061679,-0.050528,0.603779,0.540968,0.572819,0.515462,0.062812,0.057357,0.833983,0.376744,0.453045,0.043465,-0.013139,0.578339,0.417009,0.810231,0.651559,0.16133,0.158673,1.292651,0.517485,0.622384,0.028673,-0.061431,0.547789,0.42237,0.858882,0.600562,0.125419,0.25832,0.491879,0.194259,0.233599,0.02063,-0.051439,0.575893,0.501536,0.73942,0.62216,0.074358,0.11726,0.632235,0.224361,0.269822,-0.015657,-0.044317,0.558202,0.502483,0.753639,0.639849,0.055719,0.113791,0.187184,0.120949,0.145459,0.013621,-0.038817,0.57917,0.509556,0.651484,0.607997,0.069614,0.043488,0.173043,0.078309,0.09418,-0.035078,-0.044229,0.590431,0.535213,0.650526,0.606296,0.055218,0.044229,0.242856,0.1195,0.143721,0.044912,-0.01129,0.603951,0.527932,0.530127,0.484963,0.076019,0.045164,0.153201,0.078636,0.094568,-0.031098,-0.032859,0.588799,0.557701,0.518289,0.460631,0.031098,0.057658
Andus - Back Kick_compressed.mp4,single_athlete_training,14,data\processed\clips\Andus - Back Kick_compressed\event_014_kick_candidate_left_ankle_t56p93.mp4,0.6014,0.9845,left_ankle,kick_candidate,0.924833,0,0.0,kick,back_kick,spinning_kicks,0.330158,0.144099,0.173279,0.042009,0.006143,0.608276,0.508959,0.632928,0.60941,0.099318,0.023519,0.280841,0.126642,0.152294,0.007721,-0.019725,0.610973,0.584342,0.648256,0.571567,0.026631,0.076689,0.232924,0.120217,0.144567,0.047433,0.005383,0.596496,0.503596,0.565829,0.554585,0.0929,0.011244,0.314722,0.105312,0.126634,0.007899,-0.036218,0.599598,0.555612,0.579199,0.517255,0.043986,0.061944,1.531315,0.569013,0.684278,-0.009241,-0.026968,0.585408,0.376334,0.822263,0.537895,0.209074,0.284368,0.501003,0.187154,0.225081,-0.003332,-0.012847,0.549099,0.500705,0.851566,0.756189,0.048395,0.095377,0.879094,0.352253,0.423596,0.017953,-0.03708,0.595786,0.437202,0.734546,0.580433,0.158584,0.154113,0.477571,0.174489,0.209848,0.00936,-0.040944,0.584165,0.514996,0.759907,0.678785,0.069169,0.081122,0.270613,0.128931,0.155047,0.025408,-0.013743,0.583904,0.496718,0.639195,0.613749,0.087187,0.025446,0.138234,0.074169,0.089202,0.023527,-0.020005,0.560062,0.518807,0.646042,0.626037,0.041255,0.020005,0.273844,0.121239,0.145793,0.044949,0.011767,0.609145,0.519564,0.507201,0.484166,0.089581,0.023034,0.15719,0.072792,0.087537,0.026556,-0.006353,0.593473,0.561306,0.515992,0.474129,0.032168,0.041863
Andus - Back Kick_compressed.mp4,single_athlete_training,16,data\processed\clips\Andus - Back Kick_compressed\event_016_kick_candidate_left_ankle_t63p14.mp4,0.6013,0.9788,left_ankle,kick_candidate,0.9111,0,0.0,kick,back_kick,spinning_kicks,0.418322,0.223284,0.268522,0.054791,-0.04856,0.61972,0.504396,0.665377,0.569838,0.115323,0.095539,0.280129,0.137548,0.16543,0.006544,-0.084987,0.610543,0.594317,0.667412,0.546246,0.016226,0.121165,0.394379,0.167095,0.200956,0.07552,-0.023681,0.621184,0.502028,0.59415,0.543259,0.119157,0.05089,0.331032,0.104991,0.126283,-0.025981,-0.061188,0.600235,0.562759,0.589693,0.504048,0.037475,0.085645,0.984057,0.49789,0.598719,0.032335,-0.037135,0.581209,0.385258,0.822357,0.574885,0.195952,0.247472,1.241279,0.455582,0.547926,0.012238,-0.030004,0.530641,0.419945,0.848839,0.61353,0.110697,0.235309,0.464609,0.282695,0.339969,0.037289,-0.063554,0.59736,0.446568,0.734925,0.603136,0.150792,0.131789,0.544387,0.212638,0.255733,0.018665,-0.048041,0.55843,0.490878,0.747634,0.650106,0.067553,0.097528,0.34621,0.134665,0.16197,0.038007,-0.038061,0.589352,0.504138,0.64461,0.60655,0.085214,0.038061,0.203776,0.081002,0.097423,0.001972,-0.048917,0.56403,0.535626,0.646357,0.59744,0.028404,0.048917,0.407723,0.141561,0.170256,0.060073,-0.015342,0.61763,0.517433,0.539486,0.486285,0.100198,0.053201,0.248136,0.110886,0.133359,0.000125,-0.047068,0.591386,0.573745,0.53903,0.452529,0.01764,0.086501
Andus - Back Kick_compressed.mp4,single_athlete_training,18,data\processed\clips\Andus - Back Kick_compressed\event_018_kick_candidate_left_ankle_t71p36.mp4,0.6013,0.9743,left_ankle,kick_candidate,0.876883,0,0.0,kick,back_kick,spinning_kicks,0.211317,0.131305,0.157921,0.032779,-0.025865,0.610679,0.535209,0.657689,0.59719,0.07547,0.060499,0.232517,0.123319,0.148313,-0.034887,-0.104112,0.599011,0.564125,0.668676,0.564565,0.034887,0.104112,0.239181,0.129245,0.155432,0.061681,-0.033541,0.61473,0.525238,0.609206,0.553552,0.089492,0.055654,0.190352,0.113538,0.136541,-0.052008,-0.109704,0.600849,0.547748,0.629491,0.519788,0.053101,0.109704,1.097928,0.490774,0.590174,0.002725,0.018614,0.574088,0.394568,0.792702,0.589525,0.17952,0.203177,0.992076,0.350413,0.421447,0.007151,-0.007729,0.531334,0.508613,0.841615,0.641037,0.022721,0.200578,0.652983,0.294235,0.353832,0.011835,-0.009786,0.589921,0.444437,0.722927,0.620707,0.145484,0.10222,0.703971,0.207798,0.249937,0.006304,-0.051203,0.550191,0.525735,0.763665,0.622588,0.024457,0.141078,0.235895,0.138672,0.166779,0.016362,-0.051395,0.58039,0.50132,0.668601,0.610546,0.079069,0.058055,0.162291,0.088093,0.105938,-0.014115,-0.069137,0.571917,0.532984,0.68533,0.616193,0.038933,0.069137,0.183897,0.107307,0.12906,0.040009,-0.017492,0.611062,0.531493,0.536817,0.509297,0.079569,0.02752,0.168,0.09159,0.110155,-0.034193,-0.0568,0.601651,0.567457,0.547063,0.470781,0.034193,0.076282
Andus - Back Kick_compressed.mp4,single_athlete_training,20,data\processed\clips\Andus - Back Kick_compressed\event_020_kick_candidate_left_ankle_t80p18.mp4,0.4009,0.9821,left_ankle,kick_candidate,0.91372,0,0.0,kick,back_kick,spinning_kicks,0.486947,0.265842,0.266436,-0.071966,0.018854,0.581237,0.503464,0.582288,0.500697,0.077773,0.081591,0.453178,0.219868,0.220368,-0.044702,0.098948,0.604872,0.517455,0.6009,0.487819,0.087416,0.113081,0.474974,0.285924,0.286549,-0.066199,-0.007285,0.6001,0.5032,0.525103,0.46489,0.0969,0.060213,0.560208,0.299867,0.300519,0.019537,0.037153,0.613031,0.525843,0.563851,0.448469,0.087188,0.115382,1.079417,0.538813,0.540012,-0.125173,0.037959,0.633874,0.473481,0.878142,0.641735,0.160393,0.236408,1.62677,0.634681,0.636076,0.031271,0.034221,0.558599,0.527328,0.887012,0.559035,0.031271,0.327977,0.757481,0.380793,0.381637,-0.098707,0.023553,0.616943,0.490703,0.74615,0.582437,0.126241,0.163713,1.110727,0.467786,0.468807,0.016043,0.0125,0.558376,0.509242,0.756562,0.526777,0.049135,0.229785,0.456223,0.193095,0.19351,-0.058885,-0.006425,0.587029,0.521865,0.621573,0.545133,0.065164,0.07644,0.375573,0.178115,0.178498,-0.003593,0.00569,0.558648,0.533565,0.632755,0.551855,0.025083,0.080899,0.342389,0.154382,0.154718,-0.05872,-0.001176,0.583145,0.524425,0.453236,0.405364,0.05872,0.047872,0.408757,0.216548,0.217017,0.023323,0.028955,0.595416,0.545802,0.487487,0.391284,0.049614,0.096203
Andus - Back Kick_compressed.mp4,single_athlete_training,22,data\processed\clips\Andus - Back Kick_compressed\event_022_kick_candidate_left_ankle_t98p02.mp4,0.6013,0.982,left_ankle,kick_candidate,0.925833,0,0.0,kick,back_kick,spinning_kicks,0.325197,0.158889,0.191066,-0.009473,0.044006,0.512143,0.47026,0.609423,0.503274,0.041883,0.106149,0.636265,0.173868,0.209082,0.034784,0.064323,0.572968,0.535721,0.650446,0.524702,0.037246,0.125744,0.200617,0.098935,0.118976,0.009553,0.03196,0.504122,0.471311,0.529874,0.467147,0.032811,0.062727,0.441555,0.13228,0.159067,0.074197,0.072525,0.583021,0.508825,0.568539,0.476183,0.074197,0.092356,1.024073,0.438227,0.527028,-0.026254,0.103543,0.535343,0.380685,0.87201,0.602995,0.154657,0.269016,0.873212,0.36676,0.441046,0.103872,0.040694,0.585389,0.441974,0.89797,0.705189,0.143415,0.192782,0.42216,0.218563,0.26285,-0.029746,0.067639,0.544125,0.434662,0.741473,0.629786,0.109462,0.111687,0.394611,0.179162,0.215459,0.079418,0.036521,0.572481,0.493063,0.758963,0.66056,0.079418,0.098404,0.199399,0.100347,0.12067,0.005876,0.036502,0.517518,0.47401,0.610713,0.553746,0.043508,0.056967,0.223097,0.108754,0.13079,0.055662,0.048489,0.557713,0.499002,0.62508,0.557932,0.058711,0.067147,0.132365,0.060739,0.073055,0.010936,0.038023,0.515589,0.489817,0.443542,0.399478,0.025773,0.044064,0.40316,0.107396,0.129146,0.05955,0.070064,0.57657,0.51702,0.484963,0.40038,0.05955,0.084583
Andus - Back Kick_compressed.mp4,single_athlete_training,23,data\processed\clips\Andus - Back Kick_compressed\event_023_kick_candidate_left_ankle_t100p82.mp4,0.2005,0.6651,left_ankle,kick_candidate,0.870025,0,0.0,kick,back_kick,spinning_kicks,0.289035,0.147538,0.118279,0.002494,0.045122,0.517628,0.504962,0.5876,0.507208,0.012666,0.080392,0.274609,0.195035,0.156365,-0.078818,0.042876,0.536465,0.457647,0.573112,0.48442,0.078818,0.088692,0.252225,0.157319,0.12612,0.040832,0.027607,0.527075,0.484396,0.551058,0.480695,0.042679,0.070363,0.364625,0.149642,0.119973,-0.083572,-0.0076,0.542001,0.458429,0.508836,0.464704,0.083572,0.044132,0.883252,0.380382,0.304934,-0.002119,-0.056521,0.484377,0.459589,0.793827,0.618465,0.024787,0.175362,0.877627,0.46901,0.376046,-0.123972,-0.019521,0.544859,0.414597,0.752848,0.576897,0.130262,0.175951,0.351929,0.190491,0.152719,0.000597,0.011523,0.492426,0.489432,0.699529,0.617482,0.002994,0.082047,0.356606,0.212833,0.170642,-0.097047,-0.04236,0.532739,0.435692,0.672087,0.583198,0.097047,0.088889,0.249927,0.140265,0.112455,-0.008943,0.011214,0.498225,0.489271,0.605938,0.544639,0.008954,0.061299,0.289238,0.133036,0.106657,-0.058668,-0.003664,0.517464,0.458796,0.589387,0.543523,0.058668,0.045865,0.193361,0.131779,0.105648,0.037688,0.036541,0.522946,0.485258,0.495481,0.430462,0.037688,0.065018,0.265127,0.12364,0.099126,-0.0499,-0.000842,0.522338,0.472438,0.460124,0.417228,0.0499,0.042896
Andus - Back Kick_compressed.mp4,single_athlete_training,24,data\processed\clips\Andus - Back Kick_compressed\event_024_kick_candidate_left_ankle_t104p03.mp4,0.8018,0.9668,left_ankle,kick_candidate,0.8402,0,0.0,kick,back_kick,spinning_kicks,0.691638,0.252799,0.354655,0.130606,-0.10287,0.577443,0.384488,0.653501,0.515243,0.192955,0.138258,0.407731,0.260873,0.366017,0.091457,-0.130275,0.52536,0.380373,0.715596,0.522861,0.144987,0.192735,0.778256,0.2504,0.351278,0.208499,-0.074784,0.64906,0.377625,0.582655,0.507871,0.271435,0.074784,0.317835,0.184646,0.259063,0.137653,-0.079102,0.531807,0.363515,0.591009,0.492661,0.168292,0.098348,1.090624,0.525113,0.736822,0.10935,-0.004803,0.605371,0.367628,0.988168,0.769042,0.237742,0.219126,1.427085,0.534456,0.749865,0.142401,-0.051389,0.533777,0.358369,0.987856,0.702035,0.175408,0.285821,0.882517,0.428636,0.601425,0.1128,-0.009906,0.594249,0.393494,0.851007,0.65375,0.200755,0.197257,1.119107,0.413321,0.579904,0.149444,-0.032622,0.526076,0.376632,0.840342,0.618144,0.149444,0.222198,0.462974,0.191816,0.269101,0.150605,-0.042486,0.591684,0.39139,0.690958,0.648472,0.200294,0.042486,0.401521,0.215307,0.302077,0.143766,-0.056539,0.54509,0.367285,0.694332,0.637793,0.177805,0.056539,0.71,0.227154,0.318663,0.178729,-0.066795,0.629753,0.408393,0.460288,0.384219,0.22136,0.076069,0.280658,0.176081,0.247054,0.140995,-0.058887,0.552756,0.37511,0.473121,0.396514,0.177646,0.076607
Andus - Back Kick_compressed.mp4,single_athlete_training,26,data\processed\clips\Andus - Back Kick_compressed\event_026_kick_candidate_left_ankle_t107p84.mp4,0.4008,0.8768,left_ankle,kick_candidate,0.81876,0,0.0,kick,back_kick,spinning_kicks,0.165201,0.079891,0.080082,0.026291,-0.002917,0.500571,0.47428,0.580616,0.547235,0.026291,0.033381,0.117857,0.068111,0.068265,-0.004113,0.027025,0.508687,0.480192,0.584558,0.556635,0.028495,0.027923,0.16735,0.067895,0.068061,0.022733,-0.008535,0.493529,0.45984,0.55323,0.524928,0.03369,0.028302,0.244708,0.097863,0.0981,-0.019704,-0.009747,0.516646,0.460081,0.559517,0.54063,0.056565,0.018887,1.001742,0.398714,0.399617,-0.03282,0.005103,0.467703,0.408337,0.803718,0.60674,0.059367,0.196978,0.629605,0.404493,0.405384,-0.010331,0.02052,0.521896,0.384046,0.792706,0.679493,0.13785,0.113213,0.245692,0.111725,0.111979,-0.005817,0.000743,0.461508,0.451192,0.702627,0.652672,0.010315,0.049955,0.313631,0.161174,0.161549,-0.018644,-0.013318,0.510001,0.424302,0.695097,0.673786,0.085699,0.021311,0.095291,0.039009,0.039098,-0.004652,-0.003265,0.470454,0.46164,0.611726,0.592719,0.008814,0.019007,0.296989,0.108317,0.108581,-0.014996,-0.017097,0.500076,0.445902,0.619619,0.587136,0.054173,0.032483,0.1773,0.080098,0.080288,0.009182,-0.017431,0.499603,0.47366,0.513594,0.471637,0.025943,0.041956,0.223979,0.076239,0.076426,-0.010091,-0.022025,0.514577,0.474108,0.512977,0.489891,0.040468,0.023086
Andus - Back Kick_compressed.mp4,single_athlete_training,27,data\processed\clips\Andus - Back Kick_compressed\event_027_kick_candidate_left_ankle_t111p45.mp4,0.4009,0.9386,left_ankle,kick_candidate,0.86002,0,0.0,kick,back_kick,spinning_kicks,0.348438,0.195742,0.19618,-0.057563,0.083495,0.546275,0.438128,0.598342,0.514848,0.108147,0.083495,0.669127,0.367682,0.368477,0.069553,0.12935,0.557362,0.463723,0.705358,0.538273,0.093639,0.167085,0.344387,0.179591,0.179979,-0.11671,-0.056871,0.595011,0.454188,0.593862,0.53699,0.140823,0.056871,0.225123,0.131763,0.132056,0.040893,0.033886,0.521461,0.47483,0.595184,0.550691,0.046631,0.044493,0.932716,0.521116,0.522269,-0.207243,-0.172282,0.635913,0.42867,0.999277,0.682687,0.207243,0.316589,0.106528,0.051682,0.051798,-0.026707,-0.008199,0.475371,0.445231,0.965294,0.945713,0.03014,0.019581,1.38889,0.543019,0.544269,-0.136317,-0.140119,0.596457,0.46014,0.862288,0.539187,0.136317,0.323101,0.124354,0.069128,0.069284,-0.023467,-0.022155,0.489435,0.456845,0.82935,0.792958,0.03259,0.036392,0.25057,0.154724,0.155062,-0.129057,-0.054916,0.584023,0.454966,0.698092,0.643176,0.129057,0.054916,0.162646,0.07451,0.074678,-0.06616,-0.019288,0.539388,0.473228,0.693449,0.67416,0.06616,0.019288,0.253338,0.112672,0.112912,-0.094658,-0.020316,0.589495,0.491837,0.468251,0.447935,0.097657,0.020316,0.185779,0.085001,0.085192,0.012703,0.0255,0.533445,0.501359,0.502827,0.461171,0.032086,0.041656
Andus - Back Kick_compressed.mp4,single_athlete_training,43,data\processed\clips\Andus - Back Kick_compressed\event_043_kick_candidate_right_ankle_t4p41.mp4,0.4009,0.9441,right_ankle,kick_candidate,0.7714,0,0.0,kick,back_kick,spinning_kicks,0.289946,0.161292,0.161642,0.041887,0.097424,0.545899,0.504013,0.608919,0.493889,0.041887,0.11503,0.260399,0.112637,0.112888,-0.032389,0.104763,0.504688,0.469681,0.585695,0.480932,0.035007,0.104763,0.411773,0.150183,0.150525,0.047773,0.077329,0.548067,0.500294,0.567728,0.468285,0.047773,0.099443,0.305117,0.081914,0.082108,0.002601,0.074843,0.478906,0.467169,0.531904,0.457061,0.011737,0.074843,0.307945,0.106539,0.106757,0.04712,0.076414,0.509883,0.459312,0.795761,0.719348,0.050571,0.076414,1.15524,0.544713,0.545891,-0.011867,0.073851,0.486681,0.40658,0.811032,0.51997,0.080101,0.291062,0.366792,0.113608,0.113871,0.024164,0.09626,0.516672,0.492508,0.727381,0.625956,0.024164,0.101425,0.371824,0.242077,0.242598,-0.009505,0.091357,0.489121,0.43253,0.711916,0.559258,0.056591,0.152658,0.348027,0.118004,0.118275,0.036042,0.087713,0.521401,0.485359,0.628343,0.534737,0.036042,0.093606,0.281621,0.086012,0.086213,0.021166,0.074449,0.489932,0.468766,0.602839,0.52839,0.021166,0.074449,0.359478,0.127172,0.127462,0.038848,0.064352,0.540415,0.500389,0.494867,0.408676,0.040026,0.086192,0.316122,0.101226,0.10146,0.00499,0.069524,0.492388,0.480856,0.48035,0.397501,0.011532,0.082849
Andus - Back Kick_compressed.mp4,single_athlete_training,44,data\processed\clips\Andus - Back Kick_compressed\event_044_kick_candidate_right_ankle_t8p62.mp4,0.6013,0.9759,right_ankle,kick_candidate,0.880967,0,0.0,kick,back_kick,spinning_kicks,0.519136,0.18706,0.224944,0.026472,0.076459,0.512728,0.477575,0.628075,0.486136,0.035152,0.14194,0.306419,0.143613,0.172706,-0.06733,0.085769,0.506844,0.436533,0.60765,0.487077,0.070311,0.120573,0.367982,0.180935,0.217585,0.047753,0.036751,0.530329,0.463008,0.567236,0.453095,0.067321,0.114141,0.26312,0.118679,0.14272,-0.055007,0.056271,0.50042,0.443148,0.548553,0.461825,0.057271,0.086727,0.454163,0.178332,0.214474,0.091233,0.00084,0.532764,0.441531,0.820203,0.739497,0.091233,0.080705,1.557129,0.54769,0.65859,-0.059492,0.053508,0.504454,0.353178,0.835034,0.508597,0.151276,0.326437,0.419887,0.171027,0.205669,0.06231,0.015823,0.515459,0.45315,0.732608,0.635809,0.06231,0.096798,0.900587,0.324076,0.389684,-0.053108,0.042628,0.504772,0.40486,0.731192,0.538265,0.099912,0.192927,0.33939,0.122942,0.147835,0.032284,0.023063,0.49272,0.460436,0.621617,0.541279,0.032284,0.080339,0.378469,0.14596,0.175527,-0.020656,0.02584,0.481347,0.456379,0.619064,0.521606,0.024968,0.097457,0.263465,0.130418,0.156834,0.038004,0.036844,0.520079,0.470163,0.490899,0.405207,0.049917,0.085692,0.259281,0.119398,0.143577,-0.041976,0.03367,0.492808,0.450832,0.475252,0.395905,0.041976,0.079347
Andus - Back Kick_compressed.mp4,single_athlete_training,45,data\processed\clips\Andus - Back Kick_compressed\event_045_kick_candidate_right_ankle_t13p63.mp4,0.4008,0.9772,right_ankle,kick_candidate,0.88788,0,0.0,kick,back_kick,spinning_kicks,0.391267,0.164712,0.165078,0.025478,0.088457,0.536749,0.504727,0.606074,0.493467,0.032023,0.112607,0.335923,0.13935,0.139656,-0.06147,0.123481,0.528115,0.466645,0.604115,0.480634,0.06147,0.123481,0.441935,0.141228,0.141533,0.042541,0.057249,0.544609,0.491707,0.557827,0.4716,0.052902,0.086227,0.250111,0.085801,0.085989,-0.027875,0.073303,0.496216,0.468341,0.542057,0.468754,0.027875,0.073303,0.289433,0.12456,0.124837,0.030908,0.054049,0.524108,0.47345,0.805209,0.739433,0.050659,0.065775,1.056692,0.515893,0.51704,-0.008175,0.103636,0.47504,0.370768,0.816599,0.528532,0.104272,0.288067,0.345222,0.108273,0.108504,0.030986,0.073216,0.52016,0.489174,0.719828,0.639164,0.030986,0.080664,0.64369,0.325494,0.326218,-0.024247,0.080807,0.500305,0.428421,0.716911,0.528916,0.071884,0.187995,0.268608,0.071304,0.071452,0.020738,0.062386,0.515146,0.494408,0.617989,0.555602,0.020738,0.062386,0.202091,0.091298,0.091498,-0.005538,0.060581,0.490066,0.4783,0.613289,0.539451,0.011767,0.073838,0.363832,0.119529,0.119786,0.027603,0.058964,0.538641,0.499744,0.490927,0.415522,0.038897,0.075405,0.240521,0.075739,0.075902,-0.024494,0.066548,0.497913,0.473418,0.473099,0.406552,0.024494,0.066548
Andus - Back Kick_compressed.mp4,single_athlete_training,46,data\processed\clips\Andus - Back Kick_compressed\event_046_kick_candidate_right_ankle_t19p24.mp4,0.6013,0.9788,right_ankle,kick_candidate,0.893967,0,0.0,kick,back_kick,spinning_kicks,0.409202,0.147764,0.177733,0.089742,0.111964,0.593198,0.503456,0.615963,0.503999,0.089742,0.111964,0.289605,0.128407,0.154439,-0.012852,0.115968,0.525456,0.476822,0.607687,0.491719,0.048635,0.115968,0.443219,0.170579,0.205165,0.129239,0.068212,0.594861,0.465622,0.566496,0.479781,0.129239,0.086715,0.217622,0.108387,0.130358,0.008941,0.081756,0.50513,0.469483,0.54651,0.464754,0.035647,0.081756,0.52381,0.220626,0.265364,0.142135,0.093127,0.611901,0.469765,0.815623,0.722495,0.142135,0.093127,1.282141,0.53139,0.639036,0.020946,0.119928,0.503466,0.363055,0.848598,0.501191,0.140411,0.347407,0.351089,0.159637,0.192014,0.107157,0.085447,0.592652,0.485495,0.749221,0.645577,0.107157,0.103644,0.689911,0.312631,0.375963,0.013902,0.097263,0.516774,0.423226,0.73948,0.529205,0.093548,0.210275,0.27787,0.105438,0.126821,0.068925,0.071703,0.56577,0.496844,0.629326,0.557623,0.068925,0.071703,0.207427,0.116019,0.139541,0.040792,0.074748,0.526976,0.474281,0.628182,0.537803,0.052696,0.09038,0.330783,0.134102,0.16129,0.09477,0.052951,0.582235,0.487465,0.498958,0.423483,0.09477,0.075475,0.176958,0.073218,0.088065,0.021107,0.063758,0.517818,0.487529,0.477871,0.414113,0.030289,0.063758
Andus - Back Kick_compressed.mp4,single_athlete_training,47,data\processed\clips\Andus - Back Kick_compressed\event_047_kick_candidate_right_ankle_t37p68.mp4,0.4009,0.9845,right_ankle,kick_candidate,0.92074,0,0.0,kick,back_kick,spinning_kicks,0.437872,0.216933,0.217388,0.023787,0.02059,0.580947,0.495868,0.670694,0.605874,0.085079,0.06482,0.328054,0.126512,0.126798,0.036255,-0.035443,0.617487,0.581232,0.660975,0.596398,0.036255,0.064577,0.257465,0.130777,0.131041,0.040032,0.012211,0.578843,0.495679,0.586128,0.566734,0.083163,0.019395,0.084409,0.040913,0.040996,0.028439,-0.009844,0.611736,0.583297,0.583795,0.569927,0.028439,0.013868,1.017391,0.508241,0.50936,0.074692,0.028352,0.60843,0.401893,0.817556,0.626916,0.206536,0.190639,1.592547,0.668311,0.669657,-0.007371,-0.008771,0.504098,0.408412,0.849964,0.532906,0.095686,0.317058,0.496582,0.306977,0.30764,0.066744,0.002243,0.619254,0.468064,0.703908,0.623966,0.15119,0.079942,0.862338,0.36596,0.366711,0.017626,-0.00537,0.547962,0.50012,0.749405,0.579255,0.047843,0.17015,0.262346,0.139063,0.139355,0.028505,-0.007325,0.581409,0.505492,0.647383,0.616725,0.075917,0.030657,0.230434,0.1039,0.104117,0.003657,-0.01109,0.568226,0.530819,0.653487,0.612946,0.037407,0.040541,0.20026,0.115788,0.116029,0.035068,-0.006328,0.584248,0.514573,0.523786,0.497138,0.069675,0.026648,0.118445,0.068005,0.068151,0.030038,-0.003624,0.603597,0.570568,0.521336,0.494165,0.033029,0.027171
Andus - Back Kick_compressed.mp4,single_athlete_training,48,data\processed\clips\Andus - Back Kick_compressed\event_048_kick_candidate_right_ankle_t41p69.mp4,0.4008,0.9719,right_ankle,kick_candidate,0.8571,0,0.0,kick,back_kick,spinning_kicks,0.134321,0.074509,0.074676,0.010498,-0.001589,0.565041,0.540783,0.632589,0.608103,0.024258,0.024487,0.09896,0.066135,0.066287,0.004063,0.00243,0.555799,0.526124,0.596787,0.580782,0.029675,0.016004,0.110555,0.062424,0.062563,-0.01274,-0.013215,0.553209,0.540468,0.587802,0.552835,0.01274,0.034967,0.111841,0.071801,0.071963,0.006527,-0.026685,0.522782,0.493142,0.569542,0.534213,0.02964,0.035329,0.563046,0.189047,0.189498,-0.007794,0.142329,0.52135,0.473818,0.843837,0.698831,0.047532,0.145007,1.47024,0.639138,0.640566,0.019719,0.042178,0.504459,0.369885,0.888694,0.575029,0.134574,0.313666,0.455404,0.167223,0.167626,0.011713,0.110924,0.544335,0.484196,0.739445,0.628521,0.060139,0.110924,0.572156,0.2745,0.275117,0.029052,0.035367,0.525427,0.436218,0.761396,0.62835,0.08921,0.133046,0.135159,0.076209,0.076387,-0.012131,-0.002144,0.542929,0.504335,0.648541,0.632097,0.038594,0.016445,0.101228,0.07964,0.07982,0.001127,-0.001027,0.516589,0.478529,0.620238,0.608879,0.038061,0.011359,0.145769,0.069414,0.069566,-0.010215,-0.040299,0.559896,0.543239,0.519009,0.467031,0.016657,0.051979,0.136112,0.064495,0.064634,0.000399,-0.046899,0.526506,0.511859,0.499181,0.448835,0.014647,0.050345
Andus - Back Kick_compressed.mp4,single_athlete_training,49,data\processed\clips\Andus - Back Kick_compressed\event_049_kick_candidate_right_ankle_t44p70.mp4,0.4009,0.9798,right_ankle,kick_candidate,0.89858,0,0.0,kick,back_kick,spinning_kicks,0.142774,0.07977,0.079943,-0.000843,-0.029822,0.55033,0.530461,0.664137,0.619986,0.019869,0.04415,0.208933,0.113381,0.113621,-0.013727,-0.049176,0.613879,0.586589,0.649203,0.58779,0.02729,0.061413,0.190479,0.088696,0.088881,0.02496,-0.016617,0.55951,0.516837,0.596863,0.56753,0.042673,0.029333,0.229827,0.080915,0.081084,-0.040178,-0.036025,0.603779,0.562469,0.572819,0.529965,0.04131,0.042854,0.833983,0.423456,0.424336,0.014979,-0.009568,0.549853,0.417009,0.810231,0.651559,0.132845,0.158673,1.292651,0.550073,0.551299,-0.01055,-0.002146,0.519116,0.42237,0.858882,0.600562,0.096746,0.25832,0.491879,0.219307,0.219761,0.007156,-0.054591,0.562419,0.501536,0.73942,0.62216,0.060883,0.11726,0.632235,0.243106,0.24363,-0.01827,-0.018256,0.558202,0.502483,0.753639,0.639849,0.055719,0.113791,0.187184,0.122463,0.122726,-0.008821,-0.035192,0.565549,0.509556,0.651484,0.607997,0.055993,0.043488,0.173043,0.079207,0.07938,-0.040195,-0.030342,0.590431,0.535213,0.650526,0.618288,0.055218,0.032238,0.229493,0.094828,0.095028,-0.001828,0.002363,0.559039,0.527932,0.530127,0.496253,0.031108,0.033874,0.153201,0.074909,0.075065,-0.021176,-0.016069,0.588799,0.567623,0.518289,0.477421,0.021176,0.040868
Andus - Back Kick_compressed.mp4,single_athlete_training,51,data\processed\clips\Andus - Back Kick_compressed\event_051_kick_candidate_right_ankle_t52p52.mp4,0.6013,0.9771,right_ankle,kick_candidate,0.88635,0,0.0,kick,back_kick,spinning_kicks,0.327533,0.168239,0.202318,0.099306,0.084512,0.586938,0.487632,0.624929,0.505725,0.099306,0.119204,0.194995,0.122424,0.147237,-0.028579,0.082598,0.527344,0.491656,0.615911,0.505456,0.035687,0.110455,0.276858,0.135839,0.163366,0.112107,0.049664,0.592442,0.480336,0.553963,0.478935,0.112107,0.075028,0.246483,0.129592,0.155855,-0.009308,0.062959,0.528145,0.48058,0.556745,0.463174,0.047566,0.093571,0.370047,0.223613,0.268926,0.163483,-0.000576,0.639761,0.476278,0.810528,0.744704,0.163483,0.065824,1.527233,0.560784,0.674372,-0.023306,0.027122,0.537938,0.395606,0.808426,0.510356,0.142333,0.29807,0.337736,0.198805,0.23908,0.129802,0.026777,0.611588,0.481786,0.730061,0.637812,0.129802,0.092249,0.848335,0.329465,0.396199,-0.005172,0.045714,0.533804,0.448804,0.735004,0.542058,0.085,0.192946,0.261335,0.133174,0.160161,0.081248,0.029318,0.57232,0.491072,0.630834,0.552269,0.081248,0.078565,0.355111,0.159353,0.191645,0.023292,0.034554,0.538781,0.487751,0.632183,0.532093,0.05103,0.10009,0.243941,0.109143,0.131265,0.086979,0.032248,0.583402,0.496422,0.480403,0.419565,0.086979,0.060838,0.222491,0.116677,0.140321,-0.003004,0.04355,0.528472,0.497994,0.488281,0.406828,0.030478,0.081453
Andus - Back Kick_compressed.mp4,single_athlete_training,53,data\processed\clips\Andus - Back Kick_compressed\event_053_kick_candidate_right_ankle_t60p33.mp4,0.4009,0.9748,right_ankle,kick_candidate,0.8749,0,0.0,kick,back_kick,spinning_kicks,0.251863,0.121056,0.1213,0.026565,0.104927,0.56443,0.537865,0.622959,0.518033,0.026565,0.104927,0.221115,0.113979,0.11421,-0.021998,0.098049,0.541905,0.504534,0.595258,0.497209,0.037371,0.098049,0.312569,0.125101,0.125358,0.052716,0.073087,0.582718,0.530001,0.565111,0.485838,0.052716,0.079273,0.188397,0.089513,0.089696,0.018707,0.082274,0.52714,0.502231,0.542199,0.459925,0.024909,0.082274,0.409749,0.21491,0.215346,0.103806,0.131291,0.602323,0.498518,0.800855,0.669564,0.103806,0.131291,1.119365,0.509,0.510078,-0.015806,0.0713,0.532444,0.414778,0.82042,0.558138,0.117666,0.262283,0.291027,0.144827,0.145119,0.067326,0.099631,0.591917,0.524592,0.7316,0.631969,0.067326,0.099631,0.479234,0.282106,0.282705,-0.004086,0.094418,0.530268,0.47508,0.725283,0.552013,0.055188,0.17327,0.210329,0.111309,0.111536,0.046778,0.080846,0.571471,0.524693,0.627336,0.54649,0.046778,0.080846,0.178614,0.088631,0.088814,0.03138,0.078473,0.53696,0.505136,0.620297,0.541825,0.031824,0.078473,0.301355,0.099176,0.099377,0.046318,0.054934,0.5877,0.541383,0.490286,0.428761,0.046318,0.061526,0.153289,0.080812,0.080974,0.020457,0.077226,0.539554,0.519097,0.479362,0.402136,0.020457,0.077226
Andus - Back Kick_compressed.mp4,single_athlete_training,54,data\processed\clips\Andus - Back Kick_compressed\event_054_kick_candidate_right_ankle_t63p14.mp4,0.4009,0.9784,right_ankle,kick_candidate,0.9123,0,0.0,kick,back_kick,spinning_kicks,0.352545,0.184276,0.184648,-0.011604,0.00269,0.564929,0.504396,0.665377,0.599606,0.060533,0.065772,0.237539,0.109031,0.109264,0.007314,-0.028826,0.610543,0.594317,0.667412,0.602407,0.016226,0.065005,0.252483,0.121638,0.121883,0.000328,0.000787,0.545993,0.502028,0.59415,0.560554,0.043965,0.033595,0.092408,0.059782,0.059911,0.007019,-0.003602,0.600235,0.58874,0.589693,0.561634,0.011494,0.028058,0.984057,0.584439,0.585658,0.020509,-0.042678,0.569383,0.385258,0.822357,0.574885,0.184125,0.247472,1.241279,0.502972,0.50409,-0.02039,-0.000729,0.518403,0.419945,0.848839,0.61353,0.098458,0.235309,0.464609,0.307014,0.307668,0.00923,-0.079555,0.569301,0.446568,0.734925,0.603136,0.122733,0.131789,0.544387,0.206031,0.206476,-0.011318,-0.008961,0.539766,0.490878,0.747634,0.650106,0.048888,0.097528,0.169618,0.092356,0.092555,-0.027136,-0.014086,0.551344,0.504138,0.64461,0.613016,0.047206,0.031594,0.084957,0.056447,0.056565,-0.013965,-0.011296,0.562058,0.535626,0.646357,0.625526,0.026432,0.020831,0.255811,0.088328,0.088507,-0.014979,0.017063,0.557558,0.517433,0.539486,0.501627,0.040125,0.037859,0.168139,0.083436,0.083608,0.007391,0.00215,0.591386,0.573745,0.53903,0.499597,0.01764,0.039433
Andus - Back Kick_compressed.mp4,single_athlete_training,55,data\processed\clips\Andus - Back Kick_compressed\event_055_kick_candidate_right_ankle_t66p75.mp4,0.6013,0.9724,right_ankle,kick_candidate,0.859417,0,0.0,kick,back_kick,spinning_kicks,0.273383,0.120899,0.145393,-0.041929,0.013116,0.559272,0.517343,0.591415,0.521605,0.041929,0.06981,0.332052,0.103503,0.124487,-0.002126,-0.052192,0.556383,0.529559,0.601236,0.529631,0.026824,0.071604,0.269769,0.121163,0.145724,-0.062136,-0.051721,0.557267,0.49513,0.582382,0.498033,0.062136,0.084348,0.367956,0.125902,0.151426,0.005848,-0.074016,0.532493,0.492205,0.586834,0.493734,0.040288,0.0931,0.130336,0.045352,0.054536,-0.016504,0.006378,0.511132,0.478265,0.852761,0.845356,0.032867,0.007405,1.525663,0.604838,0.727399,-0.019369,0.071223,0.505551,0.365617,0.922216,0.548903,0.139934,0.373313,0.12889,0.069083,0.083076,-0.011151,-0.013248,0.527608,0.483497,0.748419,0.731455,0.044111,0.016964,0.721599,0.329306,0.39602,-0.003145,0.023561,0.518236,0.417709,0.780425,0.59772,0.100527,0.182705,0.177258,0.088372,0.106281,-0.04178,-0.049696,0.539612,0.486265,0.658914,0.60069,0.053347,0.058224,0.180527,0.103204,0.124112,-0.01847,-0.045108,0.527725,0.466866,0.649208,0.6041,0.060859,0.045108,0.308125,0.128682,0.154765,-0.034596,-0.088178,0.56394,0.521832,0.53041,0.418221,0.042108,0.112189,0.347149,0.108474,0.130471,0.003697,-0.092704,0.541452,0.515729,0.514784,0.410307,0.025723,0.104477
Andus - Back Kick_compressed.mp4,single_athlete_training,56,data\processed\clips\Andus - Back Kick_compressed\event_056_kick_candidate_right_ankle_t71p36.mp4,0.2004,0.8756,right_ankle,kick_candidate,0.876775,0,0.0,kick,back_kick,spinning_kicks,0.182337,0.10032,0.080435,-0.034822,-0.015792,0.577901,0.535209,0.657689,0.620785,0.042692,0.036904,0.125006,0.080568,0.064595,-0.000769,-0.037531,0.599011,0.578783,0.668676,0.631145,0.020229,0.037531,0.146947,0.09989,0.080085,-0.012075,-0.030933,0.553049,0.525238,0.609206,0.561773,0.027811,0.047433,0.18887,0.081589,0.065406,-0.002881,-0.061712,0.600849,0.594109,0.629491,0.56778,0.006739,0.061712,1.097928,0.643977,0.516255,-0.066942,-0.006056,0.571363,0.394568,0.789593,0.589525,0.176794,0.200068,0.992076,0.471837,0.378324,-0.015571,-0.01957,0.524184,0.508613,0.839797,0.641037,0.015571,0.19876,0.652983,0.333844,0.267635,-0.056393,-0.059623,0.578086,0.444437,0.722927,0.620707,0.133648,0.10222,0.703971,0.265749,0.213095,-0.018152,-0.073088,0.548287,0.525735,0.763665,0.622588,0.022552,0.141078,0.235895,0.125986,0.101009,-0.049058,-0.058055,0.564028,0.50132,0.668601,0.610546,0.062707,0.058055,0.162291,0.094924,0.076099,-0.038933,-0.0559,0.571917,0.532984,0.68533,0.62943,0.038933,0.0559,0.157947,0.069569,0.055782,-0.025481,0.00598,0.571054,0.531493,0.536817,0.526789,0.03956,0.010028,0.10971,0.071963,0.057697,-0.014413,-0.010381,0.601651,0.580759,0.547063,0.5172,0.020892,0.029863
Andus - Back Kick_compressed.mp4,single_athlete_training,57,data\processed\clips\Andus - Back Kick_compressed\event_057_kick_candidate_right_ankle_t77p97.mp4,0.6013,0.9793,right_ankle,kick_candidate,0.8973,0,0.0,kick,back_kick,spinning_kicks,0.375071,0.174868,0.210306,-0.000346,0.107054,0.579647,0.549088,0.615399,0.464841,0.030559,0.150558,0.230662,0.138,0.165961,-0.072952,0.126717,0.585791,0.503634,0.606316,0.479599,0.082157,0.126717,0.48357,0.141238,0.169878,0.020237,0.068981,0.595911,0.559656,0.558842,0.452735,0.036255,0.106107,0.234955,0.115166,0.138504,-0.037312,0.101065,0.555074,0.512712,0.548227,0.447162,0.042362,0.101065,0.349173,0.158775,0.190972,0.078134,0.04259,0.60986,0.531726,0.819836,0.747762,0.078134,0.072074,1.468422,0.575866,0.692524,-0.015961,0.089139,0.53569,0.404771,0.842141,0.489457,0.130919,0.352684,0.3314,0.135933,0.163492,0.036262,0.074674,0.58827,0.549577,0.73478,0.634764,0.038693,0.100016,0.835424,0.359257,0.432037,-0.030776,0.099436,0.557975,0.471715,0.731625,0.488703,0.08626,0.242922,0.275884,0.075915,0.091314,0.010964,0.066863,0.567164,0.545611,0.623792,0.553972,0.021553,0.06982,0.300488,0.10781,0.129665,-0.007616,0.070614,0.54304,0.521181,0.620721,0.529564,0.021859,0.091157,0.349348,0.101212,0.121736,0.004674,0.048107,0.589467,0.566412,0.481078,0.408501,0.023055,0.072577,0.315924,0.09764,0.117435,-0.030927,0.06703,0.553166,0.519015,0.473481,0.397067,0.034151,0.076414
Andus - Back Kick_compressed.mp4,single_athlete_training,58,data\processed\clips\Andus - Back Kick_compressed\event_058_kick_candidate_right_ankle_t80p38.mp4,0.4009,0.9811,right_ankle,kick_candidate,0.90712,0,0.0,kick,back_kick,spinning_kicks,0.486947,0.193236,0.193685,-0.003681,0.096879,0.581237,0.503464,0.597576,0.500697,0.077773,0.096879,0.453178,0.252818,0.253384,-0.028789,0.055171,0.604872,0.517455,0.6009,0.487819,0.087416,0.113081,0.474974,0.214391,0.214873,0.002169,0.061226,0.6001,0.5032,0.526116,0.46489,0.0969,0.061226,0.560208,0.233071,0.23359,-0.017742,0.094475,0.613031,0.525843,0.563851,0.448469,0.087188,0.115382,0.997722,0.326379,0.327154,-0.03574,0.23555,0.552557,0.473481,0.878142,0.641735,0.079076,0.236408,1.62677,0.637782,0.639184,0.075005,0.067868,0.614343,0.529389,0.887012,0.559035,0.084953,0.327977,0.482559,0.236763,0.23732,-0.034711,0.168557,0.55865,0.490703,0.750993,0.582437,0.067948,0.168557,1.110727,0.426476,0.427414,0.030059,0.06971,0.587891,0.509242,0.756562,0.526777,0.078649,0.229785,0.230054,0.113847,0.114103,0.001548,0.076253,0.56089,0.521865,0.621386,0.545133,0.039025,0.076253,0.256577,0.121145,0.121413,0.011502,0.078242,0.57015,0.533565,0.632755,0.551855,0.036585,0.080899,0.186416,0.089089,0.089294,-0.00736,0.049002,0.563741,0.524425,0.454366,0.405364,0.039315,0.049002,0.408757,0.157198,0.157548,-0.007044,0.080543,0.595416,0.545802,0.487487,0.391284,0.049614,0.096203
Andus - Back Kick_compressed.mp4,single_athlete_training,59,data\processed\clips\Andus - Back Kick_compressed\event_059_kick_candidate_right_ankle_t91p60.mp4,0.6013,0.9726,right_ankle,kick_candidate,0.86175,0,0.0,kick,back_kick,spinning_kicks,0.795684,0.324991,0.390814,0.080983,0.093928,0.629281,0.492762,0.619327,0.440488,0.136519,0.178839,0.234196,0.101094,0.121581,-0.042961,0.092885,0.542623,0.486433,0.597801,0.504916,0.056191,0.092885,0.554819,0.21025,0.25282,0.088958,0.074018,0.585227,0.484945,0.555651,0.431041,0.100282,0.12461,0.17085,0.096435,0.115971,-0.019358,0.078413,0.527365,0.487565,0.547977,0.469564,0.0398,0.078413,0.238846,0.110697,0.133117,0.030366,0.027317,0.525395,0.49503,0.818558,0.752151,0.030366,0.066407,1.661959,0.600331,0.721949,0.024349,0.001213,0.542792,0.379853,0.799091,0.495025,0.162939,0.304066,0.287661,0.113711,0.136745,0.016754,0.048166,0.529954,0.5132,0.729605,0.642026,0.016754,0.087579,0.924405,0.360843,0.433949,-0.002763,0.035716,0.529196,0.446672,0.720315,0.512321,0.082524,0.207994,0.151271,0.086846,0.104447,0.041892,0.033334,0.542775,0.500883,0.615723,0.555755,0.041892,0.059968,0.252442,0.117237,0.14098,0.005687,0.035331,0.52072,0.491386,0.61343,0.533377,0.029335,0.080053,0.312545,0.094276,0.113362,0.051353,0.048695,0.561799,0.509652,0.484643,0.41791,0.052147,0.066734,0.153814,0.081394,0.097887,-0.010502,0.069694,0.527612,0.507103,0.482646,0.406868,0.020509,0.075778
Andus - Back Kick_compressed.mp4,single_athlete_training,61,data\processed\clips\Andus - Back Kick_compressed\event_061_kick_candidate_right_ankle_t101p02.mp4,0.4009,0.9272,right_ankle,kick_candidate,0.8795,0,0.0,kick,back_kick,spinning_kicks,0.289035,0.113328,0.113578,0.006392,0.093889,0.517628,0.507456,0.609179,0.507208,0.010171,0.101971,0.274609,0.150041,0.150377,-0.076371,0.118391,0.514002,0.435943,0.602811,0.48442,0.078059,0.118391,0.245097,0.086146,0.086336,0.004737,0.065797,0.527075,0.511355,0.551058,0.480695,0.01572,0.070363,0.205474,0.096021,0.096243,-0.04012,0.069019,0.483762,0.439417,0.533723,0.464704,0.044345,0.069019,0.446298,0.177536,0.177927,0.035932,0.157878,0.495522,0.459589,0.776344,0.618465,0.035932,0.157878,0.877627,0.406724,0.407661,-0.066597,0.081568,0.514182,0.414597,0.803539,0.576897,0.099585,0.226642,0.220797,0.09833,0.098551,0.011925,0.090735,0.501869,0.489944,0.708217,0.617482,0.011925,0.090735,0.356606,0.201789,0.202264,-0.04834,0.078242,0.504031,0.435692,0.709094,0.583198,0.068339,0.125896,0.188246,0.070838,0.071001,-0.005756,0.067149,0.498225,0.489231,0.611787,0.544639,0.008994,0.067149,0.151496,0.069169,0.06933,-0.019332,0.062236,0.482021,0.458796,0.605758,0.543523,0.023225,0.062236,0.193361,0.089588,0.08979,-0.009158,0.055726,0.522946,0.502187,0.495481,0.430462,0.020759,0.065018,0.160362,0.073607,0.073779,-0.036817,0.061842,0.490987,0.45417,0.479071,0.417228,0.036817,0.061842
Andus - Back Kick_compressed.mp4,single_athlete_training,63,data\processed\clips\Andus - Back Kick_compressed\event_063_kick_candidate_right_ankle_t104p03.mp4,0.4009,0.9665,right_ankle,kick_candidate,0.83804,0,0.0,kick,back_kick,spinning_kicks,0.205731,0.136868,0.13717,-0.010895,0.01404,0.446838,0.384488,0.653501,0.618113,0.06235,0.035389,0.407731,0.261344,0.26193,0.077931,-0.029193,0.511833,0.380373,0.715596,0.623943,0.13146,0.091653,0.249162,0.12366,0.123924,-0.009069,-0.039462,0.440561,0.377625,0.582655,0.543193,0.062936,0.039462,0.317835,0.177111,0.177506,0.088061,-0.028457,0.482216,0.363515,0.591009,0.543306,0.118701,0.047703,1.090624,0.643092,0.644571,0.025218,-0.010323,0.521238,0.367628,0.977085,0.769042,0.15361,0.208043,1.427085,0.562089,0.563343,-0.033007,-0.011406,0.391377,0.358369,0.987856,0.702035,0.033007,0.285821,0.882517,0.478989,0.480081,0.01351,-0.041162,0.494959,0.393494,0.842287,0.65375,0.101465,0.188537,1.119107,0.449195,0.45019,0.021423,-0.011872,0.407041,0.376632,0.840342,0.618144,0.030409,0.222198,0.248777,0.102165,0.10239,-0.002754,-0.014057,0.44108,0.39139,0.690958,0.6749,0.04969,0.016057,0.321384,0.163748,0.164119,0.020261,-0.008861,0.421585,0.367285,0.694332,0.639657,0.0543,0.054676,0.21292,0.086792,0.086976,-0.008046,-0.017181,0.451024,0.408393,0.452818,0.433833,0.042631,0.018985,0.246467,0.165826,0.166205,0.07326,-0.019253,0.485021,0.37511,0.473121,0.436148,0.109911,0.036973
Andus - Back Kick_compressed.mp4,single_athlete_training,66,data\processed\clips\Andus - Back Kick_compressed\event_066_kick_candidate_right_ankle_t108p04.mp4,0.4009,0.8074,right_ankle,kick_candidate,0.8189,0,0.0,kick,back_kick,spinning_kicks,0.221248,0.0911,0.091297,0.009837,-0.073865,0.503691,0.488816,0.580616,0.503007,0.014875,0.077609,0.241534,0.099545,0.099753,0.02887,-0.026678,0.52327,0.480192,0.584558,0.539013,0.043078,0.045545,0.133096,0.037142,0.03723,-0.004725,-0.025602,0.493529,0.482228,0.55323,0.524928,0.011302,0.028302,0.231372,0.095195,0.095402,0.069261,0.023601,0.538585,0.460081,0.570159,0.54063,0.078504,0.029529,0.908994,0.219345,0.219789,0.046881,0.191649,0.455218,0.408337,0.803718,0.60674,0.046881,0.196978,0.629605,0.341281,0.342003,0.095202,-0.006159,0.534946,0.384046,0.792706,0.679493,0.150901,0.113213,0.201765,0.084221,0.084395,0.013654,0.049598,0.474332,0.451192,0.702627,0.652672,0.02314,0.049955,0.213524,0.134606,0.134897,0.079943,-0.00943,0.527094,0.424302,0.695097,0.673786,0.102793,0.021311,0.124372,0.044825,0.044916,0.020933,0.023629,0.489446,0.46164,0.616348,0.592719,0.027806,0.023629,0.200709,0.089061,0.089257,0.070555,0.034019,0.520725,0.445902,0.621155,0.587136,0.074823,0.034019,0.1773,0.070864,0.071023,0.006278,-0.030951,0.499603,0.482842,0.513594,0.471637,0.016761,0.041956,0.202427,0.071929,0.072085,0.068164,0.012202,0.542272,0.474108,0.505711,0.489891,0.068164,0.01582
Andus - Back Kick_compressed.mp4,single_athlete_training,69,data\processed\clips\Andus - Back Kick_compressed\event_069_kick_candidate_right_ankle_t114p85.mp4,0.6013,0.9697,right_ankle,kick_candidate,0.849367,0,0.0,kick,back_kick,spinning_kicks,0.12736,0.070645,0.084956,-0.055673,0.008063,0.53589,0.480217,0.549219,0.520216,0.055673,0.029004,0.190797,0.100279,0.120594,-0.067865,0.063996,0.510368,0.44046,0.571865,0.494559,0.069908,0.077306,0.299965,0.117367,0.141135,-0.021502,0.032761,0.533707,0.507182,0.559806,0.477891,0.026525,0.081915,0.186798,0.089128,0.107171,-0.053781,0.028546,0.492694,0.438913,0.525279,0.467393,0.053781,0.057887,0.294202,0.094483,0.113618,-0.056441,0.046194,0.529357,0.472823,0.798648,0.729625,0.056535,0.069023,1.459655,0.495039,0.595315,-0.051773,-0.000436,0.510541,0.391886,0.778687,0.511318,0.118655,0.267369,0.25154,0.10692,0.128576,-0.065692,0.051052,0.544475,0.478783,0.706445,0.635706,0.065692,0.070739,0.710535,0.273616,0.329042,-0.050687,0.03294,0.505216,0.413818,0.706565,0.541594,0.091398,0.164971,0.14172,0.071124,0.085534,-0.039086,0.03779,0.519284,0.480198,0.609006,0.555416,0.039086,0.05359,0.192249,0.08463,0.101764,-0.051738,0.032656,0.506126,0.454388,0.602524,0.543872,0.051738,0.058652,0.263626,0.091478,0.109998,-0.030444,0.032644,0.526063,0.495619,0.494472,0.432175,0.030444,0.062297,0.14623,0.080088,0.096307,-0.052661,0.041529,0.502872,0.450211,0.478113,0.418835,0.052661,0.059278
Andus - Back Kick_compressed.mp4,single_athlete_training,81,data\processed\clips\Andus - Back Kick_compressed\event_081_punch_candidate_right_wrist_t111p45.mp4,0.4009,0.7594,right_wrist,punch_candidate,0.86002,0,0.0,kick,back_kick,spinning_kicks,0.348438,0.195742,0.19618,-0.057563,0.083495,0.546275,0.438128,0.598342,0.514848,0.108147,0.083495,0.669127,0.367682,0.368477,0.069553,0.12935,0.557362,0.463723,0.705358,0.538273,0.093639,0.167085,0.344387,0.179591,0.179979,-0.11671,-0.056871,0.595011,0.454188,0.593862,0.53699,0.140823,0.056871,0.225123,0.131763,0.132056,0.040893,0.033886,0.521461,0.47483,0.595184,0.550691,0.046631,0.044493,0.932716,0.521116,0.522269,-0.207243,-0.172282,0.635913,0.42867,0.999277,0.682687,0.207243,0.316589,0.106528,0.051682,0.051798,-0.026707,-0.008199,0.475371,0.445231,0.965294,0.945713,0.03014,0.019581,1.38889,0.543019,0.544269,-0.136317,-0.140119,0.596457,0.46014,0.862288,0.539187,0.136317,0.323101,0.124354,0.069128,0.069284,-0.023467,-0.022155,0.489435,0.456845,0.82935,0.792958,0.03259,0.036392,0.25057,0.154724,0.155062,-0.129057,-0.054916,0.584023,0.454966,0.698092,0.643176,0.129057,0.054916,0.162646,0.07451,0.074678,-0.06616,-0.019288,0.539388,0.473228,0.693449,0.67416,0.06616,0.019288,0.253338,0.112672,0.112912,-0.094658,-0.020316,0.589495,0.491837,0.468251,0.447935,0.097657,0.020316,0.185779,0.085001,0.085192,0.012703,0.0255,0.533445,0.501359,0.502827,0.461171,0.032086,0.041656
Andus - Hop Step_compressed.mp4,single_athlete_training,5,data\processed\clips\Andus - Hop Step_compressed\event_005_kick_candidate_left_ankle_t9p83.mp4,0.4012,0.9433,left_ankle,kick_candidate,0.81262,0,0.0,kick,hopstep_kick,linear_kicks,0.233688,0.102469,0.102776,0.017898,-0.031236,0.537472,0.498073,0.631422,0.578991,0.039399,0.052431,0.281999,0.152996,0.153455,0.04083,0.022313,0.565093,0.522468,0.619252,0.56406,0.042626,0.055193,0.183305,0.077045,0.077276,0.011138,-0.002572,0.553472,0.51752,0.553336,0.529669,0.035952,0.023667,0.15107,0.062072,0.062258,0.036037,0.016229,0.586853,0.547656,0.576586,0.554163,0.039197,0.022423,1.030842,0.432553,0.43385,0.006378,0.077004,0.529238,0.45031,0.898466,0.657345,0.078928,0.24112,0.659918,0.247505,0.248247,0.109698,0.111843,0.60348,0.493782,0.866278,0.734162,0.109698,0.132116,0.40795,0.208066,0.20869,0.002754,0.039112,0.542294,0.504363,0.768079,0.655078,0.037931,0.113,0.279035,0.116287,0.116636,0.043184,0.060472,0.57785,0.523922,0.753588,0.693117,0.053928,0.060472,0.192744,0.101298,0.101602,-0.015197,0.024533,0.576152,0.520818,0.649817,0.625284,0.055334,0.024533,0.15805,0.0777,0.077933,0.002515,0.025288,0.581623,0.545784,0.654613,0.629325,0.035838,0.025288,0.154288,0.079605,0.079844,-0.00682,-0.020423,0.572127,0.534405,0.498939,0.47679,0.037722,0.022149,0.057721,0.029413,0.029501,0.009336,-0.004391,0.590478,0.572747,0.508829,0.504216,0.017731,0.004612
Andus - Hop Step_compressed.mp4,single_athlete_training,6,data\processed\clips\Andus - Hop Step_compressed\event_006_kick_candidate_left_ankle_t15p85.mp4,0.4012,0.9373,left_ankle,kick_candidate,0.84438,0,0.0,kick,hopstep_kick,linear_kicks,0.31295,0.127827,0.128211,-0.101252,-0.027197,0.5825,0.481248,0.625248,0.577812,0.101252,0.047436,0.249082,0.14647,0.14691,-0.119546,0.021397,0.655926,0.536379,0.656434,0.606442,0.119546,0.049992,0.214163,0.113956,0.114298,-0.103551,-0.025512,0.600587,0.497036,0.564129,0.533806,0.103551,0.030323,0.20445,0.116205,0.116554,-0.104192,0.021941,0.659928,0.555737,0.600504,0.567406,0.104192,0.033099,0.815214,0.478302,0.479737,-0.083018,0.061724,0.573286,0.450851,0.913639,0.700854,0.122435,0.212785,1.06755,0.454472,0.455836,-0.079919,0.006813,0.625906,0.51762,0.867748,0.660303,0.108286,0.207445,0.456127,0.313312,0.314252,-0.08391,0.035085,0.579655,0.475395,0.768435,0.643864,0.104261,0.124571,0.587945,0.281797,0.282643,-0.09574,0.012473,0.621881,0.526141,0.758748,0.628998,0.09574,0.12975,0.21688,0.141469,0.141893,-0.115208,-0.003961,0.620652,0.505444,0.64696,0.612483,0.115208,0.034477,0.20229,0.123305,0.123674,-0.109969,0.013676,0.643278,0.533309,0.658712,0.627525,0.109969,0.031187,0.169928,0.10992,0.110249,-0.099485,-0.004437,0.61402,0.514535,0.506282,0.485592,0.099485,0.02069,0.202086,0.1121,0.112436,-0.098732,0.016243,0.660885,0.562154,0.531534,0.502828,0.098732,0.028706
Andus - Hop Step_compressed.mp4,single_athlete_training,7,data\processed\clips\Andus - Hop Step_compressed\event_007_kick_candidate_left_ankle_t28p49.mp4,0.4012,0.9704,left_ankle,kick_candidate,0.85102,0,0.0,kick,hopstep_kick,linear_kicks,0.206932,0.111224,0.111558,-0.108454,0.013707,0.564071,0.455617,0.602323,0.588616,0.108454,0.013707,0.222291,0.147665,0.148108,-0.118301,-0.024314,0.622652,0.504351,0.637343,0.591172,0.118301,0.046171,0.15932,0.094133,0.094415,-0.091072,-0.020065,0.556014,0.464942,0.56294,0.542875,0.091072,0.020065,0.246488,0.166895,0.167396,-0.12432,-0.030938,0.650125,0.525805,0.622605,0.563752,0.12432,0.058853,1.14133,0.486389,0.487848,-0.069962,0.099509,0.541245,0.457003,0.88556,0.602281,0.084242,0.283279,0.309914,0.128545,0.12893,-0.103866,-0.030335,0.599239,0.495373,0.87806,0.83131,0.103866,0.046749,0.476127,0.242629,0.243357,-0.076194,0.054507,0.548351,0.470305,0.75122,0.609968,0.078045,0.141252,0.198021,0.104375,0.104688,-0.097344,0.000313,0.584814,0.48747,0.759985,0.743047,0.097344,0.016939,0.228971,0.09976,0.10006,-0.095369,0.006943,0.577787,0.482419,0.638593,0.623042,0.095369,0.015551,0.207936,0.10646,0.106779,-0.10573,0.008744,0.611852,0.506121,0.655945,0.645209,0.10573,0.010736,0.176928,0.110368,0.110699,-0.100662,-0.029644,0.578014,0.477352,0.516633,0.481637,0.100662,0.034996,0.216577,0.14771,0.148153,-0.112001,-0.025127,0.629321,0.51732,0.555876,0.501059,0.112001,0.054817
Andus - Hop Step_compressed.mp4,single_athlete_training,8,data\processed\clips\Andus - Hop Step_compressed\event_008_kick_candidate_left_ankle_t35p71.mp4,0.4012,0.9401,left_ankle,kick_candidate,0.86202,0,0.0,kick,hopstep_kick,linear_kicks,0.17546,0.088862,0.089129,-0.067658,-0.021905,0.559666,0.492008,0.609267,0.577384,0.067658,0.031883,0.258176,0.11865,0.119006,-0.081015,-0.027133,0.625838,0.544822,0.647812,0.606709,0.081015,0.041103,0.134302,0.058667,0.058843,-0.050312,-0.013773,0.550659,0.500168,0.570702,0.550048,0.050491,0.020654,0.265777,0.110825,0.111157,-0.082737,-0.019345,0.64737,0.564632,0.626206,0.584375,0.082737,0.04183,0.903895,0.441206,0.442529,-0.018514,0.109312,0.509906,0.455071,0.867164,0.597371,0.054835,0.269793,0.350971,0.151052,0.151506,-0.021932,-0.019783,0.586999,0.517152,0.868076,0.83166,0.069847,0.036417,0.450727,0.21521,0.215855,-0.040112,0.075754,0.537239,0.485914,0.74478,0.605411,0.051326,0.139369,0.179972,0.063301,0.06349,-0.034448,0.008984,0.580637,0.539946,0.74776,0.725206,0.040691,0.022554,0.201557,0.071884,0.072099,-0.064564,0.016784,0.577423,0.511552,0.630678,0.613894,0.065871,0.016784,0.187956,0.087487,0.087749,-0.071819,0.009557,0.61505,0.54282,0.659222,0.637366,0.07223,0.021855,0.183205,0.093244,0.093524,-0.068577,-0.026337,0.580008,0.511431,0.524407,0.481792,0.068577,0.042615,0.172352,0.101988,0.102294,-0.069678,-0.021167,0.631554,0.561875,0.563674,0.516443,0.069678,0.047232
Andus - Hop Step_compressed.mp4,single_athlete_training,9,data\processed\clips\Andus - Hop Step_compressed\event_009_kick_candidate_left_ankle_t39p92.mp4,0.4012,0.9479,left_ankle,kick_candidate,0.84062,0,0.0,kick,hopstep_kick,linear_kicks,0.149579,0.070993,0.071206,0.015849,0.016054,0.560099,0.526876,0.610592,0.578854,0.033223,0.031738,0.27752,0.11025,0.110581,-0.01694,0.000522,0.613794,0.563329,0.656951,0.6322,0.050465,0.02475,0.128919,0.079498,0.079737,0.03388,-0.009854,0.586341,0.537004,0.557475,0.534042,0.049336,0.023433,0.310586,0.127089,0.12747,-0.020338,-0.019569,0.632382,0.583769,0.62562,0.567083,0.048613,0.058537,0.798049,0.482939,0.484387,0.082685,0.139883,0.609746,0.470397,0.885215,0.595607,0.139348,0.289608,0.263191,0.160902,0.161384,0.040312,0.037789,0.58345,0.501321,0.864654,0.818865,0.082129,0.04579,0.566558,0.228067,0.228751,0.082878,0.116144,0.597982,0.515104,0.754919,0.605152,0.082878,0.149767,0.24551,0.111984,0.11232,0.02331,0.054578,0.58126,0.526407,0.746202,0.691073,0.054853,0.055129,0.139326,0.0873,0.087562,0.00787,0.027959,0.587638,0.549438,0.634269,0.60631,0.0382,0.027959,0.213371,0.097654,0.097947,-0.007843,0.014619,0.603274,0.565104,0.660713,0.627673,0.03817,0.033041,0.116561,0.069824,0.070033,0.012448,-0.027929,0.591944,0.571185,0.52097,0.475595,0.020758,0.045375,0.173732,0.100074,0.100375,-0.008493,-0.036066,0.620558,0.600362,0.551531,0.487063,0.020196,0.064468
Andus - Hop Step_compressed.mp4,single_athlete_training,10,data\processed\clips\Andus - Hop Step_compressed\event_010_kick_candidate_left_ankle_t48p35.mp4,0.2006,0.6836,left_ankle,kick_candidate,0.820575,0,0.0,kick,hopstep_kick,linear_kicks,0.15387,0.087694,0.070366,0.065181,0.022501,0.579293,0.514112,0.615655,0.593154,0.065181,0.022501,0.181548,0.074994,0.060175,0.046945,0.023352,0.606137,0.559192,0.644882,0.62153,0.046945,0.023352,0.243523,0.10313,0.082751,0.076186,0.030542,0.614344,0.538158,0.567817,0.537275,0.076186,0.030542,0.116276,0.040338,0.032367,0.027297,-0.003651,0.606832,0.578299,0.575457,0.569925,0.028533,0.005533,0.555359,0.289946,0.232653,0.180773,0.107104,0.647793,0.467021,0.84711,0.740006,0.180773,0.107104,1.348365,0.388619,0.311828,0.040187,0.273481,0.569422,0.529235,0.868822,0.582757,0.040187,0.286065,0.323094,0.202179,0.162228,0.123035,0.085219,0.624927,0.501892,0.753483,0.668264,0.123035,0.085219,0.412105,0.140165,0.112468,0.03136,0.08947,0.572053,0.540693,0.747265,0.657795,0.03136,0.08947,0.238308,0.108753,0.087263,0.084297,0.020791,0.618262,0.533965,0.645371,0.62458,0.084297,0.020791,0.071815,0.039037,0.031323,0.024599,0.014053,0.57648,0.55188,0.642559,0.628506,0.024599,0.014053,0.191755,0.073656,0.059101,0.058931,0.002931,0.615672,0.556742,0.489999,0.487068,0.058931,0.002931,0.059,0.027987,0.022457,0.009826,-0.015104,0.591331,0.580677,0.512628,0.496298,0.010653,0.01633
Andus - Hop Step_compressed.mp4,single_athlete_training,11,data\processed\clips\Andus - Hop Step_compressed\event_011_kick_candidate_left_ankle_t51p76.mp4,0.6018,0.9477,left_ankle,kick_candidate,0.823767,0,0.0,kick,hopstep_kick,linear_kicks,0.361638,0.132768,0.159799,0.060874,0.061337,0.613463,0.522089,0.637434,0.576097,0.091373,0.061337,0.21484,0.1069,0.128664,0.009926,-0.008379,0.603911,0.551062,0.644788,0.618142,0.052849,0.026646,0.276035,0.095315,0.114721,0.055142,0.016872,0.614589,0.538302,0.55502,0.537621,0.076287,0.017398,0.259895,0.085608,0.103038,-0.01653,-0.00111,0.61604,0.574154,0.604306,0.572154,0.041885,0.032153,1.187721,0.469682,0.56531,0.045466,0.066155,0.598598,0.458905,0.873958,0.588971,0.139693,0.284987,0.493431,0.197267,0.23743,0.05339,0.045208,0.612323,0.518655,0.868341,0.775059,0.093668,0.093283,0.504172,0.224139,0.269773,0.065217,0.081586,0.595025,0.509835,0.751776,0.598245,0.08519,0.153531,0.423526,0.122367,0.147281,0.015923,0.074831,0.580101,0.52432,0.746267,0.666624,0.055781,0.079643,0.184593,0.094117,0.113279,0.011713,0.05332,0.59415,0.539883,0.641966,0.588645,0.054268,0.05332,0.226145,0.071059,0.085527,-0.013575,0.030528,0.605647,0.560136,0.641258,0.610731,0.045511,0.030528,0.169329,0.074194,0.0893,0.02759,0.007548,0.605244,0.566402,0.509711,0.477661,0.038843,0.03205,0.170596,0.076023,0.091502,-0.014141,-0.020847,0.616848,0.589898,0.539447,0.490415,0.02695,0.049032
Andus - Hop Step_compressed.mp4,single_athlete_training,12,data\processed\clips\Andus - Hop Step_compressed\event_012_kick_candidate_left_ankle_t59p38.mp4,0.4011,0.9398,left_ankle,kick_candidate,0.8199,0,0.0,kick,hopstep_kick,linear_kicks,0.232005,0.087012,0.087267,-0.027896,0.028515,0.554324,0.507963,0.611039,0.577546,0.046361,0.033493,0.192014,0.093607,0.093884,-0.018163,0.015364,0.588608,0.545915,0.656687,0.626213,0.042693,0.030473,0.160742,0.076278,0.076499,-0.014669,-0.010488,0.555984,0.517347,0.551677,0.536592,0.038637,0.015085,0.203447,0.079135,0.079369,-0.025289,0.002661,0.60255,0.568774,0.613951,0.582508,0.033776,0.031443,0.903699,0.481482,0.482871,0.001159,0.155938,0.535366,0.457028,0.895688,0.591408,0.078338,0.30428,0.326207,0.143319,0.143742,0.027527,0.037465,0.577933,0.50815,0.865842,0.813284,0.069784,0.052557,0.49454,0.20427,0.204833,0.004551,0.130275,0.534353,0.483678,0.759438,0.605431,0.050676,0.154006,0.247748,0.078791,0.079023,-0.01034,0.047682,0.557328,0.525111,0.747856,0.700174,0.032217,0.047682,0.219554,0.102703,0.103006,-0.028553,0.054355,0.580158,0.525821,0.637023,0.582668,0.054337,0.054355,0.226163,0.084632,0.084883,-0.032572,0.033839,0.599903,0.550635,0.651023,0.616249,0.049268,0.034773,0.177581,0.078256,0.078484,-0.01706,-0.003522,0.575776,0.539895,0.509759,0.483153,0.035881,0.026606,0.185234,0.065591,0.065784,-0.029082,0.003898,0.609938,0.57907,0.538064,0.508306,0.030868,0.029758
Andus - Hop Step_compressed.mp4,single_athlete_training,13,data\processed\clips\Andus - Hop Step_compressed\event_013_kick_candidate_left_ankle_t67p60.mp4,0.6018,0.9413,left_ankle,kick_candidate,0.781667,0,0.0,kick,hopstep_kick,linear_kicks,0.247815,0.083549,0.100559,-0.058414,-0.037928,0.585587,0.526924,0.635535,0.577328,0.058663,0.058207,0.127129,0.055466,0.066759,-0.056093,0.016562,0.617721,0.561628,0.650473,0.629182,0.056093,0.021291,0.17282,0.070934,0.085376,-0.049241,-0.020593,0.578254,0.520798,0.583883,0.555314,0.057456,0.028569,0.113628,0.055434,0.06672,-0.054893,-0.006338,0.63168,0.576787,0.604356,0.589804,0.054893,0.014552,1.202742,0.456831,0.549842,-0.038859,0.011397,0.553538,0.477343,0.873271,0.60012,0.076195,0.27315,0.078937,0.051446,0.06192,0.000191,-0.012461,0.592725,0.57267,0.859485,0.834075,0.020055,0.025409,0.66713,0.240921,0.289973,-0.039437,0.002943,0.564188,0.51262,0.74938,0.609024,0.051568,0.140356,0.117027,0.048645,0.058549,-0.030009,-0.00321,0.599531,0.56864,0.75589,0.734696,0.03089,0.021194,0.190802,0.093254,0.11224,-0.045933,-0.010381,0.590828,0.533645,0.646162,0.608836,0.057183,0.037326,0.145666,0.069156,0.083236,-0.047795,-0.000996,0.618611,0.564897,0.650368,0.630419,0.053714,0.019949,0.112007,0.052364,0.063025,-0.043158,-0.017902,0.586077,0.535261,0.515127,0.496624,0.050816,0.018503,0.14815,0.06953,0.083686,-0.045027,-0.012413,0.62841,0.583383,0.550859,0.511573,0.045027,0.039286
Andus - Hop Step_compressed.mp4,single_athlete_training,14,data\processed\clips\Andus - Hop Step_compressed\event_014_kick_candidate_left_ankle_t74p02.mp4,0.6018,0.9354,left_ankle,kick_candidate,0.821367,0,0.0,kick,hopstep_kick,linear_kicks,0.360066,0.142532,0.171551,0.107238,0.045242,0.662042,0.538586,0.625653,0.580412,0.123456,0.045242,0.345013,0.136937,0.164818,-0.015816,-0.059799,0.617336,0.573472,0.659341,0.566064,0.043864,0.093277,0.226184,0.129709,0.156118,0.103607,0.004451,0.660187,0.541963,0.562062,0.535236,0.118224,0.026826,0.235312,0.106999,0.128784,-0.004503,-0.022385,0.632075,0.594827,0.616411,0.558951,0.037248,0.05746,1.279391,0.496929,0.598104,0.067818,0.057493,0.62616,0.464459,0.876678,0.580327,0.161701,0.296351,0.673133,0.321027,0.386388,0.124226,0.100904,0.684448,0.521734,0.859322,0.729893,0.162714,0.129429,0.461846,0.226818,0.272998,0.093496,0.052889,0.634923,0.523453,0.759714,0.636477,0.11147,0.123237,0.542533,0.191778,0.230824,0.085009,0.103019,0.64309,0.550675,0.75297,0.64439,0.092415,0.10858,0.213258,0.11293,0.135923,0.055727,0.045722,0.634856,0.558943,0.655022,0.6093,0.075912,0.045722,0.221245,0.10297,0.123935,0.023776,0.040805,0.62927,0.580195,0.654334,0.610632,0.049074,0.043702,0.14356,0.09901,0.119169,0.070194,-0.008429,0.646441,0.568657,0.526162,0.490207,0.077784,0.035956,0.204373,0.10845,0.130531,0.013359,-0.025699,0.629973,0.607147,0.566387,0.495974,0.022826,0.070412
Andus - Hop Step_compressed.mp4,single_athlete_training,15,data\processed\clips\Andus - Hop Step_compressed\event_015_kick_candidate_left_ankle_t79p24.mp4,0.6018,0.947,left_ankle,kick_candidate,0.844433,0,0.0,kick,hopstep_kick,linear_kicks,0.477685,0.167322,0.201388,-0.048042,-0.019872,0.55097,0.495933,0.655162,0.561541,0.055036,0.09362,0.272673,0.116219,0.139882,-0.037036,-0.005622,0.594952,0.539118,0.649963,0.599039,0.055834,0.050924,0.234326,0.119778,0.144165,-0.060014,0.011271,0.557197,0.488851,0.592666,0.538096,0.068346,0.05457,0.157264,0.079302,0.095448,-0.038892,0.010331,0.605496,0.561967,0.614555,0.586012,0.04353,0.028543,0.748274,0.454654,0.547222,-0.044881,-0.024773,0.55126,0.443372,0.849081,0.586279,0.107888,0.262802,0.169686,0.051463,0.061941,-0.044694,0.02071,0.561784,0.517091,0.867629,0.843266,0.044694,0.024363,0.63027,0.231049,0.278091,-0.041481,-0.009461,0.55208,0.477574,0.737951,0.608521,0.074506,0.12943,0.153152,0.060139,0.072383,-0.046006,0.009319,0.578108,0.524036,0.748564,0.738678,0.054071,0.009886,0.194555,0.0941,0.113259,-0.075326,-0.012964,0.582255,0.500913,0.643431,0.609275,0.081342,0.034156,0.146035,0.070206,0.0845,-0.066773,-0.021343,0.601368,0.534596,0.655781,0.630476,0.066773,0.025304,0.173998,0.089503,0.107725,-0.058185,0.012835,0.566318,0.50654,0.552594,0.504129,0.059779,0.048465,0.146513,0.09073,0.109203,-0.043488,0.009227,0.597921,0.554433,0.573957,0.528643,0.043488,0.045314
Andus - Hop Step_compressed.mp4,single_athlete_training,16,data\processed\clips\Andus - Hop Step_compressed\event_016_kick_candidate_left_ankle_t83p85.mp4,0.4012,0.9157,left_ankle,kick_candidate,0.83104,0,0.0,kick,hopstep_kick,linear_kicks,0.140169,0.056652,0.056822,-0.00128,0.032329,0.555803,0.535662,0.604469,0.57214,0.020141,0.032329,0.284261,0.132398,0.132795,-0.026177,-0.043592,0.611535,0.556478,0.627541,0.569105,0.055057,0.058436,0.136618,0.066392,0.066591,0.036689,-0.001433,0.590904,0.543415,0.557118,0.5444,0.047489,0.012717,0.313355,0.121918,0.122284,-0.018609,-0.00628,0.619655,0.573908,0.605984,0.556594,0.045747,0.04939,0.764662,0.408451,0.409676,0.050065,0.080984,0.609077,0.478687,0.868379,0.656717,0.13039,0.211662,0.427817,0.197377,0.197969,-0.001894,0.109981,0.563864,0.517796,0.841181,0.720158,0.046068,0.121023,0.325039,0.193369,0.193949,0.055249,0.076106,0.597801,0.516209,0.745749,0.637505,0.081593,0.108244,0.320563,0.138287,0.138702,0.022934,0.093907,0.588306,0.539797,0.737407,0.638869,0.048508,0.098538,0.143046,0.070953,0.071165,0.008899,0.034941,0.588524,0.555535,0.635117,0.600176,0.032989,0.034941,0.234072,0.096523,0.096812,0.001441,0.039939,0.60445,0.567311,0.647597,0.607374,0.037139,0.040223,0.153417,0.082164,0.082411,0.02038,-0.013312,0.594335,0.569227,0.524471,0.480749,0.025108,0.043722,0.19741,0.104003,0.104315,-0.003584,-0.027709,0.613136,0.594607,0.551049,0.488342,0.018529,0.062707
Andus - Hop Step_compressed.mp4,single_athlete_training,17,data\processed\clips\Andus - Hop Step_compressed\event_017_kick_candidate_left_ankle_t88p27.mp4,0.6018,0.966,left_ankle,kick_candidate,0.833367,0,0.0,kick,hopstep_kick,linear_kicks,0.132396,0.063971,0.076996,-0.0081,-0.007728,0.574318,0.541778,0.606203,0.582351,0.03254,0.023852,0.262069,0.062343,0.075036,-0.043649,0.002919,0.627692,0.575162,0.620273,0.608646,0.05253,0.011627,0.126556,0.079637,0.095851,0.012744,0.00361,0.592221,0.548084,0.556049,0.532655,0.044137,0.023395,0.210688,0.081945,0.098629,-0.030692,-0.01001,0.635839,0.595189,0.595795,0.561709,0.04065,0.034086,1.414497,0.507545,0.610881,0.022502,0.018055,0.612636,0.471897,0.855277,0.578088,0.140738,0.277188,0.43448,0.130565,0.157148,-0.031796,0.031265,0.624522,0.546372,0.870281,0.815162,0.07815,0.055119,0.698234,0.292718,0.352316,0.025192,0.031634,0.599369,0.526279,0.74691,0.579303,0.07309,0.167607,0.188851,0.078799,0.094843,-0.017183,0.003333,0.602379,0.550601,0.743407,0.733651,0.051778,0.009757,0.229304,0.080347,0.096705,-0.021401,-0.006154,0.60835,0.562769,0.638012,0.603611,0.045581,0.034401,0.133208,0.060304,0.072581,-0.027241,-0.00261,0.629027,0.581322,0.642346,0.630111,0.047705,0.012234,0.09792,0.047122,0.056716,0.002181,-0.015419,0.593555,0.574957,0.508482,0.48213,0.018598,0.026353,0.134775,0.06692,0.080545,-0.014279,-0.02052,0.625972,0.604508,0.536173,0.491302,0.021464,0.044872
Andus - Hop Step_compressed.mp4,single_athlete_training,18,data\processed\clips\Andus - Hop Step_compressed\event_018_kick_candidate_left_ankle_t93p48.mp4,0.6018,0.9341,left_ankle,kick_candidate,0.8468,0,0.0,kick,hopstep_kick,linear_kicks,0.184361,0.063266,0.076147,0.026523,-0.040803,0.529657,0.497878,0.606062,0.565259,0.031778,0.040803,0.236528,0.082772,0.099624,-0.002309,-0.024383,0.519093,0.484978,0.588277,0.548391,0.034116,0.039886,0.195708,0.106177,0.127795,0.042012,-0.01168,0.565317,0.501921,0.569958,0.539094,0.063396,0.030863,0.1225,0.063307,0.076196,-0.017514,-0.017261,0.524821,0.490861,0.565993,0.54607,0.03396,0.019924,1.049376,0.442843,0.533006,0.057747,-0.008977,0.581884,0.432303,0.797957,0.578108,0.14958,0.219849,0.8884,0.370921,0.446441,-0.051431,0.050148,0.554946,0.436486,0.810701,0.596264,0.11846,0.214437,0.494459,0.241989,0.291258,0.03919,0.014371,0.555199,0.470621,0.71912,0.588231,0.084578,0.13089,0.33731,0.178501,0.214844,-0.019927,0.021148,0.529373,0.47285,0.718099,0.612974,0.056523,0.105125,0.095767,0.059392,0.071484,0.014982,-0.006895,0.540801,0.505288,0.623194,0.609176,0.035513,0.014018,0.082246,0.053868,0.064835,-0.011623,-0.00435,0.529862,0.497762,0.623082,0.612947,0.0321,0.010135,0.131443,0.071565,0.086135,0.03224,-0.019988,0.554582,0.506278,0.518931,0.496908,0.048304,0.022023,0.125606,0.063678,0.076642,-0.009916,-0.021527,0.522878,0.495176,0.52416,0.498744,0.027703,0.025416
Andus - Hop Step_compressed.mp4,single_athlete_training,19,data\processed\clips\Andus - Hop Step_compressed\event_019_kick_candidate_left_ankle_t97p89.mp4,0.2005,0.8168,left_ankle,kick_candidate,0.786425,0,0.0,kick,hopstep_kick,linear_kicks,0.46171,0.179379,0.143916,-0.020993,-0.1133,0.509083,0.47454,0.697102,0.575009,0.034542,0.122093,0.490073,0.188922,0.151542,-0.117871,0.0083,0.61691,0.499039,0.625301,0.578231,0.117871,0.04707,0.363748,0.162635,0.130487,-0.043978,-0.030048,0.502412,0.458434,0.603567,0.532421,0.043978,0.071146,0.525435,0.191736,0.153796,-0.122766,0.019927,0.646858,0.524004,0.642538,0.591055,0.122854,0.051483,1.564362,0.5695,0.456937,-0.064669,-0.273817,0.488944,0.405321,1.060915,0.747977,0.083623,0.312938,1.03841,0.278201,0.223223,-0.146996,-0.16546,0.62013,0.473134,1.132613,0.967153,0.146996,0.16546,0.863186,0.345898,0.277534,-0.062335,-0.227983,0.514104,0.438939,0.9076,0.679617,0.075165,0.227983,0.542978,0.262666,0.210709,-0.1435,-0.106226,0.623256,0.479757,0.945938,0.83867,0.1435,0.107268,0.325537,0.189579,0.152099,-0.080052,-0.060174,0.530316,0.450264,0.753419,0.662236,0.080052,0.091183,0.341226,0.139953,0.112288,-0.103466,-0.025087,0.587748,0.484282,0.769168,0.734819,0.103466,0.034349,0.220645,0.122699,0.098448,-0.03855,0.002171,0.523393,0.484844,0.443825,0.399177,0.03855,0.044648,0.423463,0.165228,0.132536,-0.080769,0.056231,0.631402,0.550633,0.51803,0.443041,0.080769,0.07499
Andus - Hop Step_compressed.mp4,single_athlete_training,22,data\processed\clips\Andus - Hop Step_compressed\event_022_kick_candidate_left_ankle_t102p31.mp4,0.2006,0.8066,left_ankle,kick_candidate,0.828825,0,0.0,kick,hopstep_kick,linear_kicks,0.119141,0.05958,0.047807,-0.026977,0.010749,0.543778,0.51344,0.573014,0.554319,0.030338,0.018696,0.12169,0.085988,0.068997,-0.051976,0.01575,0.596738,0.544762,0.627181,0.596834,0.051976,0.030346,0.097785,0.05206,0.041773,-0.034117,0.000943,0.567553,0.531475,0.535785,0.528215,0.036078,0.007569,0.135802,0.078291,0.062821,-0.048957,0.013288,0.612045,0.563088,0.578533,0.559413,0.048957,0.01912,0.628969,0.319246,0.256163,-0.016409,0.101407,0.554355,0.473968,0.86996,0.721427,0.080387,0.148533,0.305258,0.118695,0.095241,0.0178,-0.039192,0.567905,0.542004,0.87718,0.81313,0.025901,0.06405,0.497483,0.278893,0.223784,-0.042461,0.057527,0.569214,0.489145,0.74225,0.625158,0.080069,0.117092,0.15242,0.066283,0.053185,-0.042773,-0.001255,0.579852,0.537078,0.742372,0.730724,0.042773,0.011647,0.231478,0.08262,0.066295,-0.049785,0.036696,0.581992,0.532207,0.630971,0.594275,0.049785,0.036696,0.173701,0.081856,0.065681,-0.05451,0.031482,0.602511,0.548001,0.640739,0.609257,0.05451,0.031482,0.10757,0.060177,0.048286,-0.045985,-0.000641,0.590579,0.544594,0.490154,0.483261,0.045985,0.006893,0.144819,0.097164,0.077965,-0.063001,0.010445,0.623741,0.560741,0.520082,0.496802,0.063001,0.02328
Andus - Hop Step_compressed.mp4,single_athlete_training,25,data\processed\clips\Andus - Hop Step_compressed\event_025_kick_candidate_left_ankle_t110p93.mp4,0.2006,0.6835,left_ankle,kick_candidate,0.7696,0,0.0,kick,hopstep_kick,linear_kicks,0.254389,0.104397,0.083761,-0.074532,0.004157,0.524628,0.450095,0.546061,0.529718,0.074532,0.016343,0.495335,0.231104,0.185389,-0.101281,0.025378,0.626419,0.525138,0.624489,0.534375,0.101281,0.090114,0.228594,0.106324,0.085308,-0.073999,0.041903,0.518916,0.444916,0.554313,0.51241,0.073999,0.041903,0.193443,0.102436,0.082175,-0.076603,0.012343,0.636322,0.559719,0.586802,0.56834,0.076603,0.018462,0.981417,0.440908,0.353686,-0.067432,-0.029628,0.520623,0.416115,0.928517,0.761789,0.104508,0.166728,0.587167,0.177063,0.142017,-0.042192,0.129541,0.569724,0.521558,0.937745,0.807721,0.048166,0.130025,0.354968,0.181633,0.145707,-0.066332,0.025047,0.533112,0.46678,0.783173,0.710024,0.066332,0.073149,0.345104,0.130079,0.104341,-0.067234,0.071755,0.593603,0.52637,0.754459,0.682704,0.067234,0.071755,0.21691,0.106508,0.08544,-0.075252,0.031928,0.548957,0.473706,0.65983,0.627902,0.075252,0.031928,0.234389,0.109656,0.087964,-0.065662,0.050167,0.585888,0.520226,0.671603,0.621437,0.065662,0.050167,0.196844,0.117174,0.094011,-0.090436,0.021413,0.560008,0.469572,0.457455,0.436042,0.090436,0.021413,0.208966,0.123499,0.099082,-0.093557,0.010325,0.636837,0.54328,0.485884,0.469652,0.093557,0.016233
Andus - Hop Step_compressed.mp4,single_athlete_training,26,data\processed\clips\Andus - Hop Step_compressed\event_026_kick_candidate_left_ankle_t123p97.mp4,0.6018,0.9618,left_ankle,kick_candidate,0.811583,0,0.0,kick,hopstep_kick,linear_kicks,0.307869,0.124418,0.149749,0.012461,0.116172,0.593594,0.549568,0.653846,0.537674,0.044026,0.116172,0.32079,0.121782,0.146577,-0.037236,0.076282,0.653719,0.601405,0.650938,0.574656,0.052315,0.076282,0.169813,0.088249,0.106216,0.0335,0.037227,0.612577,0.555577,0.551596,0.514368,0.057001,0.037227,0.195291,0.073321,0.088249,-0.040405,0.023848,0.674452,0.625471,0.597734,0.552729,0.048981,0.045005,1.186591,0.559947,0.673952,0.102858,0.167933,0.639647,0.427381,0.949039,0.569709,0.212265,0.379329,0.18965,0.08024,0.096577,-0.00058,0.044645,0.586716,0.549814,0.909036,0.86439,0.036902,0.044645,0.672955,0.348778,0.419789,0.06118,0.102216,0.630663,0.501095,0.791625,0.572602,0.129568,0.219023,0.231707,0.083043,0.09995,0.001988,0.042143,0.603513,0.560281,0.777126,0.734984,0.043232,0.042143,0.189499,0.082949,0.099838,0.006381,0.048426,0.598736,0.552867,0.650134,0.601709,0.045869,0.048426,0.21875,0.08534,0.102715,-0.004723,0.033431,0.628981,0.584664,0.653786,0.620354,0.044317,0.033431,0.202802,0.068413,0.082342,0.011121,0.015144,0.61209,0.589933,0.485276,0.445849,0.022157,0.039427,0.240309,0.086738,0.104397,-0.034125,-0.006259,0.668414,0.632351,0.520256,0.469231,0.036064,0.051025
Andus - Hop Step_compressed.mp4,single_athlete_training,27,data\processed\clips\Andus - Hop Step_compressed\event_027_kick_candidate_left_ankle_t129p59.mp4,0.2006,0.8064,left_ankle,kick_candidate,0.94025,0,0.0,kick,hopstep_kick,linear_kicks,0.198665,0.124159,0.099613,-0.078065,-0.020313,0.646541,0.568475,0.57586,0.544612,0.078065,0.031248,0.522012,0.267102,0.214306,-0.085896,-0.01836,0.596205,0.510309,0.580789,0.496486,0.085896,0.084303,0.254973,0.121857,0.097769,-0.085736,0.001777,0.692503,0.606767,0.606575,0.582419,0.085736,0.024157,0.49426,0.280061,0.2247,-0.087878,-0.029676,0.624947,0.537069,0.57425,0.490414,0.087878,0.083836,0.963137,0.349224,0.280206,-0.211987,-0.011872,0.741165,0.529179,0.863896,0.776767,0.211987,0.087129,1.131326,0.573564,0.460152,-0.103342,-0.126556,0.597599,0.45126,0.852634,0.580994,0.14634,0.27164,0.49429,0.200126,0.160576,-0.147682,-0.032947,0.691952,0.544271,0.788289,0.743592,0.147682,0.044697,0.534062,0.336263,0.269776,-0.102047,-0.088104,0.594972,0.492925,0.753401,0.585829,0.102047,0.167572,0.330617,0.172286,0.138232,-0.114706,-0.0318,0.67026,0.555554,0.693555,0.646247,0.114706,0.047308,0.393193,0.179124,0.143713,-0.106454,-0.060314,0.634682,0.528228,0.682919,0.617716,0.106454,0.065203,0.227223,0.109027,0.087474,-0.062289,0.010084,0.682846,0.620557,0.535017,0.499897,0.062289,0.03512,0.237548,0.126588,0.101568,-0.064354,-0.003371,0.636548,0.572194,0.504795,0.468585,0.064354,0.036211
Andus - Hop Step_compressed.mp4,single_athlete_training,28,data\processed\clips\Andus - Hop Step_compressed\event_028_kick_candidate_left_ankle_t132p80.mp4,0.2006,0.8846,left_ankle,kick_candidate,0.9353,0,0.0,kick,hopstep_kick,linear_kicks,0.360233,0.17663,0.141728,-0.096318,-0.049431,0.647263,0.550945,0.657642,0.591441,0.096318,0.066201,0.610167,0.254526,0.204231,-0.069402,-0.042771,0.592742,0.52334,0.619585,0.511033,0.069402,0.108552,0.265703,0.136407,0.109453,-0.094101,-0.008851,0.688752,0.594651,0.611498,0.587718,0.094101,0.023781,0.51825,0.238132,0.191077,-0.075943,-0.039792,0.627663,0.551719,0.593991,0.50551,0.075943,0.08848,1.197179,0.457735,0.367287,-0.229648,-0.194615,0.771241,0.541594,0.894488,0.672359,0.229648,0.222129,0.468177,0.24007,0.192632,-0.065581,-0.010669,0.595507,0.529927,0.877167,0.784229,0.065581,0.092938,0.873757,0.375335,0.301169,-0.161123,-0.13788,0.726738,0.565615,0.805416,0.618515,0.161123,0.186901,0.539398,0.280896,0.225391,-0.066078,-0.007883,0.605176,0.539098,0.764021,0.656299,0.066078,0.107722,0.253819,0.158778,0.127404,-0.102018,-0.043864,0.684412,0.582394,0.701042,0.657177,0.102018,0.043864,0.311076,0.165822,0.133056,-0.096682,-0.049285,0.653657,0.556974,0.697818,0.642055,0.096682,0.055763,0.215164,0.115529,0.092701,-0.070571,0.004506,0.685319,0.614748,0.53613,0.505857,0.070571,0.030272,0.300356,0.145925,0.11709,-0.070415,-0.017552,0.645045,0.57463,0.527803,0.477163,0.070415,0.05064
Andus - Hop Step_compressed.mp4,single_athlete_training,30,data\processed\clips\Andus - Hop Step_compressed\event_030_kick_candidate_left_ankle_t140p22.mp4,0.2006,0.9085,left_ankle,kick_candidate,0.925125,0,0.0,kick,hopstep_kick,linear_kicks,0.246969,0.136287,0.109357,-0.08299,-0.023238,0.641458,0.558467,0.616319,0.580351,0.08299,0.035968,0.859352,0.321443,0.257926,-0.095537,-0.066931,0.6428,0.547264,0.652214,0.503616,0.095537,0.148598,0.246185,0.134522,0.10794,-0.09197,-0.015336,0.698844,0.606874,0.614154,0.586456,0.09197,0.027698,0.55378,0.24969,0.200352,-0.082108,-0.019168,0.655667,0.573559,0.601072,0.511078,0.082108,0.089995,0.987652,0.414514,0.332606,-0.229626,-0.18928,0.780587,0.539553,0.908008,0.718728,0.241034,0.18928,0.540469,0.331333,0.265861,-0.060522,-0.033391,0.607873,0.542077,0.880855,0.739613,0.065796,0.141242,0.655031,0.38398,0.308105,-0.151947,-0.117266,0.7324,0.580452,0.822954,0.649068,0.151947,0.173886,0.532535,0.328744,0.263784,-0.072702,-0.043908,0.617576,0.544873,0.770805,0.622358,0.072702,0.148447,0.416602,0.173606,0.139301,-0.117882,-0.054847,0.706933,0.589051,0.714831,0.658974,0.117882,0.055857,0.32795,0.159126,0.127683,-0.100651,-0.054792,0.66548,0.564829,0.707143,0.652201,0.100651,0.054941,0.204968,0.126182,0.101248,-0.068785,0.008886,0.69691,0.628125,0.530486,0.491723,0.068785,0.038764,0.330117,0.143865,0.115438,-0.063566,-0.021355,0.657613,0.594047,0.526284,0.470602,0.063566,0.055682
Andus - Hop Step_compressed.mp4,single_athlete_training,31,data\processed\clips\Andus - Hop Step_compressed\event_031_kick_candidate_left_ankle_t144p03.mp4,0.4012,0.9442,left_ankle,kick_candidate,0.92312,0,0.0,kick,hopstep_kick,linear_kicks,0.291205,0.122579,0.122947,-0.079484,0.040125,0.614566,0.532447,0.619127,0.563464,0.082119,0.055663,0.291502,0.145402,0.145839,-0.054001,0.019644,0.564218,0.510217,0.552573,0.482502,0.054001,0.070071,0.320861,0.11771,0.118063,-0.088526,-0.012587,0.663011,0.570346,0.59772,0.56439,0.092665,0.033331,0.514866,0.192091,0.192667,-0.047489,-0.020533,0.58976,0.542271,0.564513,0.47135,0.047489,0.093163,0.838984,0.475833,0.47726,-0.196827,-0.002071,0.717271,0.519223,0.857332,0.678035,0.198048,0.179297,0.67299,0.431055,0.432348,-0.065411,-0.216599,0.592811,0.518623,0.862558,0.645959,0.074189,0.216599,0.595984,0.223077,0.223746,-0.137246,-0.095089,0.664903,0.527186,0.797741,0.669062,0.137717,0.128679,0.690665,0.27656,0.27739,-0.079271,-0.132843,0.581608,0.502337,0.755924,0.623081,0.079271,0.132843,0.30763,0.137334,0.137746,-0.098104,-0.04324,0.650521,0.546476,0.686296,0.635307,0.104045,0.050989,0.347457,0.135859,0.136266,-0.090865,-0.062772,0.619809,0.528943,0.679581,0.616759,0.090865,0.062822,0.262632,0.101446,0.10175,-0.067582,-0.00295,0.660902,0.59232,0.532242,0.497538,0.068582,0.034705,0.265355,0.117816,0.118169,-0.052372,-0.023107,0.616612,0.56424,0.510236,0.462197,0.052372,0.048039
Andus - Hop Step_compressed.mp4,single_athlete_training,32,data\processed\clips\Andus - Hop Step_compressed\event_032_kick_candidate_left_ankle_t147p84.mp4,0.6018,0.9856,left_ankle,kick_candidate,0.92745,0,0.0,kick,hopstep_kick,linear_kicks,0.300623,0.127354,0.153283,-0.042002,0.058013,0.647079,0.568494,0.613165,0.543874,0.078584,0.069291,0.447446,0.185971,0.223834,0.053119,0.121557,0.630209,0.539399,0.618943,0.497386,0.09081,0.121557,0.229804,0.116756,0.140527,-0.052328,-0.012603,0.68998,0.613081,0.613364,0.564995,0.076899,0.048369,0.247059,0.145126,0.174674,0.039308,0.027665,0.637741,0.57189,0.591061,0.526061,0.06585,0.065,1.398252,0.581188,0.699518,0.035569,0.043806,0.677152,0.491519,0.863028,0.572265,0.185633,0.290763,0.198459,0.113956,0.137157,-0.000476,-0.002681,0.590413,0.540321,0.863482,0.829506,0.050092,0.033976,0.675401,0.324221,0.390232,-0.018623,-0.011049,0.633534,0.554239,0.765787,0.591482,0.079296,0.174305,0.220756,0.127151,0.153039,0.015553,-0.001892,0.604003,0.541129,0.748399,0.708105,0.062874,0.040294,0.149284,0.091911,0.110624,-0.027837,-0.004496,0.654154,0.586207,0.654357,0.644303,0.067947,0.010054,0.133035,0.083898,0.10098,-0.017824,-0.000396,0.622484,0.564986,0.640492,0.629871,0.057498,0.010621,0.213406,0.113679,0.136824,-0.041023,0.001637,0.678642,0.625143,0.543882,0.485843,0.053499,0.058039,0.182312,0.091975,0.110701,0.010826,0.01024,0.631461,0.594325,0.515658,0.473657,0.037136,0.042001
Andus - Hop Step_compressed.mp4,single_athlete_training,33,data\processed\clips\Andus - Hop Step_compressed\event_033_kick_candidate_left_ankle_t152p26.mp4,0.6018,0.9771,left_ankle,kick_candidate,0.9214,0,0.0,kick,hopstep_kick,linear_kicks,0.204794,0.117466,0.141381,-0.046608,0.045624,0.641522,0.566683,0.600803,0.53308,0.074839,0.067723,0.454541,0.192412,0.231587,0.048775,0.159173,0.619479,0.535468,0.62719,0.468016,0.084011,0.159173,0.201365,0.111184,0.133821,-0.059359,-0.030733,0.684716,0.60973,0.606203,0.552469,0.074987,0.053734,0.280257,0.118832,0.143026,0.061797,0.069983,0.639696,0.566512,0.558505,0.488521,0.073185,0.069983,1.09153,0.523883,0.630545,0.022661,0.025423,0.646153,0.485505,0.864662,0.635799,0.160648,0.228863,1.459781,0.526787,0.63404,0.014034,0.01023,0.604901,0.472438,0.858225,0.58018,0.132463,0.278045,0.530959,0.236154,0.284235,-0.018672,-0.05164,0.626525,0.546054,0.787412,0.659855,0.080472,0.127558,0.875011,0.34518,0.415459,0.027684,0.011804,0.609347,0.543439,0.74402,0.560434,0.065908,0.183586,0.162595,0.0947,0.113981,-0.023368,-0.011495,0.639511,0.572639,0.663721,0.647542,0.066871,0.016179,0.150603,0.091018,0.10955,0.011658,-0.002141,0.616088,0.559695,0.643623,0.627788,0.056394,0.015836,0.134424,0.09094,0.109456,-0.042602,-0.018854,0.671348,0.620082,0.53109,0.479527,0.051266,0.051563,0.159032,0.077246,0.092974,0.024029,0.028037,0.635117,0.5914,0.50611,0.464733,0.043717,0.041376
Andus - Hop Step_compressed.mp4,single_athlete_training,34,data\processed\clips\Andus - Hop Step_compressed\event_034_kick_candidate_left_ankle_t158p07.mp4,0.4012,0.9919,left_ankle,kick_candidate,0.95944,0,0.0,kick,hopstep_kick,linear_kicks,0.330849,0.109934,0.110264,-0.098302,-0.004243,0.663262,0.56496,0.68339,0.672242,0.098302,0.011149,0.258841,0.105758,0.106075,-0.030452,0.067439,0.562066,0.517566,0.614924,0.54101,0.044501,0.073914,0.260816,0.095355,0.095641,-0.080397,0.021506,0.677387,0.59699,0.642244,0.611143,0.080397,0.031101,0.158354,0.093754,0.094036,-0.05042,0.037835,0.59599,0.534366,0.561217,0.523382,0.061624,0.037835,1.02859,0.422577,0.423844,-0.012581,0.011547,0.600714,0.580371,0.878689,0.661813,0.020343,0.216877,0.470175,0.120789,0.121152,-0.089858,-0.037423,0.597743,0.501127,0.872827,0.825434,0.096616,0.047393,0.589807,0.28667,0.28753,-0.033275,0.009994,0.639847,0.582666,0.773514,0.645609,0.057181,0.127905,0.302255,0.111779,0.112114,-0.088367,-0.008009,0.610344,0.512321,0.755666,0.737703,0.098023,0.017962,0.198263,0.085725,0.085982,-0.070848,6.7e-05,0.646615,0.568276,0.674501,0.672416,0.078339,0.002084,0.23889,0.110384,0.110715,-0.075833,-0.003884,0.621049,0.533722,0.674931,0.649957,0.087326,0.024974,0.239593,0.113155,0.113495,-0.076203,0.010753,0.67906,0.602856,0.589031,0.546573,0.076203,0.042458,0.202261,0.088315,0.08858,-0.075662,0.011993,0.635286,0.559624,0.519971,0.501185,0.075662,0.018786
Andus - Hop Step_compressed.mp4,single_athlete_training,37,data\processed\clips\Andus - Hop Step_compressed\event_037_kick_candidate_left_ankle_t169p31.mp4,0.2006,0.8386,left_ankle,kick_candidate,0.9173,0,0.0,kick,hopstep_kick,linear_kicks,0.351299,0.170074,0.136467,-0.101957,-0.039894,0.65052,0.548563,0.632947,0.574788,0.101957,0.058159,0.357668,0.156575,0.125635,-0.074814,-0.015309,0.588323,0.51351,0.584214,0.53404,0.074814,0.050173,0.298736,0.141265,0.113351,-0.106037,0.001693,0.702614,0.596577,0.616207,0.596763,0.106037,0.019445,0.422239,0.200078,0.160543,-0.074281,-0.035465,0.616835,0.542554,0.587536,0.518225,0.074281,0.069311,1.000096,0.366111,0.293767,-0.229009,0.019364,0.742012,0.512973,0.877411,0.796687,0.229039,0.080724,0.870946,0.557524,0.447357,-0.060884,-0.075595,0.592937,0.474428,0.886544,0.646015,0.118508,0.24053,0.689896,0.287834,0.230958,-0.166809,-0.045939,0.699348,0.532538,0.806818,0.722444,0.166809,0.084374,0.566487,0.30253,0.24275,-0.062785,-0.021177,0.59102,0.528236,0.774388,0.660824,0.062785,0.113564,0.251065,0.147938,0.118705,-0.112335,-0.01462,0.673898,0.561563,0.686177,0.664501,0.112335,0.021676,0.222441,0.143692,0.115298,-0.095327,-0.035805,0.632423,0.537096,0.683081,0.645953,0.095327,0.037127,0.258001,0.120474,0.096668,-0.081076,0.011658,0.69551,0.614434,0.539864,0.50945,0.081076,0.030414,0.200138,0.115134,0.092384,-0.06228,-0.014277,0.63485,0.572571,0.505615,0.47649,0.06228,0.029125
Andus - Hop Step_compressed.mp4,single_athlete_training,38,data\processed\clips\Andus - Hop Step_compressed\event_038_kick_candidate_left_ankle_t182p95.mp4,0.6018,0.9876,left_ankle,kick_candidate,0.934967,0,0.0,kick,hopstep_kick,linear_kicks,0.28699,0.100915,0.121462,-0.096002,0.012252,0.62801,0.527987,0.584633,0.559219,0.100023,0.025415,0.652071,0.212623,0.255913,-0.063367,-0.008421,0.578757,0.515389,0.572246,0.444795,0.063367,0.127451,0.240399,0.091885,0.110593,-0.099577,-0.023854,0.678228,0.576119,0.608152,0.584298,0.102109,0.023854,0.655333,0.18262,0.219801,-0.065896,-0.040369,0.607925,0.542028,0.578859,0.457904,0.065896,0.120955,1.415142,0.664014,0.799207,-0.195955,-0.014534,0.749577,0.509679,0.88591,0.548401,0.239898,0.337509,1.312974,0.541666,0.651949,-0.041763,-0.035301,0.588713,0.453609,0.877496,0.584189,0.135103,0.293307,0.830672,0.414325,0.498682,-0.151085,-0.067711,0.687175,0.535519,0.812103,0.573741,0.151656,0.238362,0.523824,0.318572,0.383434,-0.054517,-0.021456,0.585509,0.494649,0.760908,0.626835,0.09086,0.134073,0.358965,0.139242,0.167591,-0.105972,-0.038088,0.662599,0.548548,0.694995,0.632834,0.114051,0.062162,0.450412,0.154247,0.185652,-0.094611,-0.048591,0.631903,0.525981,0.684409,0.603743,0.105922,0.080666,0.202719,0.090936,0.10945,-0.078413,-0.014624,0.668855,0.590442,0.533227,0.502185,0.078413,0.031042,0.268605,0.107269,0.129109,-0.064655,-0.031393,0.62405,0.559395,0.507901,0.459396,0.064655,0.048505
Andus - Hop Step_compressed.mp4,single_athlete_training,40,data\processed\clips\Andus - Hop Step_compressed\event_040_kick_candidate_left_ankle_t196p59.mp4,0.8024,0.9904,left_ankle,kick_candidate,0.951971,0,0.0,kick,hopstep_kick,linear_kicks,0.332879,0.16801,0.235919,0.022575,0.007,0.663643,0.559092,0.657244,0.601067,0.104551,0.056176,0.452484,0.110562,0.155252,-0.047169,-0.05279,0.592497,0.527182,0.617153,0.527088,0.065315,0.090065,0.136719,0.091319,0.128231,-0.027085,-0.001091,0.681366,0.607724,0.608775,0.593153,0.073642,0.015622,0.29444,0.091791,0.128892,-0.028902,-0.030889,0.613603,0.551055,0.567654,0.520608,0.062549,0.047045,1.566289,0.621391,0.872557,-0.132445,-0.025171,0.719688,0.521443,0.880626,0.534639,0.198246,0.345987,1.166277,0.439345,0.616928,-0.007684,-0.072851,0.610673,0.517083,0.885675,0.617449,0.093591,0.268226,0.57772,0.323342,0.454037,-0.095052,-0.042515,0.695224,0.554155,0.792333,0.617309,0.141068,0.175023,0.640079,0.23652,0.332121,-0.015954,-0.086534,0.60591,0.527195,0.772154,0.624387,0.078715,0.147766,0.212342,0.100393,0.140971,-0.049924,-0.007526,0.67291,0.578018,0.671165,0.660887,0.094892,0.010279,0.167923,0.105963,0.148793,-0.038715,-0.029348,0.63708,0.556205,0.670011,0.627585,0.080876,0.042426,0.132962,0.069795,0.098006,-0.033,0.012508,0.688312,0.635134,0.550596,0.515149,0.053178,0.035447,0.140094,0.064807,0.091002,-0.021979,-0.002726,0.63495,0.586885,0.508508,0.489427,0.048065,0.019081
Andus - Hop Step_compressed.mp4,single_athlete_training,43,data\processed\clips\Andus - Hop Step_compressed\event_043_kick_candidate_left_ankle_t205p21.mp4,0.2006,0.8433,left_ankle,kick_candidate,0.9335,0,0.0,kick,hopstep_kick,linear_kicks,0.453277,0.229669,0.184287,-0.100044,-0.129663,0.666614,0.56657,0.632956,0.502682,0.100044,0.130274,0.918787,0.336286,0.269836,-0.096868,-0.106309,0.625956,0.529089,0.621785,0.448032,0.096868,0.173754,0.357053,0.202058,0.162131,-0.132523,-0.046115,0.717268,0.584745,0.613012,0.564731,0.132523,0.048281,0.662287,0.239772,0.192393,-0.112441,-0.072241,0.648768,0.536327,0.591968,0.478682,0.112441,0.113286,1.054931,0.370085,0.296957,-0.27647,-0.036836,0.799361,0.522891,0.9214,0.850163,0.27647,0.071237,1.696836,0.649942,0.521513,-0.172548,-0.231994,0.615526,0.442979,0.901967,0.541748,0.172548,0.360219,0.685709,0.285719,0.229261,-0.218876,-0.059089,0.754525,0.535649,0.831692,0.772603,0.218876,0.059089,0.879025,0.372216,0.298666,-0.145487,-0.153828,0.624707,0.479219,0.77125,0.567002,0.145487,0.204248,0.431562,0.220345,0.176805,-0.156309,-0.069333,0.712455,0.556146,0.716351,0.647017,0.156309,0.069333,0.367516,0.215151,0.172637,-0.139278,-0.093494,0.672006,0.532727,0.704208,0.610714,0.139278,0.093494,0.263701,0.158093,0.126854,-0.107654,-0.023531,0.713528,0.605875,0.517572,0.478581,0.107654,0.038991,0.403577,0.178095,0.142904,-0.099086,-0.045452,0.661451,0.562364,0.516264,0.449312,0.099086,0.066952
Andus - Hop Step_compressed.mp4,single_athlete_training,44,data\processed\clips\Andus - Hop Step_compressed\event_044_kick_candidate_left_ankle_t213p64.mp4,0.2006,0.7541,left_ankle,kick_candidate,0.736125,0,0.0,kick,hopstep_kick,linear_kicks,0.491974,0.223961,0.179706,-0.115053,-0.058053,0.53015,0.415097,0.598381,0.508602,0.115053,0.089778,1.05473,0.371309,0.297938,-0.10591,-0.110466,0.54191,0.436,0.634334,0.447966,0.10591,0.186368,0.408427,0.225672,0.181079,-0.158808,-0.024658,0.590979,0.43217,0.629027,0.582414,0.158808,0.046614,0.665352,0.255399,0.204932,-0.088572,-0.057661,0.568911,0.480338,0.595985,0.480038,0.088572,0.115947,0.983604,0.33651,0.270016,-0.189562,-0.156414,0.641556,0.451994,1.137845,0.980382,0.189562,0.157462,0.825961,0.37757,0.302962,-0.084432,-0.171773,0.563007,0.451849,0.999319,0.794179,0.111158,0.20514,0.890506,0.289477,0.232276,-0.183312,-0.111314,0.61746,0.434148,0.970528,0.849326,0.183312,0.121203,0.515407,0.299618,0.240414,-0.068031,-0.116132,0.546879,0.454321,0.886037,0.723978,0.092558,0.16206,0.565503,0.248162,0.199125,-0.15528,-0.039756,0.607182,0.451901,0.773807,0.695448,0.15528,0.078359,0.532773,0.227411,0.182475,-0.101933,-0.04908,0.583782,0.481849,0.766424,0.672,0.101933,0.094424,0.368906,0.184911,0.148372,-0.125893,0.028129,0.585871,0.459978,0.46586,0.416664,0.125893,0.049196,0.281688,0.15165,0.121684,-0.067058,0.057061,0.575597,0.508539,0.454406,0.37959,0.067058,0.074816
Andus - Hop Step_compressed.mp4,single_athlete_training,45,data\processed\clips\Andus - Hop Step_compressed\event_045_kick_candidate_left_ankle_t221p26.mp4,0.6018,0.8368,left_ankle,kick_candidate,0.61865,0,0.0,kick,hopstep_kick,linear_kicks,0.521614,0.218503,0.26299,0.106696,-0.036473,0.475466,0.35483,0.572825,0.467596,0.120636,0.105229,0.658801,0.312436,0.376048,-0.089036,-0.04788,0.545193,0.435201,0.639084,0.458527,0.109992,0.180558,0.571408,0.269252,0.324072,0.099241,0.080283,0.498491,0.378951,0.624874,0.510409,0.11954,0.114465,0.696158,0.346049,0.416505,-0.090507,0.065137,0.592801,0.481652,0.626236,0.487457,0.11115,0.138779,0.863834,0.328085,0.394884,0.057187,-0.083552,0.517942,0.447173,1.202748,0.981204,0.07077,0.221544,1.259993,0.392792,0.472764,0.015517,-0.135811,0.526244,0.500046,1.200639,0.912711,0.026199,0.287928,0.679414,0.250819,0.301886,0.053654,0.033671,0.505125,0.433423,0.982952,0.847891,0.071702,0.13506,0.639782,0.261784,0.315083,0.002929,-0.048859,0.518773,0.49903,0.983433,0.802874,0.019744,0.180559,0.775804,0.219849,0.26461,0.035721,0.111835,0.516603,0.452322,0.793393,0.640076,0.064281,0.153316,0.705943,0.199064,0.239593,-0.011902,0.070538,0.55138,0.507196,0.794004,0.65601,0.044184,0.137994,0.570842,0.231949,0.279173,0.105081,0.165232,0.520932,0.397736,0.464315,0.299082,0.123196,0.165232,0.567522,0.182172,0.219262,-0.003621,0.126581,0.555648,0.519527,0.450641,0.32406,0.03612,0.126581
Andus - Hop Step_compressed.mp4,single_athlete_training,46,data\processed\clips\Andus - Hop Step_compressed\event_046_kick_candidate_left_ankle_t225p47.mp4,0.2006,0.8433,left_ankle,kick_candidate,0.844475,0,0.0,kick,hopstep_kick,linear_kicks,0.204128,0.101651,0.081552,-0.070351,-0.0268,0.616695,0.546343,0.570708,0.543908,0.070351,0.0268,0.243202,0.132552,0.106347,-0.076423,0.012454,0.55891,0.482487,0.552827,0.514113,0.076423,0.038714,0.226113,0.107694,0.086404,-0.080212,0.012101,0.652067,0.571855,0.604977,0.584924,0.080212,0.020053,0.220306,0.100412,0.080563,-0.063987,-0.012588,0.568884,0.504898,0.550345,0.520079,0.063987,0.030266,0.769559,0.368278,0.295498,-0.132248,0.064349,0.637254,0.498398,0.860753,0.728948,0.138855,0.131805,1.392155,0.563189,0.451827,-0.129604,-0.11873,0.561424,0.431819,0.833595,0.564029,0.129604,0.269566,0.397262,0.147688,0.118498,-0.114592,0.016135,0.635228,0.520636,0.763863,0.746973,0.114592,0.01689,0.727343,0.321456,0.257899,-0.109893,-0.093247,0.568393,0.4585,0.741653,0.580546,0.109893,0.161107,0.226653,0.12145,0.097443,-0.096434,-0.003754,0.62042,0.523986,0.660445,0.654679,0.096434,0.005766,0.199197,0.119844,0.096149,-0.088645,-0.036948,0.587946,0.499301,0.657382,0.620435,0.088645,0.036948,0.143189,0.081496,0.065384,-0.056722,0.003961,0.639839,0.583117,0.531887,0.514559,0.056722,0.017328,0.137581,0.075177,0.060314,-0.052758,-0.019289,0.586934,0.534177,0.520616,0.501326,0.052758,0.019289
Andus - Hop Step_compressed.mp4,single_athlete_training,47,data\processed\clips\Andus - Hop Step_compressed\event_047_kick_candidate_left_ankle_t236p91.mp4,0.6018,0.9293,left_ankle,kick_candidate,0.652483,0,0.0,kick,hopstep_kick,linear_kicks,0.282098,0.144556,0.173988,0.129348,0.003752,0.406288,0.276939,0.640314,0.593355,0.129348,0.04696,0.737736,0.300881,0.36214,0.108829,0.019503,0.501155,0.391235,0.656535,0.489948,0.109919,0.166587,0.297107,0.150487,0.181126,0.164501,-0.059502,0.387115,0.222614,0.652797,0.593295,0.164501,0.059502,0.495377,0.213306,0.256735,0.09992,-0.032565,0.538555,0.428256,0.623553,0.524724,0.110299,0.098829,1.613045,0.55682,0.670188,0.178911,-0.182377,0.462138,0.283226,1.229197,0.822406,0.178911,0.406791,1.639194,0.593293,0.714087,0.125031,-0.132976,0.504506,0.370387,1.169914,0.774286,0.134119,0.395628,0.490139,0.199701,0.24036,0.186628,-0.114244,0.457787,0.27116,1.036323,0.922079,0.186628,0.114244,0.772695,0.346694,0.417281,0.105701,-0.093739,0.494655,0.388953,0.99824,0.775191,0.105701,0.223049,0.380514,0.157918,0.19007,0.139808,-0.067872,0.447933,0.308125,0.836445,0.766259,0.139808,0.070186,0.31937,0.153106,0.184278,0.114003,-0.072695,0.496865,0.382862,0.825722,0.740869,0.114003,0.084853,0.360355,0.184634,0.222226,0.158804,-0.004773,0.415409,0.256605,0.460482,0.397836,0.158804,0.062646,0.357109,0.18321,0.220512,0.111739,0.000446,0.514984,0.403245,0.451851,0.378788,0.111739,0.073063
Andus - Hop Step_compressed.mp4,single_athlete_training,48,data\processed\clips\Andus - Hop Step_compressed\event_048_kick_candidate_left_ankle_t243p93.mp4,0.4012,0.7728,left_ankle,kick_candidate,0.94788,0,0.0,kick,hopstep_kick,linear_kicks,0.265279,0.133798,0.1342,-0.044748,-0.037533,0.641605,0.581062,0.667832,0.602618,0.060543,0.065214,0.110654,0.06857,0.068776,-0.017421,0.002242,0.548153,0.519663,0.561059,0.534004,0.02849,0.027056,0.209061,0.122759,0.123127,-0.026525,0.004794,0.655232,0.607725,0.646115,0.594979,0.047508,0.051136,0.089689,0.033009,0.033108,-0.021179,0.009251,0.577451,0.55189,0.530102,0.519404,0.02556,0.010698,0.643773,0.330008,0.330999,-0.020108,0.019689,0.608297,0.541185,0.864555,0.710908,0.067112,0.153647,0.886717,0.365943,0.367041,-0.019217,0.008611,0.532059,0.458001,0.733782,0.572057,0.074058,0.161725,0.392814,0.17598,0.176508,-0.036063,0.004792,0.612062,0.548587,0.745186,0.686953,0.063475,0.058233,0.375541,0.170898,0.171411,-0.058462,0.00698,0.555456,0.491294,0.67969,0.607275,0.064162,0.072414,0.190766,0.105142,0.105457,-0.036943,-0.012441,0.612485,0.552755,0.679439,0.641647,0.05973,0.037791,0.216912,0.112603,0.112941,-0.040372,-0.012233,0.587648,0.532438,0.650253,0.605645,0.055209,0.044608,0.272051,0.145193,0.145628,-0.020734,-0.00596,0.657732,0.622938,0.593301,0.52287,0.034794,0.07043,0.142637,0.07293,0.073148,-0.021244,0.003647,0.609616,0.588372,0.521319,0.485136,0.021244,0.036183
Andus - Hop Step_compressed.mp4,single_athlete_training,53,data\processed\clips\Andus - Hop Step_compressed\event_053_punch_candidate_left_wrist_t63p39.mp4,0.2006,0.7653,left_wrist,punch_candidate,0.7664,0,0.0,kick,hopstep_kick,linear_kicks,0.652591,0.301256,0.241728,0.015912,-0.023265,0.404003,0.384299,0.602485,0.471637,0.019704,0.130847,0.03965,0.026335,0.021131,0.001507,0.004528,0.422154,0.41518,0.430185,0.421044,0.006973,0.009141,0.229035,0.101797,0.081682,0.022633,0.007006,0.397561,0.374928,0.54287,0.500598,0.022633,0.042272,0.047464,0.023208,0.018622,-0.005339,0.00806,0.416568,0.409748,0.475435,0.46553,0.00682,0.009905,0.050914,0.028118,0.022562,-0.004308,-0.005306,0.412767,0.403211,0.851914,0.84306,0.009557,0.008854,0.061193,0.027195,0.021821,-0.005877,-0.007227,0.414665,0.408788,0.855141,0.843108,0.005877,0.012033,0.093779,0.055154,0.044256,0.004004,-0.006694,0.416098,0.397292,0.730383,0.723534,0.018806,0.006848,0.053249,0.022441,0.018007,-0.000279,-0.006617,0.414171,0.412467,0.734428,0.722684,0.001704,0.011745,0.066975,0.045425,0.036449,0.008549,-0.008829,0.401831,0.388736,0.61785,0.606017,0.013095,0.011833,0.034236,0.018321,0.014701,-0.00323,-0.009628,0.410936,0.407174,0.614532,0.603774,0.003762,0.010759,0.114838,0.056643,0.045451,0.007003,0.000825,0.402619,0.38,0.458864,0.454499,0.022619,0.004365,0.016475,0.008999,0.007221,0.000205,-0.00673,0.411607,0.410299,0.452867,0.446137,0.001309,0.00673
Andus - Hop Step_compressed.mp4,single_athlete_training,64,data\processed\clips\Andus - Hop Step_compressed\event_064_punch_candidate_left_wrist_t213p04.mp4,0.2006,0.8123,left_wrist,punch_candidate,0.768375,0,0.0,kick,hopstep_kick,linear_kicks,0.884719,0.354848,0.284642,-0.191691,-0.178497,0.721842,0.53015,0.776878,0.595017,0.191691,0.181861,0.670831,0.290864,0.233377,-0.127225,-0.03836,0.669333,0.54191,0.718864,0.634334,0.127423,0.08453,0.542338,0.341712,0.274139,-0.183582,0.022918,0.77456,0.590979,0.629027,0.526685,0.183582,0.102342,0.620854,0.318215,0.255312,-0.129914,0.020607,0.698824,0.568911,0.610801,0.5278,0.129914,0.083001,0.466432,0.207374,0.166382,-0.110653,0.037063,0.75221,0.641556,1.148327,1.073685,0.110653,0.074642,0.382959,0.22626,0.181516,-0.151373,-0.065719,0.714379,0.563007,1.065038,0.997205,0.151373,0.067833,0.498845,0.24114,0.193475,-0.063957,0.04247,0.692967,0.61746,0.996829,0.898686,0.075507,0.098144,0.314694,0.202368,0.162354,-0.154304,0.007676,0.701183,0.546879,0.886037,0.859069,0.154304,0.026968,0.443662,0.259067,0.207851,-0.145748,0.043928,0.75293,0.607182,0.784413,0.702997,0.145748,0.081416,0.444256,0.238064,0.191014,-0.134056,0.057731,0.717838,0.583782,0.773035,0.693891,0.134056,0.079143,0.417881,0.296928,0.238213,-0.159744,0.011836,0.745615,0.585871,0.433405,0.345224,0.159744,0.08818,0.488732,0.296022,0.237483,-0.123274,-0.045488,0.698871,0.575597,0.442833,0.351997,0.123274,0.090836
Andus - Hop Step_compressed.mp4,single_athlete_training,65,data\processed\clips\Andus - Hop Step_compressed\event_065_punch_candidate_left_wrist_t214p24.mp4,0.6018,0.9506,left_wrist,punch_candidate,0.751933,0,0.0,kick,hopstep_kick,linear_kicks,0.847405,0.486394,0.585423,0.016904,0.021975,0.539568,0.415097,0.688771,0.518935,0.124471,0.169836,0.685874,0.343878,0.413891,0.101921,0.062219,0.557367,0.436,0.616635,0.523868,0.121367,0.092766,0.61287,0.203239,0.244618,0.031377,-0.058062,0.483164,0.424935,0.60437,0.479989,0.058229,0.124381,0.645515,0.267755,0.32227,0.057781,0.019369,0.549765,0.433716,0.56025,0.502619,0.116049,0.057631,0.445821,0.139508,0.167912,0.016219,-0.112293,0.509643,0.451554,0.985623,0.867108,0.058089,0.118515,0.681176,0.261165,0.314339,0.042007,0.065354,0.523519,0.478575,0.972229,0.827546,0.044944,0.144683,0.213271,0.124887,0.150313,0.043066,-0.096692,0.506921,0.434148,0.859214,0.762523,0.072772,0.096692,0.316822,0.17931,0.215817,0.016183,-0.012502,0.521583,0.458631,0.827103,0.757403,0.062952,0.0697,0.241298,0.106891,0.128654,0.022979,-0.069784,0.496347,0.451901,0.736326,0.654004,0.044446,0.082322,0.351072,0.165326,0.198987,0.03072,-0.052331,0.523347,0.460471,0.731968,0.663173,0.062877,0.068794,0.210731,0.111206,0.133847,-0.002694,0.001266,0.502679,0.444132,0.463489,0.443562,0.058547,0.019927,0.422387,0.15495,0.186497,0.001777,0.020326,0.531793,0.449444,0.475218,0.44218,0.08235,0.033039
Andus - Hop Step_compressed.mp4,single_athlete_training,68,data\processed\clips\Andus - Hop Step_compressed\event_068_punch_candidate_left_wrist_t222p46.mp4,0.2006,0.4663,left_wrist,punch_candidate,0.47965,1,0.25,kick,hopstep_kick,linear_kicks,0.693892,0.242323,0.19444,0.052142,0.186534,0.502239,0.450097,0.662628,0.476094,0.052142,0.186534,0.508944,0.22295,0.178895,-0.008034,0.156622,0.580317,0.533144,0.712171,0.555549,0.047173,0.156622,0.219401,0.084313,0.067653,0.032515,0.054973,0.495634,0.463119,0.565533,0.51056,0.032515,0.054973,0.145545,0.07249,0.058166,0.012842,0.037358,0.578588,0.551925,0.600676,0.563318,0.026662,0.037358,0.307257,0.145769,0.116965,0.034988,-0.111596,0.54843,0.513441,0.984402,0.872806,0.034988,0.111596,0.152345,0.065215,0.052328,-0.001705,-0.008632,0.564799,0.557955,0.90904,0.879256,0.006844,0.029784,0.351275,0.150953,0.121125,0.013176,-0.118791,0.523565,0.506238,0.872469,0.753678,0.017327,0.118791,0.166722,0.065033,0.052182,-0.014692,-0.050071,0.565409,0.550716,0.80383,0.753759,0.014692,0.050071,0.102959,0.046254,0.037114,0.002264,-0.032556,0.505611,0.495901,0.740366,0.70781,0.009711,0.032556,0.103585,0.043243,0.034698,0.000786,-0.018727,0.554266,0.540032,0.721116,0.702389,0.014234,0.018727,0.05098,0.015938,0.012788,0.000106,-0.012783,0.493744,0.493577,0.459742,0.446959,0.000166,0.012783,0.07592,0.025296,0.020298,0.012766,-0.004836,0.57124,0.556016,0.460673,0.455837,0.015224,0.004836
Andus - Hop Step_compressed.mp4,single_athlete_training,69,data\processed\clips\Andus - Hop Step_compressed\event_069_punch_candidate_left_wrist_t236p51.mp4,0.2006,0.7458,left_wrist,punch_candidate,0.713975,0,0.0,kick,hopstep_kick,linear_kicks,0.528694,0.299046,0.239955,0.140839,-0.016394,0.307059,0.166219,0.638188,0.547985,0.140839,0.090204,0.641444,0.256657,0.205942,0.000243,-0.114365,0.395494,0.391235,0.618587,0.489948,0.004259,0.128639,0.746091,0.311531,0.249973,0.11597,0.100822,0.282009,0.166039,0.652797,0.509098,0.11597,0.143699,0.668381,0.317797,0.255001,0.014101,0.016928,0.438635,0.414155,0.623553,0.490038,0.02448,0.133515,0.618617,0.299237,0.240108,0.062503,0.022132,0.33131,0.26025,1.229197,1.107248,0.071059,0.121949,0.427794,0.251782,0.20203,0.109721,-0.000772,0.424242,0.314521,1.169914,1.103102,0.109721,0.066813,0.718835,0.313747,0.25175,0.06737,0.052155,0.320121,0.24459,1.036323,0.894594,0.075532,0.141729,0.537731,0.263587,0.211502,0.08052,0.027176,0.404163,0.323643,0.99824,0.89536,0.08052,0.10288,0.830297,0.319801,0.256608,0.085068,0.085059,0.341471,0.256403,0.836445,0.674879,0.085068,0.161567,0.792433,0.305845,0.24541,0.065246,0.088918,0.390273,0.325026,0.825722,0.670793,0.065246,0.154929,0.720478,0.34666,0.27816,0.092788,0.025286,0.303712,0.210924,0.452667,0.312269,0.092788,0.140397,0.580716,0.296295,0.237747,0.055621,-0.000481,0.418881,0.36326,0.448696,0.333911,0.055621,0.114785
Andus - Hop Step_compressed.mp4,single_athlete_training,75,data\processed\clips\Andus - Hop Step_compressed\event_075_kick_candidate_right_ankle_t9p63.mp4,0.2006,0.8688,right_ankle,kick_candidate,0.815,0,0.0,kick,hopstep_kick,linear_kicks,0.233688,0.118696,0.095242,-0.05999,-0.058764,0.558063,0.498073,0.638488,0.579725,0.05999,0.058764,0.516262,0.18193,0.14598,-0.073202,0.028411,0.625892,0.522468,0.619252,0.590841,0.103424,0.028411,0.165625,0.084581,0.067868,-0.058021,-0.022581,0.575541,0.51752,0.553336,0.529669,0.058021,0.023667,0.403477,0.147303,0.118196,-0.060851,0.011392,0.631732,0.547656,0.573631,0.554163,0.084076,0.019468,1.030842,0.557415,0.44727,-0.056963,-0.006554,0.569167,0.45031,0.861206,0.657345,0.118858,0.203861,0.80162,0.403671,0.323906,-0.090541,0.010404,0.617152,0.493782,0.866278,0.734162,0.123369,0.132116,0.40795,0.22599,0.181335,-0.056139,-0.000288,0.563446,0.504363,0.730831,0.655078,0.059082,0.075753,0.337873,0.159539,0.128014,-0.064856,0.015,0.591614,0.523922,0.74805,0.693117,0.067692,0.054934,0.192744,0.095535,0.076657,-0.075997,0.006733,0.596815,0.520818,0.630778,0.624045,0.075997,0.006733,0.190959,0.096862,0.077722,-0.071371,0.007665,0.617155,0.545784,0.641441,0.629325,0.071371,0.012116,0.107404,0.073765,0.059189,-0.049184,-0.01377,0.588992,0.539808,0.498939,0.481265,0.049184,0.017674,0.200737,0.066363,0.05325,-0.044584,-0.003892,0.621199,0.572747,0.51272,0.50676,0.048452,0.00596
Andus - Hop Step_compressed.mp4,single_athlete_training,77,data\processed\clips\Andus - Hop Step_compressed\event_077_kick_candidate_right_ankle_t16p05.mp4,0.4012,0.9676,right_ankle,kick_candidate,0.84222,0,0.0,kick,hopstep_kick,linear_kicks,0.143067,0.079459,0.079698,-0.060609,0.033039,0.539895,0.479286,0.612181,0.577812,0.060609,0.034369,0.1824,0.101699,0.102004,-0.072611,0.031709,0.608371,0.53576,0.656434,0.606442,0.072611,0.049992,0.145067,0.081961,0.082207,-0.067775,0.0121,0.567172,0.497036,0.549227,0.533806,0.070136,0.015421,0.20445,0.094845,0.095129,-0.078119,0.014027,0.634466,0.555737,0.600504,0.571064,0.078729,0.02944,0.74498,0.315869,0.316816,-0.020199,0.213368,0.53802,0.450851,0.914222,0.700854,0.087169,0.213368,1.06755,0.445141,0.446477,-0.032167,-0.003996,0.595501,0.51762,0.867748,0.660303,0.077881,0.207445,0.431607,0.228194,0.228878,-0.059383,0.127391,0.560566,0.475395,0.771255,0.643864,0.085171,0.127391,0.587945,0.258302,0.259077,-0.053594,0.024708,0.589633,0.526141,0.761079,0.628998,0.063492,0.132081,0.214167,0.103277,0.103587,-0.084586,0.033733,0.594117,0.505444,0.646216,0.612483,0.088672,0.033733,0.20229,0.086336,0.086595,-0.07341,0.029775,0.608249,0.533309,0.658712,0.627525,0.07494,0.031187,0.169928,0.102199,0.102506,-0.086065,-0.010145,0.597632,0.511567,0.506282,0.477249,0.086065,0.029032,0.202086,0.094936,0.095221,-0.077058,0.006649,0.632759,0.555701,0.531534,0.50361,0.077058,0.027924
Andus - Hop Step_compressed.mp4,single_athlete_training,78,data\processed\clips\Andus - Hop Step_compressed\event_078_kick_candidate_right_ankle_t19p46.mp4,0.4012,0.9466,right_ankle,kick_candidate,0.8526,0,0.0,kick,hopstep_kick,linear_kicks,0.192519,0.079399,0.079637,-0.026615,0.018527,0.539582,0.494539,0.610086,0.589226,0.045043,0.02086,0.188071,0.073418,0.073639,-0.044253,0.007392,0.603016,0.558745,0.624511,0.59931,0.044271,0.025201,0.155559,0.083094,0.083343,-0.021302,0.01425,0.55502,0.511212,0.550915,0.529299,0.043808,0.021616,0.173735,0.041089,0.041212,-0.036402,0.0115,0.622658,0.586255,0.584456,0.572213,0.036402,0.012243,0.416117,0.244028,0.24476,-0.026102,0.084097,0.555335,0.462909,0.897756,0.813659,0.092426,0.084097,0.870466,0.382527,0.383675,0.008172,0.048544,0.570059,0.475225,0.86534,0.692802,0.094834,0.172538,0.27481,0.179367,0.179905,-0.003753,0.086782,0.53361,0.482924,0.76574,0.678958,0.050686,0.086782,0.283887,0.164142,0.164634,-0.01315,0.060387,0.579375,0.516073,0.747494,0.680267,0.063303,0.067228,0.201474,0.102713,0.103021,-0.040438,0.053994,0.586687,0.524855,0.648102,0.594108,0.061832,0.053994,0.205988,0.108984,0.109311,-0.043524,0.05101,0.616708,0.548961,0.659132,0.608122,0.067747,0.05101,0.188348,0.087981,0.088245,-0.026778,0.010317,0.576112,0.536883,0.502999,0.469945,0.039229,0.033054,0.20507,0.058568,0.058744,-0.02658,0.019383,0.616164,0.581251,0.523182,0.494323,0.034913,0.028858
Andus - Hop Step_compressed.mp4,single_athlete_training,79,data\processed\clips\Andus - Hop Step_compressed\event_079_kick_candidate_right_ankle_t22p27.mp4,0.2006,0.8085,right_ankle,kick_candidate,0.847875,0,0.0,kick,hopstep_kick,linear_kicks,0.204766,0.078184,0.062735,-0.039225,-0.000829,0.548097,0.502475,0.613522,0.596813,0.045622,0.016709,0.313717,0.113552,0.091114,-0.07551,-0.00677,0.608432,0.52678,0.616591,0.601586,0.081652,0.015005,0.177897,0.070252,0.05637,-0.037486,0.00545,0.564758,0.524875,0.548853,0.530277,0.039882,0.018575,0.280216,0.110159,0.088391,-0.071743,0.007196,0.621496,0.543491,0.567629,0.553872,0.078005,0.013757,0.190517,0.071656,0.057497,-0.048168,0.005296,0.557657,0.506171,0.867927,0.859811,0.051486,0.008117,1.498582,0.508118,0.407714,-0.187335,-0.23364,0.615666,0.428332,0.825981,0.542117,0.187335,0.283863,0.156557,0.074789,0.06001,-0.04519,0.006863,0.554057,0.50697,0.743516,0.723524,0.047087,0.019992,1.089172,0.400988,0.321753,-0.094265,-0.132434,0.581904,0.487638,0.737331,0.521481,0.094265,0.21585,0.226386,0.120847,0.096967,-0.069538,0.002134,0.586653,0.517115,0.634207,0.602661,0.069538,0.031546,0.272444,0.129005,0.103513,-0.079519,-0.005324,0.60672,0.527201,0.63682,0.601058,0.079519,0.035762,0.121274,0.062135,0.049857,-0.029624,0.008001,0.572186,0.542562,0.498237,0.476063,0.029624,0.022173,0.158372,0.081827,0.065658,-0.047178,0.000651,0.604715,0.557537,0.506501,0.483781,0.047178,0.02272
Andus - Hop Step_compressed.mp4,single_athlete_training,82,data\processed\clips\Andus - Hop Step_compressed\event_082_kick_candidate_right_ankle_t32p30.mp4,0.4012,0.9665,right_ankle,kick_candidate,0.84198,0,0.0,kick,hopstep_kick,linear_kicks,0.16286,0.09371,0.093991,-0.014076,0.032199,0.561844,0.5246,0.610983,0.577188,0.037244,0.033795,0.232475,0.078734,0.07897,-0.038874,0.007633,0.622578,0.571337,0.635026,0.613994,0.051242,0.021032,0.20621,0.103656,0.103967,-0.003414,0.01203,0.569586,0.526402,0.555485,0.524651,0.043184,0.030834,0.273204,0.083779,0.084031,-0.034666,0.001503,0.640252,0.591465,0.597916,0.572949,0.048787,0.024967,0.331463,0.174027,0.174549,0.013119,0.074907,0.576181,0.497014,0.882744,0.807836,0.079167,0.074907,0.69573,0.402442,0.403649,-0.008739,0.050788,0.579018,0.505789,0.859843,0.657686,0.073228,0.202157,0.24754,0.123497,0.123868,-0.013213,0.064272,0.568793,0.514439,0.755139,0.690867,0.054355,0.064272,0.454002,0.225757,0.226434,-0.01987,0.05684,0.594134,0.535869,0.74372,0.635619,0.058264,0.108101,0.159912,0.107899,0.108223,-0.029087,0.028405,0.609292,0.556308,0.631979,0.603574,0.052984,0.028405,0.12459,0.092713,0.092991,-0.03887,0.017869,0.63406,0.572576,0.641632,0.621527,0.061484,0.020105,0.209532,0.106504,0.106823,-0.011909,4e-06,0.594491,0.551721,0.51292,0.476238,0.042771,0.036681,0.186506,0.091365,0.091639,-0.036441,-0.025036,0.64288,0.598576,0.542899,0.496707,0.044303,0.046192
Andus - Hop Step_compressed.mp4,single_athlete_training,86,data\processed\clips\Andus - Hop Step_compressed\event_086_kick_candidate_right_ankle_t47p74.mp4,0.8024,0.9648,right_ankle,kick_candidate,0.828771,0,0.0,kick,hopstep_kick,linear_kicks,0.173208,0.094551,0.132768,0.019591,0.015462,0.579293,0.51008,0.615655,0.584253,0.069214,0.031403,0.181548,0.079731,0.111958,0.027352,0.040358,0.606137,0.54915,0.644882,0.601403,0.056987,0.043479,0.243523,0.103095,0.144767,0.043404,0.022239,0.614344,0.530923,0.567817,0.528154,0.083421,0.039663,0.124822,0.057045,0.080103,0.013157,0.005247,0.606832,0.565836,0.575457,0.565024,0.040996,0.010434,0.555359,0.288863,0.405622,0.084629,-0.009593,0.647793,0.467021,0.858542,0.740006,0.180773,0.118536,1.348365,0.488815,0.686393,-0.059103,0.046094,0.628525,0.490477,0.868822,0.532994,0.138048,0.335829,0.323094,0.193504,0.271718,0.064301,0.018976,0.624927,0.501892,0.753483,0.668264,0.123035,0.085219,0.696014,0.261803,0.367623,-0.013585,0.015313,0.585638,0.525841,0.747265,0.58037,0.059798,0.166894,0.238308,0.115372,0.162005,0.030877,0.010803,0.618262,0.533965,0.645371,0.616363,0.084297,0.029008,0.191726,0.074983,0.105291,-0.024325,0.00687,0.600805,0.55188,0.642559,0.605429,0.048925,0.03713,0.191755,0.068876,0.096716,0.038116,0.00476,0.615672,0.554953,0.494015,0.47957,0.060719,0.014444,0.098234,0.043147,0.060586,-0.000779,-0.007448,0.59211,0.575113,0.513522,0.496018,0.016997,0.017503
Andus - Hop Step_compressed.mp4,single_athlete_training,88,data\processed\clips\Andus - Hop Step_compressed\event_088_kick_candidate_right_ankle_t55p17.mp4,0.2006,0.9211,right_ankle,kick_candidate,0.823025,0,0.0,kick,hopstep_kick,linear_kicks,0.346398,0.154007,0.123575,-0.049974,-0.052745,0.561859,0.511885,0.655001,0.593512,0.049974,0.06149,0.454853,0.186162,0.149376,-0.08676,-0.036867,0.61634,0.518433,0.633374,0.587445,0.097906,0.045928,0.326931,0.117294,0.094117,-0.051591,-0.050986,0.580742,0.529151,0.597,0.539077,0.051591,0.057923,0.377157,0.16382,0.131449,-0.075087,-0.04151,0.626845,0.539415,0.594562,0.551094,0.08743,0.043468,0.317281,0.199436,0.160028,-0.08273,-0.006565,0.600523,0.517793,0.855933,0.804737,0.08273,0.051196,0.824163,0.404301,0.324412,-0.150669,0.023694,0.668456,0.515207,0.849059,0.69938,0.153249,0.149679,0.216693,0.097096,0.07791,-0.068858,-0.019848,0.574727,0.505869,0.741381,0.71827,0.068858,0.023111,0.661207,0.303927,0.243871,-0.107682,-0.023665,0.626853,0.519171,0.75372,0.635581,0.107682,0.118139,0.258518,0.134232,0.107708,-0.076953,-0.050296,0.61144,0.534486,0.679469,0.629173,0.076953,0.050296,0.268135,0.136919,0.109864,-0.083079,-0.036329,0.630572,0.547493,0.670101,0.62434,0.083079,0.045761,0.230592,0.095258,0.076435,-0.041921,-0.054853,0.589346,0.547425,0.538023,0.48317,0.041921,0.054853,0.170187,0.090962,0.072988,-0.047584,-0.034071,0.612083,0.562786,0.533316,0.499244,0.049296,0.034071
Andus - Hop Step_compressed.mp4,single_athlete_training,90,data\processed\clips\Andus - Hop Step_compressed\event_090_kick_candidate_right_ankle_t74p02.mp4,0.2006,0.8238,right_ankle,kick_candidate,0.818625,0,0.0,kick,hopstep_kick,linear_kicks,0.114301,0.069688,0.055918,-0.002263,0.008439,0.554804,0.538586,0.601267,0.580412,0.016217,0.020855,0.263224,0.099737,0.080029,-0.031281,0.005326,0.617336,0.573472,0.659341,0.629947,0.043864,0.029394,0.149105,0.083543,0.067035,0.015404,-0.007421,0.571983,0.541963,0.562062,0.535236,0.030021,0.026826,0.235312,0.082529,0.066221,-0.028417,0.01216,0.632075,0.594827,0.616411,0.587416,0.037248,0.028995,1.279391,0.718822,0.576783,0.053893,0.044827,0.612236,0.464459,0.864012,0.580327,0.147777,0.283685,0.673133,0.304758,0.244538,-0.015011,0.123159,0.560222,0.521734,0.859322,0.729893,0.038488,0.129429,0.461846,0.241244,0.193574,0.017668,0.045196,0.559096,0.523453,0.752021,0.636477,0.035642,0.115544,0.542533,0.184237,0.147832,0.002879,0.098753,0.56096,0.550675,0.75297,0.64439,0.010285,0.10858,0.213258,0.103661,0.083178,0.006627,0.03573,0.585755,0.558943,0.64503,0.6093,0.026812,0.03573,0.221245,0.103961,0.083418,-0.013822,0.043702,0.605494,0.580195,0.654334,0.610632,0.025299,0.043702,0.123119,0.079786,0.06402,0.015921,-0.006887,0.592168,0.568657,0.526162,0.49584,0.023511,0.030323,0.204373,0.107364,0.086149,-0.007007,-0.005116,0.616615,0.607147,0.566387,0.521381,0.009467,0.045005
Andus - Hop Step_compressed.mp4,single_athlete_training,92,data\processed\clips\Andus - Hop Step_compressed\event_092_kick_candidate_right_ankle_t93p68.mp4,0.4012,0.9266,right_ankle,kick_candidate,0.8468,0,0.0,kick,hopstep_kick,linear_kicks,0.103932,0.039047,0.039164,0.031778,-0.004196,0.529657,0.497878,0.575926,0.565259,0.031778,0.010667,0.236528,0.086774,0.087035,-0.01397,-0.01964,0.519093,0.484978,0.588277,0.548391,0.034116,0.039886,0.195708,0.092771,0.093049,0.057972,0.019184,0.565317,0.501921,0.560982,0.539094,0.063396,0.021888,0.1225,0.06407,0.064262,-0.02044,-0.005691,0.524821,0.490861,0.565993,0.54607,0.03396,0.019924,1.049376,0.34632,0.347358,0.124126,0.164398,0.581884,0.432303,0.788981,0.578108,0.14958,0.210873,0.8884,0.395526,0.396712,-0.002806,0.06057,0.506321,0.436486,0.810701,0.596264,0.069836,0.214437,0.494459,0.219464,0.220122,0.060886,0.082118,0.555199,0.470621,0.71912,0.588231,0.084578,0.13089,0.33731,0.173412,0.173932,0.010566,0.048424,0.509446,0.47285,0.718099,0.612974,0.036596,0.105125,0.095767,0.055757,0.055924,0.021736,0.007123,0.540801,0.505288,0.619618,0.609176,0.035513,0.010442,0.082246,0.052664,0.052822,-0.003738,0.004714,0.521977,0.497762,0.623082,0.612947,0.024215,0.010135,0.131443,0.068424,0.06863,0.041548,-0.005162,0.554582,0.506278,0.514923,0.496908,0.048304,0.018014,0.125606,0.069915,0.070125,-0.010164,-0.015014,0.522878,0.495176,0.52416,0.498744,0.027703,0.025416
Andus - Hop Step_compressed.mp4,single_athlete_training,93,data\processed\clips\Andus - Hop Step_compressed\event_093_kick_candidate_right_ankle_t97p69.mp4,0.4011,0.9582,right_ankle,kick_candidate,0.7916,0,0.0,kick,hopstep_kick,linear_kicks,0.46171,0.18614,0.18668,-0.061675,-0.12648,0.549765,0.47454,0.710282,0.575009,0.075224,0.135273,0.490073,0.2227,0.223319,-0.186895,0.027988,0.685934,0.499039,0.625301,0.578231,0.186895,0.04707,0.363748,0.185701,0.186246,-0.092674,-0.002886,0.551109,0.458434,0.603567,0.532421,0.092674,0.071146,0.525435,0.237169,0.237828,-0.199103,0.055055,0.723195,0.524004,0.642538,0.575821,0.199192,0.066717,1.564362,0.516453,0.517972,-0.110499,-0.233506,0.51582,0.405321,1.060915,0.747977,0.110499,0.312938,1.03841,0.322569,0.323532,-0.242391,-0.19647,0.715525,0.473134,1.163624,0.967153,0.242391,0.19647,0.863186,0.32569,0.326652,-0.111202,-0.223019,0.550142,0.438939,0.9076,0.679617,0.111202,0.227983,0.542978,0.288121,0.288931,-0.217306,-0.132135,0.697063,0.479757,0.971847,0.83867,0.217306,0.133177,0.379941,0.227652,0.228315,-0.15623,-0.062598,0.606494,0.450264,0.755843,0.662236,0.15623,0.093607,0.508053,0.213573,0.214203,-0.205374,-0.023787,0.689655,0.484282,0.769168,0.734819,0.205374,0.034349,0.279654,0.15409,0.154546,-0.09029,0.023852,0.575133,0.484844,0.443825,0.399177,0.09029,0.044648,0.441345,0.220451,0.22107,-0.160808,0.094072,0.711441,0.550633,0.51803,0.417135,0.160808,0.100895
Andus - Hop Step_compressed.mp4,single_athlete_training,96,data\processed\clips\Andus - Hop Step_compressed\event_096_kick_candidate_right_ankle_t110p53.mp4,0.4011,0.8986,right_ankle,kick_candidate,0.76946,0,0.0,kick,hopstep_kick,linear_kicks,0.530056,0.172269,0.17278,-0.127026,-0.078996,0.626676,0.499649,0.625058,0.529718,0.127026,0.09534,0.582201,0.281367,0.282162,-0.069176,-0.000665,0.68485,0.574297,0.625154,0.515941,0.110553,0.109214,0.509454,0.163441,0.163925,-0.136627,-0.04669,0.620349,0.483722,0.576572,0.511938,0.136627,0.064634,0.296193,0.143105,0.143515,-0.094686,0.004034,0.691151,0.591074,0.586802,0.545447,0.100077,0.041355,0.981417,0.322051,0.322919,-0.118835,-0.203813,0.569541,0.416115,0.985946,0.761789,0.153427,0.224157,1.074989,0.482109,0.483496,-0.254965,-0.102887,0.783078,0.521558,1.040632,0.807721,0.26152,0.232912,0.354968,0.206538,0.207122,-0.125959,-0.085675,0.598202,0.472243,0.830658,0.710024,0.125959,0.120634,0.800023,0.366547,0.367612,-0.209647,-0.153188,0.746135,0.536488,0.8929,0.682704,0.209647,0.210195,0.543216,0.232767,0.233444,-0.172145,-0.113318,0.66142,0.489275,0.756269,0.627902,0.172145,0.128367,0.571931,0.255953,0.256697,-0.182471,-0.111847,0.71992,0.537449,0.76233,0.621437,0.182471,0.140893,0.414262,0.160715,0.161188,-0.137009,-0.04922,0.642793,0.505784,0.490931,0.432855,0.137009,0.058076,0.311066,0.157109,0.157567,-0.134821,-0.014048,0.719672,0.584852,0.499404,0.457981,0.134821,0.041423
Andus - Hop Step_compressed.mp4,single_athlete_training,97,data\processed\clips\Andus - Hop Step_compressed\event_097_kick_candidate_right_ankle_t119p56.mp4,0.4012,0.9493,right_ankle,kick_candidate,0.8561,0,0.0,kick,hopstep_kick,linear_kicks,0.126695,0.063607,0.063798,0.0047,0.015753,0.52284,0.508835,0.580968,0.550949,0.014005,0.030018,0.131351,0.052416,0.052573,-0.025491,-0.01779,0.520321,0.488937,0.572391,0.545793,0.031385,0.026598,0.212469,0.081613,0.081858,0.022533,0.034308,0.549092,0.517529,0.55508,0.513426,0.031564,0.041654,0.133327,0.056858,0.057029,-0.022429,0.012003,0.521987,0.496375,0.541911,0.526017,0.025612,0.015895,0.298161,0.166354,0.166853,0.01856,0.066631,0.558399,0.484544,0.835268,0.763535,0.073855,0.071733,1.101003,0.489869,0.491339,-0.021143,0.061726,0.541304,0.43676,0.822927,0.56665,0.104544,0.256278,0.200137,0.094348,0.094631,0.020676,0.048474,0.534101,0.500478,0.720341,0.671867,0.033623,0.048474,0.43285,0.21893,0.219587,-0.012418,0.049926,0.525786,0.48672,0.721473,0.594002,0.039066,0.127471,0.218757,0.082605,0.082853,0.000423,0.021466,0.533733,0.517212,0.633343,0.592264,0.016521,0.041079,0.187063,0.071895,0.072111,-0.018707,0.022453,0.532997,0.505786,0.629386,0.594966,0.02721,0.03442,0.175327,0.071383,0.071597,0.00401,0.008032,0.542053,0.523426,0.51519,0.483201,0.018628,0.031989,0.158006,0.070156,0.070367,-0.0237,0.001802,0.529522,0.503821,0.514441,0.484717,0.025701,0.029723
Andus - Hop Step_compressed.mp4,single_athlete_training,98,data\processed\clips\Andus - Hop Step_compressed\event_098_kick_candidate_right_ankle_t123p77.mp4,0.2006,0.7217,right_ankle,kick_candidate,0.81505,0,0.0,kick,hopstep_kick,linear_kicks,0.259964,0.113449,0.091005,-0.059295,-0.024278,0.608864,0.549568,0.581808,0.537674,0.059295,0.044134,0.147586,0.068311,0.054808,-0.039349,0.004454,0.653719,0.614008,0.588109,0.574656,0.039711,0.013453,0.301452,0.1192,0.095616,-0.05521,-0.025964,0.612026,0.555577,0.565039,0.514368,0.05645,0.050671,0.195291,0.108814,0.087299,-0.041026,0.017624,0.676049,0.635023,0.597734,0.552729,0.041026,0.045005,1.186591,0.666149,0.534446,-0.097025,-0.206328,0.596135,0.427381,0.911427,0.569709,0.168754,0.341718,0.936206,0.299368,0.240119,-0.210585,-0.04208,0.762618,0.549814,0.929914,0.86439,0.212804,0.065524,0.672955,0.399267,0.320328,-0.085878,-0.106485,0.589556,0.501095,0.77554,0.572602,0.08846,0.202938,0.634768,0.225097,0.180554,-0.144613,-0.044465,0.706057,0.560281,0.807585,0.734984,0.145776,0.072601,0.522273,0.193081,0.154876,-0.087203,-0.062741,0.640069,0.552867,0.694921,0.601709,0.087203,0.093213,0.436811,0.187429,0.15035,-0.091823,-0.044184,0.676488,0.584664,0.693931,0.620354,0.091823,0.073576,0.268383,0.122735,0.098456,-0.041946,-0.008453,0.631879,0.589933,0.489896,0.445849,0.041946,0.044047,0.240309,0.104128,0.083535,-0.03463,0.013709,0.683202,0.648395,0.520256,0.475489,0.034807,0.044767
Andus - Hop Step_compressed.mp4,single_athlete_training,99,data\processed\clips\Andus - Hop Step_compressed\event_099_kick_candidate_right_ankle_t129p79.mp4,0.4011,0.9874,right_ankle,kick_candidate,0.9371,0,0.0,kick,hopstep_kick,linear_kicks,0.198665,0.106041,0.106347,-0.060323,0.037181,0.632117,0.564515,0.587315,0.544612,0.067603,0.042703,0.379909,0.143462,0.143876,-0.006572,0.087707,0.542208,0.50981,0.584192,0.496486,0.032398,0.087707,0.254973,0.104183,0.104487,-0.062206,-0.015527,0.667979,0.601977,0.606575,0.566892,0.066002,0.039683,0.418673,0.141769,0.142173,-0.023442,0.057256,0.563973,0.532177,0.57425,0.490414,0.031796,0.083836,0.320568,0.143377,0.143795,0.013849,0.081438,0.582571,0.529179,0.858544,0.776767,0.053392,0.081778,1.131326,0.506856,0.508301,-0.022905,0.068315,0.563975,0.45126,0.846284,0.580994,0.112716,0.265289,0.263024,0.086709,0.086965,-0.03486,0.004798,0.603444,0.544271,0.755501,0.743592,0.059173,0.011909,0.534062,0.273468,0.274247,-0.006735,0.046926,0.550071,0.492925,0.733421,0.585829,0.057146,0.147592,0.250266,0.102361,0.102658,-0.051383,-0.009672,0.623778,0.555554,0.664646,0.636575,0.068224,0.028071,0.162169,0.083023,0.083256,-0.0452,0.011414,0.5903,0.528228,0.62917,0.617716,0.062072,0.011454,0.227223,0.109802,0.110122,-0.071421,-0.004244,0.665619,0.594198,0.535017,0.495653,0.071421,0.039364,0.200164,0.078302,0.07853,-0.053401,0.018524,0.605572,0.552171,0.503529,0.468585,0.053401,0.034944
Andus - Hop Step_compressed.mp4,single_athlete_training,100,data\processed\clips\Andus - Hop Step_compressed\event_100_kick_candidate_right_ankle_t136p61.mp4,0.4012,0.9889,right_ankle,kick_candidate,0.9411,0,0.0,kick,hopstep_kick,linear_kicks,0.312722,0.14566,0.146097,-0.126674,-0.016025,0.66,0.533327,0.665247,0.638472,0.126674,0.026774,0.173019,0.087037,0.087298,-0.075895,0.031592,0.569032,0.493137,0.57681,0.545218,0.075895,0.031592,0.277203,0.1623,0.162787,-0.128052,-0.008305,0.686967,0.558916,0.634976,0.592434,0.128052,0.042542,0.171275,0.095485,0.095771,-0.093157,0.01705,0.60142,0.508262,0.531653,0.514603,0.093157,0.01705,0.267229,0.087866,0.08813,-0.085247,-0.001004,0.628177,0.542931,0.883139,0.872725,0.085247,0.010414,1.197163,0.496657,0.498146,-0.119836,0.06394,0.612846,0.444325,0.81721,0.573716,0.168521,0.243494,0.246749,0.114529,0.114872,-0.105547,-0.007184,0.630935,0.525387,0.7639,0.744119,0.105547,0.019781,0.574878,0.266768,0.267568,-0.087876,0.031952,0.583282,0.468695,0.700868,0.581031,0.114586,0.119837,0.297692,0.168301,0.168805,-0.124792,-0.042318,0.644339,0.519547,0.677662,0.629321,0.124792,0.048341,0.278816,0.15821,0.158685,-0.12361,-0.040997,0.617955,0.491111,0.647007,0.60601,0.126844,0.040997,0.272348,0.177607,0.17814,-0.143686,0.002336,0.696551,0.552864,0.569612,0.523565,0.143686,0.046046,0.217218,0.136995,0.137406,-0.1133,-0.004996,0.637491,0.524192,0.502707,0.472463,0.1133,0.030243
Andus - Hop Step_compressed.mp4,single_athlete_training,102,data\processed\clips\Andus - Hop Step_compressed\event_102_kick_candidate_right_ankle_t144p23.mp4,0.8024,0.9809,right_ankle,kick_candidate,0.908443,0,0.0,kick,hopstep_kick,linear_kicks,0.291205,0.112024,0.157305,0.001351,0.069072,0.587357,0.532447,0.645467,0.563464,0.05491,0.082003,0.256299,0.138001,0.19378,0.049203,0.143527,0.583815,0.510217,0.626029,0.482502,0.073598,0.143527,0.320861,0.087013,0.122184,-0.027607,-0.003042,0.634902,0.570346,0.587644,0.557661,0.064556,0.029983,0.298315,0.102838,0.144405,0.048687,0.091075,0.593861,0.542271,0.562425,0.47135,0.05159,0.091075,0.775493,0.321333,0.451215,0.102305,0.057224,0.659659,0.519223,0.864465,0.678035,0.140437,0.18643,0.981306,0.374689,0.526138,0.022917,0.12637,0.572393,0.518623,0.86107,0.645959,0.053771,0.215111,0.273074,0.141888,0.199239,0.03307,0.025232,0.607462,0.527186,0.744865,0.669062,0.080276,0.075803,0.611321,0.213149,0.299304,0.052822,0.121927,0.586891,0.502337,0.747715,0.623081,0.084554,0.124634,0.243188,0.084902,0.11922,-0.021472,0.003442,0.61576,0.546476,0.644963,0.635307,0.069284,0.009656,0.226229,0.083575,0.117356,-0.012035,0.014633,0.589618,0.528943,0.631392,0.616759,0.060675,0.014633,0.262632,0.091597,0.12862,-0.036133,-0.014513,0.646246,0.588886,0.532242,0.47949,0.05736,0.052752,0.211394,0.061493,0.086349,-0.009582,0.019347,0.593684,0.56424,0.501864,0.462197,0.029444,0.039667
Andus - Hop Step_compressed.mp4,single_athlete_training,103,data\processed\clips\Andus - Hop Step_compressed\event_103_kick_candidate_right_ankle_t152p26.mp4,0.4012,0.9848,right_ankle,kick_candidate,0.92506,0,0.0,kick,hopstep_kick,linear_kicks,0.204794,0.130628,0.13102,-0.053812,0.053071,0.641522,0.566683,0.600803,0.53308,0.074839,0.067723,0.378952,0.139986,0.140406,-0.017979,0.097062,0.570704,0.535468,0.565078,0.468016,0.035236,0.097062,0.201365,0.113334,0.113674,-0.060079,-0.010599,0.684716,0.60973,0.606203,0.572604,0.074987,0.033599,0.271929,0.086547,0.086807,0.009001,0.050662,0.586901,0.566512,0.550348,0.488521,0.02039,0.061826,1.09153,0.547673,0.549316,-0.058271,0.032372,0.623492,0.485505,0.864662,0.635799,0.137988,0.228863,1.459781,0.605584,0.607401,-0.012529,0.008208,0.590868,0.472438,0.856203,0.58018,0.118429,0.276023,0.530959,0.248387,0.249132,-0.051804,-0.063242,0.626525,0.546054,0.787412,0.659855,0.080472,0.127558,0.875011,0.381139,0.382283,-0.005457,0.010279,0.581663,0.543439,0.742495,0.560434,0.038224,0.182061,0.162595,0.093651,0.093932,-0.042977,-0.007317,0.639511,0.572639,0.663721,0.65172,0.066871,0.012002,0.150603,0.079633,0.079872,-0.017714,-0.00639,0.60443,0.559695,0.643623,0.627788,0.044735,0.015836,0.134424,0.090686,0.090958,-0.051266,-0.002511,0.671348,0.620082,0.53109,0.49587,0.051266,0.03522,0.133752,0.060889,0.061072,-0.007397,0.033528,0.611088,0.5914,0.50611,0.464733,0.019688,0.041376
Andus - Hop Step_compressed.mp4,single_athlete_training,104,data\processed\clips\Andus - Hop Step_compressed\event_104_kick_candidate_right_ankle_t161p48.mp4,0.6017,0.9889,right_ankle,kick_candidate,0.941767,0,0.0,kick,hopstep_kick,linear_kicks,0.278825,0.189255,0.22777,-0.189475,-0.073304,0.68406,0.494585,0.681252,0.607947,0.189475,0.073304,0.303379,0.139,0.167292,-0.12898,-0.001087,0.608638,0.479658,0.593281,0.549502,0.12898,0.043779,0.306673,0.189285,0.227807,-0.178988,-0.041328,0.711013,0.532025,0.643315,0.574759,0.178988,0.068556,0.217968,0.141067,0.169771,-0.127926,0.022012,0.629016,0.494783,0.562594,0.514679,0.134233,0.047916,0.39922,0.142334,0.171307,-0.156573,-0.043828,0.682142,0.525569,0.902644,0.858817,0.156573,0.043828,1.216172,0.456144,0.549011,-0.120764,0.004012,0.604437,0.441122,0.846242,0.602646,0.163315,0.243595,0.401722,0.169047,0.20345,-0.188538,-0.049399,0.688019,0.499481,0.792072,0.742673,0.188538,0.049399,0.742781,0.308075,0.370787,-0.141573,-0.037626,0.611104,0.463793,0.77366,0.600852,0.147311,0.172808,0.277995,0.168493,0.202777,-0.19417,-0.034785,0.683125,0.488955,0.681804,0.647019,0.19417,0.034785,0.290125,0.153546,0.184792,-0.168987,-0.034096,0.643058,0.474071,0.670245,0.631589,0.168987,0.038655,0.307332,0.212299,0.255496,-0.203123,-0.024285,0.728241,0.525118,0.573141,0.502563,0.203123,0.070578,0.233068,0.133988,0.161245,-0.154445,0.007267,0.66228,0.507835,0.491419,0.475039,0.154445,0.01638
Andus - Hop Step_compressed.mp4,single_athlete_training,105,data\processed\clips\Andus - Hop Step_compressed\event_105_kick_candidate_right_ankle_t165p70.mp4,0.2006,0.879,right_ankle,kick_candidate,0.92635,0,0.0,kick,hopstep_kick,linear_kicks,0.317428,0.197306,0.158318,-0.132888,-0.078489,0.625903,0.493015,0.632285,0.553796,0.132888,0.078489,0.197487,0.128945,0.103466,-0.103177,-0.00043,0.575781,0.472604,0.604116,0.600654,0.103177,0.003461,0.260374,0.159599,0.128062,-0.114767,-0.036779,0.643634,0.528868,0.65828,0.612281,0.114767,0.045998,0.226784,0.12248,0.098278,-0.097766,0.006567,0.58692,0.489154,0.53862,0.532052,0.097766,0.006567,0.675019,0.212896,0.170828,0.001245,0.139903,0.570949,0.549425,0.896843,0.749267,0.021524,0.147577,1.135145,0.423047,0.339453,-0.111176,-0.071171,0.579373,0.437391,0.899341,0.721316,0.141983,0.178025,0.162366,0.090902,0.07294,-0.060304,0.019192,0.586697,0.526393,0.766295,0.742274,0.060304,0.024021,0.738542,0.264268,0.212049,-0.139636,-0.051735,0.591443,0.451806,0.774814,0.669929,0.139636,0.104884,0.260385,0.15953,0.128007,-0.110861,-0.044914,0.613294,0.502433,0.698528,0.653613,0.110861,0.044914,0.337828,0.176212,0.141392,-0.127807,-0.050114,0.595569,0.467762,0.681564,0.63145,0.127807,0.050114,0.307569,0.187069,0.150104,-0.133742,-0.036942,0.66943,0.535688,0.589072,0.536864,0.133742,0.052208,0.276036,0.156955,0.12594,-0.124522,-0.006401,0.627785,0.503263,0.507951,0.495557,0.124522,0.012393
Andus - Hop Step_compressed.mp4,single_athlete_training,106,data\processed\clips\Andus - Hop Step_compressed\event_106_kick_candidate_right_ankle_t169p51.mp4,0.4012,0.9575,right_ankle,kick_candidate,0.91272,0,0.0,kick,hopstep_kick,linear_kicks,0.284414,0.110979,0.111312,-0.032423,0.040258,0.610724,0.548563,0.620705,0.574788,0.062161,0.045917,0.295633,0.12375,0.124121,0.028475,0.064786,0.565511,0.51351,0.598826,0.53404,0.052001,0.064786,0.298736,0.111353,0.111688,-0.042489,-0.022151,0.661191,0.596577,0.616207,0.574612,0.064613,0.041595,0.250399,0.131464,0.131858,0.025951,0.031325,0.594101,0.542554,0.568136,0.518225,0.051547,0.049911,0.398737,0.204467,0.205081,0.072786,0.087938,0.623793,0.512973,0.885845,0.796687,0.11082,0.089158,0.870946,0.392579,0.393757,0.003368,0.105866,0.564676,0.474428,0.87261,0.646015,0.090247,0.226595,0.280491,0.146039,0.146477,-0.003327,0.041494,0.589649,0.532538,0.763938,0.722444,0.057111,0.041494,0.460567,0.16517,0.165665,-0.002196,0.093598,0.565659,0.528236,0.757215,0.660824,0.037423,0.09639,0.251065,0.116619,0.116969,-0.038587,-0.010804,0.635644,0.561563,0.672494,0.653697,0.074081,0.018797,0.210586,0.116481,0.11683,-0.027005,-0.004244,0.607672,0.537096,0.648475,0.637561,0.070576,0.010914,0.258001,0.114152,0.114495,-0.053955,-0.024085,0.670236,0.608584,0.539864,0.485365,0.061651,0.054499,0.170985,0.08396,0.084212,-0.015511,-0.002879,0.607218,0.572571,0.503352,0.473611,0.034647,0.029741
Andus - Hop Step_compressed.mp4,single_athlete_training,107,data\processed\clips\Andus - Hop Step_compressed\event_107_kick_candidate_right_ankle_t176p53.mp4,0.8024,0.9896,right_ankle,kick_candidate,0.946443,0,0.0,kick,hopstep_kick,linear_kicks,0.193592,0.111035,0.155915,-0.082358,-0.091435,0.661379,0.56466,0.662633,0.571198,0.096718,0.091435,0.262962,0.106583,0.149664,-0.030889,0.018033,0.591763,0.532419,0.610902,0.54731,0.059344,0.063592,0.25748,0.117953,0.16563,-0.075942,-0.034994,0.697584,0.607633,0.635699,0.56699,0.089951,0.068709,0.173413,0.081254,0.114096,-0.031952,0.018114,0.613233,0.559041,0.558025,0.516694,0.054192,0.041331,0.269425,0.126,0.176929,-0.025979,-0.020799,0.645691,0.546516,0.891957,0.871158,0.099175,0.020799,1.024188,0.509698,0.715717,-0.042712,0.033688,0.602855,0.452794,0.865461,0.536449,0.150061,0.329012,0.302961,0.11506,0.161567,-0.06389,-0.030681,0.662998,0.556017,0.794061,0.760652,0.106981,0.033409,0.604537,0.297106,0.417196,-0.031162,-0.025385,0.593911,0.500054,0.773944,0.575763,0.093858,0.19818,0.20792,0.11439,0.160627,-0.063221,-0.031874,0.661012,0.563734,0.683496,0.639223,0.097278,0.044273,0.172755,0.091917,0.12907,-0.048458,-0.034102,0.621143,0.539701,0.664878,0.62549,0.081441,0.039388,0.230758,0.121758,0.170973,-0.08432,-0.027022,0.705957,0.606718,0.557558,0.485065,0.09924,0.072493,0.142346,0.07177,0.10078,-0.052429,-0.003641,0.642868,0.571399,0.490125,0.47365,0.071469,0.016475
Andus - Hop Step_compressed.mp4,single_athlete_training,108,data\processed\clips\Andus - Hop Step_compressed\event_108_kick_candidate_right_ankle_t183p35.mp4,0.4012,0.9684,right_ankle,kick_candidate,0.92542,0,0.0,kick,hopstep_kick,linear_kicks,0.106176,0.056695,0.056866,-0.012611,0.018678,0.556846,0.527987,0.585403,0.566725,0.028859,0.018678,0.394094,0.125291,0.125667,0.01663,0.113263,0.549978,0.515389,0.634912,0.521649,0.034589,0.113263,0.160575,0.048127,0.048271,-0.016419,-0.012502,0.6068,0.576119,0.596824,0.584298,0.030681,0.012526,0.231526,0.070882,0.071095,0.028381,0.053609,0.572064,0.542028,0.573914,0.520306,0.030036,0.053609,1.415142,0.409656,0.410885,0.079159,0.384552,0.588838,0.509679,0.932953,0.548401,0.079159,0.384552,1.312974,0.561897,0.563583,0.023036,0.026365,0.549063,0.453609,0.863785,0.584189,0.095454,0.279596,0.580952,0.274849,0.275673,0.005588,0.224557,0.588058,0.535519,0.798298,0.573741,0.052539,0.224557,0.523824,0.262982,0.263771,0.01521,0.043449,0.54746,0.494649,0.770526,0.626835,0.052811,0.143692,0.174079,0.07257,0.072788,-0.00546,0.016102,0.583484,0.548548,0.666101,0.647736,0.034936,0.018364,0.182229,0.081336,0.08158,0.007298,0.027758,0.560319,0.525981,0.664209,0.625829,0.034339,0.03838,0.136258,0.060801,0.060983,-0.028651,-0.036311,0.625324,0.590442,0.533227,0.496916,0.034882,0.036311,0.123511,0.059927,0.060107,0.006595,-0.014907,0.584165,0.559395,0.497313,0.476508,0.02477,0.020805
Andus - Hop Step_compressed.mp4,single_athlete_training,109,data\processed\clips\Andus - Hop Step_compressed\event_109_kick_candidate_right_ankle_t191p17.mp4,0.4012,0.9892,right_ankle,kick_candidate,0.94394,0,0.0,kick,hopstep_kick,linear_kicks,0.210859,0.110126,0.110456,-0.094503,-0.033008,0.635391,0.540889,0.572613,0.535585,0.094503,0.037027,0.266504,0.128811,0.129198,0.007085,0.06571,0.551433,0.528181,0.589501,0.523791,0.023253,0.06571,0.195464,0.119817,0.120177,-0.096902,-0.045246,0.673085,0.576183,0.604048,0.558802,0.096902,0.045246,0.2372,0.090232,0.090503,0.002355,0.026098,0.570885,0.543126,0.549317,0.510671,0.027759,0.038646,0.126305,0.085023,0.085278,0.002911,0.014245,0.587026,0.544379,0.873328,0.859083,0.042647,0.014245,0.900667,0.486748,0.488209,0.019542,0.135597,0.561343,0.427263,0.855995,0.580669,0.13408,0.275326,0.124382,0.052882,0.053041,-0.041677,-0.004725,0.590221,0.548544,0.770539,0.760639,0.041677,0.009901,0.537387,0.278607,0.279442,0.038484,0.055724,0.553932,0.502453,0.73895,0.576213,0.051479,0.162737,0.160969,0.074553,0.074777,-0.051607,-0.024297,0.614834,0.563227,0.68043,0.653845,0.051607,0.026585,0.151186,0.088048,0.088312,-0.013794,-0.002293,0.57997,0.539036,0.646648,0.62773,0.040934,0.018919,0.1686,0.100192,0.100492,-0.086947,-0.03588,0.668104,0.581158,0.518775,0.482811,0.086947,0.035964,0.186918,0.085989,0.086247,-0.027159,-0.026075,0.606278,0.562009,0.493772,0.457745,0.04427,0.036027
Andus - Hop Step_compressed.mp4,single_athlete_training,110,data\processed\clips\Andus - Hop Step_compressed\event_110_kick_candidate_right_ankle_t197p19.mp4,0.4012,0.9885,right_ankle,kick_candidate,0.94424,0,0.0,kick,hopstep_kick,linear_kicks,0.332879,0.167111,0.167612,0.127893,0.032884,0.686985,0.559092,0.657244,0.601507,0.127893,0.055736,0.357923,0.103323,0.103633,0.084658,0.049936,0.61184,0.527182,0.591406,0.54147,0.084658,0.049936,0.219361,0.097317,0.097609,0.081587,-0.037801,0.689312,0.607724,0.608775,0.566523,0.081587,0.042252,0.230939,0.084496,0.08475,0.078894,0.012233,0.629949,0.551055,0.546705,0.528808,0.078894,0.017897,1.566289,0.49072,0.492192,0.170762,0.301386,0.692204,0.521443,0.875872,0.534639,0.170762,0.341233,1.166277,0.496892,0.498383,0.113762,-0.027226,0.650089,0.517083,0.850611,0.617449,0.133007,0.233162,0.57772,0.241599,0.242324,0.067154,0.125897,0.655122,0.554155,0.762617,0.617309,0.100966,0.145307,0.640079,0.279681,0.28052,0.097329,-0.043754,0.642221,0.527195,0.751562,0.624387,0.115026,0.127174,0.204694,0.096768,0.097058,0.071068,-0.017728,0.659784,0.578018,0.663639,0.64542,0.081766,0.018219,0.18901,0.10535,0.105666,0.076484,-0.009938,0.636243,0.556205,0.648907,0.627585,0.080038,0.021322,0.173997,0.067023,0.067225,0.043573,-0.048841,0.678707,0.635134,0.550596,0.501755,0.043573,0.048841,0.156483,0.060043,0.060223,0.056894,-0.01217,0.643779,0.586885,0.508508,0.496338,0.056894,0.01217
Andus - Hop Step_compressed.mp4,single_athlete_training,111,data\processed\clips\Andus - Hop Step_compressed\event_111_kick_candidate_right_ankle_t201p60.mp4,0.8024,0.9844,right_ankle,kick_candidate,0.923371,0,0.0,kick,hopstep_kick,linear_kicks,0.323646,0.147744,0.207461,-0.070136,0.047674,0.623623,0.520864,0.617411,0.526969,0.102759,0.090442,0.339945,0.152872,0.214663,0.041356,0.087964,0.602456,0.521272,0.627299,0.531542,0.081183,0.095757,0.231682,0.123661,0.173644,-0.110104,-0.067471,0.681107,0.556771,0.612999,0.545528,0.124337,0.067471,0.191602,0.10191,0.143102,0.014795,0.007293,0.609018,0.537547,0.559007,0.531092,0.071471,0.027915,0.51962,0.195316,0.274263,-0.066148,0.003384,0.682897,0.518132,0.888293,0.864015,0.164765,0.024278,1.269224,0.509869,0.715958,-0.048277,-0.01624,0.624714,0.4274,0.896643,0.598579,0.197314,0.298064,0.473017,0.172863,0.242734,-0.077479,-0.063606,0.660785,0.514985,0.833325,0.757467,0.1458,0.075858,0.772294,0.303103,0.425617,-0.018977,-0.020586,0.599733,0.506127,0.782824,0.586136,0.093607,0.196688,0.248493,0.11985,0.168294,-0.072499,-0.052373,0.662554,0.553129,0.706141,0.653755,0.109426,0.052386,0.301508,0.140511,0.197305,-0.025849,-0.054162,0.626728,0.536699,0.697544,0.618709,0.090029,0.078835,0.196725,0.105881,0.148678,-0.087613,-0.0525,0.674182,0.569552,0.513118,0.460618,0.10463,0.0525,0.147057,0.08408,0.118065,-0.010917,-0.018087,0.619164,0.559231,0.494016,0.469113,0.059933,0.024903
Andus - Hop Step_compressed.mp4,single_athlete_training,112,data\processed\clips\Andus - Hop Step_compressed\event_112_kick_candidate_right_ankle_t205p41.mp4,0.6018,0.9847,right_ankle,kick_candidate,0.925783,0,0.0,kick,hopstep_kick,linear_kicks,0.340349,0.127665,0.153657,-0.107589,0.002739,0.64563,0.533098,0.547222,0.502682,0.112532,0.04454,0.367309,0.146951,0.17687,-0.060314,0.143566,0.56448,0.493613,0.591598,0.448032,0.070867,0.143566,0.357053,0.130708,0.157321,-0.122343,-0.011094,0.694861,0.566973,0.579657,0.555061,0.127888,0.024597,0.153026,0.092989,0.111922,-0.06249,0.072043,0.579365,0.507199,0.550725,0.478682,0.072166,0.072043,0.322786,0.15789,0.190037,-0.020389,-0.044577,0.600092,0.518682,0.884564,0.805586,0.08141,0.078978,1.696836,0.544383,0.65522,-0.064688,-0.024383,0.592206,0.442979,0.855927,0.541748,0.149228,0.314179,0.300318,0.133829,0.161077,-0.064232,-0.055805,0.627055,0.525298,0.779999,0.724194,0.101756,0.055805,0.879025,0.303973,0.365862,-0.054724,-0.003656,0.582654,0.479219,0.731665,0.567002,0.103434,0.164664,0.247259,0.109361,0.131626,-0.086456,-0.034342,0.645081,0.545439,0.661987,0.627645,0.099643,0.034342,0.247886,0.106833,0.128585,-0.094544,-0.019609,0.62434,0.521641,0.647966,0.610714,0.102699,0.037252,0.194164,0.107742,0.129679,-0.113206,0.009065,0.67778,0.56207,0.501049,0.478581,0.115711,0.022469,0.186486,0.09549,0.114932,-0.091443,0.036688,0.615936,0.519149,0.486,0.449312,0.096786,0.036688
Andus - Hop Step_compressed.mp4,single_athlete_training,113,data\processed\clips\Andus - Hop Step_compressed\event_113_kick_candidate_right_ankle_t209p63.mp4,0.6018,0.9715,right_ankle,kick_candidate,0.94495,0,0.0,kick,hopstep_kick,linear_kicks,0.119504,0.071626,0.086209,-0.047764,0.024559,0.607815,0.557042,0.566211,0.534476,0.050773,0.031736,0.313299,0.103489,0.12456,0.021713,0.082586,0.539186,0.506467,0.605527,0.522941,0.032719,0.082586,0.183897,0.093239,0.112223,-0.034143,-0.00389,0.632745,0.593214,0.601071,0.55227,0.039531,0.048801,0.281679,0.102446,0.123305,0.016984,0.046866,0.55826,0.515575,0.570264,0.517641,0.042685,0.052623,0.305838,0.129862,0.156301,0.090986,0.040089,0.633442,0.521467,0.880289,0.8402,0.111975,0.040089,0.823427,0.338471,0.407383,0.030737,0.136508,0.539186,0.434435,0.840393,0.597439,0.104751,0.242953,0.18296,0.084247,0.1014,0.01346,0.037208,0.584103,0.54219,0.777347,0.740139,0.041913,0.037208,0.457648,0.216074,0.260067,-0.002754,0.084307,0.547263,0.490044,0.750681,0.594582,0.057219,0.156099,0.159663,0.066001,0.079439,-0.01132,0.011309,0.586122,0.551411,0.665659,0.640671,0.034711,0.024988,0.193729,0.076145,0.091648,-0.011246,0.0348,0.559864,0.523787,0.663558,0.621661,0.036077,0.041897,0.14853,0.085829,0.103304,-0.027185,-0.01325,0.622346,0.583579,0.532242,0.485486,0.038767,0.046756,0.094849,0.057833,0.069608,-0.007541,-0.003099,0.569319,0.539434,0.504139,0.479831,0.029885,0.024308
Andus - Hop Step_compressed.mp4,single_athlete_training,114,data\processed\clips\Andus - Hop Step_compressed\event_114_kick_candidate_right_ankle_t213p64.mp4,0.2006,0.8246,right_ankle,kick_candidate,0.736125,0,0.0,kick,hopstep_kick,linear_kicks,0.491974,0.223961,0.179706,-0.115053,-0.058053,0.53015,0.415097,0.598381,0.508602,0.115053,0.089778,1.05473,0.371309,0.297938,-0.10591,-0.110466,0.54191,0.436,0.634334,0.447966,0.10591,0.186368,0.408427,0.225672,0.181079,-0.158808,-0.024658,0.590979,0.43217,0.629027,0.582414,0.158808,0.046614,0.665352,0.255399,0.204932,-0.088572,-0.057661,0.568911,0.480338,0.595985,0.480038,0.088572,0.115947,0.983604,0.33651,0.270016,-0.189562,-0.156414,0.641556,0.451994,1.137845,0.980382,0.189562,0.157462,0.825961,0.37757,0.302962,-0.084432,-0.171773,0.563007,0.451849,0.999319,0.794179,0.111158,0.20514,0.890506,0.289477,0.232276,-0.183312,-0.111314,0.61746,0.434148,0.970528,0.849326,0.183312,0.121203,0.515407,0.299618,0.240414,-0.068031,-0.116132,0.546879,0.454321,0.886037,0.723978,0.092558,0.16206,0.565503,0.248162,0.199125,-0.15528,-0.039756,0.607182,0.451901,0.773807,0.695448,0.15528,0.078359,0.532773,0.227411,0.182475,-0.101933,-0.04908,0.583782,0.481849,0.766424,0.672,0.101933,0.094424,0.368906,0.184911,0.148372,-0.125893,0.028129,0.585871,0.459978,0.46586,0.416664,0.125893,0.049196,0.281688,0.15165,0.121684,-0.067058,0.057061,0.575597,0.508539,0.454406,0.37959,0.067058,0.074816
Andus - Hop Step_compressed.mp4,single_athlete_training,116,data\processed\clips\Andus - Hop Step_compressed\event_116_kick_candidate_right_ankle_t225p67.mp4,0.4011,0.972,right_ankle,kick_candidate,0.85896,0,0.0,kick,hopstep_kick,linear_kicks,0.204128,0.088649,0.088903,-0.078255,0.004697,0.609534,0.531279,0.561331,0.543908,0.078255,0.017423,0.159194,0.078621,0.078844,-0.045433,0.057328,0.517793,0.47236,0.571441,0.514113,0.045433,0.057328,0.226113,0.095373,0.09565,-0.065451,-0.018648,0.629925,0.564474,0.604977,0.566774,0.065451,0.038203,0.107322,0.058354,0.058522,-0.046946,0.026666,0.536681,0.489735,0.546745,0.520079,0.046946,0.026666,0.616616,0.171957,0.172464,0.02205,0.120118,0.520449,0.498398,0.860753,0.728948,0.02205,0.131805,1.392155,0.573459,0.575104,-0.045185,0.017753,0.541694,0.431819,0.84364,0.564029,0.109875,0.27961,0.124488,0.055485,0.055645,-0.036607,0.003676,0.55554,0.514578,0.763863,0.746973,0.040963,0.01689,0.727343,0.321353,0.32228,-0.072023,0.038572,0.566756,0.4585,0.742837,0.580546,0.108257,0.162291,0.226653,0.073697,0.073909,-0.063523,-0.007294,0.58645,0.520935,0.659644,0.647385,0.065515,0.012259,0.199197,0.082354,0.082587,-0.069632,-0.014849,0.562802,0.49125,0.644619,0.620435,0.071552,0.024184,0.143189,0.085299,0.085547,-0.0702,-0.013209,0.620287,0.550087,0.531887,0.501351,0.0702,0.030537,0.130782,0.068277,0.068474,-0.061238,-0.014681,0.566181,0.504943,0.505181,0.484627,0.061238,0.020554
Andus - Hop Step_compressed.mp4,single_athlete_training,117,data\processed\clips\Andus - Hop Step_compressed\event_117_kick_candidate_right_ankle_t229p49.mp4,0.6018,0.9903,right_ankle,kick_candidate,0.950617,0,0.0,kick,hopstep_kick,linear_kicks,0.171091,0.080119,0.096431,-0.088933,-0.007533,0.64289,0.552624,0.634835,0.625832,0.090266,0.009004,0.327472,0.122471,0.147406,-0.075848,-0.005511,0.568327,0.491399,0.607682,0.549014,0.076927,0.058668,0.189339,0.101805,0.122532,-0.093426,-0.017282,0.663123,0.569697,0.607878,0.571289,0.093426,0.036589,0.197663,0.104931,0.126295,-0.083085,0.007979,0.584772,0.501687,0.558065,0.516954,0.083085,0.041111,0.251078,0.109137,0.131358,-0.062472,0.020319,0.622446,0.530869,0.866918,0.836452,0.091577,0.030466,1.219066,0.528375,0.635952,-0.039282,0.008945,0.548979,0.433546,0.84783,0.566983,0.115433,0.280847,0.244211,0.096981,0.116727,-0.091566,-0.004655,0.641811,0.545771,0.758087,0.733352,0.09604,0.024735,0.714944,0.279539,0.336453,-0.067614,0.001068,0.579682,0.481161,0.739278,0.586444,0.098521,0.152834,0.220391,0.10497,0.126341,-0.100163,-0.036399,0.632351,0.532187,0.66539,0.628991,0.100163,0.036399,0.288101,0.111568,0.134283,-0.096667,-0.034701,0.598582,0.501916,0.655403,0.603939,0.096667,0.051464,0.18603,0.108428,0.130504,-0.101497,-0.021446,0.663447,0.56195,0.543623,0.497926,0.101497,0.045697,0.135078,0.088238,0.106203,-0.097335,-0.00832,0.609569,0.512234,0.494358,0.481625,0.097335,0.012733
Andus - Hop Step_compressed.mp4,single_athlete_training,118,data\processed\clips\Andus - Hop Step_compressed\event_118_kick_candidate_right_ankle_t233p50.mp4,0.4012,0.9903,right_ankle,kick_candidate,0.9506,0,0.0,kick,hopstep_kick,linear_kicks,0.243053,0.145257,0.145693,-0.138024,-0.009011,0.636086,0.498062,0.561163,0.534449,0.138024,0.026714,0.339209,0.197363,0.197955,-0.127004,0.002887,0.56256,0.435555,0.552206,0.483295,0.127004,0.06891,0.174232,0.13446,0.134863,-0.127114,-0.020232,0.663136,0.536023,0.595585,0.567019,0.127114,0.028565,0.183922,0.120244,0.120604,-0.10929,0.03444,0.568574,0.459284,0.533125,0.498685,0.10929,0.03444,0.13599,0.04678,0.046921,-0.033228,0.0176,0.573842,0.540614,0.861839,0.83823,0.033228,0.023609,1.618612,0.657637,0.65961,-0.078542,0.022084,0.574072,0.454811,0.863814,0.534937,0.119261,0.328877,0.187769,0.099008,0.099305,-0.089826,0.014919,0.602261,0.512436,0.771781,0.751969,0.089826,0.019812,0.955897,0.408243,0.409468,-0.11496,0.014969,0.594199,0.462827,0.765336,0.572457,0.131372,0.192879,0.185351,0.116787,0.117137,-0.115028,-0.012963,0.623225,0.508197,0.661328,0.648365,0.115028,0.012963,0.231528,0.140997,0.14142,-0.124666,-0.011058,0.600108,0.475441,0.646795,0.611785,0.124666,0.035009,0.234292,0.133471,0.133871,-0.127161,-0.029559,0.656376,0.529215,0.517772,0.488213,0.127161,0.029559,0.207909,0.122719,0.123088,-0.12158,-0.011443,0.600749,0.47917,0.483766,0.471863,0.12158,0.011902
Andus - Hop Step_compressed.mp4,single_athlete_training,119,data\processed\clips\Andus - Hop Step_compressed\event_119_kick_candidate_right_ankle_t237p11.mp4,0.4012,0.9091,right_ankle,kick_candidate,0.64156,0,0.0,kick,hopstep_kick,linear_kicks,0.282098,0.141268,0.141692,0.099229,0.015409,0.406288,0.307059,0.640314,0.593355,0.099229,0.04696,0.737736,0.232768,0.233466,0.105841,0.148142,0.501155,0.394223,0.656535,0.489948,0.106931,0.166587,0.230856,0.121163,0.121526,0.105106,-0.054571,0.387115,0.282009,0.647865,0.593295,0.105106,0.054571,0.316217,0.156892,0.157363,0.110299,0.066265,0.538555,0.428256,0.600091,0.524724,0.110299,0.075367,1.613045,0.562697,0.564385,0.130828,-0.088131,0.462138,0.33131,1.134951,0.822406,0.130828,0.312545,1.639194,0.626393,0.628272,0.071177,-0.066164,0.504506,0.424242,1.103102,0.774286,0.080264,0.328815,0.243375,0.141614,0.142038,0.137666,-0.02898,0.457787,0.320121,0.951059,0.922079,0.137666,0.02898,0.772695,0.346333,0.347372,0.090491,-0.025505,0.494655,0.404163,0.930005,0.775191,0.090491,0.154814,0.187717,0.113399,0.113739,0.106462,0.00079,0.447933,0.341471,0.783301,0.766259,0.106462,0.017042,0.213361,0.119853,0.120213,0.106593,-0.00906,0.496865,0.390273,0.762087,0.740869,0.106593,0.021217,0.300049,0.14949,0.149939,0.111697,0.050058,0.415409,0.303712,0.460482,0.397836,0.111697,0.062646,0.306858,0.148431,0.148876,0.096103,0.070355,0.514984,0.418881,0.451851,0.378788,0.096103,0.073063
Andus - Hop Step_compressed.mp4,single_athlete_training,120,data\processed\clips\Andus - Hop Step_compressed\event_120_kick_candidate_right_ankle_t243p73.mp4,0.6018,0.8904,right_ankle,kick_candidate,0.9485,0,0.0,kick,hopstep_kick,linear_kicks,0.265279,0.139553,0.167966,-0.075085,-0.052361,0.671941,0.581062,0.667832,0.602618,0.090879,0.065214,0.2979,0.106792,0.128535,-0.051189,-0.047061,0.581921,0.519663,0.608121,0.534004,0.062258,0.074117,0.209061,0.118939,0.143155,-0.046426,0.002542,0.675133,0.607725,0.646115,0.594979,0.067409,0.051136,0.17974,0.057464,0.069164,-0.040998,-0.020869,0.597269,0.55189,0.549525,0.519404,0.045379,0.030121,0.643773,0.333228,0.401074,-0.09016,0.017874,0.64467,0.541185,0.864555,0.710908,0.103485,0.153647,0.886717,0.436426,0.525282,-0.100692,-0.127043,0.574018,0.458001,0.834214,0.572057,0.116017,0.262157,0.392814,0.19043,0.229202,-0.088752,0.004059,0.661309,0.548587,0.745186,0.686953,0.112722,0.058233,0.541222,0.232619,0.27998,-0.105852,-0.090701,0.602846,0.491294,0.743792,0.607275,0.111552,0.136517,0.190766,0.113829,0.137004,-0.067211,-0.021334,0.642752,0.552755,0.679439,0.641647,0.089998,0.037791,0.216912,0.128998,0.155262,-0.066574,-0.045468,0.613849,0.532438,0.651113,0.605645,0.081411,0.045468,0.272051,0.135893,0.163561,-0.038395,-0.00907,0.675393,0.622938,0.593301,0.52287,0.052455,0.07043,0.142637,0.0762,0.091714,-0.036563,-0.006843,0.624935,0.588372,0.521319,0.485136,0.036563,0.036183
Andus - Hop Step_compressed.mp4,single_athlete_training,121,data\processed\clips\Andus - Hop Step_compressed\event_121_kick_candidate_right_ankle_t244p73.mp4,0.2006,0.7465,right_ankle,kick_candidate,0.936075,0,0.0,kick,hopstep_kick,linear_kicks,0.155873,0.088037,0.070625,0.0541,0.022643,0.650957,0.596857,0.633704,0.602618,0.0541,0.031085,0.239723,0.15755,0.126397,0.0893,0.047843,0.620032,0.530732,0.61924,0.561059,0.0893,0.058181,0.140853,0.0783,0.062814,0.0268,-0.055062,0.655507,0.628707,0.599773,0.544712,0.0268,0.055062,0.207457,0.1314,0.105415,0.081178,0.018948,0.63745,0.556271,0.563324,0.528655,0.081178,0.034668,0.305763,0.108344,0.086904,0.079565,-0.020409,0.634075,0.55451,0.864046,0.836421,0.079565,0.027625,0.745606,0.295653,0.237221,0.173741,0.124606,0.647067,0.473326,0.835762,0.70717,0.173741,0.128592,0.177098,0.082549,0.06622,0.057108,-0.018174,0.629666,0.572557,0.751481,0.727012,0.057108,0.024469,0.369858,0.210267,0.168704,0.134987,0.070929,0.631981,0.496994,0.728926,0.653092,0.134987,0.075835,0.128358,0.06018,0.048276,0.035017,-0.024761,0.610559,0.575541,0.643528,0.616886,0.035017,0.026642,0.131856,0.082527,0.066207,0.064249,0.008995,0.611525,0.547275,0.617364,0.605645,0.064249,0.011718,0.087098,0.052973,0.042497,0.002754,-0.037869,0.639752,0.630608,0.52287,0.485001,0.009144,0.037869,0.134911,0.062942,0.050495,0.04857,-0.004934,0.636942,0.588372,0.492114,0.483848,0.04857,0.008265
Andus - Hop Step_compressed.mp4,single_athlete_training,122,data\processed\clips\Andus - Hop Step_compressed\event_122_kick_candidate_right_ankle_t247p34.mp4,0.6018,0.9867,right_ankle,kick_candidate,0.933867,0,0.0,kick,hopstep_kick,linear_kicks,0.130488,0.068983,0.083028,-0.044339,0.003205,0.636867,0.578928,0.552553,0.536474,0.057939,0.016078,0.132971,0.069181,0.083267,-0.004413,0.056571,0.538572,0.509471,0.578002,0.521431,0.029101,0.056571,0.163772,0.090325,0.108715,-0.042836,-0.035687,0.661549,0.606832,0.600261,0.547008,0.054716,0.053253,0.130202,0.064163,0.077227,-0.026952,0.042159,0.567316,0.523411,0.553542,0.511384,0.043905,0.042159,0.191096,0.080708,0.09714,0.007128,0.007968,0.571931,0.528369,0.869079,0.838909,0.043562,0.030171,1.500015,0.586012,0.705324,-0.031653,0.02057,0.577945,0.446141,0.84147,0.531514,0.131804,0.309956,0.17298,0.085012,0.102321,-0.008175,-0.008766,0.59487,0.544509,0.766701,0.74543,0.050361,0.021271,1.004006,0.371659,0.447328,-0.04528,-0.006008,0.596153,0.499062,0.749794,0.555311,0.097091,0.194483,0.173414,0.083383,0.10036,-0.033839,-0.012648,0.620401,0.558466,0.66641,0.641928,0.061934,0.024482,0.138768,0.080195,0.096522,-0.036868,-0.003184,0.591528,0.527396,0.640763,0.626936,0.064131,0.013826,0.14504,0.075849,0.091292,-0.052392,-0.016513,0.655102,0.597937,0.524656,0.486666,0.057165,0.03799,0.088372,0.052106,0.062715,-0.04649,0.010145,0.597641,0.546002,0.491007,0.476254,0.051639,0.014753
Andus - Hop Step_compressed.mp4,single_athlete_training,123,data\processed\clips\Andus - Hop Step_compressed\event_123_kick_candidate_right_ankle_t250p95.mp4,0.4011,0.992,right_ankle,kick_candidate,0.95964,0,0.0,kick,hopstep_kick,linear_kicks,0.263336,0.165501,0.165976,-0.146401,-0.000209,0.702574,0.556173,0.674355,0.651367,0.146401,0.022988,0.224951,0.118752,0.119097,-0.098152,-0.056975,0.599597,0.501445,0.603165,0.541931,0.098152,0.061234,0.236851,0.142017,0.142421,-0.10325,0.055313,0.694771,0.591521,0.652049,0.582137,0.10325,0.069912,0.156978,0.08572,0.085968,-0.07694,-0.018851,0.608755,0.531815,0.547639,0.52637,0.07694,0.021269,0.40961,0.118569,0.11892,-0.109198,0.031839,0.639808,0.529496,0.87461,0.842727,0.110313,0.031883,0.846898,0.450357,0.45168,-0.165892,-0.249392,0.601392,0.4355,0.833827,0.501966,0.165892,0.331861,0.253976,0.140687,0.141093,-0.137576,-0.004541,0.665175,0.527599,0.755871,0.740319,0.137576,0.015552,0.538159,0.296573,0.297445,-0.16783,-0.153118,0.620299,0.452469,0.754683,0.55864,0.16783,0.196043,0.197183,0.140186,0.140588,-0.130678,0.014993,0.663114,0.532436,0.683496,0.654147,0.130678,0.02935,0.203224,0.136653,0.13705,-0.117624,-0.042014,0.63045,0.512826,0.650523,0.608508,0.117624,0.042014,0.256913,0.143476,0.143886,-0.080969,0.069339,0.692219,0.61125,0.598358,0.507721,0.080969,0.090637,0.17536,0.087066,0.087317,-0.065208,0.02605,0.634923,0.569715,0.524444,0.484626,0.065208,0.039818
Andus - Hop Step_compressed.mp4,single_athlete_training,132,data\processed\clips\Andus - Hop Step_compressed\event_132_punch_candidate_right_wrist_t132p80.mp4,0.2006,0.7267,right_wrist,punch_candidate,0.9353,0,0.0,kick,hopstep_kick,linear_kicks,0.360233,0.17663,0.141728,-0.096318,-0.049431,0.647263,0.550945,0.657642,0.591441,0.096318,0.066201,0.610167,0.254526,0.204231,-0.069402,-0.042771,0.592742,0.52334,0.619585,0.511033,0.069402,0.108552,0.265703,0.136407,0.109453,-0.094101,-0.008851,0.688752,0.594651,0.611498,0.587718,0.094101,0.023781,0.51825,0.238132,0.191077,-0.075943,-0.039792,0.627663,0.551719,0.593991,0.50551,0.075943,0.08848,1.197179,0.457735,0.367287,-0.229648,-0.194615,0.771241,0.541594,0.894488,0.672359,0.229648,0.222129,0.468177,0.24007,0.192632,-0.065581,-0.010669,0.595507,0.529927,0.877167,0.784229,0.065581,0.092938,0.873757,0.375335,0.301169,-0.161123,-0.13788,0.726738,0.565615,0.805416,0.618515,0.161123,0.186901,0.539398,0.280896,0.225391,-0.066078,-0.007883,0.605176,0.539098,0.764021,0.656299,0.066078,0.107722,0.253819,0.158778,0.127404,-0.102018,-0.043864,0.684412,0.582394,0.701042,0.657177,0.102018,0.043864,0.311076,0.165822,0.133056,-0.096682,-0.049285,0.653657,0.556974,0.697818,0.642055,0.096682,0.055763,0.215164,0.115529,0.092701,-0.070571,0.004506,0.685319,0.614748,0.53613,0.505857,0.070571,0.030272,0.300356,0.145925,0.11709,-0.070415,-0.017552,0.645045,0.57463,0.527803,0.477163,0.070415,0.05064
Andus - Hop Step_compressed.mp4,single_athlete_training,133,data\processed\clips\Andus - Hop Step_compressed\event_133_punch_candidate_right_wrist_t140p22.mp4,0.2006,0.8164,right_wrist,punch_candidate,0.925125,0,0.0,kick,hopstep_kick,linear_kicks,0.246969,0.136287,0.109357,-0.08299,-0.023238,0.641458,0.558467,0.616319,0.580351,0.08299,0.035968,0.859352,0.321443,0.257926,-0.095537,-0.066931,0.6428,0.547264,0.652214,0.503616,0.095537,0.148598,0.246185,0.134522,0.10794,-0.09197,-0.015336,0.698844,0.606874,0.614154,0.586456,0.09197,0.027698,0.55378,0.24969,0.200352,-0.082108,-0.019168,0.655667,0.573559,0.601072,0.511078,0.082108,0.089995,0.987652,0.414514,0.332606,-0.229626,-0.18928,0.780587,0.539553,0.908008,0.718728,0.241034,0.18928,0.540469,0.331333,0.265861,-0.060522,-0.033391,0.607873,0.542077,0.880855,0.739613,0.065796,0.141242,0.655031,0.38398,0.308105,-0.151947,-0.117266,0.7324,0.580452,0.822954,0.649068,0.151947,0.173886,0.532535,0.328744,0.263784,-0.072702,-0.043908,0.617576,0.544873,0.770805,0.622358,0.072702,0.148447,0.416602,0.173606,0.139301,-0.117882,-0.054847,0.706933,0.589051,0.714831,0.658974,0.117882,0.055857,0.32795,0.159126,0.127683,-0.100651,-0.054792,0.66548,0.564829,0.707143,0.652201,0.100651,0.054941,0.204968,0.126182,0.101248,-0.068785,0.008886,0.69691,0.628125,0.530486,0.491723,0.068785,0.038764,0.330117,0.143865,0.115438,-0.063566,-0.021355,0.657613,0.594047,0.526284,0.470602,0.063566,0.055682
Andus - Hop Step_compressed.mp4,single_athlete_training,135,data\processed\clips\Andus - Hop Step_compressed\event_135_punch_candidate_right_wrist_t147p64.mp4,0.2006,0.7358,right_wrist,punch_candidate,0.93515,0,0.0,kick,hopstep_kick,linear_kicks,0.2009,0.105081,0.084317,-0.070862,-0.019315,0.658249,0.587387,0.572827,0.543874,0.070862,0.028953,0.74024,0.298763,0.239727,-0.072773,-0.069844,0.635226,0.541578,0.634025,0.497386,0.093648,0.136639,0.229804,0.138086,0.1108,-0.089944,0.012193,0.705687,0.615743,0.613364,0.577598,0.089944,0.035766,0.489067,0.213611,0.171401,-0.08122,-0.010898,0.660598,0.575073,0.601959,0.526061,0.085525,0.075897,0.961418,0.541363,0.43439,-0.282608,-0.313604,0.774127,0.491519,0.885868,0.572265,0.282608,0.313604,0.198459,0.128014,0.102719,-0.066452,-0.009145,0.606773,0.540321,0.872627,0.829506,0.066452,0.043121,0.54254,0.367155,0.294605,-0.14637,-0.215884,0.734113,0.585488,0.807366,0.591482,0.148624,0.215884,0.240694,0.168178,0.134946,-0.089892,-0.017364,0.631021,0.541129,0.763917,0.708105,0.089892,0.055812,0.38567,0.159225,0.127762,-0.107629,-0.049003,0.711513,0.603884,0.701224,0.649307,0.107629,0.051917,0.402493,0.164696,0.132152,-0.10369,-0.059121,0.674836,0.571146,0.698319,0.636852,0.10369,0.061467,0.213406,0.132345,0.106193,-0.060715,0.029781,0.702729,0.642014,0.543882,0.485843,0.060715,0.058039,0.312821,0.137208,0.110096,-0.062229,-0.00582,0.661267,0.599037,0.521479,0.473657,0.062229,0.047821
Andus - Hop Step_compressed.mp4,single_athlete_training,136,data\processed\clips\Andus - Hop Step_compressed\event_136_punch_candidate_right_wrist_t152p06.mp4,0.2006,0.7725,right_wrist,punch_candidate,0.9364,0,0.0,kick,hopstep_kick,linear_kicks,0.160557,0.111113,0.089157,-0.058002,-0.032178,0.644664,0.586662,0.576153,0.53308,0.058002,0.043073,0.717923,0.311284,0.249774,-0.055377,-0.052371,0.615043,0.535468,0.605036,0.468016,0.079575,0.13702,0.201365,0.120625,0.09679,-0.0812,0.003869,0.694235,0.613035,0.606203,0.583203,0.0812,0.023001,0.607226,0.23504,0.188596,-0.067393,-0.044893,0.642558,0.566512,0.591754,0.488521,0.076046,0.103232,1.09153,0.570313,0.457619,-0.278557,-0.253007,0.764061,0.485505,0.888806,0.635799,0.278557,0.253007,1.459781,0.717593,0.575797,-0.074169,-0.038569,0.605842,0.472438,0.869001,0.58018,0.133404,0.288821,0.530959,0.329811,0.26464,-0.170247,-0.149334,0.716301,0.546054,0.809189,0.659855,0.170247,0.149334,0.875011,0.480413,0.385483,-0.072136,-0.02962,0.615575,0.543439,0.757622,0.560434,0.072136,0.197188,0.360076,0.161843,0.129863,-0.10719,-0.047554,0.689396,0.582206,0.711275,0.659037,0.10719,0.052238,0.386512,0.160391,0.128698,-0.094488,-0.066485,0.654182,0.559695,0.70309,0.627788,0.094488,0.075302,0.142547,0.096685,0.07758,-0.051099,0.008217,0.686106,0.635008,0.53109,0.49838,0.051099,0.032709,0.352575,0.146046,0.117188,-0.059458,-0.017109,0.650858,0.5914,0.523219,0.464733,0.059458,0.058486
Andus - Hop Step_compressed.mp4,single_athlete_training,137,data\processed\clips\Andus - Hop Step_compressed\event_137_punch_candidate_right_wrist_t182p95.mp4,0.2006,0.7784,right_wrist,punch_candidate,0.943875,0,0.0,kick,hopstep_kick,linear_kicks,0.28699,0.122317,0.098147,-0.092405,-0.004092,0.62801,0.535605,0.572381,0.559219,0.092405,0.013162,0.652071,0.285309,0.228932,-0.054425,-0.03316,0.578757,0.524331,0.572246,0.444795,0.054425,0.127451,0.240399,0.132431,0.106263,-0.102109,-0.021138,0.678228,0.576119,0.608152,0.587014,0.102109,0.021138,0.655333,0.259926,0.208565,-0.059944,-0.045845,0.607925,0.543684,0.578859,0.457904,0.064241,0.120955,1.415142,0.926141,0.743135,-0.225058,-0.054019,0.749577,0.509679,0.88591,0.548401,0.239898,0.337509,1.312974,0.465405,0.373441,-0.135103,-0.293307,0.588713,0.453609,0.877496,0.584189,0.135103,0.293307,0.830672,0.429665,0.344763,-0.148476,-0.221582,0.687175,0.538699,0.812103,0.573741,0.148476,0.238362,0.523824,0.323916,0.25991,-0.084771,-0.134073,0.585509,0.500738,0.760908,0.626835,0.084771,0.134073,0.358965,0.190694,0.153013,-0.113962,-0.047259,0.662599,0.548637,0.694995,0.632834,0.113962,0.062162,0.450412,0.198179,0.159019,-0.094405,-0.057823,0.631903,0.537498,0.684409,0.603743,0.094405,0.080666,0.202719,0.104637,0.083961,-0.069491,0.007864,0.668855,0.599364,0.533227,0.506915,0.069491,0.026312,0.268605,0.126887,0.101814,-0.052495,-0.010588,0.62405,0.571554,0.507901,0.459396,0.052495,0.048505
Andus - Hop Step_compressed.mp4,single_athlete_training,139,data\processed\clips\Andus - Hop Step_compressed\event_139_punch_candidate_right_wrist_t205p21.mp4,0.2006,0.8394,right_wrist,punch_candidate,0.9335,0,0.0,kick,hopstep_kick,linear_kicks,0.453277,0.229669,0.184287,-0.100044,-0.129663,0.666614,0.56657,0.632956,0.502682,0.100044,0.130274,0.918787,0.336286,0.269836,-0.096868,-0.106309,0.625956,0.529089,0.621785,0.448032,0.096868,0.173754,0.357053,0.202058,0.162131,-0.132523,-0.046115,0.717268,0.584745,0.613012,0.564731,0.132523,0.048281,0.662287,0.239772,0.192393,-0.112441,-0.072241,0.648768,0.536327,0.591968,0.478682,0.112441,0.113286,1.054931,0.370085,0.296957,-0.27647,-0.036836,0.799361,0.522891,0.9214,0.850163,0.27647,0.071237,1.696836,0.649942,0.521513,-0.172548,-0.231994,0.615526,0.442979,0.901967,0.541748,0.172548,0.360219,0.685709,0.285719,0.229261,-0.218876,-0.059089,0.754525,0.535649,0.831692,0.772603,0.218876,0.059089,0.879025,0.372216,0.298666,-0.145487,-0.153828,0.624707,0.479219,0.77125,0.567002,0.145487,0.204248,0.431562,0.220345,0.176805,-0.156309,-0.069333,0.712455,0.556146,0.716351,0.647017,0.156309,0.069333,0.367516,0.215151,0.172637,-0.139278,-0.093494,0.672006,0.532727,0.704208,0.610714,0.139278,0.093494,0.263701,0.158093,0.126854,-0.107654,-0.023531,0.713528,0.605875,0.517572,0.478581,0.107654,0.038991,0.403577,0.178095,0.142904,-0.099086,-0.045452,0.661451,0.562364,0.516264,0.449312,0.099086,0.066952
Andus - Hop Step_compressed.mp4,single_athlete_training,140,data\processed\clips\Andus - Hop Step_compressed\event_140_punch_candidate_right_wrist_t213p44.mp4,0.4012,0.9481,right_wrist,punch_candidate,0.74002,0,0.0,kick,hopstep_kick,linear_kicks,0.491974,0.227405,0.228088,-0.163317,-0.054689,0.578414,0.415097,0.598381,0.508602,0.163317,0.089778,1.05473,0.431214,0.432507,-0.210617,-0.194995,0.646617,0.436,0.718864,0.447966,0.210617,0.270898,0.408427,0.243518,0.244249,-0.221245,-0.015063,0.653415,0.43217,0.629027,0.582414,0.221245,0.046614,0.665352,0.32849,0.329476,-0.212231,-0.072477,0.692569,0.480338,0.610801,0.480038,0.212231,0.130764,0.983604,0.312012,0.312948,-0.231195,-0.166896,0.683189,0.451994,1.148327,0.980382,0.231195,0.167944,0.825961,0.335565,0.336572,-0.117975,-0.169658,0.59655,0.451849,0.999319,0.794179,0.144701,0.20514,0.890506,0.293242,0.294122,-0.239287,-0.137615,0.673435,0.434148,0.996829,0.849326,0.239287,0.147504,0.515407,0.287454,0.288317,-0.115702,-0.111423,0.59455,0.454321,0.886037,0.723978,0.140229,0.16206,0.565503,0.269269,0.270076,-0.225434,-0.050362,0.677336,0.451901,0.784413,0.695448,0.225434,0.088965,0.532773,0.266483,0.267282,-0.186482,-0.05569,0.668331,0.481849,0.773035,0.672,0.186482,0.101034,0.387268,0.225382,0.226058,-0.194583,0.064416,0.654561,0.459978,0.46586,0.397117,0.194583,0.068743,0.488732,0.219067,0.219724,-0.165091,0.058205,0.67363,0.508539,0.454406,0.37959,0.165091,0.074816
Andus - Hop Step_compressed.mp4,single_athlete_training,141,data\processed\clips\Andus - Hop Step_compressed\event_141_punch_candidate_right_wrist_t214p64.mp4,0.2006,0.8157,right_wrist,punch_candidate,0.763775,0,0.0,kick,hopstep_kick,linear_kicks,0.6891,0.332079,0.26646,0.011572,0.043367,0.539568,0.420429,0.589039,0.518935,0.119138,0.070104,0.685874,0.311087,0.249616,-0.019446,-0.030547,0.557367,0.455491,0.616635,0.524162,0.101876,0.092473,0.337883,0.145264,0.11656,0.038613,0.066318,0.483164,0.424935,0.546307,0.479989,0.058229,0.066318,0.645515,0.30964,0.248455,-0.011646,-0.002375,0.549765,0.433716,0.560068,0.502619,0.116049,0.057449,0.445821,0.177787,0.142656,-0.00089,-0.104881,0.509643,0.468213,0.974018,0.867108,0.041429,0.10691,0.379897,0.202749,0.162686,-0.002937,-0.079329,0.523519,0.48687,0.972229,0.8929,0.036648,0.079329,0.213271,0.112246,0.090066,0.008166,-0.054806,0.506921,0.469049,0.817329,0.762523,0.037872,0.054806,0.315398,0.170559,0.136856,-0.026553,-0.066322,0.521583,0.458631,0.823726,0.757403,0.062952,0.066322,0.204633,0.087894,0.070526,-0.005769,-0.027666,0.496347,0.47488,0.691934,0.654004,0.021467,0.037929,0.351072,0.158888,0.127492,-0.010778,-0.02988,0.523347,0.460471,0.694894,0.663173,0.062877,0.031721,0.210731,0.114824,0.092135,-0.003152,0.019237,0.502679,0.457284,0.462994,0.443562,0.045395,0.019432,0.422387,0.199071,0.159735,-0.021477,0.012605,0.531793,0.449444,0.475218,0.44218,0.08235,0.033039
Andus - Hop Step_compressed.mp4,single_athlete_training,142,data\processed\clips\Andus - Hop Step_compressed\event_142_punch_candidate_right_wrist_t221p46.mp4,0.2006,0.772,right_wrist,punch_candidate,0.6145,0,0.0,kick,hopstep_kick,linear_kicks,0.521614,0.225936,0.181291,0.08482,-0.076631,0.475466,0.390646,0.570056,0.467596,0.08482,0.10246,0.658801,0.343656,0.27575,-0.089954,-0.147971,0.545193,0.435201,0.639084,0.458527,0.109992,0.180558,0.386433,0.239248,0.191973,0.107985,-0.043491,0.498491,0.384996,0.624874,0.538983,0.113495,0.08589,0.584706,0.326513,0.261994,-0.109815,-0.088025,0.592801,0.481652,0.626236,0.489295,0.11115,0.136942,0.863834,0.311634,0.250055,0.044428,-0.216285,0.517942,0.46274,1.202748,0.986463,0.055202,0.216285,1.259993,0.343613,0.275715,-0.00194,-0.243773,0.526244,0.512093,1.200639,0.945398,0.014151,0.255241,0.370307,0.192484,0.15445,0.045141,-0.099252,0.505125,0.452906,0.982952,0.88353,0.052219,0.099422,0.614786,0.179841,0.144304,-0.011534,-0.133563,0.518773,0.505291,0.983433,0.844983,0.013483,0.13845,0.158711,0.106208,0.085221,0.019235,-0.06293,0.516603,0.479035,0.793393,0.730462,0.037568,0.06293,0.18686,0.111563,0.089518,-0.044184,-0.075906,0.55138,0.507196,0.794004,0.718098,0.044184,0.075906,0.282575,0.190198,0.152615,0.089942,0.04074,0.520932,0.416416,0.452799,0.410656,0.104516,0.042144,0.149277,0.110409,0.088592,-0.032484,0.001115,0.555648,0.519527,0.437537,0.408095,0.03612,0.029442
Andus - Hop Step_compressed.mp4,single_athlete_training,143,data\processed\clips\Andus - Hop Step_compressed\event_143_punch_candidate_right_wrist_t233p30.mp4,0.2006,0.693,right_wrist,punch_candidate,0.953625,0,0.0,kick,hopstep_kick,linear_kicks,0.183917,0.131979,0.1059,-0.074183,-0.062038,0.646735,0.572551,0.596487,0.534449,0.074183,0.062038,0.656663,0.279838,0.224542,-0.085851,-0.060138,0.588988,0.503137,0.612344,0.483295,0.085851,0.129048,0.174232,0.11828,0.094908,-0.09136,-0.007398,0.68843,0.59707,0.597657,0.587251,0.09136,0.010405,0.441262,0.173114,0.138907,-0.076126,-0.052348,0.605321,0.529194,0.579214,0.498685,0.076126,0.080529,0.747729,0.230479,0.184936,-0.17447,0.033819,0.723489,0.549019,0.861839,0.82802,0.17447,0.033819,1.618612,0.671207,0.538577,-0.148448,-0.135208,0.603259,0.454811,0.852468,0.534937,0.148448,0.317532,0.605262,0.214568,0.17217,-0.171652,-0.003995,0.723559,0.551907,0.759017,0.751969,0.171652,0.007048,0.955897,0.361332,0.289932,-0.139367,-0.116176,0.602194,0.462827,0.754659,0.572457,0.139367,0.182202,0.222434,0.148143,0.11887,-0.115943,-0.021946,0.666563,0.55062,0.671948,0.650002,0.115943,0.021946,0.231528,0.15636,0.125463,-0.107745,-0.057555,0.628368,0.520623,0.66934,0.611785,0.107745,0.057555,0.123756,0.085205,0.068369,-0.067547,-0.00938,0.678113,0.610566,0.522394,0.513014,0.067547,0.00938,0.21,0.105087,0.084322,-0.064881,-0.040466,0.624205,0.559325,0.518298,0.477833,0.064881,0.040466
Andus - Hop Step_compressed.mp4,single_athlete_training,144,data\processed\clips\Andus - Hop Step_compressed\event_144_punch_candidate_right_wrist_t237p11.mp4,0.2006,0.7465,right_wrist,punch_candidate,0.6464,0,0.0,kick,hopstep_kick,linear_kicks,0.282098,0.147308,0.1182,0.075944,0.01852,0.383003,0.307059,0.640314,0.593355,0.075944,0.04696,0.737736,0.285854,0.229369,0.106931,0.152091,0.501155,0.394223,0.656535,0.489948,0.106931,0.166587,0.230856,0.121804,0.097735,0.085326,-0.041351,0.367335,0.282009,0.647865,0.606514,0.085326,0.041351,0.316217,0.160754,0.128989,0.083425,0.075367,0.511681,0.428256,0.600091,0.524724,0.083425,0.075367,1.613045,0.648297,0.520194,0.096833,-0.116365,0.428142,0.33131,1.134951,0.822406,0.096833,0.312545,1.639194,0.659528,0.529206,0.080264,-0.164812,0.504506,0.424242,1.103102,0.774286,0.080264,0.328815,0.243375,0.130629,0.104817,0.100717,-0.024483,0.420838,0.320121,0.951059,0.926576,0.100717,0.024483,0.772695,0.381137,0.305825,0.086342,-0.066845,0.490505,0.404163,0.930005,0.775191,0.086342,0.154814,0.153415,0.094819,0.076083,0.070594,0.012255,0.412065,0.341471,0.783301,0.766259,0.070594,0.017042,0.213361,0.12457,0.099955,0.086511,-0.0064,0.476783,0.390273,0.762087,0.740869,0.086511,0.021217,0.300049,0.138593,0.111207,0.075068,0.062646,0.37878,0.303712,0.460482,0.397836,0.075068,0.062646,0.306858,0.143075,0.114803,0.062112,0.072719,0.480993,0.418881,0.451851,0.378788,0.062112,0.073063
Andus - Spinning Hook Kick_compressed.mp4,single_athlete_training,3,data\processed\clips\Andus - Spinning Hook Kick_compressed\event_003_kick_candidate_left_ankle_t5p01.mp4,0.2004,0.7087,left_ankle,kick_candidate,0.77885,0,0.0,kick,spinninghook_kick,spinning_kicks,0.360072,0.217519,0.174363,-0.056165,0.008546,0.626783,0.543284,0.642981,0.5762,0.0835,0.066781,0.301626,0.154597,0.123925,-0.080514,-0.073332,0.641242,0.560728,0.685051,0.611719,0.080514,0.073332,0.555342,0.31122,0.249474,-0.102281,-0.01394,0.669359,0.51467,0.62875,0.556349,0.154689,0.072401,0.631355,0.235894,0.189093,-0.127385,-0.063012,0.650573,0.523188,0.643869,0.566583,0.127385,0.077287,0.718816,0.338718,0.271517,-0.179044,-0.044787,0.718311,0.535908,0.947484,0.865001,0.182403,0.082484,0.563672,0.157199,0.126011,-0.121376,-0.031772,0.637018,0.515642,0.910391,0.877686,0.121376,0.032705,0.430212,0.214163,0.171673,-0.089976,-0.035901,0.649668,0.528229,0.834557,0.798656,0.121439,0.035901,0.457726,0.157316,0.126104,-0.108171,-0.046283,0.622786,0.514615,0.813658,0.760842,0.108171,0.052816,0.274406,0.165075,0.132324,-0.101484,-0.015994,0.659781,0.558296,0.738759,0.710924,0.101484,0.027835,0.337172,0.155214,0.12442,-0.107556,-0.027745,0.639826,0.532271,0.738405,0.699912,0.107556,0.038493,0.335966,0.163716,0.131235,-0.080253,0.02785,0.651967,0.549445,0.577533,0.547831,0.102522,0.029701,0.367964,0.166614,0.133558,-0.091314,-0.012327,0.633761,0.542446,0.586686,0.541125,0.091314,0.045561
Andus - Spinning Hook Kick_compressed.mp4,single_athlete_training,4,data\processed\clips\Andus - Spinning Hook Kick_compressed\event_004_kick_candidate_left_ankle_t5p61.mp4,1.4028,0.9488,left_ankle,kick_candidate,0.80331,0,0.0,kick,spinninghook_kick,spinning_kicks,0.312708,0.175186,0.351072,0.116588,0.00173,0.687206,0.558256,0.744804,0.629287,0.12895,0.115518,0.341841,0.162801,0.326254,0.116136,0.059471,0.716777,0.535731,0.7033,0.611719,0.181046,0.091581,0.321693,0.186488,0.373722,0.165032,-0.010019,0.73211,0.56094,0.713531,0.59949,0.17117,0.114041,0.51415,0.16062,0.321882,0.174048,0.057214,0.708303,0.516029,0.665847,0.566583,0.192274,0.099264,1.257916,0.634402,1.271342,0.18023,0.110144,0.719497,0.458446,0.975145,0.660849,0.261052,0.314296,1.570954,0.496186,0.994356,0.247956,0.014373,0.763597,0.417055,0.93206,0.613394,0.346542,0.318666,0.605718,0.278726,0.558566,0.149534,0.022346,0.709225,0.503302,0.827815,0.690178,0.205923,0.137638,0.662965,0.260072,0.521184,0.211489,0.026355,0.726104,0.454332,0.803749,0.675327,0.271772,0.128422,0.247011,0.14292,0.286412,0.145456,-0.026356,0.703752,0.534254,0.755936,0.681482,0.169498,0.074454,0.283397,0.146538,0.293662,0.15992,-0.014578,0.692191,0.51654,0.7437,0.685334,0.175651,0.058367,0.269368,0.157374,0.315378,0.145563,-0.056033,0.717277,0.571714,0.668123,0.5215,0.145563,0.146623,0.378122,0.15006,0.300719,0.15387,-0.008377,0.696316,0.538295,0.61512,0.532748,0.158021,0.082372
Andus - Spinning Hook Kick_compressed.mp4,single_athlete_training,8,data\processed\clips\Andus - Spinning Hook Kick_compressed\event_008_kick_candidate_left_ankle_t15p43.mp4,0.2004,0.7112,left_ankle,kick_candidate,0.836175,0,0.0,kick,spinninghook_kick,spinning_kicks,0.237437,0.125285,0.100428,0.000297,0.000542,0.571419,0.528758,0.736893,0.712475,0.042661,0.024418,0.184178,0.119414,0.095723,-0.027647,-0.072303,0.534426,0.506779,0.743678,0.671375,0.027647,0.072303,0.165187,0.095192,0.076306,0.039313,0.012532,0.579616,0.540302,0.71388,0.680806,0.039313,0.033075,0.30845,0.112191,0.089932,0.007668,-0.06215,0.520576,0.505577,0.687613,0.615518,0.014999,0.072095,0.845772,0.337728,0.270723,0.056632,-0.053297,0.572481,0.484183,0.940468,0.795791,0.088298,0.144676,1.549477,0.775063,0.621291,-0.012972,0.100559,0.480959,0.404333,0.921366,0.616228,0.076626,0.305138,0.43053,0.227397,0.182282,0.045937,-0.017425,0.55607,0.510133,0.835518,0.755362,0.045937,0.080156,0.679632,0.360393,0.288891,0.028063,0.054986,0.489711,0.457029,0.790282,0.658063,0.032682,0.132219,0.133275,0.090865,0.072838,0.050774,-0.002071,0.561803,0.51103,0.741287,0.720866,0.050774,0.020421,0.160372,0.074305,0.059563,0.043247,0.006521,0.532187,0.48894,0.71245,0.697252,0.043247,0.015198,0.232507,0.112623,0.090278,0.065604,0.018103,0.595781,0.530177,0.664962,0.628938,0.065604,0.036025,0.202634,0.110514,0.088588,0.050701,-0.02124,0.550537,0.499836,0.636669,0.599118,0.050701,0.037551
Andus - Spinning Hook Kick_compressed.mp4,single_athlete_training,9,data\processed\clips\Andus - Spinning Hook Kick_compressed\event_009_kick_candidate_left_ankle_t20p04.mp4,0.2004,0.9341,left_ankle,kick_candidate,0.930975,0,0.0,kick,spinninghook_kick,spinning_kicks,0.385263,0.24501,0.1964,-0.116095,0.058318,0.703483,0.587387,0.682007,0.604868,0.116095,0.077139,0.450078,0.247055,0.198039,-0.096952,0.010541,0.708174,0.587667,0.668958,0.607207,0.120508,0.061751,0.628796,0.273846,0.219515,-0.16768,0.015408,0.74806,0.58038,0.665741,0.612694,0.16768,0.053047,0.379206,0.228678,0.183309,-0.120154,0.042106,0.722228,0.602075,0.694147,0.620763,0.120154,0.073384,0.862666,0.425702,0.341243,-0.301598,0.012254,0.860499,0.54038,0.963304,0.944774,0.320119,0.01853,0.405657,0.123792,0.099232,-0.09424,0.00184,0.686467,0.592227,0.938311,0.928467,0.09424,0.009844,0.784751,0.341852,0.274028,-0.235043,0.005813,0.815398,0.566434,0.858541,0.838517,0.248964,0.020024,0.282888,0.130234,0.104395,-0.097771,-0.00907,0.679386,0.581615,0.830323,0.811117,0.097771,0.019207,0.334012,0.214082,0.171608,-0.170909,-0.002661,0.762886,0.591977,0.742727,0.736148,0.170909,0.006578,0.292406,0.166586,0.133535,-0.130789,-0.006799,0.724768,0.593979,0.746001,0.734261,0.130789,0.01174,0.359031,0.212878,0.170643,-0.164523,0.020974,0.750592,0.586069,0.582088,0.559066,0.164523,0.023022,0.307248,0.151737,0.121632,-0.111943,0.032133,0.707515,0.595572,0.600857,0.567725,0.111943,0.033133
Andus - Spinning Hook Kick_compressed.mp4,single_athlete_training,10,data\processed\clips\Andus - Spinning Hook Kick_compressed\event_010_kick_candidate_left_ankle_t20p64.mp4,0.6012,0.942,left_ankle,kick_candidate,0.893767,0,0.0,kick,spinninghook_kick,spinning_kicks,0.198511,0.110503,0.132869,-0.065138,0.058055,0.587387,0.51373,0.740062,0.682007,0.073657,0.058055,0.40939,0.183875,0.221092,-0.138246,0.009212,0.611222,0.472976,0.747439,0.668958,0.138246,0.078481,0.177115,0.09358,0.112521,-0.026439,0.025367,0.58038,0.535722,0.700611,0.665741,0.044658,0.03487,0.420768,0.213344,0.256525,-0.124047,-0.095319,0.602075,0.478027,0.713003,0.598828,0.124047,0.114175,1.104457,0.449865,0.540917,-0.066758,0.003414,0.599328,0.492143,0.966717,0.742366,0.107185,0.224351,1.502752,0.610668,0.734268,-0.155687,-0.102288,0.592227,0.43654,0.965304,0.6785,0.155687,0.286804,0.749761,0.26687,0.320884,-0.079406,-0.021359,0.580355,0.500949,0.858541,0.708886,0.079406,0.149655,0.702456,0.287978,0.346265,-0.125547,-0.073788,0.581615,0.456068,0.817702,0.705958,0.125547,0.111744,0.173444,0.10019,0.120469,-0.067948,-0.041697,0.591977,0.522727,0.740065,0.692607,0.069251,0.047458,0.332028,0.12415,0.149278,-0.101924,-0.052168,0.593979,0.492055,0.739202,0.687034,0.101924,0.052168,0.255569,0.128616,0.154648,-0.028181,0.039112,0.586069,0.520708,0.641734,0.582088,0.065361,0.059646,0.396001,0.153994,0.185162,-0.094016,-0.045573,0.595572,0.497007,0.626969,0.555285,0.098565,0.071684
Andus - Spinning Hook Kick_compressed.mp4,single_athlete_training,12,data\processed\clips\Andus - Spinning Hook Kick_compressed\event_012_kick_candidate_left_ankle_t29p86.mp4,1.6031,0.9672,left_ankle,kick_candidate,0.839355,0,0.0,kick,spinninghook_kick,spinning_kicks,0.323547,0.157486,0.347143,-0.138423,0.082802,0.701165,0.533245,0.740541,0.611201,0.167921,0.12934,0.473677,0.243747,0.537292,-0.228694,-0.08607,0.726919,0.483838,0.769216,0.61788,0.243081,0.151336,0.437795,0.172499,0.380243,-0.172938,0.007085,0.755092,0.561918,0.706152,0.618065,0.193174,0.088088,0.509095,0.229647,0.506206,-0.234433,-0.047863,0.74917,0.489911,0.738431,0.583399,0.259259,0.155032,1.481945,0.583278,1.285676,-0.323745,0.099183,0.844545,0.435881,0.982149,0.685508,0.408664,0.29664,0.717081,0.216505,0.477262,-0.154135,-0.075873,0.688049,0.429319,0.960087,0.830822,0.258731,0.129265,0.801259,0.299931,0.661153,-0.284434,-0.040313,0.809179,0.493023,0.868995,0.69099,0.316156,0.178004,0.457764,0.178052,0.392488,-0.176087,-0.0164,0.695841,0.462864,0.840654,0.73882,0.232978,0.101834,0.388279,0.180109,0.397022,-0.223863,-0.046847,0.773119,0.533873,0.757428,0.649306,0.239245,0.108122,0.467904,0.170823,0.376544,-0.228875,-0.062265,0.751812,0.500411,0.758198,0.642918,0.251401,0.11528,0.331895,0.179427,0.395516,-0.167677,0.005589,0.746477,0.551815,0.633614,0.546816,0.194662,0.086798,0.468586,0.195802,0.431608,-0.201227,-0.018626,0.73237,0.511149,0.654867,0.527044,0.221221,0.127823
Andus - Spinning Hook Kick_compressed.mp4,single_athlete_training,15,data\processed\clips\Andus - Spinning Hook Kick_compressed\event_015_kick_candidate_left_ankle_t43p09.mp4,0.6012,0.9384,left_ankle,kick_candidate,0.852783,0,0.0,kick,spinninghook_kick,spinning_kicks,0.502039,0.234321,0.281748,-0.080218,0.083298,0.639467,0.502163,0.720009,0.588124,0.137305,0.131885,0.510305,0.222106,0.267061,-0.099354,0.069778,0.622214,0.519413,0.732621,0.616168,0.102802,0.116453,0.402068,0.241276,0.29011,-0.114884,0.051059,0.684084,0.500021,0.672785,0.59592,0.184062,0.076865,0.560102,0.259976,0.312595,-0.135812,0.034899,0.65126,0.49952,0.685489,0.580373,0.15174,0.105116,0.87714,0.466396,0.560795,-0.238417,0.000806,0.734665,0.496247,0.954954,0.765329,0.238417,0.189625,0.968962,0.339048,0.407672,-0.231319,-0.239227,0.657173,0.422757,0.925389,0.686162,0.234416,0.239227,0.459759,0.252997,0.304204,-0.130963,-0.042873,0.657852,0.526889,0.839078,0.730624,0.130963,0.108454,0.466779,0.202105,0.243011,-0.168284,-0.112987,0.639684,0.456046,0.814772,0.697355,0.183637,0.117417,0.308957,0.170022,0.204434,-0.134171,-0.029142,0.673911,0.519714,0.732904,0.688112,0.154197,0.044793,0.438777,0.176015,0.211641,-0.150634,-0.04219,0.658015,0.491475,0.733592,0.671546,0.16654,0.062046,0.332058,0.194474,0.233836,-0.088365,0.089397,0.66369,0.525215,0.634235,0.544838,0.138475,0.089397,0.441268,0.204619,0.246034,-0.113349,0.082699,0.643135,0.495898,0.632837,0.549366,0.147237,0.083471
Andus - Spinning Hook Kick_compressed.mp4,single_athlete_training,16,data\processed\clips\Andus - Spinning Hook Kick_compressed\event_016_kick_candidate_left_ankle_t44p09.mp4,0.4008,0.9013,left_ankle,kick_candidate,0.8456,0,0.0,kick,spinninghook_kick,spinning_kicks,0.256302,0.124473,0.124722,0.110563,-0.033017,0.669812,0.559249,0.707641,0.674624,0.110563,0.033017,0.376614,0.181234,0.181596,0.169999,-0.03671,0.692859,0.522861,0.71544,0.671232,0.169999,0.044208,0.181654,0.115539,0.11577,0.072821,-0.051486,0.642021,0.567423,0.672785,0.618651,0.074599,0.054134,0.358891,0.169978,0.170318,0.145079,-0.040707,0.660527,0.515448,0.660742,0.602668,0.145079,0.058074,1.134631,0.500026,0.501026,0.093063,-0.018238,0.589311,0.458229,0.905944,0.685928,0.131081,0.220017,1.122803,0.581766,0.58293,0.259161,0.249874,0.685015,0.425855,0.936037,0.686162,0.259161,0.249874,0.288515,0.150879,0.15118,0.096658,0.003122,0.623547,0.513736,0.799763,0.766523,0.109811,0.03324,0.411996,0.253277,0.253783,0.209734,0.100574,0.681134,0.4714,0.797929,0.697355,0.209734,0.100574,0.19847,0.081644,0.081807,0.080118,-0.007206,0.619859,0.539741,0.704723,0.695067,0.080118,0.009656,0.176126,0.127349,0.127604,0.126388,0.007844,0.633769,0.507381,0.698843,0.688621,0.126388,0.010222,0.213654,0.119448,0.119687,0.080368,-0.086786,0.655692,0.575324,0.634235,0.547449,0.080368,0.086786,0.309874,0.163973,0.164301,0.134957,-0.077722,0.664743,0.529786,0.632837,0.555115,0.134957,0.077722
Andus - Spinning Hook Kick_compressed.mp4,single_athlete_training,18,data\processed\clips\Andus - Spinning Hook Kick_compressed\event_018_kick_candidate_left_ankle_t66p33.mp4,0.6012,0.9068,left_ankle,kick_candidate,0.8508,0,0.0,kick,spinninghook_kick,spinning_kicks,0.127893,0.086725,0.104278,0.01869,-0.0259,0.551103,0.504164,0.705967,0.6673,0.046939,0.038667,0.276913,0.119066,0.143165,0.082083,0.027435,0.583885,0.501802,0.709991,0.655093,0.082083,0.054898,0.12519,0.06641,0.079851,0.014828,-0.015326,0.531394,0.504749,0.671305,0.638363,0.026645,0.032942,0.371147,0.114749,0.137974,0.113012,0.028969,0.598553,0.48554,0.661417,0.632058,0.113012,0.029359,1.49616,0.440611,0.52979,0.008619,0.100451,0.493149,0.427811,0.916224,0.611533,0.065337,0.304691,1.169101,0.463153,0.556896,0.165693,0.031414,0.606766,0.441072,0.926282,0.69226,0.165693,0.234021,0.44698,0.155168,0.186574,0.010462,0.038284,0.512485,0.457023,0.804471,0.712902,0.055462,0.091569,0.444491,0.217673,0.261731,0.135754,0.032137,0.592859,0.457105,0.81492,0.728857,0.135754,0.086063,0.118171,0.059994,0.072137,0.026391,-0.002273,0.528237,0.494119,0.71773,0.694664,0.034118,0.023066,0.238697,0.113469,0.136436,0.088945,0.015465,0.573727,0.484783,0.730661,0.694839,0.088945,0.035822,0.156333,0.06981,0.08394,0.031624,-0.041231,0.548604,0.51698,0.629482,0.578493,0.031624,0.050989,0.239394,0.110344,0.132677,0.108697,-0.011374,0.602916,0.494219,0.620669,0.584566,0.108697,0.036104
Andus - Spinning Hook Kick_compressed.mp4,single_athlete_training,21,data\processed\clips\Andus - Spinning Hook Kick_compressed\event_021_kick_candidate_left_ankle_t84p97.mp4,0.2004,0.6488,left_ankle,kick_candidate,0.654125,0,0.0,kick,spinninghook_kick,spinning_kicks,0.468879,0.271291,0.217467,-0.016519,-0.022894,0.603087,0.502944,0.632866,0.567724,0.100143,0.065142,0.511376,0.2708,0.217074,-0.121245,-0.039759,0.668941,0.547697,0.652291,0.600782,0.121245,0.051508,0.686062,0.352898,0.282883,-0.070591,0.000972,0.643431,0.480292,0.608525,0.550118,0.163139,0.058408,1.078531,0.362183,0.290326,-0.240814,-0.032435,0.721795,0.480981,0.622941,0.569921,0.240814,0.05302,0.593114,0.275708,0.221007,-0.148541,-0.097502,0.628123,0.461639,1.170202,1.072701,0.166484,0.097502,0.903777,0.336756,0.269944,-0.210179,-0.073258,0.659517,0.449338,1.173732,1.096173,0.210179,0.077559,0.459235,0.205318,0.164583,-0.068114,-0.020786,0.617402,0.506944,0.97819,0.953589,0.110459,0.024601,0.727754,0.256195,0.205366,-0.176004,-0.023412,0.663867,0.487863,0.977794,0.945838,0.176004,0.031955,0.332502,0.179211,0.143656,-0.114881,0.021456,0.655214,0.540333,0.832174,0.784688,0.114881,0.047486,0.535179,0.266595,0.213702,-0.192766,0.027034,0.704767,0.512001,0.833028,0.777897,0.192766,0.055131,0.424847,0.214893,0.172258,-0.062544,0.077136,0.646096,0.54109,0.513428,0.436292,0.105006,0.077136,0.593808,0.258812,0.207464,-0.178058,0.051935,0.708948,0.53089,0.512419,0.449441,0.178058,0.062978
Andus - Spinning Hook Kick_compressed.mp4,single_athlete_training,22,data\processed\clips\Andus - Spinning Hook Kick_compressed\event_022_kick_candidate_left_ankle_t99p60.mp4,1.0019,0.6912,left_ankle,kick_candidate,0.636612,1,0.125,kick,spinninghook_kick,spinning_kicks,0.471654,0.197901,0.317243,-0.295589,-0.110292,0.659347,0.363758,0.748105,0.525955,0.295589,0.22215,0.414093,0.144861,0.232203,-0.306782,-0.009048,0.6692,0.362418,0.731514,0.624839,0.306782,0.106674,0.739438,0.272014,0.436018,-0.336723,-0.086795,0.702047,0.365324,0.738836,0.555741,0.336723,0.183095,0.833676,0.242979,0.389461,-0.336561,-0.040894,0.713104,0.376542,0.698219,0.57318,0.336561,0.125038,1.466091,0.536563,0.860078,-0.370983,-0.087821,0.759592,0.38861,1.016932,0.662021,0.370983,0.35491,1.508917,0.467132,0.748818,-0.33021,-0.032998,0.717893,0.387683,1.070986,0.71576,0.33021,0.355226,0.958749,0.301905,0.483918,-0.320888,-0.14362,0.698183,0.377295,0.951446,0.704076,0.320888,0.247371,0.927229,0.259851,0.4165,-0.268005,-0.047631,0.660262,0.382467,0.934308,0.702023,0.277794,0.232284,0.501608,0.215705,0.345768,-0.333317,-0.103672,0.708721,0.375404,0.815656,0.625075,0.333317,0.190581,0.735617,0.222983,0.357412,-0.330062,-0.085144,0.715167,0.385105,0.817943,0.606571,0.330062,0.211372,0.41562,0.19463,0.312,-0.313219,-0.007685,0.690178,0.376959,0.685706,0.513851,0.313219,0.171855,0.445062,0.190749,0.305764,-0.315499,0.016975,0.70309,0.38759,0.652404,0.507214,0.315499,0.14519
Andus - Spinning Hook Kick_compressed.mp4,single_athlete_training,24,data\processed\clips\Andus - Spinning Hook Kick_compressed\event_024_kick_candidate_left_ankle_t105p81.mp4,0.2004,0.6943,left_ankle,kick_candidate,0.5527,1,0.25,kick,spinninghook_kick,spinning_kicks,0.396859,0.12426,0.099597,-0.0165,0.094687,0.571322,0.547679,0.762932,0.668245,0.023643,0.094687,0.482411,0.223335,0.178977,-0.101364,0.047283,0.622978,0.521614,0.750911,0.669304,0.101364,0.081607,0.407312,0.154583,0.123873,0.035099,0.104977,0.600271,0.551097,0.739214,0.634237,0.049174,0.104977,0.525866,0.246771,0.197759,-0.103888,0.02795,0.599857,0.49597,0.681118,0.590683,0.103888,0.090435,1.073299,0.489146,0.391992,0.021177,-0.390897,0.550993,0.52933,0.999172,0.608275,0.021663,0.390897,0.73901,0.311721,0.249802,-0.200737,-0.096863,0.655092,0.454356,0.994931,0.898067,0.200737,0.096863,0.802625,0.216968,0.173841,0.054167,-0.141814,0.614677,0.548268,0.881102,0.734694,0.066409,0.146409,0.616575,0.213294,0.170915,-0.132821,-0.105803,0.628031,0.495209,0.871703,0.765901,0.132821,0.105803,0.50508,0.152314,0.122044,-0.001389,-0.089354,0.579353,0.561266,0.774972,0.675192,0.018087,0.09978,0.582522,0.16931,0.135661,-0.067791,-0.094272,0.593007,0.525216,0.76841,0.663872,0.067791,0.104538,0.340558,0.163297,0.130868,0.019008,0.121082,0.602893,0.57122,0.674343,0.553261,0.031673,0.121082,0.434742,0.199324,0.159742,-0.086652,0.073809,0.613488,0.526835,0.642901,0.557085,0.086652,0.085816
Andus - Spinning Hook Kick_compressed.mp4,single_athlete_training,26,data\processed\clips\Andus - Spinning Hook Kick_compressed\event_026_kick_candidate_left_ankle_t119p44.mp4,0.2004,0.6144,left_ankle,kick_candidate,0.673075,1,0.25,kick,spinninghook_kick,spinning_kicks,0.348072,0.153748,0.123245,-0.030589,0.080634,0.608661,0.557067,0.777233,0.696598,0.051594,0.080634,1.264557,0.494216,0.396164,-0.156933,-0.055756,0.614466,0.456929,0.763427,0.564927,0.157536,0.198501,0.316047,0.156674,0.12559,-0.022595,0.038986,0.612212,0.550973,0.70568,0.6555,0.061239,0.05018,0.7468,0.264763,0.212234,-0.117662,0.008671,0.614566,0.473246,0.689293,0.631362,0.141319,0.057931,1.603901,0.450908,0.361448,-0.161841,-0.3139,0.660959,0.49339,0.906728,0.592828,0.167569,0.3139,0.169936,0.054315,0.043539,-0.033456,0.009156,0.53077,0.497314,0.918464,0.900858,0.033456,0.017606,0.940359,0.295033,0.236498,-0.060585,-0.168492,0.634241,0.527459,0.829051,0.660559,0.106782,0.168492,0.3044,0.096029,0.076977,-0.053909,-0.050086,0.555119,0.50121,0.833523,0.783437,0.053909,0.050086,0.315836,0.132772,0.10643,-0.062479,-0.002225,0.607209,0.54473,0.741931,0.699468,0.062479,0.042464,0.355746,0.107439,0.086123,-0.060649,0.006685,0.583603,0.514934,0.746119,0.726957,0.068668,0.019161,0.287778,0.133509,0.107021,-0.061187,0.044103,0.627635,0.566448,0.643122,0.593914,0.061187,0.049208,0.523904,0.187586,0.150369,-0.079303,0.048498,0.607116,0.502674,0.628926,0.580428,0.104442,0.048498
Andus - Spinning Hook Kick_compressed.mp4,single_athlete_training,27,data\processed\clips\Andus - Spinning Hook Kick_compressed\event_027_kick_candidate_left_ankle_t127p85.mp4,0.2004,0.8296,left_ankle,kick_candidate,0.889225,0,0.0,kick,spinninghook_kick,spinning_kicks,0.396726,0.235554,0.18882,-0.062679,0.116311,0.549209,0.46272,0.746852,0.630541,0.086489,0.116311,0.617722,0.271715,0.217807,-0.074905,0.14249,0.610656,0.535751,0.827314,0.664881,0.074905,0.162433,0.303629,0.162636,0.130369,-0.052772,0.087915,0.526299,0.457885,0.718863,0.630948,0.068415,0.087915,0.337942,0.172012,0.137885,-0.044597,0.100581,0.602275,0.557678,0.766281,0.654294,0.044597,0.111987,1.078819,0.409868,0.32855,-0.049687,-0.110395,0.534397,0.432939,0.852016,0.65771,0.101458,0.194307,1.187885,0.59908,0.480223,-0.007045,-0.004432,0.521739,0.464913,0.918981,0.686261,0.056826,0.23272,0.783158,0.264152,0.211744,-0.059885,-0.09549,0.544899,0.470356,0.79476,0.65118,0.074543,0.143581,0.843814,0.394005,0.315834,-0.017591,-0.027295,0.542277,0.506163,0.823055,0.657856,0.036115,0.165199,0.194378,0.095324,0.076412,-0.038262,-0.050331,0.537003,0.498741,0.733057,0.676676,0.038262,0.056381,0.150269,0.060565,0.048549,-0.024935,-0.023277,0.55955,0.534615,0.729146,0.697945,0.024935,0.031202,0.277143,0.134485,0.107803,-0.044047,0.095283,0.541825,0.495972,0.679223,0.58394,0.045853,0.095283,0.419674,0.185865,0.148989,-0.036733,0.126167,0.588615,0.551882,0.719704,0.585135,0.036733,0.134569
Andus - Spinning Hook Kick_compressed.mp4,single_athlete_training,29,data\processed\clips\Andus - Spinning Hook Kick_compressed\event_029_kick_candidate_left_ankle_t133p67.mp4,0.2004,0.6646,left_ankle,kick_candidate,0.68465,1,0.25,kick,spinninghook_kick,spinning_kicks,0.177562,0.082543,0.066166,-0.012273,-0.015349,0.588592,0.553337,0.752955,0.732776,0.035254,0.020179,1.483533,0.491368,0.393881,-0.168783,-0.134007,0.621396,0.430675,0.769736,0.541672,0.190721,0.228063,0.242811,0.109079,0.087437,0.022911,0.028682,0.588905,0.554935,0.721436,0.67405,0.033969,0.047386,0.91841,0.314951,0.252465,-0.164576,-0.025959,0.625388,0.460812,0.687113,0.593038,0.164576,0.094076,1.084714,0.422366,0.338569,0.03861,-0.131517,0.56495,0.473292,0.927782,0.716977,0.091657,0.210805,0.754791,0.29552,0.236888,-0.052981,0.202131,0.568343,0.500045,0.93288,0.730749,0.068298,0.202131,0.3267,0.151585,0.12151,0.011639,-0.023059,0.552125,0.506962,0.787017,0.73078,0.045163,0.056236,0.334152,0.154277,0.123669,-0.039241,0.101224,0.560491,0.511271,0.777126,0.675902,0.04922,0.101224,0.131908,0.057372,0.045989,-0.012098,-0.025681,0.558756,0.539204,0.71995,0.694269,0.019552,0.025681,0.30911,0.108057,0.086619,-0.08035,-0.019877,0.585406,0.505056,0.712305,0.692427,0.08035,0.019877,0.232501,0.106619,0.085466,0.001426,0.085281,0.559655,0.55617,0.68592,0.600639,0.003485,0.085281,0.432945,0.177327,0.142145,-0.106575,0.06295,0.597678,0.491104,0.662059,0.599109,0.106575,0.06295
Andus - Spinning Hook Kick_compressed.mp4,single_athlete_training,30,data\processed\clips\Andus - Spinning Hook Kick_compressed\event_030_kick_candidate_left_ankle_t151p50.mp4,0.6011,0.8714,left_ankle,kick_candidate,0.862767,0,0.0,kick,spinninghook_kick,spinning_kicks,0.834431,0.409539,0.492381,-0.070515,0.063127,0.56787,0.451791,0.776007,0.545467,0.116079,0.23054,0.488007,0.161407,0.194058,-0.092967,0.000659,0.630339,0.537372,0.753962,0.716429,0.092967,0.037533,0.560387,0.254839,0.306393,-0.067528,0.015166,0.543096,0.466208,0.703697,0.585102,0.076889,0.118594,0.448569,0.138348,0.16634,-0.104788,0.005967,0.64224,0.537452,0.70568,0.673094,0.104788,0.032586,0.640898,0.321963,0.387064,-0.085588,-0.046072,0.551554,0.45139,0.93319,0.819576,0.100164,0.113615,1.42896,0.59824,0.719181,-0.026419,0.07827,0.543934,0.451637,0.952749,0.564224,0.092297,0.388525,0.408373,0.148718,0.178792,-0.093869,-0.06303,0.566989,0.468472,0.837466,0.753354,0.098517,0.084112,0.537997,0.257717,0.309825,-0.053399,0.048119,0.572123,0.483851,0.818363,0.666035,0.088272,0.152329,0.239527,0.104374,0.125476,-0.09377,-0.041951,0.570137,0.476367,0.739888,0.687263,0.09377,0.052625,0.23188,0.10377,0.124767,-0.08677,-0.028164,0.592274,0.505503,0.73321,0.698716,0.08677,0.034494,0.322585,0.151,0.181546,-0.08228,0.012478,0.573632,0.491352,0.653639,0.585155,0.08228,0.068484,0.302086,0.141723,0.170395,-0.081945,0.028675,0.615013,0.533067,0.655621,0.600524,0.081945,0.055098
Andus - Spinning Hook Kick_compressed.mp4,single_athlete_training,33,data\processed\clips\Andus - Spinning Hook Kick_compressed\event_033_kick_candidate_left_ankle_t183p36.mp4,0.4008,0.8586,left_ankle,kick_candidate,0.5237,0,0.0,kick,spinninghook_kick,spinning_kicks,1.257517,0.629324,0.630583,-0.079024,0.209404,0.400099,0.274318,0.939285,0.582789,0.125781,0.356495,1.39951,0.590198,0.591378,-0.233944,0.240611,0.513701,0.279757,0.978335,0.605789,0.233944,0.372545,0.796933,0.466949,0.467883,-0.012145,0.18167,0.408389,0.249916,0.802911,0.58165,0.158472,0.22126,1.016994,0.462846,0.463772,-0.15513,0.21674,0.493985,0.235726,0.833988,0.617248,0.258259,0.21674,0.959428,0.503278,0.504285,0.002929,0.185605,0.382202,0.305269,1.478949,1.287643,0.076933,0.191305,0.569085,0.358686,0.359403,-0.042676,0.148715,0.358593,0.302258,1.513319,1.358093,0.056336,0.155225,0.792612,0.432778,0.433643,0.006002,0.187889,0.385611,0.278301,1.210598,1.022709,0.10731,0.187889,0.425565,0.286364,0.286936,-0.06742,0.126036,0.366555,0.299135,1.232814,1.106778,0.06742,0.126036,0.833952,0.463915,0.464842,0.037528,0.170607,0.381428,0.314358,0.989399,0.818792,0.06707,0.170607,0.657627,0.337581,0.338257,-0.07525,0.172075,0.396373,0.312164,1.006287,0.834212,0.084209,0.172075,0.53797,0.320167,0.320807,0.032688,0.240233,0.408584,0.308964,0.605185,0.364952,0.09962,0.240233,0.701499,0.381108,0.38187,-0.123606,0.274991,0.45535,0.29068,0.626617,0.351625,0.16467,0.274991
Andus - Spinning Hook Kick_compressed.mp4,single_athlete_training,34,data\processed\clips\Andus - Spinning Hook Kick_compressed\event_034_kick_candidate_left_ankle_t184p37.mp4,0.8016,0.9021,left_ankle,kick_candidate,0.5119,0,0.0,kick,spinninghook_kick,spinning_kicks,0.79678,0.434297,0.609232,0.467906,-0.088286,0.777569,0.309662,0.818893,0.730607,0.467906,0.088286,0.838504,0.427837,0.60017,0.50563,-0.13985,0.777821,0.272191,0.876535,0.691084,0.50563,0.185451,0.547659,0.349703,0.490564,0.358308,-0.198483,0.735612,0.377304,0.818773,0.616763,0.358308,0.202011,0.738549,0.435865,0.611431,0.470837,-0.191531,0.743807,0.27297,0.808706,0.586058,0.470837,0.222648,3.281836,1.046605,1.468178,0.267716,-0.340235,0.632716,0.343293,1.45083,0.793866,0.289423,0.656963,3.357216,1.075314,1.50845,0.291481,-0.422693,0.593671,0.30219,1.476112,0.804457,0.291481,0.671656,2.133769,0.719241,1.008952,0.233084,-0.217748,0.654029,0.354824,1.187296,0.764188,0.299205,0.423108,2.168378,0.729127,1.022819,0.327505,-0.308126,0.609012,0.281507,1.211113,0.784878,0.327505,0.426235,0.815599,0.357151,0.501011,0.343337,-0.131411,0.696832,0.353495,0.999373,0.825745,0.343337,0.173628,0.719734,0.38662,0.54235,0.417736,-0.140301,0.714829,0.297093,1.002846,0.840936,0.417736,0.16191,0.528023,0.277567,0.389371,0.322619,-0.120483,0.703917,0.381297,0.633397,0.510887,0.322619,0.122511,0.577262,0.348469,0.488832,0.415714,-0.158852,0.719853,0.304138,0.65251,0.475408,0.415714,0.177102
Andus - Spinning Hook Kick_compressed.mp4,single_athlete_training,41,data\processed\clips\Andus - Spinning Hook Kick_compressed\event_041_kick_candidate_left_ankle_t200p40.mp4,0.6012,0.9771,left_ankle,kick_candidate,0.883267,0,0.0,kick,spinninghook_kick,spinning_kicks,0.697753,0.254661,0.306204,-0.024972,0.079352,0.612168,0.499648,0.758249,0.627965,0.11252,0.130284,1.288814,0.468976,0.563897,-0.037696,-0.075205,0.625713,0.432564,0.766424,0.594956,0.193148,0.171468,0.527359,0.197557,0.237543,0.00332,0.026989,0.598439,0.4928,0.683205,0.633246,0.105639,0.049959,0.959072,0.362605,0.435997,-0.040404,-0.048637,0.628326,0.456057,0.699046,0.599562,0.172269,0.099484,2.067543,0.917062,1.102675,0.010164,-0.039092,0.533456,0.404237,0.944172,0.547309,0.129219,0.396862,1.376436,0.525162,0.631455,-0.035902,0.099988,0.561694,0.430695,0.950062,0.685462,0.130999,0.2646,1.015368,0.421814,0.50719,0.00271,-0.025924,0.543879,0.456793,0.821927,0.636766,0.087087,0.185161,0.730255,0.30622,0.368199,-0.025241,0.084274,0.57863,0.477593,0.814161,0.663617,0.101037,0.150543,0.31065,0.113177,0.136084,-0.021551,-0.043761,0.552245,0.505897,0.736111,0.682286,0.046348,0.053824,0.352349,0.092283,0.110962,-0.034977,-0.044983,0.58564,0.520533,0.741122,0.691538,0.065107,0.049583,0.319851,0.131681,0.158333,-0.022458,0.028882,0.563179,0.506952,0.643308,0.575637,0.056228,0.067671,0.447434,0.163636,0.196756,-0.039134,0.000458,0.602275,0.512734,0.637337,0.598229,0.089541,0.039108
Andus - Spinning Hook Kick_compressed.mp4,single_athlete_training,52,data\processed\clips\Andus - Spinning Hook Kick_compressed\event_052_punch_candidate_left_wrist_t85p37.mp4,0.4008,0.8082,left_wrist,punch_candidate,0.63476,0,0.0,kick,spinninghook_kick,spinning_kicks,0.58943,0.308696,0.309313,-0.015426,0.162066,0.586568,0.487518,0.762065,0.567724,0.09905,0.194341,1.39116,0.562716,0.563841,-0.230397,-0.116499,0.649956,0.419558,0.759901,0.484283,0.230397,0.275617,0.705086,0.357255,0.357969,0.0387,0.177881,0.598253,0.480292,0.772586,0.550118,0.117961,0.222468,1.078531,0.490399,0.49138,-0.22788,-0.104854,0.690515,0.457647,0.679861,0.518086,0.232867,0.161775,0.506259,0.207855,0.208271,0.040845,-0.073421,0.502485,0.461639,1.107044,0.972296,0.040845,0.134747,0.903777,0.297527,0.298123,-0.135241,-0.061729,0.630404,0.449338,1.100474,1.030223,0.181066,0.070251,0.863677,0.338315,0.338991,-0.018756,-0.073299,0.549289,0.488188,0.97121,0.785111,0.061101,0.186099,0.727754,0.321628,0.322271,-0.148607,-0.071712,0.633659,0.464982,0.958028,0.851093,0.168677,0.106935,0.359803,0.189467,0.189846,-0.038132,-0.043603,0.553183,0.512716,0.832174,0.725475,0.040468,0.106699,0.535179,0.287705,0.28828,-0.118421,-0.071552,0.615506,0.481757,0.833028,0.701736,0.133748,0.131291,0.408286,0.261256,0.261779,-0.020326,0.133427,0.584425,0.520764,0.647418,0.467661,0.063661,0.179757,0.593808,0.245448,0.245939,-0.155944,0.040365,0.649376,0.47998,0.581002,0.501376,0.169396,0.079626
Andus - Spinning Hook Kick_compressed.mp4,single_athlete_training,64,data\processed\clips\Andus - Spinning Hook Kick_compressed\event_064_punch_candidate_left_wrist_t151p30.mp4,0.6011,0.9743,left_wrist,punch_candidate,0.875817,0,0.0,kick,spinninghook_kick,spinning_kicks,0.834431,0.468786,0.563619,-0.187083,0.073856,0.667377,0.451791,0.776007,0.545467,0.215586,0.23054,0.53715,0.228034,0.274171,-0.077825,0.131218,0.630458,0.5393,0.753962,0.618158,0.091158,0.135804,0.630462,0.34965,0.420394,-0.181724,0.015384,0.669424,0.466208,0.703697,0.585102,0.203217,0.118594,0.448569,0.188763,0.226958,-0.020581,0.063454,0.64224,0.549002,0.70568,0.623927,0.093238,0.081753,0.757774,0.440158,0.529182,-0.245354,-0.047824,0.703363,0.45139,0.93319,0.819576,0.251973,0.113615,1.42896,0.650145,0.781592,-0.028941,0.015907,0.548893,0.451637,0.952749,0.564224,0.097256,0.388525,0.488039,0.214697,0.258125,-0.196135,-0.086928,0.664606,0.468472,0.843489,0.753354,0.196135,0.090135,0.537997,0.318369,0.382753,-0.055308,-0.025103,0.577058,0.483851,0.843466,0.666035,0.093207,0.177432,0.329287,0.151252,0.181842,-0.150404,-0.062595,0.634438,0.484034,0.749859,0.687263,0.150404,0.062595,0.23188,0.105108,0.126376,-0.081876,-0.04498,0.596851,0.514975,0.744776,0.698716,0.081876,0.04606,0.442622,0.204069,0.245357,-0.162628,0.021318,0.661052,0.497363,0.653639,0.585155,0.163688,0.068484,0.302086,0.154771,0.186085,-0.049952,0.058639,0.615013,0.53557,0.655621,0.574206,0.079443,0.081416
Andus - Spinning Hook Kick_compressed.mp4,single_athlete_training,67,data\processed\clips\Andus - Spinning Hook Kick_compressed\event_067_punch_candidate_left_wrist_t183p36.mp4,1.6032,0.9036,left_wrist,punch_candidate,0.518127,0,0.0,kick,spinninghook_kick,spinning_kicks,1.257517,0.560328,1.235187,0.252191,0.009115,0.65229,0.274318,0.939285,0.582789,0.377972,0.356495,1.39951,0.551823,1.216439,0.154427,-0.046639,0.668128,0.272191,0.978335,0.605789,0.395937,0.372545,0.796933,0.411442,0.906982,0.291556,-0.004478,0.643421,0.249916,0.818773,0.58165,0.393505,0.237123,1.016994,0.45804,1.009704,0.201034,-0.03119,0.650349,0.235726,0.833988,0.586058,0.414623,0.24793,3.281836,0.884225,1.949185,0.294442,-0.136727,0.632716,0.305269,1.478949,0.793866,0.327447,0.685082,3.357216,0.843523,1.859463,0.239133,-0.26661,0.584067,0.30219,1.513319,0.804457,0.281876,0.708862,2.133769,0.630724,1.390367,0.318176,-0.01012,0.654029,0.278301,1.210598,0.764188,0.375728,0.44641,2.168378,0.562871,1.240794,0.190289,-0.122109,0.560688,0.281507,1.232814,0.784878,0.279181,0.447936,0.833952,0.417789,0.920974,0.324795,0.007523,0.652864,0.314358,0.999373,0.818792,0.338506,0.180581,0.719734,0.377807,0.832837,0.247826,0.019157,0.643784,0.297093,1.006287,0.834212,0.346692,0.172075,0.53797,0.320267,0.705997,0.311512,0.145934,0.669928,0.308964,0.633397,0.364952,0.360964,0.268445,0.701499,0.390987,0.861891,0.23334,0.137775,0.679495,0.29068,0.65251,0.351625,0.388815,0.300885
Andus - Spinning Hook Kick_compressed.mp4,single_athlete_training,77,data\processed\clips\Andus - Spinning Hook Kick_compressed\event_077_kick_candidate_right_ankle_t6p01.mp4,0.8016,0.9619,right_ankle,kick_candidate,0.8076,0,0.0,kick,spinninghook_kick,spinning_kicks,0.271706,0.154552,0.216806,0.085255,-0.100279,0.656595,0.558256,0.744804,0.629287,0.09834,0.115518,0.341841,0.13093,0.183669,0.181046,-0.006247,0.716777,0.535731,0.7033,0.689949,0.181046,0.013351,0.267195,0.150013,0.210438,0.093186,-0.105325,0.668946,0.56094,0.713531,0.59949,0.108006,0.114041,0.51415,0.160485,0.225129,0.192274,-0.003373,0.708303,0.516029,0.665847,0.614737,0.192274,0.05111,1.257916,0.656864,0.921449,0.05784,0.191382,0.696231,0.458446,0.929485,0.705872,0.237785,0.223614,1.570954,0.593454,0.832497,0.261813,0.082857,0.702471,0.417055,0.93206,0.613394,0.285416,0.318666,0.605718,0.255756,0.358775,0.078042,0.08059,0.671694,0.503302,0.827815,0.732769,0.168393,0.095047,0.662965,0.304327,0.42691,0.194732,0.021652,0.685821,0.454332,0.803749,0.675327,0.231489,0.128422,0.198807,0.134744,0.18902,0.098956,-0.074454,0.654348,0.534254,0.755936,0.681482,0.120093,0.074454,0.283397,0.150158,0.210641,0.140013,-0.057024,0.665184,0.51654,0.7437,0.686676,0.148644,0.057024,0.220729,0.130117,0.182528,0.088328,-0.140081,0.678859,0.590531,0.668123,0.528041,0.088328,0.140081,0.378122,0.156972,0.2202,0.143049,-0.080643,0.694501,0.551452,0.61512,0.534477,0.143049,0.080643
Andus - Spinning Hook Kick_compressed.mp4,single_athlete_training,78,data\processed\clips\Andus - Spinning Hook Kick_compressed\event_078_kick_candidate_right_ankle_t15p23.mp4,1.002,0.9689,right_ankle,kick_candidate,0.846775,0,0.0,kick,spinninghook_kick,spinning_kicks,0.59897,0.235907,0.378206,0.125427,0.065827,0.688875,0.528758,0.736893,0.617526,0.160117,0.119367,0.561632,0.245588,0.393726,0.055931,-0.019366,0.604425,0.506779,0.743678,0.579419,0.097646,0.164259,0.423256,0.193267,0.309845,0.112737,-0.006723,0.681935,0.540302,0.71388,0.608045,0.141633,0.105835,0.454822,0.212241,0.340265,0.09725,0.002776,0.613317,0.505577,0.687613,0.550859,0.10774,0.136754,0.845772,0.261496,0.419231,0.156383,-0.074206,0.650842,0.484183,0.940468,0.795791,0.166659,0.144676,1.549477,0.760207,1.218764,0.140267,-0.030119,0.650809,0.404333,0.921366,0.616228,0.246476,0.305138,0.43053,0.210703,0.337798,0.113165,-0.047255,0.637823,0.510133,0.835518,0.755362,0.12769,0.080156,0.679632,0.387472,0.621195,0.127176,0.006931,0.638863,0.457029,0.802756,0.658063,0.181834,0.144693,0.253731,0.14807,0.237386,0.101545,-0.042249,0.650057,0.51103,0.741287,0.677397,0.139027,0.06389,0.220391,0.128541,0.206077,0.105199,-0.029527,0.62861,0.48894,0.71245,0.672238,0.13967,0.040212,0.317576,0.177917,0.285237,0.09727,-0.039305,0.671199,0.530177,0.664962,0.5461,0.141022,0.118862,0.301967,0.171681,0.275239,0.096426,-0.029371,0.625919,0.499836,0.636669,0.538238,0.126083,0.098431
Andus - Spinning Hook Kick_compressed.mp4,single_athlete_training,79,data\processed\clips\Andus - Spinning Hook Kick_compressed\event_079_kick_candidate_right_ankle_t20p64.mp4,0.4008,0.9787,right_ankle,kick_candidate,0.8945,0,0.0,kick,spinninghook_kick,spinning_kicks,0.198511,0.116466,0.116699,-0.073657,0.044311,0.587387,0.51373,0.726318,0.682007,0.073657,0.044311,0.40939,0.183752,0.18412,-0.126887,0.044396,0.611222,0.484335,0.747439,0.668958,0.126887,0.078481,0.177115,0.102697,0.102903,-0.024954,0.03487,0.58038,0.535722,0.700611,0.665741,0.044658,0.03487,0.420768,0.236666,0.23714,-0.117903,-0.076933,0.602075,0.484172,0.713003,0.617214,0.117903,0.095789,1.104457,0.488017,0.488993,-0.053644,-0.046827,0.599328,0.496262,0.963304,0.742366,0.103065,0.220938,1.502752,0.592514,0.593699,-0.100498,0.026993,0.592227,0.439943,0.965304,0.6785,0.152284,0.286804,0.749761,0.275208,0.275758,-0.067221,-0.064809,0.580355,0.509253,0.858541,0.708886,0.071101,0.149655,0.702456,0.254892,0.255401,-0.083165,0.006586,0.581615,0.488027,0.817702,0.705958,0.093587,0.111744,0.173444,0.104083,0.104292,-0.052831,-0.047458,0.591977,0.522727,0.740065,0.692607,0.069251,0.047458,0.332028,0.132007,0.132271,-0.085714,-0.047024,0.593979,0.501837,0.739202,0.692178,0.092142,0.047024,0.255569,0.1334,0.133667,-0.023871,0.059646,0.586069,0.520708,0.641734,0.582088,0.065361,0.059646,0.396001,0.125559,0.12581,-0.090374,0.013668,0.595572,0.497007,0.626969,0.600857,0.098565,0.026111
Andus - Spinning Hook Kick_compressed.mp4,single_athlete_training,81,data\processed\clips\Andus - Spinning Hook Kick_compressed\event_081_kick_candidate_right_ankle_t26p86.mp4,1.2024,0.976,right_ankle,kick_candidate,0.881733,0,0.0,kick,spinninghook_kick,spinning_kicks,0.22994,0.15235,0.274778,0.161584,-0.015934,0.727531,0.565947,0.726431,0.647215,0.161584,0.079215,0.456841,0.174699,0.315087,0.221377,0.042875,0.74131,0.519933,0.68431,0.597216,0.221377,0.087094,0.258529,0.120975,0.21819,0.14434,-0.058845,0.73889,0.59455,0.679057,0.609771,0.14434,0.069286,0.267151,0.157145,0.283427,0.225944,0.048365,0.757051,0.531107,0.619074,0.549511,0.225944,0.069563,0.356962,0.179371,0.323513,0.219454,0.061392,0.737058,0.517604,0.936796,0.845428,0.219454,0.091368,1.903755,0.939697,1.694837,0.261184,0.317394,0.771457,0.510272,0.941439,0.487436,0.261184,0.454003,0.410691,0.153457,0.276775,0.198984,0.05976,0.739142,0.540157,0.799651,0.714707,0.198984,0.084944,1.226879,0.570793,1.029482,0.235942,0.246873,0.767299,0.531357,0.814536,0.507388,0.235942,0.307149,0.284203,0.147809,0.266588,0.172196,0.053784,0.722348,0.538019,0.686733,0.594577,0.184329,0.092156,0.383551,0.162724,0.293489,0.198985,0.110038,0.73203,0.529421,0.683221,0.563194,0.20261,0.120027,0.195528,0.120266,0.216911,0.141152,-0.047895,0.741621,0.600469,0.586114,0.537268,0.141152,0.048846,0.250412,0.12042,0.217189,0.193863,0.004461,0.757686,0.563823,0.527515,0.489517,0.193863,0.037998
Andus - Spinning Hook Kick_compressed.mp4,single_athlete_training,85,data\processed\clips\Andus - Spinning Hook Kick_compressed\event_085_kick_candidate_right_ankle_t43p69.mp4,1.002,0.9691,right_ankle,kick_candidate,0.847,0,0.0,kick,spinninghook_kick,spinning_kicks,0.292025,0.137234,0.220014,0.149981,-0.007652,0.669812,0.502163,0.720009,0.672359,0.16765,0.04765,0.510305,0.234695,0.376262,0.193503,-0.006399,0.750718,0.519413,0.732621,0.631201,0.231306,0.10142,0.286505,0.140198,0.224766,0.149475,-0.02824,0.649496,0.500021,0.672785,0.601413,0.149475,0.071372,0.560102,0.243257,0.38999,0.199341,0.032832,0.738225,0.49952,0.685489,0.580373,0.238705,0.105116,1.134631,0.487907,0.782213,0.198924,0.09818,0.697004,0.458229,0.905944,0.685928,0.238774,0.220017,1.122803,0.528237,0.84687,0.187766,0.00488,0.690837,0.422757,0.936037,0.686162,0.268079,0.249874,0.387529,0.195733,0.313799,0.160503,0.012859,0.690793,0.513736,0.799763,0.730624,0.177056,0.069139,0.466779,0.24466,0.392239,0.174418,0.010127,0.69792,0.456046,0.797929,0.697355,0.241874,0.100574,0.21247,0.096205,0.154236,0.138149,-0.00996,0.658934,0.519714,0.704723,0.678152,0.13922,0.026571,0.231234,0.143323,0.229775,0.149606,0.01039,0.677772,0.491475,0.698843,0.671546,0.186297,0.027297,0.238781,0.138608,0.222217,0.140902,-0.040558,0.666117,0.525215,0.634235,0.539674,0.140902,0.094561,0.441268,0.209591,0.336017,0.168531,-0.001985,0.712309,0.495898,0.632837,0.547381,0.216411,0.085456
Andus - Spinning Hook Kick_compressed.mp4,single_athlete_training,86,data\processed\clips\Andus - Spinning Hook Kick_compressed\event_086_kick_candidate_right_ankle_t66p73.mp4,0.4008,0.9512,right_ankle,kick_candidate,0.84796,0,0.0,kick,spinninghook_kick,spinning_kicks,0.201352,0.105781,0.105993,0.056971,-0.051066,0.57392,0.504164,0.685086,0.63402,0.069756,0.051066,0.212335,0.113099,0.113325,0.091229,-0.046455,0.612874,0.521645,0.697833,0.651377,0.091229,0.046455,0.218909,0.080553,0.080714,0.05712,-0.031956,0.568891,0.504749,0.647549,0.615594,0.064142,0.031956,0.371147,0.128701,0.128958,0.119329,0.012801,0.628047,0.508719,0.661417,0.632058,0.119329,0.029359,1.49616,0.393139,0.393926,0.133117,0.282157,0.560929,0.427811,0.916224,0.611533,0.133117,0.304691,1.169101,0.494431,0.495419,0.135994,-0.040778,0.61334,0.466174,0.926282,0.69226,0.147166,0.234021,0.44698,0.17078,0.171122,0.109455,0.081836,0.566478,0.457023,0.804471,0.712902,0.109455,0.091569,0.444491,0.215945,0.216377,0.126515,-0.02253,0.605745,0.47923,0.81492,0.728857,0.126515,0.086063,0.26567,0.111166,0.111388,0.077719,-0.031042,0.578491,0.494119,0.71773,0.686688,0.084372,0.031042,0.238697,0.127663,0.127919,0.102061,-0.037266,0.603218,0.501158,0.730661,0.693395,0.102061,0.037266,0.186673,0.089791,0.089971,0.042835,-0.060255,0.578852,0.527625,0.616737,0.556482,0.051226,0.060255,0.239394,0.112806,0.113031,0.093428,-0.036323,0.624994,0.531566,0.612337,0.576014,0.093428,0.036323
Andus - Spinning Hook Kick_compressed.mp4,single_athlete_training,87,data\processed\clips\Andus - Spinning Hook Kick_compressed\event_087_kick_candidate_right_ankle_t72p55.mp4,0.6012,0.9288,right_ankle,kick_candidate,0.847767,0,0.0,kick,spinninghook_kick,spinning_kicks,0.271242,0.132065,0.158795,0.056944,-0.083487,0.637095,0.560992,0.742584,0.651728,0.076103,0.090856,0.325963,0.137572,0.165416,0.128518,-0.018817,0.669981,0.541463,0.68486,0.633439,0.128518,0.051421,0.290353,0.09687,0.116477,0.041385,-0.063902,0.616858,0.563784,0.689278,0.621603,0.053075,0.067676,0.335162,0.132671,0.159523,0.11711,-0.006435,0.64636,0.529249,0.626095,0.586236,0.11711,0.03986,0.470229,0.137865,0.165769,-0.02077,0.028593,0.570899,0.510738,0.906586,0.834056,0.060161,0.072531,1.13918,0.468174,0.562932,0.162424,-0.039721,0.667507,0.420211,0.941925,0.729997,0.247296,0.211929,0.195875,0.102146,0.12282,0.032995,0.007596,0.600443,0.530659,0.804701,0.779797,0.069784,0.024904,0.507769,0.237212,0.285224,0.130594,-0.051617,0.657824,0.481857,0.834958,0.743877,0.175967,0.091081,0.190529,0.098995,0.119032,0.042631,-0.055543,0.603718,0.543878,0.7444,0.682313,0.05984,0.062087,0.239019,0.122602,0.147417,0.079169,-0.049177,0.620865,0.530891,0.737267,0.673799,0.089974,0.063468,0.279103,0.091738,0.110306,0.027821,-0.088174,0.612575,0.579781,0.644064,0.555889,0.032794,0.088174,0.255681,0.119244,0.143379,0.081204,-0.054114,0.640079,0.558875,0.605255,0.536587,0.081204,0.068668
Andus - Spinning Hook Kick_compressed.mp4,single_athlete_training,88,data\processed\clips\Andus - Spinning Hook Kick_compressed\event_088_kick_candidate_right_ankle_t85p37.mp4,0.2004,0.7039,right_ankle,kick_candidate,0.637175,0,0.0,kick,spinninghook_kick,spinning_kicks,0.58943,0.343976,0.275731,-0.006148,0.194341,0.586568,0.496796,0.762065,0.567724,0.089772,0.194341,0.549901,0.355604,0.285053,-0.188467,0.159118,0.649956,0.461489,0.759901,0.600782,0.188467,0.159118,0.705086,0.374836,0.300469,0.075008,0.222468,0.598253,0.480292,0.772586,0.550118,0.117961,0.222468,1.078531,0.411088,0.329528,-0.232867,0.05692,0.690515,0.457647,0.679861,0.569921,0.232867,0.10994,0.506259,0.214483,0.171929,0.022333,-0.104694,0.494141,0.461639,1.107044,0.972296,0.032502,0.134747,0.903777,0.328567,0.263379,-0.169727,-0.065949,0.630404,0.449338,1.100474,1.030223,0.181066,0.070251,0.863677,0.359063,0.287825,-0.001929,-0.121619,0.549289,0.505015,0.97121,0.785111,0.044274,0.186099,0.727754,0.351575,0.281822,-0.168677,-0.106831,0.633659,0.464982,0.958028,0.851093,0.168677,0.106935,0.359803,0.154748,0.124046,-0.019464,-0.106699,0.553183,0.531384,0.832174,0.725475,0.0218,0.106699,0.535179,0.282691,0.226605,-0.133748,-0.131291,0.615506,0.481757,0.833028,0.701736,0.133748,0.131291,0.408286,0.254556,0.204052,0.014111,0.179757,0.584425,0.54109,0.647418,0.467661,0.043335,0.179757,0.593808,0.267812,0.214678,-0.169396,0.068583,0.649376,0.47998,0.581002,0.501376,0.169396,0.079626
Andus - Spinning Hook Kick_compressed.mp4,single_athlete_training,89,data\processed\clips\Andus - Spinning Hook Kick_compressed\event_089_kick_candidate_right_ankle_t86p17.mp4,0.6012,0.9218,right_ankle,kick_candidate,0.6095,0,0.0,kick,spinninghook_kick,spinning_kicks,0.256419,0.123878,0.148951,0.104479,-0.067981,0.595624,0.487518,0.72979,0.661809,0.108105,0.067981,0.58236,0.305321,0.367118,0.242301,0.172926,0.686056,0.419558,0.657302,0.484283,0.266498,0.173019,0.216881,0.099319,0.119421,0.044038,-0.095088,0.56303,0.515233,0.727999,0.632247,0.047797,0.095752,0.480756,0.247832,0.297994,0.239434,0.099931,0.714515,0.462635,0.618767,0.518086,0.25188,0.10068,0.44895,0.163837,0.196998,0.078608,0.07172,0.590927,0.502485,1.123591,1.033623,0.088442,0.089968,1.015554,0.416818,0.501182,0.235412,0.083372,0.730575,0.495163,1.123752,0.867685,0.235412,0.256067,0.200717,0.130301,0.156674,0.09844,0.04548,0.595672,0.488188,0.959044,0.897911,0.107484,0.061133,0.548898,0.227735,0.273828,0.205639,0.057591,0.690692,0.485052,0.944224,0.830555,0.205639,0.113669,0.232596,0.096225,0.115701,0.102743,-0.009358,0.618068,0.512716,0.79867,0.779213,0.105352,0.019457,0.334321,0.148467,0.178517,0.171312,0.008111,0.670998,0.497085,0.772566,0.761476,0.173913,0.01109,0.184016,0.109885,0.132125,0.054358,-0.100405,0.575122,0.507649,0.601088,0.500683,0.067473,0.100405,0.326483,0.173245,0.20831,0.18409,-0.057723,0.682188,0.493432,0.552784,0.493811,0.188756,0.058973
Andus - Spinning Hook Kick_compressed.mp4,single_athlete_training,91,data\processed\clips\Andus - Spinning Hook Kick_compressed\event_091_kick_candidate_right_ankle_t100p00.mp4,0.4008,0.7113,right_ankle,kick_candidate,0.58772,1,0.2,kick,spinninghook_kick,spinning_kicks,0.471654,0.186577,0.186917,0.000213,0.14392,0.583099,0.536321,0.748105,0.604185,0.046778,0.14392,0.414093,0.1895,0.189841,-0.127769,0.081139,0.631904,0.504134,0.731514,0.644555,0.127769,0.086959,0.739438,0.241888,0.242297,0.041561,0.138514,0.6167,0.522218,0.738836,0.578078,0.094482,0.160758,0.833676,0.313218,0.313761,-0.181393,0.032746,0.659191,0.477798,0.698219,0.57318,0.181393,0.125038,1.466091,0.628348,0.629465,-0.031463,-0.044272,0.568644,0.499869,0.994216,0.662021,0.068775,0.332195,1.508917,0.613552,0.614691,-0.183893,-0.22579,0.677027,0.451192,1.070986,0.71576,0.225835,0.355226,0.958749,0.307179,0.307697,-0.011608,-0.099793,0.618301,0.537469,0.883202,0.704076,0.080832,0.179127,0.927229,0.327391,0.327953,-0.175061,-0.197376,0.660262,0.4852,0.934308,0.702023,0.175061,0.232284,0.501608,0.200011,0.200361,-0.023451,-0.190581,0.586422,0.548814,0.815656,0.625075,0.037608,0.190581,0.735617,0.243558,0.243971,-0.121046,-0.211372,0.618749,0.497703,0.817943,0.606571,0.121046,0.211372,0.387381,0.17676,0.177083,0.0049,0.122665,0.614014,0.562163,0.685706,0.563042,0.051851,0.122665,0.445062,0.204152,0.204516,-0.142011,0.069441,0.637444,0.495433,0.652404,0.565876,0.142011,0.086528
Andus - Spinning Hook Kick_compressed.mp4,single_athlete_training,92,data\processed\clips\Andus - Spinning Hook Kick_compressed\event_092_kick_candidate_right_ankle_t105p81.mp4,0.2004,0.6114,right_ankle,kick_candidate,0.5527,1,0.25,kick,spinninghook_kick,spinning_kicks,0.396859,0.12426,0.099597,-0.0165,0.094687,0.571322,0.547679,0.762932,0.668245,0.023643,0.094687,0.482411,0.223335,0.178977,-0.101364,0.047283,0.622978,0.521614,0.750911,0.669304,0.101364,0.081607,0.407312,0.154583,0.123873,0.035099,0.104977,0.600271,0.551097,0.739214,0.634237,0.049174,0.104977,0.525866,0.246771,0.197759,-0.103888,0.02795,0.599857,0.49597,0.681118,0.590683,0.103888,0.090435,1.073299,0.489146,0.391992,0.021177,-0.390897,0.550993,0.52933,0.999172,0.608275,0.021663,0.390897,0.73901,0.311721,0.249802,-0.200737,-0.096863,0.655092,0.454356,0.994931,0.898067,0.200737,0.096863,0.802625,0.216968,0.173841,0.054167,-0.141814,0.614677,0.548268,0.881102,0.734694,0.066409,0.146409,0.616575,0.213294,0.170915,-0.132821,-0.105803,0.628031,0.495209,0.871703,0.765901,0.132821,0.105803,0.50508,0.152314,0.122044,-0.001389,-0.089354,0.579353,0.561266,0.774972,0.675192,0.018087,0.09978,0.582522,0.16931,0.135661,-0.067791,-0.094272,0.593007,0.525216,0.76841,0.663872,0.067791,0.104538,0.340558,0.163297,0.130868,0.019008,0.121082,0.602893,0.57122,0.674343,0.553261,0.031673,0.121082,0.434742,0.199324,0.159742,-0.086652,0.073809,0.613488,0.526835,0.642901,0.557085,0.086652,0.085816
Andus - Spinning Hook Kick_compressed.mp4,single_athlete_training,94,data\processed\clips\Andus - Spinning Hook Kick_compressed\event_094_kick_candidate_right_ankle_t127p85.mp4,0.4008,0.9774,right_ankle,kick_candidate,0.88378,0,0.0,kick,spinninghook_kick,spinning_kicks,0.396726,0.204913,0.205323,-0.047758,0.123359,0.549209,0.46272,0.753899,0.630541,0.086489,0.123359,0.617722,0.258294,0.258811,-0.058627,0.104855,0.610656,0.535751,0.827314,0.664881,0.074905,0.162433,0.303629,0.159609,0.159929,-0.029469,0.069728,0.526299,0.457885,0.718863,0.630948,0.068415,0.087915,0.337942,0.175753,0.176104,-0.040046,0.062634,0.602275,0.557678,0.766281,0.654294,0.044597,0.111987,1.078819,0.396621,0.397414,-0.076228,-0.173939,0.534397,0.432939,0.852016,0.65771,0.101458,0.194307,1.187885,0.49209,0.493074,-0.004709,0.008205,0.521739,0.464913,0.927186,0.686261,0.056826,0.240925,0.783158,0.23013,0.23059,-0.073425,-0.082382,0.544899,0.470356,0.79476,0.65118,0.074543,0.143581,0.843814,0.320873,0.321515,-0.019508,-0.021948,0.542277,0.506163,0.823055,0.657856,0.036115,0.165199,0.194378,0.096,0.096192,-0.025806,-0.065696,0.537003,0.498741,0.733057,0.667361,0.038262,0.065696,0.150269,0.064393,0.064521,-0.016599,-0.036902,0.55955,0.534615,0.729146,0.692244,0.024935,0.036902,0.277143,0.130322,0.130583,-0.029573,0.077693,0.541825,0.495972,0.679223,0.58394,0.045853,0.095283,0.419674,0.184905,0.185275,-0.033865,0.089995,0.588615,0.551882,0.719704,0.585135,0.036733,0.134569
Andus - Spinning Hook Kick_compressed.mp4,single_athlete_training,95,data\processed\clips\Andus - Spinning Hook Kick_compressed\event_095_kick_candidate_right_ankle_t133p47.mp4,0.4008,0.7369,right_ankle,kick_candidate,0.73698,1,0.2,kick,spinninghook_kick,spinning_kicks,0.519818,0.169998,0.170338,-0.055658,0.079359,0.608995,0.553337,0.752955,0.658247,0.055658,0.094707,1.483533,0.52887,0.529928,-0.168392,0.00204,0.621396,0.430675,0.769736,0.541672,0.190721,0.228063,0.30311,0.147885,0.148181,-0.021945,0.069642,0.599791,0.554935,0.721436,0.651794,0.044856,0.069642,0.91841,0.307522,0.308137,-0.125134,0.013332,0.625388,0.460812,0.687113,0.593038,0.164576,0.094076,1.084714,0.465496,0.466427,-0.089074,-0.124847,0.654024,0.473292,0.927782,0.716977,0.180732,0.210805,1.015974,0.43961,0.44049,-0.023781,0.000634,0.568343,0.500045,0.93288,0.730749,0.068298,0.202131,0.470594,0.215387,0.215817,-0.072066,-0.066503,0.62419,0.506962,0.830461,0.73078,0.117229,0.09968,0.843493,0.292121,0.292705,-0.035772,-0.067777,0.560491,0.511271,0.844903,0.675902,0.04922,0.169,0.194078,0.084713,0.084883,-0.044707,-0.046879,0.591365,0.539204,0.741148,0.694269,0.052161,0.046879,0.30911,0.12856,0.128817,-0.054358,-0.05312,0.585406,0.505056,0.745547,0.692427,0.08035,0.05312,0.232501,0.129735,0.129995,-0.042561,0.092206,0.602215,0.55617,0.68592,0.593714,0.046045,0.092206,0.432945,0.165186,0.165516,-0.083574,0.067093,0.597678,0.491104,0.662059,0.594966,0.106575,0.067093
Andus - Spinning Hook Kick_compressed.mp4,single_athlete_training,99,data\processed\clips\Andus - Spinning Hook Kick_compressed\event_099_kick_candidate_right_ankle_t151p50.mp4,0.6011,0.972,right_ankle,kick_candidate,0.862767,0,0.0,kick,spinninghook_kick,spinning_kicks,0.834431,0.409539,0.492381,-0.070515,0.063127,0.56787,0.451791,0.776007,0.545467,0.116079,0.23054,0.488007,0.161407,0.194058,-0.092967,0.000659,0.630339,0.537372,0.753962,0.716429,0.092967,0.037533,0.560387,0.254839,0.306393,-0.067528,0.015166,0.543096,0.466208,0.703697,0.585102,0.076889,0.118594,0.448569,0.138348,0.16634,-0.104788,0.005967,0.64224,0.537452,0.70568,0.673094,0.104788,0.032586,0.640898,0.321963,0.387064,-0.085588,-0.046072,0.551554,0.45139,0.93319,0.819576,0.100164,0.113615,1.42896,0.59824,0.719181,-0.026419,0.07827,0.543934,0.451637,0.952749,0.564224,0.092297,0.388525,0.408373,0.148718,0.178792,-0.093869,-0.06303,0.566989,0.468472,0.837466,0.753354,0.098517,0.084112,0.537997,0.257717,0.309825,-0.053399,0.048119,0.572123,0.483851,0.818363,0.666035,0.088272,0.152329,0.239527,0.104374,0.125476,-0.09377,-0.041951,0.570137,0.476367,0.739888,0.687263,0.09377,0.052625,0.23188,0.10377,0.124767,-0.08677,-0.028164,0.592274,0.505503,0.73321,0.698716,0.08677,0.034494,0.322585,0.151,0.181546,-0.08228,0.012478,0.573632,0.491352,0.653639,0.585155,0.08228,0.068484,0.302086,0.141723,0.170395,-0.081945,0.028675,0.615013,0.533067,0.655621,0.600524,0.081945,0.055098
Andus - Spinning Hook Kick_compressed.mp4,single_athlete_training,101,data\processed\clips\Andus - Spinning Hook Kick_compressed\event_101_kick_candidate_right_ankle_t183p57.mp4,0.2004,0.704,right_ankle,kick_candidate,0.52215,0,0.0,kick,spinninghook_kick,spinning_kicks,1.257517,0.624805,0.500844,-0.069372,0.338784,0.390447,0.274318,0.939285,0.582789,0.116129,0.356495,1.39951,0.672969,0.539452,-0.18584,0.260165,0.465597,0.279757,0.978335,0.605789,0.18584,0.372545,0.796933,0.477537,0.382794,0.063173,0.22126,0.408389,0.249916,0.802911,0.58165,0.158472,0.22126,1.016994,0.505532,0.405235,-0.199801,0.178909,0.493985,0.235726,0.833988,0.648885,0.258259,0.185103,0.672663,0.389241,0.312015,0.022158,-0.0057,0.382202,0.305269,1.478949,1.344853,0.076933,0.134096,0.569085,0.328404,0.263248,-0.056336,0.053536,0.358593,0.302258,1.513319,1.358093,0.056336,0.155225,0.559826,0.342819,0.274804,0.029354,0.030775,0.385611,0.278301,1.210598,1.107644,0.10731,0.102953,0.425565,0.263107,0.210907,-0.065561,0.050029,0.364696,0.299135,1.232814,1.110711,0.065561,0.122103,0.833952,0.471282,0.377779,0.051238,0.08463,0.381428,0.314358,0.989399,0.823027,0.06707,0.166372,0.657627,0.32728,0.262347,-0.075665,0.096167,0.396373,0.312164,1.006287,0.874776,0.084209,0.131511,0.53797,0.319584,0.256179,0.068154,0.186205,0.408584,0.308964,0.605185,0.41898,0.09962,0.186205,0.701499,0.354752,0.284369,-0.132802,0.177925,0.45535,0.29068,0.626617,0.448691,0.16467,0.177925
Andus - Spinning Hook Kick_compressed.mp4,single_athlete_training,102,data\processed\clips\Andus - Spinning Hook Kick_compressed\event_102_kick_candidate_right_ankle_t184p37.mp4,0.8016,0.9021,right_ankle,kick_candidate,0.5119,0,0.0,kick,spinninghook_kick,spinning_kicks,0.79678,0.434297,0.609232,0.467906,-0.088286,0.777569,0.309662,0.818893,0.730607,0.467906,0.088286,0.838504,0.427837,0.60017,0.50563,-0.13985,0.777821,0.272191,0.876535,0.691084,0.50563,0.185451,0.547659,0.349703,0.490564,0.358308,-0.198483,0.735612,0.377304,0.818773,0.616763,0.358308,0.202011,0.738549,0.435865,0.611431,0.470837,-0.191531,0.743807,0.27297,0.808706,0.586058,0.470837,0.222648,3.281836,1.046605,1.468178,0.267716,-0.340235,0.632716,0.343293,1.45083,0.793866,0.289423,0.656963,3.357216,1.075314,1.50845,0.291481,-0.422693,0.593671,0.30219,1.476112,0.804457,0.291481,0.671656,2.133769,0.719241,1.008952,0.233084,-0.217748,0.654029,0.354824,1.187296,0.764188,0.299205,0.423108,2.168378,0.729127,1.022819,0.327505,-0.308126,0.609012,0.281507,1.211113,0.784878,0.327505,0.426235,0.815599,0.357151,0.501011,0.343337,-0.131411,0.696832,0.353495,0.999373,0.825745,0.343337,0.173628,0.719734,0.38662,0.54235,0.417736,-0.140301,0.714829,0.297093,1.002846,0.840936,0.417736,0.16191,0.528023,0.277567,0.389371,0.322619,-0.120483,0.703917,0.381297,0.633397,0.510887,0.322619,0.122511,0.577262,0.348469,0.488832,0.415714,-0.158852,0.719853,0.304138,0.65251,0.475408,0.415714,0.177102
Andus - Spinning Hook Kick_compressed.mp4,single_athlete_training,107,data\processed\clips\Andus - Spinning Hook Kick_compressed\event_107_kick_candidate_right_ankle_t200p20.mp4,0.8016,0.9773,right_ankle,kick_candidate,0.888771,0,0.0,kick,spinninghook_kick,spinning_kicks,0.697753,0.275003,0.385774,-0.100947,0.055702,0.637366,0.499648,0.758249,0.627965,0.137717,0.130284,1.288814,0.492004,0.690184,-0.05204,0.050264,0.640057,0.432564,0.766424,0.594956,0.207493,0.171468,0.527359,0.221958,0.311362,-0.070226,0.020643,0.603274,0.4928,0.683205,0.633246,0.110473,0.049959,0.959072,0.331467,0.464982,-0.023214,-0.025299,0.628326,0.456057,0.699046,0.599562,0.172269,0.099484,2.067543,0.876097,1.228988,-0.116111,-0.035952,0.649567,0.404237,0.944172,0.547309,0.24533,0.396862,1.376436,0.570318,0.800043,-0.011596,-0.066838,0.561694,0.430695,0.965754,0.685462,0.130999,0.280292,1.015368,0.422057,0.592062,-0.080793,-0.04111,0.624672,0.456793,0.837113,0.636766,0.167879,0.200347,0.747098,0.369203,0.517918,-0.004564,-0.06401,0.57863,0.477593,0.866069,0.663617,0.101037,0.202452,0.31065,0.128123,0.179731,-0.064788,-0.049728,0.595483,0.505897,0.742077,0.682286,0.089586,0.059791,0.352349,0.094386,0.132405,-0.016746,-0.056272,0.58564,0.520533,0.752411,0.691538,0.065107,0.060872,0.319851,0.145129,0.203587,-0.06764,0.026331,0.598192,0.506952,0.643308,0.575637,0.09124,0.067671,0.447434,0.152855,0.214425,-0.032078,0.016656,0.602275,0.512734,0.637337,0.586766,0.089541,0.05057
Andus - Spinning Hook Kick_compressed.mp4,single_athlete_training,120,data\processed\clips\Andus - Spinning Hook Kick_compressed\event_120_punch_candidate_right_wrist_t133p47.mp4,0.4008,0.7369,right_wrist,punch_candidate,0.73698,1,0.2,kick,spinninghook_kick,spinning_kicks,0.519818,0.169998,0.170338,-0.055658,0.079359,0.608995,0.553337,0.752955,0.658247,0.055658,0.094707,1.483533,0.52887,0.529928,-0.168392,0.00204,0.621396,0.430675,0.769736,0.541672,0.190721,0.228063,0.30311,0.147885,0.148181,-0.021945,0.069642,0.599791,0.554935,0.721436,0.651794,0.044856,0.069642,0.91841,0.307522,0.308137,-0.125134,0.013332,0.625388,0.460812,0.687113,0.593038,0.164576,0.094076,1.084714,0.465496,0.466427,-0.089074,-0.124847,0.654024,0.473292,0.927782,0.716977,0.180732,0.210805,1.015974,0.43961,0.44049,-0.023781,0.000634,0.568343,0.500045,0.93288,0.730749,0.068298,0.202131,0.470594,0.215387,0.215817,-0.072066,-0.066503,0.62419,0.506962,0.830461,0.73078,0.117229,0.09968,0.843493,0.292121,0.292705,-0.035772,-0.067777,0.560491,0.511271,0.844903,0.675902,0.04922,0.169,0.194078,0.084713,0.084883,-0.044707,-0.046879,0.591365,0.539204,0.741148,0.694269,0.052161,0.046879,0.30911,0.12856,0.128817,-0.054358,-0.05312,0.585406,0.505056,0.745547,0.692427,0.08035,0.05312,0.232501,0.129735,0.129995,-0.042561,0.092206,0.602215,0.55617,0.68592,0.593714,0.046045,0.092206,0.432945,0.165186,0.165516,-0.083574,0.067093,0.597678,0.491104,0.662059,0.594966,0.106575,0.067093
Andus - Spinning Hook Kick_compressed.mp4,single_athlete_training,125,data\processed\clips\Andus - Spinning Hook Kick_compressed\event_125_punch_candidate_right_wrist_t183p57.mp4,0.6012,0.9047,right_wrist,punch_candidate,0.5232,0,0.0,kick,spinninghook_kick,spinning_kicks,1.257517,0.649908,0.78145,0.057189,0.138022,0.447636,0.274318,0.939285,0.582789,0.173318,0.356495,1.39951,0.59564,0.716197,-0.168643,0.158366,0.465597,0.272191,0.978335,0.605789,0.193406,0.372545,0.796933,0.443562,0.533339,0.181975,0.163306,0.458523,0.249916,0.818773,0.58165,0.208607,0.237123,1.016994,0.414579,0.498489,-0.194674,0.099438,0.493985,0.235726,0.833988,0.648885,0.258259,0.185103,3.281836,0.825192,0.992211,0.054945,-0.685082,0.382202,0.305269,1.478949,0.793866,0.076933,0.685082,3.357216,0.809415,0.973241,-0.017419,-0.655326,0.358593,0.30219,1.513319,0.804457,0.056403,0.708862,2.133769,0.606353,0.729079,0.104188,-0.415635,0.416689,0.278301,1.210598,0.764188,0.138388,0.44641,2.168378,0.560053,0.673408,0.001376,-0.397907,0.366072,0.281507,1.232814,0.784878,0.084564,0.447936,0.833952,0.463163,0.556907,0.108559,-0.053366,0.422917,0.314358,0.999373,0.823027,0.108559,0.176346,0.719734,0.35799,0.430447,-0.034701,-0.036243,0.396373,0.297093,1.006287,0.873877,0.09928,0.13241,0.53797,0.3259,0.391863,0.160316,0.186145,0.483266,0.308964,0.633397,0.41898,0.174302,0.214417,0.701499,0.322504,0.387779,-0.085072,0.176293,0.45535,0.29068,0.65251,0.448691,0.16467,0.203819
Andus - Spinning Hook Kick_compressed.mp4,single_athlete_training,126,data\processed\clips\Andus - Spinning Hook Kick_compressed\event_126_punch_candidate_right_wrist_t184p77.mp4,0.6012,0.9011,right_wrist,punch_candidate,0.505683,0,0.0,kick,spinninghook_kick,spinning_kicks,0.645641,0.323333,0.388776,0.352129,-0.09546,0.777569,0.421566,0.810642,0.715182,0.356003,0.09546,0.838504,0.445225,0.535338,0.446643,-0.192371,0.830682,0.384039,0.856141,0.66377,0.446643,0.192371,0.519235,0.288128,0.346445,0.295225,-0.094478,0.735612,0.42627,0.704052,0.609574,0.309342,0.094478,0.738549,0.458522,0.551326,0.439753,-0.158982,0.814548,0.374794,0.748795,0.586058,0.439753,0.162737,1.015005,0.54424,0.654394,0.338798,0.024909,0.747224,0.408426,1.272766,1.084159,0.338798,0.188607,1.045478,0.562417,0.67625,0.355156,-0.019275,0.740458,0.385303,1.310228,1.05342,0.355156,0.256809,0.800237,0.479264,0.576267,0.310485,-0.000248,0.742967,0.432482,1.048457,0.92863,0.310485,0.119827,1.158642,0.507481,0.610195,0.339092,0.038129,0.736193,0.397101,1.106089,0.887566,0.339092,0.218523,0.531865,0.332301,0.399558,0.307661,-0.080768,0.73362,0.42596,0.894667,0.792438,0.307661,0.102229,0.539578,0.367307,0.441649,0.352465,-0.121198,0.758815,0.406349,0.919881,0.7783,0.352465,0.141581,0.423883,0.210821,0.253491,0.230517,-0.06167,0.707881,0.477364,0.566556,0.504886,0.230517,0.06167,0.577262,0.314792,0.378506,0.321483,-0.088512,0.765893,0.44441,0.583893,0.475408,0.321483,0.108484
Andus - Spinning Hook Kick_compressed.mp4,single_athlete_training,128,data\processed\clips\Andus - Spinning Hook Kick_compressed\event_128_punch_candidate_right_wrist_t192p58.mp4,0.4008,0.6637,right_wrist,punch_candidate,0.514,1,0.2,kick,spinninghook_kick,spinning_kicks,0.666751,0.202244,0.202648,0.106005,0.037595,0.395838,0.233618,0.704292,0.63555,0.16222,0.068743,1.405755,0.44257,0.443455,-0.075316,-0.299537,0.398937,0.238897,0.986609,0.447522,0.16004,0.539087,0.841793,0.171525,0.171868,0.087354,-0.01432,0.408975,0.241676,0.6672,0.63122,0.167299,0.03598,0.96397,0.385077,0.385847,-0.0685,-0.150084,0.407391,0.227548,0.864834,0.467718,0.179843,0.397116,0.730753,0.246961,0.247455,0.012496,-0.358241,0.402667,0.361045,1.263506,0.761509,0.041622,0.501997,0.601666,0.166314,0.166647,0.033573,-0.373549,0.416378,0.363682,1.253035,0.760439,0.052695,0.492596,0.544012,0.166707,0.16704,0.092845,-0.270551,0.41993,0.327084,1.079368,0.700012,0.092845,0.379356,0.415423,0.142912,0.143198,0.06002,-0.340475,0.436693,0.325652,1.083798,0.655274,0.111042,0.428524,0.372961,0.136594,0.136867,0.017379,-0.067736,0.385754,0.340161,0.892378,0.707705,0.045593,0.184674,0.452164,0.17903,0.179388,-0.028724,-0.085329,0.391438,0.339672,0.935495,0.690064,0.051766,0.245431,0.457605,0.146841,0.147135,0.032256,0.065062,0.373368,0.295075,0.591733,0.473892,0.078293,0.117841,0.831154,0.262892,0.263418,-0.059384,0.042735,0.395546,0.279155,0.652254,0.445879,0.116392,0.206375
Andus - Spinning Hook Kick_compressed.mp4,single_athlete_training,129,data\processed\clips\Andus - Spinning Hook Kick_compressed\event_129_punch_candidate_right_wrist_t200p20.mp4,0.6012,0.9783,right_wrist,punch_candidate,0.892517,0,0.0,kick,spinninghook_kick,spinning_kicks,0.697753,0.30957,0.372228,-0.113728,0.060191,0.637366,0.499648,0.758249,0.627965,0.137717,0.130284,1.288814,0.54723,0.657989,-0.045575,0.081803,0.640057,0.432564,0.766424,0.594956,0.207493,0.171468,0.527359,0.242599,0.291701,-0.087283,0.03042,0.603274,0.4928,0.683205,0.633246,0.110473,0.049959,0.959072,0.364853,0.438699,-0.018,0.000461,0.628326,0.456057,0.699046,0.599562,0.172269,0.099484,2.067543,0.994004,1.195191,-0.134619,-0.007673,0.649567,0.404237,0.944172,0.547309,0.24533,0.396862,1.376436,0.626697,0.753541,-0.018255,-0.020815,0.561694,0.430695,0.965754,0.685462,0.130999,0.280292,1.015368,0.474112,0.570072,-0.102716,-0.039405,0.624672,0.456793,0.837113,0.636766,0.167879,0.200347,0.747098,0.409984,0.492964,-0.026386,-0.051909,0.57863,0.477593,0.866069,0.663617,0.101037,0.202452,0.31065,0.1397,0.167975,-0.075061,-0.055444,0.595483,0.505897,0.742077,0.682286,0.089586,0.059791,0.352349,0.106381,0.127913,-0.019441,-0.059866,0.58564,0.520533,0.752411,0.691538,0.065107,0.060872,0.319851,0.160004,0.192389,-0.075737,0.034066,0.598192,0.506952,0.643308,0.575637,0.09124,0.067671,0.447434,0.174255,0.209524,-0.028171,0.019614,0.602275,0.512734,0.637337,0.586766,0.089541,0.05057
Andus - Tornado Kick_compressed.mp4,single_athlete_training,2,data\processed\clips\Andus - Tornado Kick_compressed\event_002_kick_candidate_left_ankle_t6p01.mp4,0.601,0.9618,left_ankle,kick_candidate,0.8081,0,0.0,kick,tornado_kick,spinning_kicks,0.277189,0.159905,0.192226,-2.8e-05,0.160153,0.510727,0.46405,0.725172,0.565019,0.046676,0.160153,0.399203,0.132245,0.158965,0.008458,0.110152,0.519183,0.495534,0.704929,0.583816,0.023649,0.121113,0.284438,0.096866,0.116458,0.016937,0.046942,0.534037,0.478477,0.620131,0.571356,0.05556,0.048776,0.356037,0.095181,0.114433,0.023039,0.064373,0.531673,0.508633,0.642697,0.565132,0.023039,0.077565,1.121606,0.543187,0.65303,0.03737,0.136323,0.534933,0.384953,0.984005,0.629226,0.149979,0.354779,0.336295,0.154796,0.186087,0.046892,0.111752,0.523211,0.459763,0.973167,0.841675,0.063448,0.131491,0.665627,0.263261,0.3165,0.041733,0.117183,0.50558,0.414421,0.843107,0.648911,0.091159,0.194196,0.38775,0.130817,0.157275,0.041067,0.108193,0.51969,0.463341,0.841442,0.725958,0.056349,0.115484,0.208262,0.092534,0.111249,0.005811,0.043256,0.523636,0.473584,0.706177,0.662518,0.050052,0.04366,0.182287,0.082319,0.098969,0.005375,0.036222,0.522834,0.497226,0.723732,0.666695,0.025608,0.057037,0.232143,0.07586,0.091202,-0.011788,-0.009872,0.543051,0.499801,0.54359,0.516581,0.04325,0.02701,0.26082,0.09538,0.114666,0.003148,0.00084,0.541353,0.520457,0.57421,0.523427,0.020895,0.050783
Andus - Tornado Kick_compressed.mp4,single_athlete_training,3,data\processed\clips\Andus - Tornado Kick_compressed\event_003_kick_candidate_left_ankle_t9p62.mp4,0.8015,0.9659,left_ankle,kick_candidate,0.830014,0,0.0,kick,tornado_kick,spinning_kicks,0.463826,0.204451,0.28672,0.029306,0.106792,0.597437,0.476195,0.701938,0.566276,0.121242,0.135662,0.322795,0.141159,0.197974,-0.026316,0.081855,0.543209,0.486632,0.681612,0.5642,0.056577,0.117412,0.395275,0.171798,0.240934,-0.005091,-0.028957,0.589832,0.484904,0.64163,0.595107,0.104928,0.046522,0.225359,0.078678,0.110349,0.024608,0.042465,0.535007,0.510399,0.640697,0.584152,0.024608,0.056545,1.003469,0.536327,0.752163,0.029274,0.020759,0.561385,0.373149,0.98069,0.659004,0.188237,0.321687,0.45767,0.196646,0.275778,-0.007379,0.105644,0.548961,0.455155,0.973886,0.851818,0.093806,0.122068,0.946013,0.339504,0.476083,-0.006802,0.011745,0.553108,0.421099,0.841879,0.659605,0.132009,0.182274,0.558121,0.184156,0.258257,-0.043575,0.03948,0.565285,0.458677,0.841995,0.746225,0.106608,0.09577,0.278379,0.122872,0.172321,-0.03238,-0.008863,0.57384,0.483471,0.709906,0.670682,0.09037,0.039224,0.216571,0.08464,0.118704,-0.016761,0.000283,0.550257,0.495952,0.714598,0.680897,0.054305,0.0337,0.295741,0.109411,0.153443,-0.02936,-0.037747,0.586738,0.509666,0.566629,0.525402,0.077072,0.041227,0.20828,0.080468,0.112859,0.001727,-0.008816,0.542029,0.522279,0.575856,0.53435,0.01975,0.041507
Andus - Tornado Kick_compressed.mp4,single_athlete_training,4,data\processed\clips\Andus - Tornado Kick_compressed\event_004_kick_candidate_left_ankle_t14p63.mp4,0.601,0.9659,left_ankle,kick_candidate,0.82755,0,0.0,kick,tornado_kick,spinning_kicks,0.574999,0.182027,0.21885,0.073763,0.175236,0.601642,0.505304,0.729858,0.554622,0.096338,0.175236,0.34335,0.181225,0.217846,0.081138,0.15592,0.608265,0.527126,0.718319,0.562399,0.081138,0.15592,0.261954,0.130692,0.157116,0.068451,0.058055,0.608965,0.503035,0.614345,0.55629,0.105931,0.058055,0.292173,0.129332,0.155492,0.084744,0.055812,0.622447,0.537703,0.655813,0.574776,0.084744,0.081037,1.337052,0.669959,0.805404,0.125188,0.151219,0.625553,0.39551,1.016767,0.618971,0.230043,0.397796,0.641724,0.262606,0.315719,0.121392,0.153637,0.627769,0.46724,1.008415,0.854777,0.16053,0.153637,0.777026,0.337285,0.405491,0.113042,0.144771,0.596628,0.427026,0.869034,0.652364,0.169602,0.216669,0.533737,0.207123,0.249018,0.123948,0.134198,0.606778,0.482397,0.862837,0.72864,0.12438,0.134198,0.249768,0.13512,0.162447,0.03764,0.04923,0.589604,0.497694,0.720959,0.669123,0.09191,0.051836,0.21789,0.126737,0.152365,0.054586,0.05611,0.602481,0.518803,0.735532,0.668158,0.083678,0.067375,0.203634,0.107969,0.129802,0.038455,0.001264,0.601054,0.523673,0.529916,0.505284,0.077381,0.024632,0.201985,0.103746,0.124728,0.060979,-0.004906,0.620069,0.55909,0.563402,0.513924,0.060979,0.049478
Andus - Tornado Kick_compressed.mp4,single_athlete_training,5,data\processed\clips\Andus - Tornado Kick_compressed\event_005_kick_candidate_left_ankle_t20p84.mp4,0.601,0.9648,left_ankle,kick_candidate,0.823633,0,0.0,kick,tornado_kick,spinning_kicks,0.314042,0.164348,0.197581,-0.025184,0.165231,0.535499,0.474669,0.726136,0.560906,0.06083,0.165231,0.414195,0.159326,0.191523,-0.023624,0.145696,0.529447,0.494311,0.712438,0.566742,0.035136,0.145696,0.333437,0.106723,0.128308,-0.033819,0.009129,0.56497,0.501097,0.61748,0.588724,0.063874,0.028756,0.190134,0.074336,0.089358,-0.013039,0.034054,0.553372,0.519527,0.635121,0.593541,0.033845,0.041579,1.834395,0.682295,0.820291,-0.034165,0.088172,0.566119,0.381049,1.022446,0.616645,0.18507,0.405801,0.639985,0.171295,0.205943,0.025402,0.160684,0.496719,0.464395,1.003833,0.843149,0.032324,0.160684,0.940147,0.386736,0.464954,-0.017672,0.081176,0.53964,0.417453,0.883446,0.642346,0.122187,0.2411,0.561858,0.153807,0.184913,0.024937,0.167925,0.501102,0.468055,0.864347,0.696423,0.033047,0.167925,0.234404,0.091563,0.110083,-0.030677,0.027978,0.551981,0.491767,0.726151,0.68815,0.060214,0.038,0.105322,0.045695,0.054938,-0.027859,0.036639,0.534952,0.507093,0.724124,0.687485,0.027859,0.036639,0.244256,0.062876,0.075597,-0.047245,-0.016395,0.572563,0.517319,0.529782,0.513387,0.055244,0.016395,0.092026,0.058907,0.070815,-0.037051,-0.003855,0.559341,0.51282,0.541258,0.519878,0.046521,0.02138
Andus - Tornado Kick_compressed.mp4,single_athlete_training,6,data\processed\clips\Andus - Tornado Kick_compressed\event_006_kick_candidate_left_ankle_t30p05.mp4,0.6011,0.9665,left_ankle,kick_candidate,0.83385,0,0.0,kick,tornado_kick,spinning_kicks,0.227681,0.129072,0.155155,-0.066071,0.119654,0.550377,0.476531,0.680633,0.560978,0.073846,0.119654,0.374176,0.136069,0.163581,-0.058895,0.103936,0.534091,0.466672,0.678289,0.568281,0.067419,0.110008,0.38724,0.12908,0.155147,-0.047298,-0.01902,0.584705,0.493891,0.615603,0.580589,0.090814,0.035014,0.382656,0.15416,0.185321,-0.018291,0.072386,0.557404,0.489811,0.63629,0.547754,0.067594,0.088536,2.033772,0.689246,0.828397,-0.059336,0.012866,0.572604,0.354353,0.98271,0.610076,0.218251,0.372634,0.506922,0.156638,0.18828,0.065266,0.088804,0.515808,0.450542,0.995933,0.86774,0.065266,0.128193,1.090409,0.370477,0.445291,-0.052107,0.006352,0.558981,0.416423,0.828448,0.641131,0.142558,0.187317,0.487067,0.144262,0.173404,0.022062,0.123827,0.502943,0.477908,0.845176,0.70294,0.025035,0.142235,0.360918,0.106376,0.127861,-0.052313,-0.021161,0.56892,0.485505,0.71037,0.673313,0.083415,0.037058,0.10049,0.056079,0.067413,-0.042839,0.003527,0.540269,0.493192,0.703085,0.688344,0.047077,0.014741,0.32015,0.093196,0.112013,-0.065246,-0.016432,0.594832,0.517153,0.535596,0.512541,0.077679,0.023055,0.197125,0.122701,0.147493,-0.048092,0.017727,0.57026,0.501444,0.576712,0.514373,0.068816,0.062339
Andus - Tornado Kick_compressed.mp4,single_athlete_training,7,data\processed\clips\Andus - Tornado Kick_compressed\event_007_kick_candidate_left_ankle_t34p66.mp4,0.8014,0.9557,left_ankle,kick_candidate,0.776843,0,0.0,kick,tornado_kick,spinning_kicks,0.777576,0.226407,0.3175,0.067089,0.194317,0.649026,0.506738,0.767343,0.573026,0.142288,0.194317,0.561999,0.243782,0.341867,0.117817,0.156822,0.649942,0.513614,0.737616,0.580794,0.136328,0.156822,0.457508,0.194562,0.272879,0.061698,-0.002784,0.676117,0.529987,0.637783,0.598308,0.14613,0.039475,0.365895,0.163489,0.229267,0.135871,0.024892,0.667383,0.531513,0.676158,0.601684,0.135871,0.074474,1.925625,0.714216,1.001762,0.088461,0.061069,0.662518,0.331687,1.039111,0.633787,0.330831,0.405324,0.449343,0.224118,0.314317,0.190973,0.112624,0.643394,0.452421,1.013191,0.900567,0.190973,0.112624,1.064499,0.490002,0.687253,0.047188,0.066174,0.622271,0.420036,0.935058,0.664075,0.202235,0.270983,0.475194,0.164313,0.230405,0.127612,0.085469,0.620979,0.470741,0.879776,0.790465,0.150238,0.089311,0.338237,0.188034,0.263712,0.057044,0.013359,0.639859,0.508472,0.76584,0.692131,0.131387,0.07371,0.337858,0.149972,0.210311,0.082181,0.024624,0.630315,0.518121,0.768175,0.706415,0.112194,0.06176,0.347415,0.155086,0.217519,0.052433,-0.050874,0.666192,0.559721,0.558257,0.490995,0.106471,0.067262,0.364709,0.152314,0.21362,0.096474,-0.031612,0.658483,0.562009,0.595232,0.496778,0.096474,0.098453
Andus - Tornado Kick_compressed.mp4,single_athlete_training,11,data\processed\clips\Andus - Tornado Kick_compressed\event_011_kick_candidate_left_ankle_t38p27.mp4,0.2004,0.855,left_ankle,kick_candidate,0.70065,0,0.0,kick,tornado_kick,spinning_kicks,0.698903,0.33037,0.264763,-0.11765,0.106124,0.603318,0.477822,0.696321,0.556939,0.125496,0.139382,0.18904,0.114242,0.091543,-0.044567,0.048618,0.540086,0.495519,0.634555,0.581425,0.044567,0.05313,0.645549,0.23931,0.191765,-0.135031,-0.024145,0.641313,0.503862,0.630695,0.55531,0.137451,0.075385,0.240094,0.080204,0.064283,0.003226,0.054855,0.535353,0.529789,0.626237,0.568322,0.005564,0.057915,1.051248,0.471498,0.377821,-0.164698,-0.04727,0.577805,0.413107,0.989592,0.797542,0.164698,0.19205,1.737644,0.77072,0.617612,-0.051315,0.116046,0.518065,0.354771,0.967078,0.637534,0.163294,0.329544,1.141986,0.519888,0.416603,-0.174848,-0.05631,0.598652,0.423804,0.853692,0.681178,0.174848,0.172514,0.890747,0.485282,0.38883,-0.072282,0.000165,0.550573,0.428385,0.834526,0.663231,0.122188,0.171295,0.419367,0.183231,0.146827,-0.114515,-0.020725,0.597369,0.482854,0.726228,0.670391,0.114515,0.055837,0.197775,0.114184,0.091498,-0.05339,0.001168,0.561029,0.505333,0.717186,0.687351,0.055696,0.029835,0.455657,0.186647,0.149567,-0.109894,-0.027461,0.631972,0.522079,0.546167,0.487005,0.109894,0.059162,0.214041,0.080119,0.064213,-0.016158,0.021068,0.564637,0.548479,0.562391,0.520989,0.016158,0.041402
Andus - Tornado Kick_compressed.mp4,single_athlete_training,12,data\processed\clips\Andus - Tornado Kick_compressed\event_012_kick_candidate_left_ankle_t44p08.mp4,0.8014,0.941,left_ankle,kick_candidate,0.704557,0,0.0,kick,tornado_kick,spinning_kicks,0.685887,0.309175,0.433634,0.021786,0.132572,0.644377,0.489479,0.745518,0.561672,0.154898,0.183845,0.655736,0.313179,0.43922,-7.9e-05,0.103932,0.59215,0.521501,0.711083,0.557699,0.070649,0.153384,0.65212,0.219911,0.308457,0.00568,-0.033774,0.647387,0.516946,0.657486,0.573276,0.13044,0.08421,0.337736,0.117093,0.164222,0.044753,0.020165,0.604646,0.559465,0.641844,0.574221,0.045181,0.067623,0.992147,0.562337,0.788683,0.051996,0.050766,0.646423,0.372604,1.06608,0.765292,0.273819,0.300788,1.040163,0.381679,0.535353,-0.026542,0.089506,0.588569,0.429847,1.038204,0.801474,0.158722,0.23673,1.067881,0.402118,0.564002,0.015873,0.026431,0.625367,0.439531,0.908296,0.700985,0.185836,0.207311,0.724531,0.225471,0.31627,-0.028035,0.007637,0.595436,0.492041,0.875537,0.756717,0.103395,0.11882,0.46352,0.175749,0.246508,-0.005127,-0.021792,0.618464,0.511948,0.748173,0.683043,0.106516,0.06513,0.213153,0.10464,0.146761,0.006839,-0.00828,0.585521,0.527823,0.734204,0.698999,0.057698,0.035205,0.451378,0.153875,0.215829,-0.024592,-0.042829,0.646996,0.543036,0.555795,0.496629,0.10396,0.059166,0.253668,0.11367,0.159427,0.029136,-0.036692,0.612181,0.583045,0.578264,0.514101,0.029136,0.064163
Andus - Tornado Kick_compressed.mp4,single_athlete_training,13,data\processed\clips\Andus - Tornado Kick_compressed\event_013_kick_candidate_left_ankle_t50p09.mp4,0.6011,0.9317,left_ankle,kick_candidate,0.688433,0,0.0,kick,tornado_kick,spinning_kicks,0.862378,0.242515,0.291567,-0.075144,0.120102,0.522901,0.444059,0.705037,0.509736,0.078842,0.1953,0.588782,0.25158,0.302455,-0.133105,-0.004805,0.542099,0.408993,0.661749,0.534747,0.133105,0.127002,0.287447,0.106967,0.128589,-0.060088,0.076402,0.559193,0.491957,0.617885,0.535316,0.067237,0.082569,0.260405,0.131881,0.158553,-0.118777,0.003085,0.569048,0.45027,0.604098,0.557968,0.118777,0.04613,0.881475,0.336642,0.404711,-0.036151,0.125691,0.550804,0.367711,1.020728,0.887422,0.183093,0.133306,1.744593,0.539269,0.648237,0.017515,0.125214,0.503655,0.411285,1.009283,0.636455,0.09237,0.372828,0.488375,0.243211,0.292391,-0.015432,0.128393,0.512885,0.418621,0.871513,0.738387,0.094264,0.133125,0.847952,0.219034,0.263273,-0.026484,0.167544,0.498103,0.47162,0.868712,0.663952,0.026484,0.20476,0.363412,0.103671,0.124635,-0.080203,0.065591,0.576178,0.489101,0.711429,0.643323,0.087077,0.068107,0.315798,0.113635,0.136606,-0.104137,0.052934,0.581495,0.477358,0.722935,0.65833,0.104137,0.064606,0.266807,0.092069,0.110687,-0.094615,0.02744,0.594855,0.50024,0.513786,0.482679,0.094615,0.031107,0.16286,0.112663,0.135438,-0.117001,0.017213,0.595009,0.478008,0.541091,0.502407,0.117001,0.038685
Andus - Tornado Kick_compressed.mp4,single_athlete_training,14,data\processed\clips\Andus - Tornado Kick_compressed\event_014_kick_candidate_left_ankle_t66p52.mp4,2.0035,0.9693,left_ankle,kick_candidate,0.845631,0,0.0,kick,tornado_kick,spinning_kicks,1.292411,0.375127,0.977146,-0.065313,0.030017,0.779634,0.51116,0.673901,0.421729,0.268475,0.252173,0.735287,0.27036,0.704157,-0.074007,0.015904,0.743742,0.531032,0.744679,0.590546,0.21271,0.154133,0.816136,0.3358,0.874701,-0.05907,0.001462,0.830459,0.546016,0.643344,0.468006,0.284443,0.175338,0.596625,0.202656,0.527825,-0.055377,0.03319,0.724952,0.556095,0.662323,0.585028,0.168857,0.077295,0.84259,0.527408,1.373664,-0.131598,0.00515,0.856269,0.475162,0.989738,0.803673,0.381108,0.186064,1.582284,0.388163,1.011092,-0.097697,-0.065928,0.747703,0.498579,0.976409,0.658087,0.249124,0.318323,0.859688,0.308568,0.803659,-0.088451,0.006511,0.829823,0.505887,0.896636,0.753958,0.323936,0.142679,1.220399,0.281373,0.732931,-0.122306,-0.046382,0.73633,0.530146,0.849664,0.606518,0.206185,0.243146,0.420412,0.191996,0.500097,-0.0922,0.04196,0.798744,0.560236,0.756514,0.670786,0.238508,0.085728,0.31079,0.143544,0.373892,-0.089747,0.020056,0.754118,0.566998,0.745557,0.672357,0.187119,0.0732,0.433604,0.217535,0.56661,-0.03472,0.008732,0.803373,0.580399,0.576171,0.51709,0.222974,0.059082,0.476348,0.142545,0.371242,-0.028852,0.035551,0.728945,0.581427,0.591978,0.528251,0.147518,0.063726
Andus - Tornado Kick_compressed.mp4,single_athlete_training,15,data\processed\clips\Andus - Tornado Kick_compressed\event_015_kick_candidate_left_ankle_t74p53.mp4,1.0018,0.9816,left_ankle,kick_candidate,0.906713,0,0.0,kick,tornado_kick,spinning_kicks,0.402525,0.207065,0.331877,-0.193786,-0.033644,0.822123,0.615773,0.652872,0.570069,0.20635,0.082802,0.581902,0.176444,0.282829,-0.159864,-0.079386,0.772288,0.58742,0.665697,0.583358,0.184868,0.082339,0.740145,0.274842,0.440503,-0.208453,0.027617,0.871097,0.596315,0.650694,0.595374,0.274782,0.05532,0.778944,0.184342,0.295501,-0.187079,-0.032316,0.75692,0.556281,0.656851,0.601723,0.200639,0.055128,0.761435,0.470867,0.754752,-0.294109,0.119054,0.896437,0.564403,0.996808,0.8237,0.332034,0.173109,0.735641,0.136079,0.218143,-0.185118,-0.047633,0.761769,0.564414,0.991597,0.943963,0.197356,0.047633,0.865096,0.212876,0.341226,-0.26205,-0.025204,0.881383,0.60603,0.881786,0.853429,0.275353,0.028357,0.544698,0.15818,0.253556,-0.167121,-0.086517,0.76963,0.588518,0.871912,0.785395,0.181112,0.086517,0.457606,0.192318,0.308245,-0.207121,-0.013975,0.84312,0.622122,0.763975,0.720068,0.220998,0.043907,0.570129,0.190518,0.305386,-0.196339,-0.041046,0.791698,0.581491,0.765903,0.699912,0.210206,0.065991,0.49787,0.204085,0.327107,-0.184309,0.031352,0.852038,0.621597,0.553489,0.504774,0.230441,0.048715,0.577646,0.158523,0.254112,-0.172135,-0.016463,0.773387,0.581095,0.564097,0.524536,0.192292,0.039561
Andus - Tornado Kick_compressed.mp4,single_athlete_training,16,data\processed\clips\Andus - Tornado Kick_compressed\event_016_kick_candidate_left_ankle_t75p94.mp4,0.6011,0.9689,left_ankle,kick_candidate,0.84675,0,0.0,kick,tornado_kick,spinning_kicks,0.389747,0.200096,0.240516,-0.047796,0.116027,0.615773,0.515755,0.7019,0.57348,0.100018,0.12842,0.302356,0.143169,0.172102,-0.03148,0.10201,0.58742,0.519822,0.685368,0.578656,0.067599,0.106711,0.630819,0.194796,0.234131,-0.06108,-0.041459,0.653594,0.527154,0.648899,0.564183,0.12644,0.084716,0.274462,0.093891,0.112871,0.015713,0.025236,0.571994,0.549287,0.634431,0.581174,0.022707,0.053256,1.73202,0.72459,0.870951,0.008396,0.009074,0.572799,0.363696,0.988791,0.640031,0.209103,0.34876,0.353519,0.132481,0.15925,-0.038653,0.042567,0.564414,0.494785,0.990021,0.931084,0.069629,0.058937,1.113603,0.444842,0.534676,-0.016455,0.00032,0.60603,0.451121,0.866642,0.661669,0.154909,0.204974,0.365556,0.144929,0.174211,-0.043751,0.062966,0.588518,0.504598,0.848513,0.781242,0.08392,0.067271,0.378771,0.150624,0.181055,-0.044216,-0.013765,0.622122,0.519607,0.722263,0.681173,0.102515,0.04109,0.197101,0.079037,0.095012,-0.020124,0.015392,0.581491,0.531133,0.725118,0.696279,0.050358,0.028838,0.435139,0.133347,0.16028,-0.063883,-0.031644,0.648929,0.552583,0.553489,0.498338,0.096346,0.05515,0.240917,0.091563,0.110072,-0.012981,0.001818,0.592611,0.563034,0.566393,0.519165,0.029577,0.047227
Andus - Tornado Kick_compressed.mp4,single_athlete_training,17,data\processed\clips\Andus - Tornado Kick_compressed\event_017_kick_candidate_left_ankle_t88p56.mp4,0.4007,0.97,left_ankle,kick_candidate,0.85268,0,0.0,kick,tornado_kick,spinning_kicks,0.329679,0.122713,0.122953,0.03518,0.093664,0.555413,0.518227,0.687312,0.593647,0.037186,0.093664,0.263525,0.141229,0.141493,-0.038316,0.127203,0.534306,0.485847,0.681623,0.55442,0.048459,0.127203,0.075769,0.05281,0.052908,0.028139,0.019092,0.573018,0.536276,0.612037,0.592945,0.036742,0.019092,0.171154,0.088278,0.088442,-0.040694,0.051351,0.547023,0.500888,0.621586,0.570235,0.046135,0.051351,1.204877,0.557221,0.558312,0.070221,0.030374,0.59223,0.393411,0.988519,0.753782,0.198818,0.234737,1.936815,0.41952,0.420357,-0.011297,0.415437,0.528331,0.511209,0.978869,0.563432,0.017122,0.415437,0.641488,0.304526,0.305111,0.034754,0.029957,0.557569,0.451333,0.844684,0.707878,0.106236,0.136806,0.978082,0.232994,0.233459,-0.023369,0.222073,0.542515,0.501323,0.838212,0.616139,0.041191,0.222073,0.153036,0.06752,0.067646,0.005117,0.007286,0.553034,0.51755,0.707165,0.699879,0.035484,0.007286,0.154607,0.068206,0.068339,-0.026524,0.018676,0.544779,0.508239,0.717135,0.688527,0.03654,0.028608,0.096925,0.040488,0.040565,-0.001153,0.000569,0.565496,0.545985,0.53883,0.531931,0.019511,0.006899,0.162411,0.087292,0.08745,-0.059573,0.003012,0.569911,0.510338,0.564013,0.537861,0.059573,0.026152
Andus - Tornado Kick_compressed.mp4,single_athlete_training,18,data\processed\clips\Andus - Tornado Kick_compressed\event_018_kick_candidate_left_ankle_t91p76.mp4,0.8014,0.9716,left_ankle,kick_candidate,0.8579,0,0.0,kick,tornado_kick,spinning_kicks,0.451551,0.238754,0.334841,0.040366,0.166438,0.622585,0.477401,0.718199,0.533841,0.145183,0.184357,0.517569,0.268939,0.377138,0.033824,0.106839,0.56276,0.510165,0.69031,0.579017,0.052595,0.111293,0.378588,0.195559,0.274247,0.005798,0.053129,0.620579,0.503799,0.636327,0.562015,0.11678,0.074311,0.416201,0.19053,0.267184,0.019639,0.055727,0.559542,0.530774,0.64449,0.561628,0.028768,0.082862,2.171802,0.702003,0.984587,0.016547,-0.036495,0.6401,0.420556,0.942982,0.539679,0.219545,0.403302,1.523596,0.754006,1.057494,0.05381,0.100895,0.530799,0.419868,0.963496,0.50152,0.110932,0.461976,1.369612,0.451412,0.633113,-0.000602,-0.019224,0.608597,0.465775,0.841053,0.579458,0.142822,0.261594,0.936785,0.378854,0.531262,0.014601,0.095147,0.523678,0.476832,0.804042,0.592716,0.046846,0.211326,0.315993,0.153986,0.215953,-0.014141,-0.001849,0.605822,0.504018,0.707975,0.664887,0.101804,0.043088,0.148468,0.096849,0.13582,-0.024573,0.003752,0.579246,0.516533,0.699071,0.671181,0.062712,0.02789,0.30071,0.141874,0.198971,-0.012724,0.01304,0.618016,0.52538,0.559655,0.523209,0.092636,0.036446,0.246467,0.107494,0.150739,0.000278,0.030378,0.566195,0.542635,0.580375,0.527053,0.023559,0.053322
Andus - Tornado Kick_compressed.mp4,single_athlete_training,19,data\processed\clips\Andus - Tornado Kick_compressed\event_019_kick_candidate_left_ankle_t94p77.mp4,0.4007,0.8824,left_ankle,kick_candidate,0.87044,0,0.0,kick,tornado_kick,spinning_kicks,0.601032,0.158907,0.159159,-0.128482,-0.071336,0.735194,0.606712,0.701209,0.629872,0.128482,0.071336,0.167701,0.105677,0.105868,-0.078387,-0.027334,0.764425,0.686038,0.69642,0.658797,0.078387,0.037623,0.490412,0.136076,0.136295,-0.128843,0.005492,0.773031,0.644188,0.628911,0.617116,0.128843,0.011795,0.101233,0.06348,0.063588,-0.060109,0.011808,0.760488,0.700378,0.636364,0.624556,0.060109,0.011808,0.718109,0.436602,0.437365,-0.189784,-0.009844,0.851397,0.658326,0.993466,0.849595,0.193072,0.143872,0.083808,0.045419,0.045502,-0.021817,-0.026166,0.760476,0.732408,0.982792,0.956626,0.028068,0.026166,0.409392,0.177443,0.177753,-0.175634,-0.004092,0.813904,0.63827,0.869219,0.861019,0.175634,0.008201,0.090044,0.055055,0.055151,-0.045112,-0.003055,0.752906,0.707794,0.848297,0.83542,0.045112,0.012878,0.264538,0.108166,0.108341,-0.098577,0.037372,0.790828,0.692251,0.75697,0.719598,0.098577,0.037372,0.128382,0.065035,0.065143,-0.037129,0.030065,0.758995,0.719186,0.751464,0.721399,0.03981,0.030065,0.299246,0.12417,0.124376,-0.110702,0.050147,0.776639,0.665936,0.568015,0.517868,0.110702,0.050147,0.133999,0.077197,0.077326,-0.042408,0.044474,0.748073,0.699112,0.567188,0.522713,0.048962,0.044474
Andus - Tornado Kick_compressed.mp4,single_athlete_training,20,data\processed\clips\Andus - Tornado Kick_compressed\event_020_kick_candidate_left_ankle_t95p97.mp4,0.6011,0.9685,left_ankle,kick_candidate,0.845567,0,0.0,kick,tornado_kick,spinning_kicks,0.352454,0.139591,0.16781,-0.081436,0.05149,0.612949,0.496878,0.608633,0.556913,0.116071,0.05172,0.190221,0.080905,0.097259,-0.073021,0.000927,0.561981,0.488959,0.601018,0.577843,0.073021,0.023175,0.50647,0.143187,0.172137,-0.075564,-0.020822,0.646675,0.533314,0.617002,0.571651,0.113361,0.04535,0.165785,0.085744,0.103067,-0.062758,0.01474,0.556569,0.49379,0.61992,0.590518,0.062779,0.029402,1.412657,0.64678,0.777592,-0.027071,-0.060629,0.606043,0.391148,0.977096,0.652201,0.214894,0.324895,0.285798,0.092399,0.11107,-0.014322,0.046239,0.526662,0.500455,0.98294,0.919971,0.026207,0.062969,1.033311,0.376254,0.452365,-0.054265,-0.036822,0.620126,0.452193,0.855248,0.673956,0.167933,0.181292,0.349702,0.136409,0.163977,-0.056737,0.073869,0.566818,0.493638,0.837864,0.760902,0.073181,0.076963,0.377033,0.140145,0.168475,-0.067994,-0.023303,0.621197,0.515378,0.722343,0.671733,0.105819,0.05061,0.250897,0.114458,0.137592,-0.069294,0.001293,0.588035,0.504676,0.720743,0.678524,0.083359,0.042219,0.379753,0.128543,0.154526,-0.082623,-0.016152,0.637979,0.535446,0.545498,0.508211,0.102533,0.037287,0.244793,0.088731,0.106664,-0.071283,0.01461,0.574512,0.503229,0.570659,0.526799,0.071283,0.04386
Andus - Tornado Kick_compressed.mp4,single_athlete_training,22,data\processed\clips\Andus - Tornado Kick_compressed\event_022_kick_candidate_left_ankle_t107p59.mp4,0.6011,0.9845,left_ankle,kick_candidate,0.921483,0,0.0,kick,tornado_kick,spinning_kicks,0.580772,0.294058,0.353463,-0.094637,0.071909,0.654505,0.559867,0.697801,0.541418,0.094637,0.156383,0.994132,0.328239,0.394588,-0.169712,-0.028049,0.694024,0.524311,0.642885,0.474096,0.169712,0.168789,0.404739,0.213718,0.25691,-0.030296,0.003745,0.665761,0.596869,0.645393,0.545291,0.068891,0.100102,0.863211,0.240189,0.288752,-0.145657,-0.059237,0.702538,0.551527,0.651535,0.506271,0.151011,0.145264,1.090257,0.408518,0.491,-0.155796,0.055295,0.71084,0.495757,1.012327,0.811817,0.215084,0.200509,1.377524,0.651823,0.783531,-0.10607,-0.090698,0.631985,0.424626,1.017407,0.620444,0.207358,0.396963,0.965047,0.423817,0.509417,-0.131688,0.019111,0.679584,0.515813,0.868493,0.643453,0.163771,0.22504,0.976681,0.406352,0.4885,-0.113947,-0.101928,0.663258,0.485649,0.885052,0.639694,0.177609,0.245358,0.390356,0.162202,0.19499,-0.088506,-0.019139,0.649357,0.559734,0.740885,0.651695,0.089623,0.08919,0.591,0.181829,0.21859,-0.129275,-0.051838,0.672866,0.533334,0.746378,0.645658,0.139532,0.10072,0.346669,0.16437,0.19759,-0.04229,0.003031,0.655209,0.602098,0.55838,0.480117,0.05311,0.078264,0.504207,0.136245,0.163794,-0.114208,-0.029856,0.69316,0.576372,0.555929,0.486858,0.116787,0.069071
Andus - Tornado Kick_compressed.mp4,single_athlete_training,23,data\processed\clips\Andus - Tornado Kick_compressed\event_023_kick_candidate_left_ankle_t111p80.mp4,0.4007,0.9827,left_ankle,kick_candidate,0.9123,0,0.0,kick,tornado_kick,spinning_kicks,0.609395,0.257714,0.258169,-0.030042,0.084002,0.592191,0.546619,0.695346,0.53336,0.045571,0.161986,0.907496,0.311184,0.3117,-0.151899,-0.039289,0.660806,0.508907,0.646762,0.491289,0.151899,0.155473,0.379414,0.204135,0.204469,0.026019,0.05163,0.628066,0.575378,0.65385,0.547453,0.052688,0.106397,0.841565,0.283186,0.283647,-0.136259,-0.035549,0.67835,0.532502,0.643047,0.510571,0.145849,0.132476,0.883811,0.378022,0.378682,-0.09024,0.096555,0.60463,0.481056,0.992606,0.785415,0.123573,0.207191,1.922198,0.697963,0.699264,-0.080386,-0.202236,0.61227,0.421869,0.988177,0.590403,0.190402,0.397775,0.908726,0.398466,0.399152,-0.078927,0.056734,0.60963,0.508748,0.860175,0.651937,0.100882,0.208238,1.041412,0.487461,0.488342,-0.089746,-0.123997,0.623479,0.453762,0.870699,0.60962,0.169716,0.261079,0.273429,0.138844,0.139073,-0.048067,-0.004935,0.601243,0.540125,0.737805,0.683956,0.061118,0.053849,0.389509,0.175694,0.17599,-0.104501,-0.051608,0.635526,0.512602,0.743155,0.670078,0.122923,0.073077,0.287882,0.135251,0.135472,0.002209,0.010517,0.633464,0.605502,0.575392,0.508459,0.027961,0.066932,0.399032,0.15213,0.152387,-0.093048,-0.018126,0.661039,0.560269,0.558301,0.497979,0.10077,0.060322
Andus - Tornado Kick_compressed.mp4,single_athlete_training,24,data\processed\clips\Andus - Tornado Kick_compressed\event_024_kick_candidate_left_ankle_t116p41.mp4,0.601,0.975,left_ankle,kick_candidate,0.876267,0,0.0,kick,tornado_kick,spinning_kicks,0.672892,0.294145,0.353643,-0.143851,0.094561,0.719795,0.559135,0.714576,0.547061,0.16066,0.167516,0.827692,0.271905,0.326823,-0.160792,0.009979,0.671893,0.511101,0.63904,0.502726,0.160792,0.136314,0.743603,0.297999,0.358251,-0.106426,-0.005304,0.712877,0.573003,0.648585,0.548175,0.139874,0.10041,0.840875,0.237931,0.285992,-0.075138,-0.060584,0.66524,0.542907,0.630219,0.500361,0.122332,0.129857,0.936561,0.436303,0.524537,-0.162999,-0.001032,0.718754,0.486785,0.979059,0.786827,0.231969,0.192231,1.865661,0.706002,0.848763,-0.044242,-0.031185,0.601746,0.429252,0.980301,0.582142,0.172493,0.398159,0.91953,0.427387,0.513797,-0.163176,-0.014865,0.704523,0.510883,0.864664,0.643469,0.19364,0.221194,0.960398,0.44567,0.535774,-0.094166,-0.054571,0.631917,0.471132,0.871025,0.607904,0.160785,0.26312,0.423079,0.157756,0.189652,-0.117608,-0.021198,0.684067,0.563356,0.741718,0.67667,0.120711,0.065048,0.397102,0.136185,0.163701,-0.107251,-0.058336,0.651601,0.53136,0.745643,0.676575,0.120241,0.069069,0.483424,0.185735,0.223292,-0.086283,-0.020039,0.696379,0.604946,0.57242,0.499851,0.091433,0.07257,0.44302,0.134988,0.162263,-0.062416,-0.03903,0.6648,0.570012,0.560124,0.494491,0.094789,0.065633
Andus - Tornado Kick_compressed.mp4,single_athlete_training,25,data\processed\clips\Andus - Tornado Kick_compressed\event_025_kick_candidate_left_ankle_t120p41.mp4,0.4007,0.8717,left_ankle,kick_candidate,0.84042,0,0.0,kick,spinninghook_kick,spinning_kicks,0.608072,0.393787,0.394498,-0.133638,0.035738,0.69153,0.553532,0.68472,0.532154,0.137998,0.152566,0.790083,0.324482,0.32508,-0.188494,0.028394,0.675152,0.486658,0.655818,0.541546,0.188494,0.114272,0.473423,0.292269,0.292763,-0.082788,0.005196,0.675466,0.582443,0.639303,0.549506,0.093023,0.089797,0.718292,0.219165,0.219573,-0.159479,-0.034818,0.675616,0.516137,0.643557,0.560128,0.159479,0.08343,0.930835,0.399745,0.400377,-0.201216,0.041725,0.712265,0.504234,0.988183,0.827954,0.208031,0.160229,1.057499,0.484307,0.485167,-0.150962,-0.263084,0.614249,0.436442,0.989852,0.640575,0.177807,0.349277,1.042022,0.493888,0.494691,-0.16516,0.020512,0.689609,0.523339,0.865479,0.638666,0.16627,0.226813,1.067655,0.366667,0.367369,-0.188045,-0.135474,0.651509,0.463464,0.874558,0.654183,0.188045,0.220375,0.377211,0.221907,0.222278,-0.135227,-0.010251,0.679753,0.544527,0.740076,0.658115,0.135227,0.081961,0.514108,0.19213,0.192482,-0.15244,-0.055318,0.666124,0.513683,0.74645,0.66661,0.15244,0.079839,0.330837,0.198533,0.198865,-0.070022,0.007964,0.668663,0.598641,0.561266,0.499044,0.070022,0.062222,0.437564,0.15197,0.152248,-0.119408,-0.004314,0.660056,0.540648,0.555719,0.509185,0.119408,0.046533
Andus - Tornado Kick_compressed.mp4,single_athlete_training,26,data\processed\clips\Andus - Tornado Kick_compressed\event_026_kick_candidate_left_ankle_t130p83.mp4,0.4007,0.9688,left_ankle,kick_candidate,0.88434,0,0.0,kick,tornado_kick,spinning_kicks,0.4675,0.235004,0.235419,-0.044125,0.059993,0.596311,0.53291,0.675687,0.544531,0.063402,0.131155,0.750961,0.311414,0.31193,-0.194676,-0.006223,0.658228,0.463552,0.654408,0.539367,0.194676,0.11504,0.40909,0.204018,0.204347,-0.003931,0.049138,0.635111,0.564697,0.636378,0.548364,0.070414,0.088014,0.661161,0.238247,0.238637,-0.167511,-0.003197,0.657418,0.489907,0.618225,0.543928,0.167511,0.074297,0.788406,0.364365,0.364997,-0.090224,0.075229,0.591483,0.468529,0.973281,0.786562,0.122954,0.18672,1.943219,0.707974,0.709328,-0.108993,-0.09894,0.602136,0.415171,0.965651,0.591193,0.186965,0.374458,0.793065,0.369859,0.37049,-0.083249,0.035332,0.594803,0.508157,0.850376,0.662939,0.086645,0.187436,0.99725,0.45373,0.454555,-0.138732,-0.052219,0.615819,0.433071,0.835851,0.622714,0.182748,0.213138,0.18925,0.123147,0.123357,-0.067652,-0.000441,0.594002,0.523885,0.725534,0.680262,0.070117,0.045273,0.315207,0.142575,0.142814,-0.129079,-0.035314,0.624541,0.495462,0.715119,0.671659,0.129079,0.043461,0.277548,0.126782,0.12699,-0.026388,0.020754,0.61331,0.567972,0.570502,0.513914,0.045338,0.056589,0.373105,0.151928,0.152181,-0.127468,-0.012474,0.645319,0.517851,0.558908,0.521419,0.127468,0.037489
Andus - Tornado Kick_compressed.mp4,single_athlete_training,27,data\processed\clips\Andus - Tornado Kick_compressed\event_027_kick_candidate_left_ankle_t135p84.mp4,0.4007,0.957,left_ankle,kick_candidate,0.8745,0,0.0,kick,tornado_kick,spinning_kicks,0.462473,0.223012,0.223418,-0.14819,-0.028569,0.661644,0.513455,0.611759,0.541686,0.14819,0.070074,0.530385,0.246368,0.24678,-0.188589,0.005197,0.655311,0.466722,0.617431,0.552823,0.188589,0.064609,0.469261,0.224766,0.225187,-0.084169,0.020628,0.641355,0.557186,0.646493,0.565553,0.084169,0.08094,0.676996,0.235345,0.23574,-0.164466,-0.020519,0.659316,0.49485,0.626253,0.551346,0.164466,0.074907,0.9968,0.451658,0.452482,-0.191214,0.050431,0.676217,0.479822,0.966025,0.750927,0.196396,0.215098,1.048884,0.578,0.57897,-0.166613,-0.151608,0.593318,0.421864,0.974693,0.634898,0.171453,0.339795,0.618447,0.323309,0.323909,-0.155449,0.02571,0.654122,0.498672,0.845435,0.701522,0.155449,0.143912,0.924337,0.396826,0.39747,-0.195726,-0.116453,0.629404,0.433679,0.846428,0.624424,0.195726,0.222003,0.385098,0.219438,0.219831,-0.140061,0.00047,0.656635,0.516574,0.722393,0.6561,0.140061,0.066293,0.429885,0.206501,0.206852,-0.170669,-0.039842,0.655819,0.48515,0.722587,0.651934,0.170669,0.070654,0.350005,0.170464,0.170778,-0.068895,0.015556,0.642137,0.573241,0.578591,0.512444,0.068895,0.066147,0.417045,0.177486,0.177789,-0.137066,-0.014404,0.653266,0.5162,0.558229,0.509941,0.137066,0.048289
Andus - Tornado Kick_compressed.mp4,single_athlete_training,28,data\processed\clips\Andus - Tornado Kick_compressed\event_028_kick_candidate_left_ankle_t140p85.mp4,0.8014,0.9747,left_ankle,kick_candidate,0.872243,0,0.0,kick,tornado_kick,spinning_kicks,0.468624,0.194514,0.27277,-0.066431,0.08367,0.630867,0.543486,0.695894,0.540425,0.087381,0.155469,0.686863,0.263691,0.36979,-0.121831,0.029666,0.67434,0.510834,0.666732,0.526012,0.163505,0.14072,0.414671,0.167811,0.235319,-0.034985,0.008613,0.641807,0.568376,0.656667,0.554431,0.07343,0.102235,0.436632,0.19591,0.274734,-0.101419,-0.012935,0.67842,0.544687,0.659407,0.578154,0.133733,0.081253,1.223168,0.531635,0.745627,-0.118248,0.067816,0.673445,0.47119,0.977248,0.62303,0.202255,0.354218,0.953448,0.371755,0.521348,-0.033088,-0.030586,0.618307,0.430928,0.970774,0.782785,0.187379,0.187989,0.925208,0.310238,0.435045,-0.106845,-0.006017,0.663412,0.519743,0.836204,0.650028,0.143668,0.186176,0.400638,0.188739,0.264697,-0.083882,-0.036835,0.647281,0.49339,0.845894,0.763583,0.153891,0.082312,0.320489,0.135676,0.190266,-0.09504,-0.005068,0.659472,0.548473,0.733985,0.674961,0.110999,0.059024,0.283466,0.1505,0.211059,-0.105202,-0.021784,0.675416,0.528889,0.723789,0.68093,0.146526,0.042859,0.303164,0.131578,0.184508,-0.057213,-0.026594,0.636313,0.575873,0.581017,0.513326,0.06044,0.067692,0.309464,0.11986,0.168084,-0.090245,-0.022084,0.672832,0.56798,0.563084,0.528859,0.104852,0.034225
Andus - Tornado Kick_compressed.mp4,single_athlete_training,29,data\processed\clips\Andus - Tornado Kick_compressed\event_029_kick_candidate_left_ankle_t146p46.mp4,0.4007,0.9445,left_ankle,kick_candidate,0.87082,0,0.0,kick,tornado_kick,spinning_kicks,0.527523,0.279212,0.279686,-0.13204,-0.064152,0.651741,0.519701,0.676727,0.536368,0.13204,0.140359,0.570683,0.316646,0.317168,-0.203902,0.028426,0.681379,0.477477,0.660191,0.551169,0.203902,0.109022,0.520391,0.206916,0.207252,-0.069545,0.005432,0.639462,0.569917,0.643773,0.556513,0.069545,0.08726,0.485744,0.267689,0.26815,-0.163887,-0.013174,0.663564,0.499678,0.636898,0.554132,0.163887,0.082766,0.883211,0.392218,0.39286,-0.198466,0.061465,0.690364,0.491897,0.985311,0.80017,0.198466,0.18514,1.276545,0.557526,0.55855,-0.121195,-0.227087,0.626798,0.408242,0.989812,0.659698,0.218556,0.330115,0.766972,0.293497,0.293954,-0.150443,0.013913,0.660334,0.509891,0.854872,0.731196,0.150443,0.123676,1.282772,0.37934,0.380052,-0.191782,-0.165464,0.6449,0.453119,0.862532,0.622979,0.191782,0.239553,0.383872,0.180161,0.180461,-0.119067,0.009316,0.649341,0.530275,0.728561,0.6647,0.119067,0.063862,0.528861,0.187046,0.18739,-0.144468,-0.050928,0.640533,0.496065,0.723321,0.641745,0.144468,0.081576,0.364255,0.166552,0.166828,-0.07699,-0.001144,0.650368,0.573378,0.563512,0.498826,0.07699,0.064686,0.450374,0.184248,0.184579,-0.139337,-0.013943,0.654276,0.51494,0.555233,0.497207,0.139337,0.058026
Andus - Tornado Kick_compressed.mp4,single_athlete_training,32,data\processed\clips\Andus - Tornado Kick_compressed\event_032_kick_candidate_left_ankle_t175p11.mp4,0.6011,0.9432,left_ankle,kick_candidate,0.7191,0,0.0,kick,tornado_kick,spinning_kicks,0.908845,0.345044,0.414809,-0.151537,0.04111,0.532953,0.363521,0.679826,0.517354,0.169432,0.162472,0.761374,0.349247,0.419878,-0.094842,-0.112439,0.501423,0.374399,0.72916,0.532598,0.127024,0.196562,0.699214,0.20692,0.248757,-0.135526,0.007551,0.522397,0.372713,0.648103,0.571852,0.149684,0.076252,0.625381,0.244631,0.294102,-0.018094,-0.028961,0.506989,0.399141,0.657832,0.556862,0.107848,0.10097,1.342933,0.452571,0.544081,-0.195348,-0.068039,0.564886,0.364639,1.048498,0.768678,0.200247,0.279819,0.935737,0.492489,0.592033,-0.021284,-0.123599,0.471194,0.355591,1.03484,0.707863,0.115602,0.326977,1.291837,0.400261,0.4812,-0.183469,-0.085048,0.563787,0.354024,0.919934,0.694724,0.209763,0.22521,0.789008,0.39083,0.469842,-0.057443,-0.119042,0.499413,0.357127,0.921676,0.670106,0.142287,0.25157,0.506192,0.194117,0.233375,-0.119196,-0.053088,0.522512,0.377422,0.77952,0.681228,0.14509,0.098292,0.49371,0.172432,0.207304,-0.045306,-0.059425,0.480331,0.385376,0.788057,0.689569,0.094955,0.098488,0.535952,0.202821,0.24383,-0.123433,-0.016153,0.520291,0.391838,0.564666,0.482627,0.128453,0.082039,0.421659,0.178717,0.21485,-0.012978,-0.017624,0.495917,0.427303,0.562946,0.489234,0.068614,0.073712
Andus - Tornado Kick_compressed.mp4,single_athlete_training,33,data\processed\clips\Andus - Tornado Kick_compressed\event_033_kick_candidate_left_ankle_t183p53.mp4,0.2003,0.823,left_ankle,kick_candidate,0.917075,0,0.0,false_positive,tornado_kick,spinning_kicks,0.470422,0.207374,0.166211,-0.091514,-0.085078,0.592471,0.500957,0.669302,0.563186,0.091514,0.106116,0.516453,0.25048,0.20077,-0.095032,-0.036783,0.587558,0.492526,0.669037,0.566356,0.095032,0.10268,0.475067,0.23132,0.185416,-0.056595,0.039118,0.571346,0.514751,0.676341,0.577341,0.056595,0.098999,0.33425,0.231449,0.185496,-0.104,0.00569,0.596313,0.492264,0.639568,0.582357,0.104048,0.057211,0.955095,0.422897,0.338962,-0.165388,0.02165,0.632978,0.462984,0.907711,0.764268,0.169994,0.143443,1.110787,0.422989,0.338957,-0.176026,-0.237795,0.544161,0.368135,0.929359,0.675764,0.176026,0.253596,0.761492,0.337608,0.270597,-0.15717,0.011764,0.612621,0.45545,0.804809,0.694159,0.15717,0.11065,0.880887,0.296242,0.23738,-0.152155,-0.149447,0.579385,0.42723,0.818857,0.666633,0.152155,0.152224,0.259555,0.136038,0.109037,-0.089561,-0.013881,0.580939,0.491378,0.71979,0.682534,0.089561,0.037256,0.410155,0.166574,0.133485,-0.105702,-0.040664,0.583139,0.477438,0.71837,0.65948,0.105702,0.058889,0.380266,0.170035,0.136291,-0.040541,0.048077,0.577833,0.537292,0.609531,0.535816,0.040541,0.073715,0.3034,0.158979,0.127407,-0.089496,0.012514,0.599453,0.509957,0.570386,0.531273,0.089496,0.039112
Andus - Tornado Kick_compressed.mp4,single_athlete_training,34,data\processed\clips\Andus - Tornado Kick_compressed\event_034_kick_candidate_left_ankle_t189p94.mp4,0.2003,0.8342,left_ankle,kick_candidate,0.915925,0,0.0,kick,tornado_kick,spinning_kicks,0.445882,0.194841,0.156175,-0.078412,-0.04703,0.575097,0.496685,0.648433,0.558073,0.078412,0.090361,0.507748,0.262596,0.210472,-0.099132,0.013435,0.592595,0.493463,0.645674,0.547727,0.099132,0.097947,0.411838,0.192284,0.154129,-0.048541,0.025238,0.551398,0.502856,0.655203,0.571613,0.048541,0.08359,0.396886,0.225757,0.180943,-0.098118,-0.004192,0.587037,0.488919,0.639724,0.568918,0.098118,0.070806,0.961156,0.387082,0.310259,-0.165451,0.007082,0.628899,0.463449,0.891748,0.774353,0.165451,0.117395,1.516952,0.463151,0.37111,-0.174425,-0.239385,0.553433,0.372591,0.927726,0.64809,0.180842,0.279635,0.86365,0.358911,0.287671,-0.144266,-0.018933,0.603154,0.458888,0.811766,0.685811,0.144266,0.125955,0.79198,0.300111,0.24049,-0.146993,-0.150039,0.579211,0.432217,0.825051,0.657495,0.146993,0.167556,0.29242,0.145562,0.116672,-0.080573,-0.034775,0.572914,0.492341,0.737083,0.67964,0.080573,0.057443,0.2979,0.182231,0.146047,-0.107909,-0.062117,0.586277,0.478367,0.736937,0.657173,0.107909,0.079764,0.324775,0.141345,0.113296,-0.033039,0.039074,0.564133,0.531094,0.600991,0.527928,0.033039,0.073062,0.244404,0.15867,0.12717,-0.089991,-0.007569,0.595443,0.505452,0.567842,0.525512,0.089991,0.04233
Andus - Tornado Kick_compressed.mp4,single_athlete_training,35,data\processed\clips\Andus - Tornado Kick_compressed\event_035_kick_candidate_left_ankle_t199p15.mp4,0.2004,0.9043,left_ankle,kick_candidate,0.92245,0,0.0,kick,tornado_kick,spinning_kicks,0.265705,0.148601,0.119092,-0.065219,-0.00207,0.528346,0.463126,0.597255,0.547891,0.065219,0.049364,0.530393,0.215001,0.172291,-0.101969,-0.031885,0.568734,0.466766,0.628623,0.543368,0.101969,0.085255,0.452577,0.178764,0.143273,-0.016263,0.036468,0.531086,0.483944,0.652867,0.574988,0.047142,0.07788,0.456664,0.21459,0.17197,-0.0743,-0.019582,0.558439,0.478797,0.639585,0.558437,0.079643,0.081147,0.597752,0.314464,0.252015,-0.092645,0.112668,0.553047,0.436789,0.91929,0.787266,0.116259,0.132024,1.452825,0.682772,0.547271,-0.087776,-0.151597,0.528484,0.363632,0.933087,0.61578,0.164852,0.317307,0.555938,0.299879,0.240328,-0.104759,0.094172,0.547532,0.44077,0.816459,0.690637,0.106762,0.125822,0.780213,0.359891,0.28846,-0.103277,-0.103288,0.536022,0.42237,0.825975,0.648144,0.113652,0.177832,0.133512,0.097223,0.077921,-0.054766,0.011839,0.519419,0.464653,0.717682,0.686429,0.054766,0.031253,0.243842,0.131021,0.105002,-0.086123,-0.042834,0.5472,0.461077,0.724703,0.676295,0.086123,0.048408,0.352951,0.153499,0.123029,-0.0132,0.034099,0.540353,0.505161,0.598944,0.530488,0.035191,0.068456,0.306787,0.153363,0.122905,-0.065736,-0.0157,0.570543,0.499395,0.569462,0.521468,0.071148,0.047994
Andus - Tornado Kick_compressed.mp4,single_athlete_training,49,data\processed\clips\Andus - Tornado Kick_compressed\event_049_punch_candidate_left_wrist_t49p89.mp4,0.4007,0.9373,left_wrist,punch_candidate,0.68446,0,0.0,kick,tornado_kick,spinning_kicks,0.862378,0.381466,0.382134,-0.180064,0.078545,0.649062,0.468998,0.705037,0.509736,0.180064,0.1953,0.588782,0.337459,0.33804,-0.174551,-0.021381,0.638813,0.464261,0.661749,0.545229,0.174551,0.11652,0.720012,0.263352,0.263783,-0.149906,-0.040817,0.643729,0.493823,0.652161,0.535316,0.149906,0.116845,0.287149,0.146668,0.146925,-0.071384,-0.016247,0.579922,0.508538,0.614446,0.557968,0.071384,0.056479,0.881475,0.500908,0.501786,-0.107539,0.009006,0.612513,0.367711,1.003635,0.887422,0.244802,0.116213,1.744593,0.786495,0.787811,-0.097337,0.04064,0.600992,0.411285,1.009283,0.636455,0.189708,0.372828,0.895556,0.437647,0.438391,-0.151516,-0.024814,0.631636,0.418621,0.872831,0.738387,0.213015,0.134444,1.149602,0.466763,0.467497,-0.135476,-0.032208,0.623065,0.475532,0.891823,0.663952,0.147533,0.227871,0.545244,0.218064,0.218431,-0.152897,-0.026516,0.642769,0.489239,0.729885,0.643323,0.15353,0.086562,0.3437,0.175302,0.1756,-0.098325,-0.002649,0.602056,0.503732,0.72403,0.65833,0.098325,0.065701,0.482166,0.198207,0.198539,-0.151986,-0.044334,0.660755,0.508769,0.553279,0.482679,0.151986,0.0706,0.190991,0.122692,0.122906,-0.06968,-0.006659,0.596027,0.526346,0.541091,0.502407,0.06968,0.038685
Andus - Tornado Kick_compressed.mp4,single_athlete_training,51,data\processed\clips\Andus - Tornado Kick_compressed\event_051_punch_candidate_left_wrist_t63p71.mp4,0.2004,0.7635,left_wrist,punch_candidate,0.812375,0,0.0,kick,tornado_kick,spinning_kicks,0.770764,0.365718,0.293082,-0.145383,0.005981,0.63303,0.487647,0.680568,0.554161,0.145383,0.126407,0.605709,0.235673,0.188855,-0.164715,-0.013161,0.651631,0.486916,0.61701,0.569465,0.164715,0.047545,0.361979,0.1875,0.150264,-0.108156,-0.057247,0.611406,0.50325,0.635192,0.570041,0.108156,0.065152,0.612084,0.250134,0.200446,-0.088751,-0.017743,0.608831,0.510672,0.62434,0.550884,0.098158,0.073456,0.513391,0.160872,0.128947,-0.120718,-0.024256,0.607715,0.486996,0.976101,0.948905,0.120718,0.027196,1.203259,0.878281,0.703914,-0.14287,-0.182988,0.603239,0.401479,0.98933,0.583957,0.201761,0.405374,0.335454,0.189792,0.152105,-0.136009,-0.042852,0.618037,0.482028,0.858871,0.805386,0.136009,0.053485,1.066465,0.508691,0.40766,-0.151352,-0.137655,0.615209,0.463858,0.861248,0.611622,0.151352,0.249626,0.353154,0.192185,0.154029,-0.121599,-0.036188,0.622118,0.500518,0.731236,0.668393,0.121599,0.062843,0.308309,0.14705,0.117845,-0.085843,-0.038704,0.595223,0.509379,0.736484,0.676835,0.085843,0.059649,0.314046,0.163591,0.131112,-0.106789,-0.04245,0.62231,0.51552,0.564468,0.508081,0.106789,0.056387,0.218184,0.096039,0.076963,-0.053246,-0.007069,0.587823,0.534577,0.55539,0.526752,0.053246,0.028638
Andus - Tornado Kick_compressed.mp4,single_athlete_training,52,data\processed\clips\Andus - Tornado Kick_compressed\event_052_punch_candidate_left_wrist_t68p32.mp4,0.8014,0.9628,left_wrist,punch_candidate,0.814357,0,0.0,kick,tornado_kick,spinning_kicks,1.292411,0.537638,0.754073,0.306175,-0.022161,0.817335,0.51116,0.673901,0.421729,0.306175,0.252173,0.735287,0.357067,0.50078,0.245933,0.019625,0.776965,0.531032,0.744679,0.612734,0.245933,0.131945,0.816136,0.370907,0.520212,0.297537,-0.025519,0.843553,0.546016,0.626096,0.468006,0.297537,0.15809,0.41014,0.25487,0.357456,0.223475,-0.018467,0.77957,0.556095,0.662323,0.585028,0.223475,0.077295,0.543962,0.280302,0.39309,0.370188,-0.036657,0.856974,0.486786,0.989738,0.93444,0.370188,0.055298,1.064527,0.578384,0.811234,0.305828,0.155437,0.818237,0.512409,0.976409,0.71175,0.305828,0.264659,0.61009,0.284111,0.398434,0.340491,-0.018395,0.846378,0.505887,0.896636,0.804369,0.340491,0.092267,0.645602,0.361651,0.507226,0.275072,0.09837,0.805218,0.530146,0.844109,0.692931,0.275072,0.151178,0.420412,0.223009,0.312763,0.261614,-0.05612,0.82185,0.560236,0.756514,0.664361,0.261614,0.092153,0.298387,0.187004,0.262257,0.218346,-0.037658,0.785344,0.566998,0.745557,0.660867,0.218346,0.08469,0.312539,0.197191,0.276556,0.244362,-0.044936,0.832483,0.58812,0.576171,0.531235,0.244362,0.044936,0.280805,0.145025,0.203382,0.185049,-0.050842,0.778667,0.593618,0.591978,0.532516,0.185049,0.059462
Andus - Tornado Kick_compressed.mp4,single_athlete_training,56,data\processed\clips\Andus - Tornado Kick_compressed\event_056_punch_candidate_left_wrist_t91p56.mp4,0.2004,0.8043,left_wrist,punch_candidate,0.853425,0,0.0,kick,tornado_kick,spinning_kicks,0.829668,0.402671,0.322665,-0.172673,-0.039288,0.650075,0.477401,0.685539,0.533841,0.172673,0.151698,0.771207,0.340069,0.272471,-0.152704,0.069407,0.680655,0.515317,0.681913,0.579017,0.165339,0.102896,0.398489,0.247996,0.198724,-0.126355,-0.065722,0.630154,0.503799,0.654369,0.562015,0.126355,0.092353,0.53349,0.24034,0.192566,-0.094615,0.033188,0.641805,0.530774,0.638817,0.566457,0.111032,0.07236,2.171802,0.654161,0.524331,-0.185334,-0.34091,0.623553,0.420556,0.942982,0.539679,0.202998,0.403302,1.005876,0.424992,0.340553,-0.116502,-0.019261,0.61042,0.476989,0.982756,0.831796,0.133432,0.15096,1.369612,0.508091,0.407219,-0.182797,-0.201712,0.650481,0.467684,0.85002,0.579458,0.182797,0.270562,1.064647,0.384974,0.30847,-0.158221,-0.062771,0.655947,0.497726,0.863506,0.708895,0.158221,0.15461,0.315993,0.217253,0.174095,-0.134364,-0.068488,0.643224,0.50886,0.751203,0.664887,0.134364,0.086316,0.372392,0.157159,0.12593,-0.103727,-0.049968,0.633174,0.529447,0.745392,0.688667,0.103727,0.056725,0.30071,0.166348,0.133308,-0.107748,-0.033941,0.633128,0.52538,0.573449,0.523209,0.107748,0.05024,0.362448,0.164567,0.131856,-0.063724,0.010946,0.624863,0.556931,0.580375,0.527053,0.067932,0.053322
Andus - Tornado Kick_compressed.mp4,single_athlete_training,60,data\processed\clips\Andus - Tornado Kick_compressed\event_060_punch_candidate_left_wrist_t111p60.mp4,0.2003,0.7657,left_wrist,punch_candidate,0.92475,0,0.0,kick,tornado_kick,spinning_kicks,0.669519,0.282563,0.226463,-0.147029,-0.095126,0.723767,0.576739,0.637603,0.53336,0.147029,0.104244,0.907496,0.338126,0.270951,-0.123343,-0.07229,0.662539,0.539196,0.646762,0.491289,0.123343,0.155473,0.719489,0.324361,0.25997,-0.106278,-0.066872,0.712289,0.575378,0.647441,0.547453,0.136911,0.099988,0.841565,0.368235,0.295093,-0.070262,-0.068371,0.67835,0.545696,0.643047,0.510571,0.132654,0.132476,0.883811,0.633335,0.507598,-0.230232,-0.016729,0.74897,0.481056,0.975205,0.785415,0.267914,0.18979,1.922198,0.568353,0.45556,-0.190377,-0.393462,0.61227,0.421869,0.988177,0.590403,0.190402,0.397775,0.908726,0.602381,0.482778,-0.190437,-0.046999,0.727797,0.508748,0.864315,0.651937,0.219049,0.212377,1.041412,0.387177,0.310317,-0.141799,-0.272023,0.631575,0.489776,0.881644,0.60962,0.141799,0.272023,0.41408,0.206835,0.165772,-0.117681,-0.05837,0.682885,0.565204,0.752655,0.683956,0.117681,0.068699,0.389509,0.16996,0.136201,-0.099471,-0.083872,0.640455,0.540984,0.75395,0.670078,0.099471,0.083872,0.511922,0.236933,0.189896,-0.080685,-0.044582,0.705586,0.605502,0.581423,0.508459,0.100084,0.072963,0.399032,0.184334,0.147723,-0.064581,-0.042711,0.661039,0.570812,0.559313,0.497979,0.090227,0.061333
Andus - Tornado Kick_compressed.mp4,single_athlete_training,63,data\processed\clips\Andus - Tornado Kick_compressed\event_063_punch_candidate_left_wrist_t120p41.mp4,0.2004,0.8055,left_wrist,punch_candidate,0.842975,0,0.0,kick,tornado_kick,spinning_kicks,0.586851,0.340216,0.27264,-0.137998,-0.086042,0.69153,0.553532,0.649577,0.532154,0.137998,0.117423,0.790083,0.323355,0.259151,-0.151279,-0.026027,0.675152,0.523873,0.655818,0.541546,0.151279,0.114272,0.473423,0.346164,0.277394,-0.086201,-0.00979,0.675466,0.582443,0.634108,0.549506,0.093023,0.084601,0.718292,0.253701,0.203337,-0.144988,-0.04214,0.675616,0.530628,0.643557,0.560128,0.144988,0.08343,0.930835,0.483591,0.38748,-0.204976,0.029388,0.712265,0.504234,0.975846,0.827954,0.208031,0.147892,1.057499,0.497571,0.398744,-0.171665,-0.346991,0.614249,0.436442,0.989852,0.640575,0.177807,0.349277,1.042022,0.594598,0.476445,-0.16627,0.0023,0.689609,0.523339,0.847266,0.638666,0.16627,0.2086,1.067655,0.344708,0.276287,-0.155062,-0.220375,0.651509,0.496448,0.874558,0.654183,0.155062,0.220375,0.377211,0.256987,0.205929,-0.120318,-0.016963,0.679753,0.559435,0.740076,0.658115,0.120318,0.081961,0.514108,0.209302,0.167745,-0.133694,-0.071457,0.666124,0.53243,0.74645,0.66661,0.133694,0.079839,0.330837,0.234546,0.187947,-0.059119,0.008527,0.668663,0.604548,0.561266,0.499044,0.064115,0.062222,0.437564,0.173191,0.138804,-0.10663,-0.008491,0.660056,0.553427,0.555719,0.509185,0.10663,0.046533
Andus - Tornado Kick_compressed.mp4,single_athlete_training,72,data\processed\clips\Andus - Tornado Kick_compressed\event_072_punch_candidate_left_wrist_t174p91.mp4,0.4008,0.939,left_wrist,punch_candidate,0.72412,0,0.0,kick,tornado_kick,spinning_kicks,0.908845,0.510617,0.5115,-0.161581,-0.115804,0.542373,0.376175,0.79563,0.517354,0.166199,0.278276,0.761374,0.433378,0.434171,-0.073723,-0.112971,0.501423,0.374399,0.74451,0.532598,0.127024,0.211912,0.699214,0.314844,0.315392,-0.207458,-0.053631,0.587213,0.379755,0.697201,0.571852,0.207458,0.125349,0.625381,0.322928,0.323509,-0.100523,-0.03331,0.506989,0.399141,0.664496,0.556862,0.107848,0.107634,1.342933,0.537214,0.538184,-0.225991,-0.08657,0.59063,0.364639,1.048498,0.768678,0.225991,0.279819,0.935737,0.418981,0.419699,-0.166873,-0.338021,0.522464,0.355591,1.045884,0.707863,0.166873,0.338021,1.291837,0.552099,0.553089,-0.226216,-0.182725,0.58024,0.354024,1.016757,0.694724,0.226216,0.322033,0.789008,0.329781,0.330372,-0.132128,-0.236133,0.499413,0.357127,0.921676,0.670106,0.142287,0.25157,0.506192,0.275918,0.276412,-0.206188,-0.105149,0.58361,0.377422,0.818276,0.681228,0.206188,0.137047,0.49371,0.235165,0.235581,-0.171038,-0.104523,0.556414,0.385376,0.815843,0.689569,0.171038,0.126273,0.535952,0.260815,0.261282,-0.153608,-0.014623,0.550768,0.39716,0.571554,0.482627,0.153608,0.088926,0.421659,0.248491,0.248925,-0.095036,-0.015805,0.522339,0.427303,0.570495,0.489234,0.095036,0.081261
Andus - Tornado Kick_compressed.mp4,single_athlete_training,81,data\processed\clips\Andus - Tornado Kick_compressed\event_081_kick_candidate_right_ankle_t14p43.mp4,0.2004,0.8469,right_ankle,kick_candidate,0.844875,0,0.0,kick,tornado_kick,spinning_kicks,0.411759,0.178342,0.142916,-0.07125,-0.011214,0.576555,0.505304,0.621202,0.554622,0.07125,0.066579,0.451743,0.249573,0.199978,-0.067159,0.051802,0.597443,0.527126,0.671148,0.562399,0.070316,0.108749,0.380505,0.187584,0.150313,-0.055425,-0.026096,0.586114,0.503035,0.617358,0.55629,0.08308,0.061069,0.292173,0.13006,0.104233,0.007985,0.063846,0.556372,0.537703,0.655813,0.574776,0.018669,0.081037,1.337052,0.713803,0.572032,-0.162953,-0.165452,0.559361,0.39551,0.969223,0.618971,0.163851,0.350251,0.641724,0.322891,0.258764,-0.09622,0.045973,0.563843,0.46724,0.996105,0.854777,0.096604,0.141328,0.758884,0.379956,0.30446,-0.150582,-0.122177,0.577608,0.427026,0.8437,0.652364,0.150582,0.191336,0.743544,0.339404,0.271984,-0.099438,0.012851,0.583064,0.482397,0.851644,0.72864,0.100667,0.123004,0.356381,0.16727,0.134042,-0.091326,-0.031543,0.589019,0.497694,0.730135,0.669123,0.091326,0.061012,0.338557,0.165347,0.132498,-0.048573,-0.008455,0.567376,0.518803,0.733112,0.668158,0.048573,0.064955,0.344073,0.164704,0.131981,-0.051565,-0.039093,0.595495,0.523673,0.565844,0.505284,0.071822,0.06056,0.201985,0.079331,0.06358,0.008771,0.027011,0.56784,0.559069,0.563402,0.51883,0.008771,0.044571
Andus - Tornado Kick_compressed.mp4,single_athlete_training,82,data\processed\clips\Andus - Tornado Kick_compressed\event_082_kick_candidate_right_ankle_t20p64.mp4,0.2004,0.8959,right_ankle,kick_candidate,0.83705,0,0.0,kick,tornado_kick,spinning_kicks,0.583257,0.233388,0.187073,-0.073339,-0.058921,0.565415,0.492076,0.673897,0.560906,0.073339,0.112991,0.414195,0.251324,0.20142,-0.060573,0.054772,0.580334,0.519761,0.685148,0.566742,0.060573,0.118406,0.333437,0.149357,0.119718,-0.034032,-0.053175,0.56497,0.501097,0.64372,0.588724,0.063874,0.054996,0.399309,0.1738,0.139299,-0.060187,0.012617,0.607163,0.532567,0.635121,0.593541,0.074597,0.041579,1.834395,0.705563,0.565503,-0.210712,-0.198351,0.592037,0.381049,0.969307,0.616645,0.210989,0.352662,1.0051,0.444792,0.356532,-0.158356,0.04474,0.634368,0.464395,0.995964,0.843149,0.169973,0.152815,0.940147,0.393132,0.315101,-0.174987,-0.128272,0.59244,0.417453,0.832486,0.642346,0.174987,0.190141,1.012763,0.443655,0.355614,-0.121024,-0.001056,0.608615,0.468055,0.842828,0.696423,0.14056,0.146406,0.25839,0.141474,0.113398,-0.089986,-0.04934,0.581753,0.491767,0.74054,0.68815,0.089986,0.05239,0.33467,0.120359,0.096476,-0.066854,-0.037203,0.577143,0.510289,0.73962,0.687485,0.066854,0.052135,0.244256,0.116593,0.093457,-0.051108,-0.044671,0.575954,0.523616,0.565017,0.520346,0.052338,0.044671,0.261947,0.097925,0.078491,-0.039688,-0.018896,0.588864,0.549176,0.560154,0.525008,0.039688,0.035146
Andus - Tornado Kick_compressed.mp4,single_athlete_training,83,data\processed\clips\Andus - Tornado Kick_compressed\event_083_kick_candidate_right_ankle_t29p85.mp4,0.2003,0.8725,right_ankle,kick_candidate,0.84915,0,0.0,kick,tornado_kick,spinning_kicks,0.652426,0.267761,0.214615,-0.099007,-0.07284,0.585157,0.48615,0.687014,0.560978,0.099007,0.126035,0.64764,0.296168,0.237392,-0.117171,0.039832,0.637673,0.520502,0.673511,0.568281,0.117171,0.10523,0.38724,0.157051,0.125853,-0.082282,-0.04705,0.584705,0.493891,0.646678,0.596246,0.090814,0.050432,0.654755,0.322988,0.258882,-0.073937,0.017141,0.618191,0.508102,0.63629,0.547754,0.110089,0.088536,2.033772,0.716314,0.573994,-0.307217,-0.292562,0.66157,0.354353,0.975222,0.610076,0.307217,0.365146,0.734246,0.355024,0.284537,-0.066862,0.020744,0.551069,0.450542,0.995933,0.86774,0.100527,0.128193,1.090409,0.420044,0.336598,-0.207658,-0.164763,0.624081,0.416423,0.849215,0.641131,0.207658,0.208084,0.956147,0.422215,0.338399,-0.104076,-0.008783,0.595844,0.477908,0.853958,0.70294,0.117936,0.151018,0.360918,0.186773,0.149681,-0.11547,-0.084987,0.600975,0.485505,0.7583,0.673313,0.11547,0.084987,0.387066,0.134692,0.107961,-0.082828,-0.045078,0.59477,0.511942,0.748162,0.692968,0.082828,0.055195,0.32015,0.136443,0.109341,-0.079289,-0.033287,0.596442,0.517153,0.567122,0.533835,0.079289,0.033287,0.377818,0.180791,0.144902,-0.042298,0.010819,0.605019,0.549536,0.576712,0.514373,0.055483,0.062339
Andus - Tornado Kick_compressed.mp4,single_athlete_training,84,data\processed\clips\Andus - Tornado Kick_compressed\event_084_kick_candidate_right_ankle_t34p46.mp4,0.2004,0.8448,right_ankle,kick_candidate,0.790725,0,0.0,kick,tornado_kick,spinning_kicks,0.455072,0.232996,0.186704,-0.099276,-0.035761,0.609632,0.510356,0.659868,0.573026,0.099276,0.086842,0.670073,0.326185,0.261346,-0.128459,0.075559,0.656388,0.527223,0.707073,0.580794,0.129166,0.126279,0.457508,0.16694,0.133798,-0.049119,-0.027861,0.614419,0.529987,0.640263,0.602044,0.084432,0.038219,0.615892,0.259982,0.208303,-0.099593,0.062027,0.654246,0.531513,0.676158,0.601684,0.122734,0.074474,1.925625,0.576203,0.461847,-0.230446,-0.346135,0.574057,0.331687,0.982219,0.633787,0.24237,0.348432,1.161064,0.445545,0.357014,-0.22119,0.051564,0.677938,0.452421,1.008934,0.900567,0.225517,0.108367,1.064499,0.344628,0.276223,-0.167442,-0.185381,0.587478,0.420036,0.850666,0.664075,0.167442,0.186592,0.807175,0.284302,0.227787,-0.17585,0.008158,0.646591,0.470741,0.850215,0.790465,0.17585,0.05975,0.338237,0.15043,0.120558,-0.091525,-0.057113,0.599997,0.508472,0.757831,0.692131,0.091525,0.0657,0.402013,0.17051,0.13662,-0.102829,0.009466,0.62095,0.518121,0.750259,0.706415,0.102829,0.043844,0.274945,0.121189,0.097124,-0.02842,-0.004007,0.613759,0.559721,0.562264,0.54233,0.054038,0.019934,0.36242,0.167783,0.13444,-0.058398,0.041377,0.633049,0.562009,0.595232,0.538919,0.071039,0.056313
Andus - Tornado Kick_compressed.mp4,single_athlete_training,87,data\processed\clips\Andus - Tornado Kick_compressed\event_087_kick_candidate_right_ankle_t38p07.mp4,0.8014,0.9398,right_ankle,kick_candidate,0.697743,0,0.0,kick,tornado_kick,spinning_kicks,0.698903,0.233629,0.327662,-0.159692,0.078994,0.632766,0.473075,0.696321,0.556939,0.159692,0.139382,0.678754,0.219896,0.308418,-0.172068,0.101304,0.673561,0.490611,0.713439,0.581425,0.18295,0.132014,0.645549,0.185755,0.260498,-0.108549,0.022872,0.641313,0.50049,0.630695,0.55531,0.140823,0.075385,0.725724,0.163793,0.229758,-0.146117,0.013702,0.669473,0.518487,0.626237,0.568322,0.150986,0.057915,1.051248,0.404864,0.56779,-0.026569,0.007181,0.597111,0.413107,1.004107,0.797542,0.184004,0.206565,1.737644,0.625093,0.876675,-0.229027,0.033867,0.701076,0.354771,1.00607,0.637534,0.346305,0.368536,1.141986,0.408489,0.572859,-0.07967,0.028324,0.611355,0.423804,0.889103,0.681178,0.187551,0.207925,0.890747,0.383109,0.53725,-0.176552,0.018308,0.66472,0.428385,0.866023,0.663231,0.236335,0.202792,0.419367,0.153337,0.215031,-0.085242,-0.012101,0.612892,0.482854,0.73725,0.670391,0.130038,0.066859,0.422331,0.13389,0.187786,-0.135094,-0.008498,0.643968,0.503684,0.732874,0.687351,0.140284,0.045522,0.455657,0.142037,0.19919,-0.069524,-0.031817,0.631972,0.517809,0.549774,0.487005,0.114163,0.062769,0.433002,0.135357,0.189861,-0.126208,-0.021254,0.650348,0.524139,0.562391,0.520989,0.126208,0.041402
Andus - Tornado Kick_compressed.mp4,single_athlete_training,88,data\processed\clips\Andus - Tornado Kick_compressed\event_088_kick_candidate_right_ankle_t43p88.mp4,0.8014,0.9412,right_ankle,kick_candidate,0.705929,0,0.0,kick,tornado_kick,spinning_kicks,0.685887,0.265958,0.372988,-0.081943,0.046506,0.632239,0.489479,0.701559,0.561672,0.14276,0.139887,0.655736,0.381276,0.534686,-0.130793,0.046334,0.69688,0.521501,0.711083,0.557699,0.175379,0.153384,0.65212,0.20784,0.291507,-0.013214,-0.019346,0.641707,0.516946,0.657486,0.573276,0.12476,0.08421,0.755885,0.217237,0.304629,-0.116108,-0.000135,0.709799,0.559465,0.641844,0.574221,0.150333,0.067623,0.992147,0.579851,0.813238,0.021945,0.061592,0.642686,0.372604,1.06608,0.765292,0.270082,0.300788,1.040163,0.467617,0.655827,-0.203468,0.069997,0.740516,0.429847,1.038204,0.801474,0.310669,0.23673,1.067881,0.383269,0.537555,-0.029627,0.026461,0.618797,0.439531,0.904922,0.700985,0.179266,0.203936,0.724531,0.288661,0.404858,-0.16201,0.000361,0.706588,0.492041,0.875537,0.756717,0.214547,0.11882,0.46352,0.155528,0.218136,-0.057251,-0.033752,0.630612,0.511948,0.751349,0.683043,0.118664,0.068306,0.490799,0.161953,0.227111,-0.108245,-0.024776,0.676044,0.527823,0.747807,0.698999,0.148221,0.048808,0.451378,0.144464,0.202613,-0.037391,-0.036673,0.646996,0.543036,0.555795,0.496629,0.10396,0.059166,0.55665,0.179887,0.252262,-0.095556,-0.028,0.694454,0.583045,0.578264,0.52721,0.111409,0.051054
Andus - Tornado Kick_compressed.mp4,single_athlete_training,89,data\processed\clips\Andus - Tornado Kick_compressed\event_089_kick_candidate_right_ankle_t49p69.mp4,0.8014,0.9369,right_ankle,kick_candidate,0.679386,0,0.0,kick,tornado_kick,spinning_kicks,0.862378,0.323962,0.454359,-0.189221,0.020416,0.649062,0.444059,0.705037,0.509736,0.205003,0.1953,0.588782,0.353691,0.496064,-0.291202,-0.127417,0.714839,0.423637,0.662164,0.534747,0.291202,0.127417,0.720012,0.21311,0.298855,-0.122931,-0.02423,0.643729,0.491957,0.652161,0.535316,0.151772,0.116845,0.773113,0.245691,0.344618,-0.260427,-0.06023,0.733557,0.473129,0.634455,0.557968,0.260427,0.076487,0.881475,0.40089,0.562244,-0.134569,0.003119,0.647297,0.367711,1.020728,0.887422,0.279586,0.133306,1.744593,0.69585,0.975881,-0.280221,0.015689,0.772197,0.411285,1.009283,0.636455,0.360912,0.372828,0.895556,0.337968,0.473969,-0.146345,-0.006506,0.638955,0.418621,0.878019,0.738387,0.220334,0.139631,1.149602,0.421793,0.591492,-0.249584,-0.020055,0.737894,0.475532,0.891823,0.663952,0.262362,0.227871,0.545244,0.186717,0.261856,-0.174152,-0.047239,0.663254,0.489101,0.758669,0.643323,0.174152,0.115346,0.554822,0.209924,0.294429,-0.212904,-0.030975,0.709153,0.496249,0.75391,0.65833,0.212904,0.09558,0.482166,0.1648,0.231118,-0.134157,-0.035317,0.660755,0.502039,0.553279,0.482679,0.158716,0.0706,0.589222,0.186171,0.261129,-0.205622,-0.024871,0.713706,0.508084,0.550364,0.502407,0.205622,0.047958
Andus - Tornado Kick_compressed.mp4,single_athlete_training,91,data\processed\clips\Andus - Tornado Kick_compressed\event_091_kick_candidate_right_ankle_t63p71.mp4,0.6011,0.9632,right_ankle,kick_candidate,0.81395,0,0.0,kick,tornado_kick,spinning_kicks,0.770764,0.272746,0.327871,-0.135731,-0.024274,0.63303,0.487647,0.680568,0.554161,0.145383,0.126407,0.605709,0.235806,0.283444,-0.188704,0.03348,0.651631,0.462928,0.657173,0.569465,0.188704,0.087708,0.361979,0.163883,0.197006,-0.081338,-0.033045,0.611406,0.50325,0.635192,0.570041,0.108156,0.065152,0.612084,0.198255,0.238319,-0.123113,-0.013222,0.608831,0.485718,0.62434,0.550884,0.123113,0.073456,0.513391,0.15521,0.186605,-0.064765,-0.021669,0.607715,0.486996,0.976101,0.948905,0.120718,0.027196,1.203259,0.717599,0.862655,-0.103723,-0.032637,0.603239,0.401479,0.98933,0.583957,0.201761,0.405374,0.335454,0.170223,0.204641,-0.089285,-0.037933,0.618037,0.482028,0.858871,0.805386,0.136009,0.053485,1.066465,0.424969,0.510832,-0.127222,-0.039598,0.615209,0.463858,0.861248,0.611622,0.151352,0.249626,0.353154,0.153174,0.184147,-0.104419,-0.038148,0.622118,0.496383,0.731236,0.668393,0.125735,0.062843,0.308309,0.113292,0.13619,-0.102992,-0.0374,0.595223,0.492231,0.736484,0.676835,0.102992,0.059649,0.314046,0.128799,0.154841,-0.099611,-0.038252,0.62231,0.508485,0.564468,0.508081,0.113825,0.056387,0.218184,0.102802,0.123578,-0.096974,-0.016207,0.587823,0.490849,0.55539,0.526752,0.096974,0.028638
Andus - Tornado Kick_compressed.mp4,single_athlete_training,92,data\processed\clips\Andus - Tornado Kick_compressed\event_092_kick_candidate_right_ankle_t67p92.mp4,1.4024,0.9634,right_ankle,kick_candidate,0.82087,0,0.0,kick,tornado_kick,spinning_kicks,1.292411,0.484414,0.970608,0.264416,0.116152,0.867067,0.51116,0.692597,0.421729,0.355907,0.270868,0.735287,0.288956,0.578941,0.195433,0.076322,0.776965,0.531032,0.744679,0.590546,0.245933,0.154133,0.816136,0.340812,0.682871,0.230464,-0.025974,0.869109,0.546016,0.641793,0.468006,0.323093,0.173787,0.41014,0.223219,0.447239,0.205574,-0.007826,0.77957,0.556095,0.662323,0.585028,0.223475,0.077295,0.543962,0.309785,0.620639,0.29714,0.070437,0.86315,0.475162,0.989738,0.837574,0.387988,0.152164,1.582284,0.631116,1.264588,0.269284,-0.10434,0.832508,0.498579,0.976409,0.658087,0.333928,0.318323,0.61009,0.289467,0.579941,0.247336,0.029672,0.856649,0.505887,0.896636,0.753958,0.350762,0.142679,1.220399,0.427192,0.855952,0.209405,-0.033469,0.811679,0.530146,0.844109,0.606518,0.281533,0.237591,0.420412,0.233023,0.466878,0.213024,-0.027961,0.839434,0.560236,0.756514,0.664361,0.279197,0.092153,0.298387,0.196303,0.393305,0.205172,-0.016698,0.803823,0.566998,0.745557,0.660867,0.236825,0.08469,0.319224,0.210848,0.422446,0.211251,-0.0016,0.846259,0.580399,0.576171,0.51709,0.265859,0.059082,0.280805,0.153961,0.308451,0.204726,0.007482,0.786153,0.581427,0.591978,0.528251,0.204726,0.063726
Andus - Tornado Kick_compressed.mp4,single_athlete_training,94,data\processed\clips\Andus - Tornado Kick_compressed\event_094_kick_candidate_right_ankle_t88p16.mp4,0.6011,0.9708,right_ankle,kick_candidate,0.853183,0,0.0,kick,tornado_kick,spinning_kicks,0.63452,0.252386,0.303428,-0.092766,0.027724,0.633025,0.518227,0.686699,0.544774,0.114798,0.141925,0.655726,0.219306,0.263671,-0.174687,0.065869,0.660535,0.485847,0.666578,0.55442,0.174687,0.112158,0.39296,0.157146,0.188909,-0.076277,-0.035875,0.63465,0.536276,0.645313,0.569567,0.098374,0.075746,0.559005,0.196593,0.23635,-0.108826,0.014616,0.609714,0.500888,0.61994,0.541084,0.108826,0.078856,1.204877,0.554379,0.666509,-0.064582,0.0076,0.622767,0.393411,0.978583,0.753782,0.229356,0.2248,1.936815,0.741894,0.89191,-0.121747,0.00454,0.639355,0.482449,0.968947,0.563432,0.156907,0.405514,0.641488,0.350542,0.421433,-0.093172,-0.018739,0.636557,0.451333,0.850767,0.707878,0.185224,0.142888,0.978082,0.417528,0.501984,-0.122021,-0.005859,0.63193,0.501323,0.837333,0.616139,0.130607,0.221194,0.352834,0.140954,0.169451,-0.097225,-0.037977,0.633692,0.51755,0.74388,0.68572,0.116142,0.05816,0.383707,0.133548,0.160562,-0.099707,-0.028773,0.607946,0.508239,0.73547,0.672228,0.099707,0.063241,0.249414,0.104625,0.125771,-0.083176,-0.031797,0.636218,0.545985,0.566307,0.524711,0.090233,0.041595,0.333873,0.146344,0.175936,-0.094039,-0.025585,0.604568,0.510528,0.570239,0.512512,0.094039,0.057727
Andus - Tornado Kick_compressed.mp4,single_athlete_training,95,data\processed\clips\Andus - Tornado Kick_compressed\event_095_kick_candidate_right_ankle_t91p56.mp4,0.2004,0.8716,right_ankle,kick_candidate,0.853425,0,0.0,kick,tornado_kick,spinning_kicks,0.829668,0.402671,0.322665,-0.172673,-0.039288,0.650075,0.477401,0.685539,0.533841,0.172673,0.151698,0.771207,0.340069,0.272471,-0.152704,0.069407,0.680655,0.515317,0.681913,0.579017,0.165339,0.102896,0.398489,0.247996,0.198724,-0.126355,-0.065722,0.630154,0.503799,0.654369,0.562015,0.126355,0.092353,0.53349,0.24034,0.192566,-0.094615,0.033188,0.641805,0.530774,0.638817,0.566457,0.111032,0.07236,2.171802,0.654161,0.524331,-0.185334,-0.34091,0.623553,0.420556,0.942982,0.539679,0.202998,0.403302,1.005876,0.424992,0.340553,-0.116502,-0.019261,0.61042,0.476989,0.982756,0.831796,0.133432,0.15096,1.369612,0.508091,0.407219,-0.182797,-0.201712,0.650481,0.467684,0.85002,0.579458,0.182797,0.270562,1.064647,0.384974,0.30847,-0.158221,-0.062771,0.655947,0.497726,0.863506,0.708895,0.158221,0.15461,0.315993,0.217253,0.174095,-0.134364,-0.068488,0.643224,0.50886,0.751203,0.664887,0.134364,0.086316,0.372392,0.157159,0.12593,-0.103727,-0.049968,0.633174,0.529447,0.745392,0.688667,0.103727,0.056725,0.30071,0.166348,0.133308,-0.107748,-0.033941,0.633128,0.52538,0.573449,0.523209,0.107748,0.05024,0.362448,0.164567,0.131856,-0.063724,0.010946,0.624863,0.556931,0.580375,0.527053,0.067932,0.053322
Andus - Tornado Kick_compressed.mp4,single_athlete_training,96,data\processed\clips\Andus - Tornado Kick_compressed\event_096_kick_candidate_right_ankle_t92p16.mp4,0.8014,0.9718,right_ankle,kick_candidate,0.861057,0,0.0,kick,tornado_kick,spinning_kicks,0.34246,0.179702,0.252018,0.216543,0.035855,0.693944,0.477401,0.718199,0.646251,0.216543,0.071948,0.509502,0.22813,0.31993,0.067426,-0.019988,0.59891,0.510165,0.69031,0.584543,0.088746,0.105767,0.378588,0.165885,0.232632,0.189007,0.01995,0.692806,0.503799,0.636327,0.588647,0.189007,0.04768,0.416201,0.17005,0.238478,0.057899,-0.03362,0.605089,0.532969,0.64449,0.561628,0.07212,0.082862,1.057109,0.396191,0.555603,0.266694,0.335892,0.687249,0.420556,0.936121,0.561891,0.266694,0.37423,1.523596,0.741345,1.039715,0.151427,-0.06716,0.645345,0.419868,0.963496,0.50152,0.225477,0.461976,0.422161,0.243562,0.341572,0.211391,0.158201,0.679075,0.465775,0.821829,0.648308,0.2133,0.17352,0.936785,0.393835,0.552274,0.141666,0.00543,0.639393,0.476832,0.810581,0.592716,0.16256,0.217865,0.228074,0.121046,0.169756,0.150995,0.010829,0.659855,0.504018,0.706126,0.682715,0.155837,0.023411,0.224024,0.11426,0.16024,0.098924,-0.000827,0.628371,0.516533,0.70429,0.671181,0.111838,0.03311,0.220009,0.125774,0.17639,0.152561,-0.000842,0.677941,0.52538,0.559655,0.528648,0.152561,0.031007,0.193843,0.107816,0.151198,0.05774,-0.039429,0.618879,0.542635,0.580375,0.536572,0.076244,0.043803
Andus - Tornado Kick_compressed.mp4,single_athlete_training,98,data\processed\clips\Andus - Tornado Kick_compressed\event_098_kick_candidate_right_ankle_t100p58.mp4,0.8014,0.9718,right_ankle,kick_candidate,0.858486,0,0.0,kick,tornado_kick,spinning_kicks,0.513646,0.218792,0.306836,-0.143599,-0.00238,0.643202,0.493237,0.700254,0.611121,0.149965,0.089133,0.444343,0.191556,0.268651,-0.153879,0.059854,0.607734,0.453855,0.680195,0.563326,0.153879,0.116869,0.428284,0.153269,0.214944,-0.113335,-0.043564,0.637773,0.516162,0.647743,0.57368,0.121611,0.074063,0.203211,0.123263,0.172882,-0.093328,0.030712,0.569075,0.475747,0.632627,0.568432,0.093328,0.064195,0.676783,0.242228,0.339714,-0.090319,-0.043068,0.602038,0.511719,0.988577,0.855364,0.090319,0.133214,1.480911,0.539198,0.756273,-0.092515,-0.027255,0.594442,0.409676,0.962613,0.635079,0.184766,0.327534,0.766876,0.215839,0.302679,-0.117904,-0.048756,0.630614,0.498421,0.859583,0.758262,0.132192,0.101322,0.601109,0.331139,0.464409,-0.120715,-0.020448,0.60252,0.452781,0.839096,0.651696,0.14974,0.187401,0.454338,0.142774,0.200217,-0.10939,-0.048158,0.622574,0.5105,0.736519,0.661103,0.112074,0.075417,0.348787,0.124937,0.175207,-0.101142,-0.034631,0.589871,0.488729,0.727359,0.664279,0.101142,0.06308,0.349515,0.134386,0.188462,-0.115132,-0.051255,0.623041,0.50791,0.574112,0.51125,0.115132,0.062862,0.218419,0.133494,0.187221,-0.112587,-0.000175,0.589147,0.47656,0.55066,0.513837,0.112587,0.036823
Andus - Tornado Kick_compressed.mp4,single_athlete_training,99,data\processed\clips\Andus - Tornado Kick_compressed\event_099_kick_candidate_right_ankle_t107p79.mp4,0.8014,0.9825,right_ankle,kick_candidate,0.911,0,0.0,kick,tornado_kick,spinning_kicks,0.580772,0.23969,0.336148,-0.017975,0.079007,0.628837,0.559867,0.703083,0.541418,0.06897,0.161665,0.994132,0.331921,0.465515,-0.077124,0.067259,0.651099,0.524311,0.710144,0.474096,0.126788,0.236048,0.404739,0.164096,0.230148,-0.017952,0.030291,0.665761,0.583587,0.645393,0.545291,0.082174,0.100102,0.863211,0.210557,0.295324,-0.095589,-0.031073,0.680147,0.551527,0.636264,0.506271,0.12862,0.129993,0.758581,0.237147,0.332554,0.080356,0.134557,0.591914,0.495757,1.012327,0.811817,0.096158,0.200509,1.377524,0.604932,0.84838,-0.038487,-0.066653,0.631985,0.424626,1.017407,0.620444,0.207358,0.396963,0.965047,0.282416,0.396059,0.021828,0.087882,0.577771,0.515813,0.868493,0.643453,0.061958,0.22504,0.976681,0.3638,0.510242,-0.070002,-0.058547,0.640393,0.485649,0.879236,0.639694,0.154744,0.239542,0.390356,0.139008,0.194964,-0.04597,-0.02069,0.626753,0.559734,0.728074,0.651695,0.067018,0.076379,0.591,0.171384,0.240376,-0.073949,-0.041275,0.655922,0.533334,0.74294,0.645658,0.122588,0.097282,0.346669,0.152543,0.213941,-0.036409,-0.017872,0.655209,0.586522,0.55838,0.480117,0.068687,0.078264,0.504207,0.123314,0.172956,-0.083584,-0.025789,0.682185,0.576372,0.554277,0.486858,0.105813,0.06742
Andus - Tornado Kick_compressed.mp4,single_athlete_training,100,data\processed\clips\Andus - Tornado Kick_compressed\event_100_kick_candidate_right_ankle_t112p00.mp4,0.601,0.9804,right_ankle,kick_candidate,0.902867,0,0.0,kick,tornado_kick,spinning_kicks,0.609395,0.202348,0.243267,0.011883,0.143792,0.599472,0.546619,0.709195,0.53336,0.052853,0.175836,0.33145,0.173597,0.208702,0.011503,0.152497,0.578133,0.508907,0.643786,0.491289,0.069226,0.152497,0.361577,0.147992,0.177902,-0.005403,0.065045,0.628066,0.585586,0.65385,0.547453,0.04248,0.106397,0.318054,0.143775,0.172844,0.024351,0.088558,0.598468,0.532502,0.609134,0.510571,0.065967,0.098562,0.883811,0.275082,0.330733,0.136739,0.152211,0.617795,0.481056,0.992606,0.785415,0.136739,0.207191,1.922198,0.664544,0.79892,-0.000194,-0.009943,0.61227,0.421869,0.925265,0.590403,0.190402,0.334862,0.8375,0.243004,0.292152,0.072465,0.155809,0.581213,0.508748,0.860175,0.651937,0.072465,0.208238,1.041412,0.404276,0.486028,0.030717,-0.008395,0.597055,0.453762,0.803769,0.60962,0.143293,0.194148,0.212581,0.118022,0.141877,-0.001645,0.005784,0.591253,0.540125,0.73287,0.683956,0.051128,0.048914,0.231109,0.122422,0.147168,-0.017754,-0.004103,0.585334,0.512602,0.695318,0.670078,0.072732,0.02524,0.202164,0.098429,0.118326,-0.019116,0.027479,0.633464,0.600262,0.575392,0.508459,0.033201,0.066932,0.210232,0.097877,0.117669,-0.013138,0.031584,0.608603,0.560269,0.55125,0.497979,0.048334,0.053271
Andus - Tornado Kick_compressed.mp4,single_athlete_training,102,data\processed\clips\Andus - Tornado Kick_compressed\event_102_kick_candidate_right_ankle_t116p81.mp4,0.601,0.9747,right_ankle,kick_candidate,0.871017,0,0.0,kick,tornado_kick,spinning_kicks,0.672892,0.206479,0.248237,-0.010937,0.151684,0.606456,0.559135,0.714576,0.547061,0.047321,0.167516,0.396646,0.206547,0.248307,0.024361,0.181159,0.589006,0.511101,0.683885,0.502726,0.077905,0.181159,0.360805,0.123338,0.148273,-0.038946,0.075202,0.646443,0.606011,0.648585,0.548175,0.040432,0.10041,0.188445,0.115719,0.139116,0.045327,0.100145,0.603306,0.542907,0.600506,0.500361,0.060399,0.100145,0.936561,0.246832,0.296776,0.123502,0.193488,0.610287,0.486785,0.986715,0.786827,0.123502,0.199888,1.865661,0.706175,0.848987,0.019439,0.049169,0.617289,0.429252,0.966279,0.582142,0.188036,0.384137,0.91953,0.22036,0.264936,0.075148,0.200416,0.586031,0.510883,0.851595,0.643469,0.075148,0.208125,0.960398,0.410104,0.493036,0.046217,0.04955,0.601434,0.471132,0.841123,0.607904,0.130302,0.233219,0.170649,0.081811,0.098349,0.001694,0.040169,0.60019,0.563356,0.72107,0.67667,0.036834,0.0444,0.181032,0.091437,0.109923,-0.003493,0.026721,0.581758,0.53136,0.704468,0.676575,0.050398,0.027893,0.182266,0.086767,0.104308,-0.027979,0.025508,0.638312,0.604005,0.55498,0.499851,0.034306,0.05513,0.1692,0.063813,0.07672,0.004611,0.026872,0.605275,0.570012,0.521364,0.494491,0.035263,0.026872
Andus - Tornado Kick_compressed.mp4,single_athlete_training,104,data\processed\clips\Andus - Tornado Kick_compressed\event_104_kick_candidate_right_ankle_t120p61.mp4,0.8014,0.9673,right_ankle,kick_candidate,0.8376,0,0.0,kick,tornado_kick,spinning_kicks,0.608072,0.330013,0.462899,-0.054372,-0.000884,0.604343,0.532508,0.727108,0.532154,0.071835,0.194954,0.790083,0.249758,0.350314,-0.113024,0.007802,0.647049,0.477771,0.663877,0.541546,0.169279,0.12233,0.473423,0.191921,0.269165,-0.013426,-0.023868,0.637823,0.569017,0.644653,0.549506,0.068807,0.095147,0.718292,0.181484,0.254552,-0.10763,-0.032624,0.658718,0.508249,0.642133,0.560128,0.150469,0.082005,0.738509,0.229255,0.321503,0.031983,0.091617,0.583955,0.504234,0.998021,0.827954,0.079721,0.170067,1.057499,0.565952,0.793768,-0.044819,-0.16371,0.614249,0.436442,0.989852,0.640575,0.177807,0.349277,1.042022,0.281156,0.39429,-0.005374,0.084214,0.568922,0.523339,0.865479,0.638666,0.045583,0.226813,1.067655,0.383828,0.538384,-0.058658,-0.095263,0.615241,0.463464,0.858555,0.654183,0.151776,0.204372,0.377211,0.139799,0.19606,-0.046777,-0.021465,0.614866,0.544527,0.729825,0.658115,0.070339,0.07171,0.514108,0.149898,0.210248,-0.09155,-0.052055,0.643043,0.513683,0.741953,0.66661,0.129359,0.075342,0.330837,0.122089,0.171222,-0.031825,-0.010968,0.63234,0.572722,0.561266,0.499044,0.059617,0.062222,0.437564,0.125595,0.176155,-0.104232,-0.011401,0.655898,0.532826,0.555719,0.509185,0.123072,0.046533
Andus - Tornado Kick_compressed.mp4,single_athlete_training,105,data\processed\clips\Andus - Tornado Kick_compressed\event_105_kick_candidate_right_ankle_t131p03.mp4,0.601,0.9772,right_ankle,kick_candidate,0.885967,0,0.0,kick,tornado_kick,spinning_kicks,0.4675,0.192517,0.23144,-0.056847,0.128722,0.596311,0.53291,0.695237,0.544531,0.063402,0.150706,0.332636,0.190201,0.228657,-0.05019,0.134176,0.547011,0.463552,0.673543,0.539367,0.083459,0.134176,0.40909,0.121009,0.145457,-0.087772,0.083176,0.635111,0.547339,0.636378,0.548364,0.087772,0.088014,0.200844,0.099199,0.119254,-0.043409,0.069097,0.545327,0.489907,0.618225,0.543928,0.05542,0.074297,0.786666,0.219614,0.26404,0.073654,0.144032,0.542183,0.468529,0.973281,0.786562,0.073654,0.18672,1.943219,0.613196,0.737234,-0.060421,-0.033861,0.593604,0.415171,0.937329,0.591193,0.178433,0.346137,0.665461,0.204684,0.246079,0.024313,0.147724,0.533438,0.508157,0.850376,0.662939,0.025281,0.187436,0.99725,0.359444,0.432129,-0.032219,-0.017263,0.553247,0.433071,0.810373,0.622714,0.120177,0.187659,0.18925,0.089945,0.108127,-0.052199,0.01554,0.580757,0.521823,0.725534,0.680262,0.058934,0.045273,0.228895,0.075346,0.09058,-0.063232,-0.002133,0.568856,0.495462,0.685365,0.671659,0.073394,0.013707,0.277548,0.106004,0.12742,-0.074856,0.034587,0.61331,0.538454,0.570502,0.513914,0.074856,0.056589,0.169665,0.073844,0.088773,-0.071687,0.01878,0.580669,0.508983,0.552572,0.521419,0.071687,0.031153
Andus - Tornado Kick_compressed.mp4,single_athlete_training,107,data\processed\clips\Andus - Tornado Kick_compressed\event_107_kick_candidate_right_ankle_t136p04.mp4,0.6011,0.9753,right_ankle,kick_candidate,0.8761,0,0.0,kick,tornado_kick,spinning_kicks,0.582232,0.226183,0.271911,-0.0159,0.099484,0.579462,0.513455,0.698177,0.541686,0.066007,0.156491,0.530385,0.199351,0.239601,-0.133466,0.034214,0.605655,0.459849,0.651645,0.552823,0.145806,0.098823,0.469261,0.144654,0.173897,-0.027673,0.037714,0.618751,0.549903,0.646493,0.565553,0.068848,0.08094,0.676996,0.189386,0.227633,-0.12962,-0.010669,0.626608,0.488011,0.624332,0.551346,0.138597,0.072987,0.539671,0.231985,0.27885,-0.074289,0.201238,0.563133,0.479822,0.970978,0.750927,0.083311,0.220052,1.048884,0.591497,0.711014,-0.065185,-0.061048,0.593318,0.421864,0.974693,0.634898,0.171453,0.339795,0.538639,0.190222,0.228671,-0.06251,0.087891,0.568133,0.498672,0.845435,0.701522,0.069461,0.143912,0.924337,0.394402,0.474064,-0.08255,-0.036654,0.597708,0.433679,0.838484,0.624424,0.16403,0.214059,0.385098,0.147693,0.177537,-0.087177,-0.005805,0.605213,0.514844,0.722393,0.6561,0.090369,0.066293,0.429885,0.15983,0.192112,-0.115855,-0.02855,0.620238,0.48515,0.717236,0.651934,0.135089,0.065302,0.350005,0.139648,0.167875,-0.060014,0.00518,0.609155,0.536299,0.578591,0.512444,0.072856,0.066147,0.417045,0.136823,0.164464,-0.121217,-0.018426,0.628696,0.507479,0.557127,0.509941,0.121217,0.047187
Andus - Tornado Kick_compressed.mp4,single_athlete_training,109,data\processed\clips\Andus - Tornado Kick_compressed\event_109_kick_candidate_right_ankle_t141p25.mp4,0.4007,0.9195,right_ankle,kick_candidate,0.87046,0,0.0,kick,tornado_kick,spinning_kicks,0.468624,0.19063,0.190942,-0.028279,0.155469,0.592716,0.543486,0.695894,0.540425,0.049229,0.155469,0.244067,0.161225,0.161501,0.003347,0.085342,0.552509,0.510834,0.666732,0.58139,0.041675,0.085342,0.414671,0.134378,0.134597,-0.050106,0.049284,0.62822,0.568376,0.656667,0.579764,0.059844,0.076903,0.357543,0.148284,0.148535,0.009159,0.023643,0.577001,0.544687,0.659407,0.589104,0.032314,0.070303,1.223168,0.379813,0.380515,0.084006,0.345512,0.555196,0.47119,0.977248,0.62303,0.084006,0.354218,0.953448,0.411082,0.411761,0.048457,-0.011165,0.57244,0.430928,0.949556,0.782785,0.141512,0.166771,0.599225,0.213977,0.214341,0.00512,0.177066,0.556566,0.519743,0.836204,0.650028,0.036823,0.186176,0.262581,0.138423,0.138656,0.02713,0.015019,0.563399,0.49339,0.809059,0.763583,0.070009,0.045476,0.320489,0.110713,0.1109,-0.037204,0.043395,0.601636,0.548473,0.733985,0.674961,0.053163,0.059024,0.228136,0.110753,0.110941,-0.014739,0.021076,0.584953,0.528889,0.711665,0.68093,0.056063,0.030735,0.303164,0.132835,0.133053,-0.058448,0.009,0.634321,0.575873,0.581017,0.52107,0.058448,0.059947,0.184571,0.07448,0.074605,-0.002061,0.008403,0.584648,0.56798,0.563084,0.528859,0.016668,0.034225
Andus - Tornado Kick_compressed.mp4,single_athlete_training,111,data\processed\clips\Andus - Tornado Kick_compressed\event_111_kick_candidate_right_ankle_t146p66.mp4,0.8014,0.9738,right_ankle,kick_candidate,0.868557,0,0.0,kick,tornado_kick,spinning_kicks,0.435954,0.218654,0.306642,-0.029832,0.083206,0.582487,0.519701,0.696909,0.536368,0.062785,0.160541,0.541225,0.207993,0.291689,-0.07029,0.09305,0.583784,0.461792,0.665305,0.551169,0.121992,0.114136,0.520391,0.130384,0.182841,-0.045606,0.02426,0.631723,0.561114,0.643773,0.556513,0.07061,0.08726,0.485744,0.1707,0.239407,-0.092964,0.027053,0.613366,0.490387,0.632819,0.554132,0.122979,0.078688,0.534311,0.203743,0.285734,-0.008243,0.158817,0.56387,0.491897,0.985311,0.80017,0.071973,0.18514,1.276545,0.525736,0.737329,-0.081607,-0.047945,0.626798,0.408242,0.989812,0.659698,0.218556,0.330115,0.535549,0.136996,0.192105,-0.004146,0.099392,0.552851,0.509891,0.854872,0.731196,0.04296,0.123676,1.282772,0.362078,0.507822,-0.080692,-0.036667,0.620354,0.453119,0.853229,0.622979,0.167235,0.23025,0.383872,0.115421,0.161864,-0.057974,-0.002154,0.605586,0.530275,0.728561,0.6647,0.075311,0.063862,0.528861,0.151485,0.212471,-0.096324,-0.031266,0.626923,0.496065,0.719149,0.641745,0.130858,0.077404,0.364255,0.11442,0.160459,-0.058983,0.004999,0.621208,0.54977,0.563512,0.498826,0.071439,0.064686,0.450374,0.133882,0.187778,-0.107132,-0.007993,0.634991,0.509442,0.547105,0.497207,0.125549,0.049898
Andus - Tornado Kick_compressed.mp4,single_athlete_training,112,data\processed\clips\Andus - Tornado Kick_compressed\event_112_kick_candidate_right_ankle_t156p28.mp4,0.2003,0.8269,right_ankle,kick_candidate,0.878425,0,0.0,kick,tornado_kick,spinning_kicks,0.300697,0.15651,0.125438,-0.033345,0.064317,0.555335,0.518251,0.651608,0.563426,0.037084,0.088182,0.417413,0.193677,0.15521,-0.072937,0.01403,0.527544,0.454607,0.646131,0.570734,0.072937,0.075397,0.360433,0.115552,0.09259,-0.031807,0.060959,0.589032,0.550495,0.650646,0.580545,0.038536,0.0701,0.283616,0.163178,0.130775,-0.052441,0.008179,0.529407,0.476966,0.632031,0.575273,0.052441,0.056759,0.289318,0.16346,0.131003,-0.002776,0.127732,0.498087,0.48218,0.945175,0.817443,0.015907,0.127732,1.49461,0.474373,0.380231,-0.173046,-0.245358,0.578855,0.405808,0.920626,0.642205,0.173046,0.278422,0.418898,0.204546,0.163923,-0.009327,0.124453,0.528815,0.497113,0.847643,0.70806,0.031702,0.139582,1.056145,0.397312,0.318453,-0.124788,-0.101408,0.552807,0.428019,0.794087,0.597699,0.124788,0.196388,0.291728,0.125546,0.100608,-0.05364,0.019017,0.56307,0.50943,0.726554,0.674782,0.05364,0.051772,0.278878,0.135779,0.108822,-0.079204,-0.013442,0.556651,0.477446,0.697836,0.657658,0.079204,0.040178,0.252237,0.106693,0.0855,-0.024445,0.017625,0.578531,0.554087,0.584897,0.535831,0.024445,0.049066,0.243157,0.134882,0.108101,-0.049669,-0.00901,0.552628,0.502959,0.567934,0.52696,0.049669,0.040975
Andus - Tornado Kick_compressed.mp4,single_athlete_training,113,data\processed\clips\Andus - Tornado Kick_compressed\event_113_kick_candidate_right_ankle_t156p88.mp4,0.2004,0.7417,right_ankle,kick_candidate,0.88885,0,0.0,kick,tornado_kick,spinning_kicks,0.291982,0.117875,0.094451,0.009048,0.030315,0.543856,0.518251,0.706245,0.651608,0.025606,0.054637,0.291505,0.123899,0.099297,0.018483,0.060103,0.47309,0.443728,0.67806,0.60598,0.029361,0.072079,0.046771,0.026329,0.021099,-0.013542,-0.010243,0.550495,0.536953,0.641504,0.63126,0.013542,0.010243,0.09476,0.062099,0.049763,0.002568,0.022236,0.479534,0.460316,0.621851,0.599615,0.019218,0.022236,0.154329,0.05298,0.042452,0.029498,-0.02316,0.511678,0.481509,0.945175,0.922015,0.030169,0.02316,0.927253,0.304113,0.243679,0.087955,0.223165,0.493763,0.405808,0.898434,0.675269,0.087955,0.223165,0.08239,0.040651,0.032571,0.012591,-0.022507,0.509704,0.495806,0.832513,0.810006,0.013898,0.022507,0.563264,0.180765,0.144839,0.062986,0.108488,0.491005,0.428019,0.804695,0.692679,0.062986,0.112016,0.060931,0.025611,0.020521,0.006632,-0.015626,0.516062,0.506788,0.716054,0.700428,0.009274,0.015626,0.045632,0.031308,0.025088,0.012805,0.011248,0.490251,0.474347,0.69588,0.684394,0.015904,0.011486,0.084628,0.058778,0.0471,-0.029711,-0.026284,0.554087,0.524376,0.575993,0.549709,0.029711,0.026284,0.094697,0.041609,0.03334,-0.018138,-0.000116,0.502959,0.477517,0.551663,0.549021,0.025442,0.002642
Andus - Tornado Kick_compressed.mp4,single_athlete_training,117,data\processed\clips\Andus - Tornado Kick_compressed\event_117_kick_candidate_right_ankle_t175p51.mp4,0.4007,0.9424,right_ankle,kick_candidate,0.71588,0,0.0,kick,tornado_kick,spinning_kicks,0.560937,0.224083,0.22446,0.028686,0.142041,0.404861,0.363521,0.709606,0.567565,0.04134,0.142041,0.494332,0.157459,0.157717,0.052775,0.088573,0.427173,0.374399,0.631539,0.532598,0.052775,0.098941,0.362209,0.11243,0.11261,0.011717,0.065863,0.402429,0.372713,0.648103,0.571852,0.029716,0.076252,0.372649,0.118267,0.118461,0.049457,0.065883,0.448598,0.399141,0.631187,0.556862,0.049457,0.074324,0.885763,0.25259,0.253004,0.011304,0.203373,0.406585,0.364639,0.980458,0.768678,0.041945,0.21178,0.935737,0.43212,0.432849,0.099798,0.034879,0.458184,0.355591,0.93015,0.707863,0.102593,0.222287,0.653577,0.177675,0.177956,0.028905,0.126527,0.400644,0.354024,0.834886,0.704324,0.04662,0.130562,0.605637,0.28041,0.280879,0.087961,0.013945,0.445087,0.357127,0.805223,0.670106,0.087961,0.135117,0.219266,0.089035,0.089182,0.011609,0.046369,0.41922,0.377422,0.727598,0.681228,0.041798,0.046369,0.150111,0.093545,0.093704,0.046671,0.039607,0.448639,0.385376,0.729176,0.689569,0.063264,0.039607,0.391322,0.101766,0.101928,-0.016617,0.061362,0.422115,0.391838,0.55693,0.482627,0.030277,0.074303,0.32731,0.098409,0.098566,0.025252,0.057981,0.456243,0.427303,0.55469,0.489234,0.02894,0.065456
Andus - Tornado Kick_compressed.mp4,single_athlete_training,118,data\processed\clips\Andus - Tornado Kick_compressed\event_118_kick_candidate_right_ankle_t183p73.mp4,0.6011,0.9808,right_ankle,kick_candidate,0.903967,0,0.0,kick,tornado_kick,spinning_kicks,0.233732,0.139748,0.167979,-0.054737,0.061393,0.524841,0.465838,0.665018,0.563186,0.059003,0.101832,0.33747,0.147633,0.17747,-0.048591,0.082473,0.533695,0.45986,0.663132,0.566356,0.073835,0.096776,0.475067,0.142195,0.170945,-0.044664,0.049788,0.554689,0.492738,0.676341,0.577341,0.061951,0.098999,0.33425,0.137352,0.16511,-0.053305,0.035751,0.559159,0.481853,0.639568,0.582357,0.077306,0.057211,0.41425,0.133542,0.160535,-0.017038,0.144687,0.485327,0.462984,0.914766,0.764268,0.022343,0.150498,1.110787,0.474585,0.570451,-0.046425,-0.045539,0.543582,0.368135,0.929359,0.675764,0.175447,0.253596,0.298747,0.122456,0.1472,-0.020975,0.11359,0.496391,0.45545,0.814689,0.694159,0.040941,0.120531,0.880887,0.280168,0.33675,-0.064073,-0.029283,0.545426,0.42723,0.817565,0.666633,0.118195,0.150932,0.177995,0.076294,0.091714,-0.051428,-0.007287,0.534371,0.47602,0.709283,0.682534,0.058351,0.026749,0.410155,0.126969,0.15261,-0.069991,-0.02766,0.558089,0.460955,0.71266,0.65948,0.097134,0.05318,0.380266,0.140795,0.169256,-0.042828,0.020913,0.559644,0.500079,0.609531,0.535816,0.059565,0.073715,0.3034,0.103584,0.124509,-0.064301,0.007739,0.572984,0.499529,0.570386,0.531273,0.073455,0.039112
Andus - Tornado Kick_compressed.mp4,single_athlete_training,119,data\processed\clips\Andus - Tornado Kick_compressed\event_119_kick_candidate_right_ankle_t190p14.mp4,0.2004,0.8314,right_ankle,kick_candidate,0.909225,0,0.0,kick,tornado_kick,spinning_kicks,0.237096,0.105837,0.08482,-0.051784,0.031928,0.530532,0.478748,0.602913,0.558073,0.051784,0.04484,0.289326,0.192384,0.154167,-0.075037,0.066253,0.535927,0.46089,0.645674,0.547727,0.075037,0.097947,0.411838,0.126785,0.101621,-0.042981,0.077464,0.545621,0.502639,0.655203,0.571613,0.042981,0.08359,0.268198,0.134986,0.108177,-0.061426,0.05986,0.55081,0.488919,0.635532,0.568918,0.061891,0.066614,0.331422,0.163148,0.130748,-0.000339,0.128335,0.471,0.463449,0.902688,0.774353,0.007552,0.128335,1.516952,0.566573,0.453963,-0.08724,-0.186191,0.553433,0.372591,0.911241,0.64809,0.180842,0.263151,0.322033,0.155466,0.124584,-0.02766,0.116788,0.485361,0.456791,0.802599,0.685811,0.028571,0.116788,0.79198,0.320086,0.256469,-0.077544,-0.059678,0.540036,0.432217,0.793589,0.657495,0.107819,0.136094,0.179933,0.085826,0.068782,-0.057581,0.019601,0.54069,0.483109,0.707738,0.67964,0.057581,0.028098,0.2979,0.113207,0.090716,-0.07155,-0.015565,0.547418,0.475868,0.692799,0.657173,0.07155,0.035626,0.324775,0.121935,0.097727,-0.029951,0.054659,0.553518,0.521913,0.600991,0.527928,0.031604,0.073062,0.201656,0.102951,0.082503,-0.049996,0.025328,0.559717,0.505452,0.560273,0.525512,0.054264,0.034761
Andus - Tornado Kick_compressed.mp4,single_athlete_training,120,data\processed\clips\Andus - Tornado Kick_compressed\event_120_kick_candidate_right_ankle_t190p74.mp4,0.2003,0.7591,right_ankle,kick_candidate,0.896775,0,0.0,kick,tornado_kick,spinning_kicks,0.274166,0.132746,0.106389,0.023338,0.078322,0.502087,0.470606,0.689509,0.602913,0.031481,0.086596,0.358344,0.203556,0.163136,0.111809,0.060741,0.572699,0.46089,0.689253,0.61398,0.111809,0.075273,0.096069,0.042843,0.034341,0.006012,-0.030498,0.508651,0.502639,0.649077,0.618579,0.006012,0.030498,0.192835,0.093924,0.075281,0.075053,-0.004184,0.564437,0.489384,0.628778,0.624594,0.075053,0.004184,0.09861,0.042624,0.034164,0.02777,0.004779,0.498432,0.470662,0.910407,0.902688,0.02777,0.007719,0.775455,0.25546,0.204755,0.097034,0.179412,0.563226,0.466192,0.904461,0.72505,0.097034,0.179412,0.124058,0.067498,0.054098,0.053155,-0.001876,0.509945,0.456791,0.805473,0.800723,0.053155,0.00475,0.336829,0.155646,0.124746,0.086972,0.061294,0.549465,0.462493,0.799464,0.73391,0.086972,0.065553,0.074891,0.048515,0.038882,0.034268,-0.014746,0.517377,0.483109,0.707738,0.692992,0.034268,0.014746,0.117566,0.079587,0.063785,0.06139,0.014284,0.537258,0.475868,0.691519,0.677234,0.06139,0.014284,0.097675,0.049251,0.039473,-0.014323,-0.036336,0.521913,0.507591,0.582587,0.546252,0.014323,0.036336,0.083863,0.042665,0.034192,0.03391,-0.00414,0.543631,0.509721,0.559666,0.555526,0.03391,0.00414
Andus - Tornado Kick_compressed.mp4,single_athlete_training,121,data\processed\clips\Andus - Tornado Kick_compressed\event_121_kick_candidate_right_ankle_t199p35.mp4,0.6011,0.9813,right_ankle,kick_candidate,0.909333,0,0.0,kick,tornado_kick,spinning_kicks,0.271394,0.146743,0.176408,-0.031769,0.1408,0.508455,0.442149,0.688692,0.547891,0.066305,0.1408,0.305546,0.188242,0.226282,0.04921,0.153499,0.554556,0.463783,0.696868,0.543368,0.090773,0.153499,0.452577,0.111054,0.13352,-0.043766,0.045005,0.531086,0.47356,0.652867,0.574988,0.057526,0.07788,0.235088,0.122758,0.147581,0.034071,0.067138,0.550299,0.478797,0.626136,0.558437,0.071502,0.067698,0.597752,0.129791,0.156052,0.040273,0.140087,0.477061,0.436789,0.929422,0.787266,0.040273,0.142156,1.452825,0.563221,0.677155,0.017354,0.086339,0.545838,0.363632,0.942097,0.61578,0.182206,0.326318,0.528624,0.14864,0.17871,0.051571,0.124996,0.492341,0.44077,0.81787,0.690637,0.051571,0.127232,0.780213,0.313617,0.377041,0.014303,0.044299,0.531788,0.42237,0.816539,0.648144,0.109418,0.168396,0.129387,0.080071,0.096266,-6.7e-05,0.020276,0.501027,0.464407,0.717682,0.686429,0.03662,0.031253,0.210501,0.101665,0.122225,0.009209,0.014261,0.523429,0.461077,0.702938,0.676295,0.062352,0.026643,0.352951,0.115462,0.138818,-0.048015,0.012405,0.540353,0.49035,0.598944,0.530488,0.050003,0.068456,0.165031,0.07589,0.091245,0.002103,0.03273,0.534271,0.499395,0.555143,0.521468,0.034877,0.033674
Andus - Tornado Kick_compressed.mp4,single_athlete_training,130,data\processed\clips\Andus - Tornado Kick_compressed\event_130_punch_candidate_right_wrist_t44p08.mp4,0.4007,0.7782,right_wrist,punch_candidate,0.70588,0,0.0,kick,tornado_kick,spinning_kicks,0.685887,0.296441,0.296957,-0.104659,0.083086,0.622591,0.489479,0.697428,0.561672,0.133112,0.135755,0.655736,0.375217,0.37586,-0.059214,0.092355,0.59215,0.521501,0.694768,0.557699,0.070649,0.137069,0.65212,0.214103,0.214497,-0.088205,-0.031703,0.641707,0.516946,0.657486,0.573276,0.12476,0.08421,0.337736,0.12366,0.123871,0.004567,0.023804,0.571492,0.559465,0.641844,0.574221,0.012027,0.067623,0.992147,0.656792,0.657943,-0.067157,-0.001806,0.594427,0.372604,1.014932,0.765292,0.221823,0.24964,1.040163,0.460438,0.461293,-0.071154,0.091754,0.588569,0.429847,1.009807,0.801474,0.158722,0.208333,1.067881,0.442745,0.443541,-0.100334,-0.002874,0.609494,0.439531,0.881866,0.700985,0.169963,0.18088,0.724531,0.2592,0.259698,-0.07873,-0.00755,0.595436,0.492041,0.864505,0.756717,0.103395,0.107788,0.46352,0.166453,0.166753,-0.08387,-0.032708,0.618464,0.511948,0.748173,0.683043,0.106516,0.06513,0.213153,0.104213,0.104394,-0.035276,-0.012098,0.578683,0.527823,0.734204,0.698999,0.050859,0.035205,0.451378,0.165872,0.166176,-0.071541,-0.030684,0.646996,0.543036,0.555795,0.496629,0.10396,0.059166,0.253668,0.109838,0.110029,0.002915,0.004297,0.61056,0.583045,0.578264,0.530091,0.027515,0.048173
Andus - Tornado Kick_compressed.mp4,single_athlete_training,132,data\processed\clips\Andus - Tornado Kick_compressed\event_132_punch_candidate_right_wrist_t49p89.mp4,0.4007,0.795,right_wrist,punch_candidate,0.68446,0,0.0,kick,tornado_kick,spinning_kicks,0.862378,0.381466,0.382134,-0.180064,0.078545,0.649062,0.468998,0.705037,0.509736,0.180064,0.1953,0.588782,0.337459,0.33804,-0.174551,-0.021381,0.638813,0.464261,0.661749,0.545229,0.174551,0.11652,0.720012,0.263352,0.263783,-0.149906,-0.040817,0.643729,0.493823,0.652161,0.535316,0.149906,0.116845,0.287149,0.146668,0.146925,-0.071384,-0.016247,0.579922,0.508538,0.614446,0.557968,0.071384,0.056479,0.881475,0.500908,0.501786,-0.107539,0.009006,0.612513,0.367711,1.003635,0.887422,0.244802,0.116213,1.744593,0.786495,0.787811,-0.097337,0.04064,0.600992,0.411285,1.009283,0.636455,0.189708,0.372828,0.895556,0.437647,0.438391,-0.151516,-0.024814,0.631636,0.418621,0.872831,0.738387,0.213015,0.134444,1.149602,0.466763,0.467497,-0.135476,-0.032208,0.623065,0.475532,0.891823,0.663952,0.147533,0.227871,0.545244,0.218064,0.218431,-0.152897,-0.026516,0.642769,0.489239,0.729885,0.643323,0.15353,0.086562,0.3437,0.175302,0.1756,-0.098325,-0.002649,0.602056,0.503732,0.72403,0.65833,0.098325,0.065701,0.482166,0.198207,0.198539,-0.151986,-0.044334,0.660755,0.508769,0.553279,0.482679,0.151986,0.0706,0.190991,0.122692,0.122906,-0.06968,-0.006659,0.596027,0.526346,0.541091,0.502407,0.06968,0.038685
Andus - Tornado Kick_compressed.mp4,single_athlete_training,134,data\processed\clips\Andus - Tornado Kick_compressed\event_134_punch_candidate_right_wrist_t68p52.mp4,0.2004,0.8229,right_wrist,punch_candidate,0.8168,0,0.0,kick,tornado_kick,spinning_kicks,1.064987,0.531731,0.426129,0.239295,0.220063,0.809525,0.57023,0.668042,0.421729,0.239295,0.246313,0.659568,0.333294,0.267073,0.075094,-0.065584,0.700135,0.618401,0.744679,0.612734,0.081734,0.131945,0.601028,0.357182,0.286234,0.195349,0.147777,0.783285,0.587936,0.625297,0.468006,0.195349,0.157292,0.385906,0.230275,0.184535,0.071036,-0.016589,0.699196,0.627546,0.662323,0.585028,0.07165,0.077295,0.543962,0.221683,0.177635,0.158883,0.004532,0.724194,0.565311,0.989738,0.951573,0.158883,0.038165,0.807078,0.43276,0.346804,0.166994,-0.233604,0.710553,0.543559,0.976409,0.71175,0.166994,0.264659,0.61009,0.3124,0.250344,0.195568,0.007176,0.719351,0.523783,0.896636,0.821447,0.195568,0.075189,0.616229,0.296278,0.237418,0.159827,-0.123023,0.711519,0.551692,0.844109,0.697479,0.159827,0.14663,0.420412,0.214583,0.171966,0.1354,0.002596,0.710661,0.575261,0.756514,0.720332,0.1354,0.036182,0.298387,0.162869,0.130507,0.097012,-0.024845,0.68607,0.589058,0.745557,0.690949,0.097012,0.054608,0.312539,0.190502,0.152661,0.149466,0.015087,0.756523,0.607057,0.564624,0.548509,0.149466,0.016116,0.280805,0.132543,0.106206,0.103438,-0.02294,0.704593,0.601156,0.591978,0.569038,0.103438,0.02294
Andus - Tornado Kick_compressed.mp4,single_athlete_training,142,data\processed\clips\Andus - Tornado Kick_compressed\event_142_punch_candidate_right_wrist_t107p79.mp4,0.2003,0.8972,right_wrist,punch_candidate,0.9226,0,0.0,kick,tornado_kick,spinning_kicks,0.417378,0.209275,0.167735,-0.024797,-0.031918,0.628837,0.561442,0.613401,0.541418,0.067395,0.071982,0.994132,0.415129,0.332712,-0.126314,-0.054127,0.651099,0.524786,0.642885,0.474096,0.126314,0.168789,0.404739,0.246359,0.197446,0.005561,0.050561,0.665761,0.601539,0.645393,0.545291,0.064222,0.100102,0.863211,0.311303,0.249508,-0.12862,-0.054862,0.680147,0.551527,0.636264,0.506271,0.12862,0.129993,0.758581,0.299171,0.239739,0.02549,0.172123,0.540219,0.495757,1.012327,0.811817,0.044462,0.200509,1.377524,0.769971,0.617071,-0.156846,-0.249201,0.631985,0.424626,1.017407,0.620444,0.207358,0.396963,0.965047,0.42451,0.340191,-0.016736,0.123544,0.555943,0.515813,0.868493,0.643453,0.04013,0.22504,0.976681,0.480276,0.384942,-0.154744,-0.144501,0.640393,0.485649,0.879236,0.639694,0.154744,0.239542,0.390356,0.208089,0.166777,-0.067018,-0.004398,0.626753,0.559734,0.728074,0.651695,0.067018,0.076379,0.591,0.238175,0.190895,-0.122588,-0.050151,0.655922,0.533334,0.74294,0.645658,0.122588,0.097282,0.346669,0.190297,0.152515,0.00128,0.014476,0.655209,0.627686,0.55838,0.480117,0.027523,0.078264,0.504207,0.183654,0.147199,-0.105813,-0.033058,0.682185,0.576372,0.554277,0.486858,0.105813,0.06742
Andus - Tornado Kick_compressed.mp4,single_athlete_training,143,data\processed\clips\Andus - Tornado Kick_compressed\event_143_punch_candidate_right_wrist_t111p80.mp4,0.2004,0.8129,right_wrist,punch_candidate,0.915675,0,0.0,kick,tornado_kick,spinning_kicks,0.390013,0.169794,0.136046,-0.045571,-0.037129,0.592191,0.546619,0.611344,0.53336,0.045571,0.077984,0.907496,0.350491,0.280846,-0.135541,-0.065449,0.660806,0.525265,0.646762,0.491289,0.135541,0.155473,0.379414,0.234883,0.188208,0.010208,0.047832,0.628066,0.575378,0.650052,0.547453,0.052688,0.1026,0.841565,0.342015,0.274054,-0.145849,-0.035814,0.67835,0.532502,0.643047,0.510571,0.145849,0.132476,0.883811,0.460495,0.369037,-0.0933,0.087409,0.60463,0.481056,0.983459,0.785415,0.123573,0.198044,1.922198,0.717965,0.575425,-0.183553,-0.270738,0.61227,0.421869,0.988177,0.590403,0.190402,0.397775,0.908726,0.484716,0.388438,-0.086901,0.049579,0.60963,0.508748,0.85302,0.651937,0.100882,0.201082,1.041412,0.496186,0.397649,-0.169716,-0.166776,0.623479,0.453762,0.870699,0.60962,0.169716,0.261079,0.273429,0.15646,0.12537,-0.061118,-0.009109,0.601243,0.540125,0.737805,0.683956,0.061118,0.053849,0.389509,0.195347,0.156535,-0.122923,-0.057863,0.635526,0.512602,0.743155,0.670078,0.122923,0.073077,0.287882,0.159493,0.127801,0.007008,0.016502,0.633464,0.605502,0.575392,0.508459,0.027961,0.066932,0.399032,0.1697,0.135985,-0.10077,-0.032597,0.661039,0.560269,0.558301,0.497979,0.10077,0.060322
Andus - Tornado Kick_compressed.mp4,single_athlete_training,146,data\processed\clips\Andus - Tornado Kick_compressed\event_146_punch_candidate_right_wrist_t120p61.mp4,0.2003,0.739,right_wrist,punch_candidate,0.83625,0,0.0,kick,tornado_kick,spinning_kicks,0.608072,0.361615,0.289846,-0.028988,0.035142,0.593415,0.553532,0.68472,0.532154,0.039883,0.152566,0.790083,0.353934,0.283684,-0.160391,-0.002002,0.647049,0.486658,0.655818,0.541546,0.160391,0.114272,0.473423,0.248848,0.199432,0.010236,0.012764,0.637823,0.582443,0.639303,0.549506,0.05538,0.089797,0.718292,0.252791,0.202616,-0.142582,-0.033394,0.658718,0.516137,0.642133,0.560128,0.142582,0.082005,0.738509,0.266972,0.213931,-0.040922,0.136953,0.551971,0.504234,0.988183,0.827954,0.047738,0.160229,1.057499,0.597203,0.478613,-0.157104,-0.265371,0.614249,0.436442,0.989852,0.640575,0.177807,0.349277,1.042022,0.415739,0.333152,-0.044473,0.127888,0.568922,0.523339,0.865479,0.638666,0.045583,0.226813,1.067655,0.408855,0.327727,-0.151776,-0.119471,0.615241,0.463464,0.858555,0.654183,0.151776,0.204372,0.377211,0.191585,0.153537,-0.070339,0.012443,0.614866,0.544527,0.729825,0.658115,0.070339,0.07171,0.514108,0.210812,0.168967,-0.129359,-0.050821,0.643043,0.513683,0.741953,0.66661,0.129359,0.075342,0.330837,0.168031,0.13466,-0.005906,0.011348,0.63234,0.598641,0.561266,0.499044,0.033698,0.062222,0.437564,0.184735,0.148061,-0.11525,-0.004807,0.655898,0.540648,0.555719,0.509185,0.11525,0.046533
Andus - Tornado Kick_compressed.mp4,single_athlete_training,155,data\processed\clips\Andus - Tornado Kick_compressed\event_155_punch_candidate_right_wrist_t174p71.mp4,0.8014,0.9448,right_wrist,punch_candidate,0.724286,0,0.0,kick,tornado_kick,spinning_kicks,0.908845,0.420737,0.590071,-0.186641,-0.107845,0.550162,0.363521,0.79563,0.517354,0.186641,0.278276,0.761374,0.424458,0.595357,-0.203527,-0.135894,0.592778,0.374399,0.7505,0.532598,0.21838,0.217902,0.699214,0.26998,0.378646,-0.224775,0.004811,0.597488,0.372713,0.697201,0.571852,0.224775,0.125349,0.625381,0.315607,0.442668,-0.184305,-0.007766,0.606179,0.399141,0.664496,0.556862,0.207038,0.107634,1.342933,0.441096,0.618665,-0.24712,-0.012958,0.614845,0.364639,1.048498,0.768678,0.250206,0.279819,0.935737,0.456215,0.639859,-0.173615,-0.18158,0.595326,0.355591,1.045884,0.707863,0.239735,0.338021,1.291837,0.43777,0.61399,-0.237959,-0.134749,0.601166,0.354024,1.016757,0.694724,0.247142,0.322033,0.789008,0.360596,0.505776,-0.148864,-0.119876,0.566781,0.357127,0.921676,0.670106,0.209654,0.25157,0.506192,0.250362,0.351149,-0.236075,-0.047292,0.621891,0.377422,0.818276,0.681228,0.244469,0.137047,0.49371,0.239783,0.336314,-0.200637,-0.040234,0.607954,0.385376,0.815843,0.689569,0.222578,0.126273,0.535952,0.256312,0.3595,-0.201373,0.057951,0.593211,0.391838,0.571554,0.482627,0.201373,0.088926,0.542761,0.264659,0.3712,-0.16463,0.04925,0.601639,0.427303,0.570495,0.489234,0.174336,0.081261
Alicia - Double & Front Double.mp4,single_athlete_training,1,data\processed\clips\Alicia - Double & Front Double\event_001_kick_candidate_left_ankle_t0p40.mp4,0.3998,0.9768,left_ankle,kick_candidate,0.89326,0,0.0,kick,frontdouble_kick,double_kicks,0.453717,0.226173,0.226064,0.037975,-0.027729,0.495958,0.457983,0.52406,0.399031,0.037975,0.125029,0.632775,0.322601,0.322461,0.053243,0.031489,0.575196,0.521953,0.52436,0.358954,0.053243,0.165405,0.230359,0.124704,0.124643,0.03458,-0.021422,0.475163,0.440583,0.487272,0.419151,0.03458,0.068121,0.383835,0.135647,0.135587,0.042968,-0.01649,0.549539,0.506571,0.473366,0.404454,0.042968,0.068912,1.126915,0.491758,0.491516,0.042125,0.066478,0.617742,0.485799,0.749416,0.500351,0.131943,0.249065,0.998187,0.364919,0.364793,0.035679,-0.118372,0.626185,0.513406,0.767064,0.566162,0.112779,0.200901,0.648624,0.27666,0.276529,0.01486,0.020259,0.548897,0.504647,0.641062,0.498927,0.04425,0.142135,0.768422,0.246212,0.246127,0.043994,-0.079694,0.586825,0.517872,0.656292,0.504334,0.068952,0.151958,0.242649,0.105689,0.105643,0.030547,-0.031014,0.503271,0.469361,0.562055,0.498248,0.033909,0.063808,0.215111,0.127783,0.127727,0.041618,-0.030889,0.532164,0.487518,0.5676,0.493131,0.044646,0.074469,0.174533,0.099057,0.099009,0.020856,-0.026448,0.476038,0.453942,0.413338,0.355505,0.022096,0.057833,0.177983,0.090003,0.089966,0.032179,-0.033625,0.52187,0.489692,0.413843,0.35557,0.032179,0.058273
Alicia - Double & Front Double.mp4,single_athlete_training,4,data\processed\clips\Alicia - Double & Front Double\event_004_kick_candidate_left_ankle_t9p00.mp4,0.3998,0.9542,left_ankle,kick_candidate,0.8654,0,0.0,kick,double_kick,double_kicks,0.644938,0.20028,0.200188,-0.073779,0.150106,0.542701,0.468922,0.524933,0.366519,0.073779,0.158414,0.712428,0.305694,0.305602,0.028593,0.013579,0.518706,0.452794,0.497964,0.356533,0.065912,0.14143,0.338437,0.138752,0.138687,-0.074072,0.08292,0.521065,0.446994,0.482417,0.389349,0.074072,0.093067,0.36046,0.145334,0.145281,-0.015954,0.037119,0.488269,0.454221,0.470284,0.393741,0.034048,0.076543,0.940695,0.475199,0.475056,-0.084884,0.059795,0.628335,0.447727,0.699151,0.477389,0.180608,0.221762,0.730835,0.198697,0.19867,-0.125016,0.139008,0.613673,0.488657,0.717463,0.578455,0.125016,0.139008,0.555745,0.254156,0.254064,-0.079683,0.059712,0.569247,0.462613,0.6172,0.485349,0.106634,0.13185,0.465315,0.156715,0.156683,-0.087955,0.105486,0.561948,0.473993,0.623531,0.516854,0.087955,0.106677,0.176131,0.087944,0.087907,-0.05413,0.045968,0.518682,0.459417,0.519027,0.473059,0.059265,0.045968,0.138286,0.078172,0.078141,-0.046267,0.045047,0.50083,0.454564,0.528139,0.483092,0.046267,0.045047,0.111056,0.077543,0.077514,-0.049259,0.037533,0.500525,0.451266,0.387141,0.345763,0.049259,0.041378,0.073804,0.043077,0.043063,-0.008497,0.030052,0.464851,0.456354,0.389623,0.356014,0.008497,0.033608
Alicia - Double & Front Double.mp4,single_athlete_training,5,data\processed\clips\Alicia - Double & Front Double\event_005_kick_candidate_left_ankle_t12p40.mp4,0.5998,0.9704,left_ankle,kick_candidate,0.852483,0,0.0,kick,frontdouble_kick,double_kicks,0.4501,0.176597,0.211856,-0.041239,0.024379,0.519115,0.46735,0.536698,0.463051,0.051766,0.073647,1.083623,0.440556,0.528511,0.121686,-0.029565,0.560604,0.42354,0.564754,0.350675,0.137065,0.214079,0.256368,0.126451,0.151691,-0.041526,0.037042,0.492887,0.442006,0.511917,0.451602,0.050881,0.060315,0.621894,0.264264,0.317021,0.10341,-0.012719,0.54672,0.430507,0.515599,0.401729,0.116213,0.11387,1.322282,0.473582,0.568031,0.048482,0.007868,0.623684,0.480404,0.774543,0.533904,0.14328,0.240638,1.15763,0.406097,0.487103,0.073508,-0.144241,0.647683,0.475955,0.788489,0.527823,0.171728,0.260666,0.786815,0.300124,0.359993,0.016206,0.005832,0.558698,0.493704,0.65926,0.487533,0.064994,0.171727,0.566625,0.260186,0.312104,0.041313,-0.094198,0.585495,0.502988,0.684882,0.506081,0.082507,0.178801,0.279221,0.129991,0.155939,0.011074,-0.024907,0.498053,0.467315,0.586594,0.507622,0.030738,0.078972,0.43346,0.129293,0.155118,0.044358,-0.075309,0.523284,0.463075,0.610557,0.510434,0.060209,0.100122,0.213659,0.095988,0.11515,-0.022001,0.016543,0.481101,0.449302,0.418656,0.366472,0.031799,0.052183,0.353459,0.140502,0.168554,0.051328,-0.029187,0.510545,0.45132,0.427137,0.360531,0.059226,0.066607
Alicia - Double & Front Double.mp4,single_athlete_training,8,data\processed\clips\Alicia - Double & Front Double\event_008_kick_candidate_left_ankle_t16p99.mp4,0.5997,0.9576,left_ankle,kick_candidate,0.847817,0,0.0,kick,frontdouble_kick,double_kicks,0.410543,0.15417,0.184962,-0.020821,0.145147,0.516106,0.473189,0.51656,0.371414,0.042918,0.145147,0.61102,0.159493,0.191317,-0.006834,0.132932,0.557754,0.514688,0.516128,0.377638,0.043066,0.138491,0.237981,0.106777,0.128097,-0.014389,0.093788,0.492861,0.459429,0.476637,0.382849,0.033432,0.093788,0.303843,0.128955,0.154694,-0.035301,0.090294,0.53391,0.463617,0.491203,0.397551,0.070293,0.093652,1.223988,0.478296,0.573796,-0.076718,0.054967,0.61491,0.456028,0.752205,0.466641,0.158882,0.285564,0.886434,0.297741,0.357249,-0.202107,0.225491,0.607593,0.405486,0.795074,0.569583,0.202107,0.225491,0.481171,0.26185,0.314125,-0.075783,0.081959,0.564389,0.452917,0.660033,0.488702,0.111472,0.171331,0.63667,0.213175,0.255771,-0.123641,0.178663,0.561645,0.438003,0.683361,0.504697,0.123641,0.178663,0.134762,0.074225,0.089047,-0.033389,0.051166,0.503594,0.456111,0.543982,0.492815,0.047483,0.051166,0.171717,0.092718,0.111235,-0.055977,0.071202,0.500642,0.441956,0.557748,0.486546,0.058685,0.071202,0.160721,0.061336,0.073587,-0.008017,0.052611,0.475399,0.454346,0.381328,0.328717,0.021053,0.052611,0.180635,0.074659,0.08957,-0.024076,0.055001,0.500666,0.458083,0.391513,0.336512,0.042583,0.055001
Alicia - Double & Front Double.mp4,single_athlete_training,9,data\processed\clips\Alicia - Double & Front Double\event_009_kick_candidate_left_ankle_t19p99.mp4,0.1999,0.7358,left_ankle,kick_candidate,0.82065,0,0.0,kick,double_kick,double_kicks,0.686751,0.255313,0.204217,0.020475,-0.119929,0.506084,0.480074,0.543488,0.384032,0.026009,0.159456,0.660979,0.22691,0.181445,-0.009645,-0.094755,0.580049,0.543186,0.540108,0.411498,0.036863,0.12861,0.365831,0.179575,0.143625,0.019893,-0.098363,0.486367,0.459843,0.521955,0.402958,0.026524,0.118997,0.580962,0.248578,0.198779,-0.03944,-0.061935,0.589404,0.536829,0.520893,0.406551,0.052575,0.114342,0.505237,0.280642,0.224448,0.043461,-0.019329,0.588554,0.542921,0.785073,0.672201,0.045632,0.112872,1.37126,0.630987,0.504674,0.0373,-0.043641,0.650424,0.526011,0.822675,0.578266,0.124413,0.244409,0.480886,0.231375,0.185027,0.031806,-0.012521,0.576867,0.53997,0.659326,0.564129,0.036896,0.095197,0.941519,0.401938,0.321484,-0.016853,-0.073998,0.604989,0.555391,0.730385,0.54495,0.049597,0.185435,0.432512,0.189784,0.151765,0.006005,-0.075443,0.512834,0.504953,0.624907,0.511697,0.007881,0.11321,0.407324,0.213197,0.170495,-0.014474,-0.085483,0.538559,0.51754,0.63628,0.510752,0.021019,0.125528,0.441711,0.157463,0.125914,0.006462,-0.07375,0.48774,0.480766,0.434051,0.335543,0.006975,0.098507,0.50825,0.201012,0.160735,-0.021984,-0.056817,0.547281,0.525297,0.437423,0.333667,0.021984,0.103756
Alicia - Double & Front Double.mp4,single_athlete_training,11,data\processed\clips\Alicia - Double & Front Double\event_011_kick_candidate_left_ankle_t23p59.mp4,0.3998,0.9222,left_ankle,kick_candidate,0.85872,0,0.0,kick,double_kick,double_kicks,0.530872,0.189066,0.188996,-0.073961,0.130891,0.554941,0.48098,0.488021,0.340683,0.073961,0.147337,0.535171,0.223621,0.223563,0.048297,0.014362,0.525147,0.44206,0.455784,0.364171,0.083087,0.091613,0.268055,0.105274,0.105236,-0.057412,0.076224,0.532115,0.474703,0.448937,0.372713,0.057412,0.076224,0.324451,0.127353,0.127308,0.018192,0.05283,0.502734,0.461081,0.459295,0.394619,0.041652,0.064676,0.984965,0.484833,0.484689,-0.077869,0.034596,0.625046,0.46051,0.669225,0.457724,0.164535,0.2115,0.633833,0.169021,0.169,-0.092528,0.135206,0.59357,0.501041,0.698762,0.563556,0.092528,0.135206,0.342749,0.224123,0.224044,-0.069337,0.048529,0.566876,0.474059,0.593278,0.482118,0.092818,0.111159,0.335521,0.145961,0.145922,-0.075491,0.107297,0.561203,0.485711,0.598611,0.491314,0.075491,0.107297,0.114833,0.071632,0.071607,-0.032253,0.042416,0.519547,0.478946,0.506336,0.46392,0.040601,0.042416,0.161798,0.065082,0.065065,-0.02586,0.047042,0.500224,0.474223,0.515338,0.468297,0.026001,0.047042,0.1421,0.053546,0.053533,-0.028524,0.041661,0.507587,0.479063,0.380865,0.339204,0.028524,0.041661,0.118033,0.048708,0.048695,-0.004703,0.036216,0.473379,0.464438,0.386328,0.347912,0.008941,0.038416
Alicia - Double & Front Double.mp4,single_athlete_training,12,data\processed\clips\Alicia - Double & Front Double\event_012_kick_candidate_left_ankle_t32p79.mp4,0.3999,0.8294,left_ankle,kick_candidate,0.8437,0,0.0,kick,frontdouble_kick,double_kicks,0.521829,0.147046,0.146976,-0.06168,0.110235,0.538519,0.476838,0.490469,0.380234,0.06168,0.110235,0.244438,0.106772,0.106723,0.044997,0.018816,0.525911,0.451473,0.480851,0.460829,0.074438,0.020023,0.23669,0.089723,0.08968,-0.048444,0.066883,0.510879,0.462436,0.463652,0.39677,0.048444,0.066883,0.267338,0.079144,0.079106,0.017658,0.055449,0.486876,0.451083,0.472696,0.417247,0.035793,0.055449,0.513525,0.356784,0.356652,-0.101345,0.127691,0.611124,0.447786,0.69382,0.496872,0.163338,0.196947,0.546196,0.129933,0.12987,-0.043678,0.113778,0.540705,0.497027,0.715516,0.601739,0.043678,0.113778,0.324587,0.179748,0.179687,-0.093634,0.121688,0.561928,0.468294,0.609573,0.485405,0.093634,0.124169,0.416421,0.127738,0.127681,-0.057151,0.075801,0.540129,0.482978,0.624383,0.540814,0.057151,0.083569,0.130055,0.082082,0.082054,-0.040506,0.062651,0.507481,0.466975,0.521586,0.458935,0.040506,0.062651,0.150852,0.071271,0.07124,-0.0281,0.052196,0.489473,0.459944,0.528884,0.476688,0.029529,0.052196,0.221842,0.071947,0.071917,-0.038445,0.043427,0.496551,0.458106,0.388039,0.344612,0.038445,0.043427,0.208692,0.053941,0.053915,-0.007297,0.044069,0.464364,0.453276,0.388029,0.343959,0.011088,0.044069
Alicia - Double & Front Double.mp4,single_athlete_training,14,data\processed\clips\Alicia - Double & Front Double\event_014_kick_candidate_left_ankle_t44p58.mp4,0.3999,0.8953,left_ankle,kick_candidate,0.8658,0,0.0,kick,frontdouble_kick,double_kicks,0.296669,0.123579,0.123535,0.037786,0.060678,0.52691,0.459145,0.480562,0.417942,0.067765,0.06262,0.543918,0.165848,0.16582,-0.037105,0.079752,0.509684,0.461079,0.523153,0.408837,0.048605,0.114316,0.22395,0.094173,0.094142,0.029508,0.053617,0.50314,0.458018,0.458679,0.405063,0.045122,0.053617,0.203707,0.093854,0.093828,-0.042849,0.06048,0.492548,0.441148,0.465857,0.405253,0.0514,0.060604,0.52877,0.336396,0.336281,-0.078775,0.102468,0.612077,0.466315,0.670836,0.49254,0.145762,0.178296,0.375068,0.126808,0.12675,-0.066901,0.067756,0.543666,0.476765,0.711643,0.63247,0.066901,0.079172,0.306989,0.159662,0.159605,-0.085898,0.117099,0.56065,0.474752,0.599351,0.482252,0.085898,0.117099,0.384265,0.125623,0.125563,-0.061144,0.065509,0.535013,0.473869,0.62519,0.548819,0.061144,0.076371,0.145457,0.058503,0.058477,-0.009855,0.044874,0.506063,0.486587,0.517927,0.473053,0.019476,0.044874,0.175295,0.071986,0.071956,-0.042182,0.045183,0.499202,0.45702,0.524135,0.478952,0.042182,0.045183,0.219191,0.065009,0.064982,0.021902,0.048206,0.492001,0.460779,0.393586,0.34538,0.031222,0.048206,0.170507,0.061862,0.061842,-0.040504,0.04434,0.4896,0.449096,0.392996,0.348657,0.040504,0.04434
Alicia - Double & Front Double.mp4,single_athlete_training,15,data\processed\clips\Alicia - Double & Front Double\event_015_kick_candidate_left_ankle_t48p98.mp4,0.3999,0.9665,left_ankle,kick_candidate,0.8556,0,0.0,kick,double_kick,double_kicks,0.651981,0.220832,0.220729,-0.056091,0.174145,0.514478,0.458386,0.537503,0.363193,0.056091,0.17431,0.517607,0.195374,0.19529,-0.068134,0.100684,0.54256,0.474267,0.539973,0.412847,0.068292,0.127126,0.314598,0.13106,0.131001,-0.049985,0.094762,0.484232,0.434247,0.491659,0.394438,0.049985,0.097221,0.359896,0.159694,0.159625,-0.078647,0.063759,0.518771,0.437162,0.519951,0.437258,0.081609,0.082693,0.713849,0.426862,0.426713,-0.117389,0.135602,0.558087,0.418316,0.765011,0.511368,0.13977,0.253644,0.660566,0.197322,0.197231,-0.114332,0.128276,0.581128,0.466796,0.785395,0.65207,0.114332,0.133325,0.546705,0.236771,0.236686,-0.10877,0.12371,0.553009,0.437674,0.65865,0.507615,0.115335,0.151035,0.626364,0.207491,0.207395,-0.110686,0.125237,0.569714,0.459027,0.670501,0.540979,0.110686,0.129522,0.193137,0.119405,0.11936,-0.073797,0.06135,0.49718,0.423383,0.561004,0.499654,0.073797,0.06135,0.202129,0.128355,0.128305,-0.078835,0.061431,0.506739,0.427903,0.574668,0.508333,0.078835,0.066334,0.218337,0.098467,0.098427,-0.042333,0.060306,0.472212,0.42988,0.399497,0.337943,0.042333,0.061554,0.32678,0.124814,0.124756,-0.058688,0.062116,0.493361,0.434154,0.419753,0.353493,0.059207,0.066259
Alicia - Double & Front Double.mp4,single_athlete_training,16,data\processed\clips\Alicia - Double & Front Double\event_016_kick_candidate_left_ankle_t52p38.mp4,0.1999,0.8247,left_ankle,kick_candidate,0.849175,0,0.0,kick,double_kick,double_kicks,0.261009,0.106868,0.085452,-0.008543,-0.020559,0.525611,0.493441,0.463613,0.422535,0.03217,0.041078,0.840631,0.444253,0.355224,0.160198,-0.097401,0.559041,0.398843,0.535177,0.36087,0.160198,0.174307,0.235721,0.085677,0.068507,-0.005934,-0.036238,0.500017,0.47772,0.463643,0.420418,0.022296,0.043225,0.460703,0.207604,0.166,0.108066,-0.057021,0.531669,0.423603,0.484465,0.404523,0.108066,0.079943,1.165092,0.504898,0.403716,0.126733,-0.110285,0.62624,0.42288,0.712111,0.513927,0.20336,0.198183,0.562817,0.154469,0.123514,0.042102,-0.114811,0.542505,0.500403,0.734515,0.619704,0.042102,0.114811,0.560454,0.287372,0.229782,0.102564,-0.095194,0.56308,0.454243,0.628734,0.491688,0.108837,0.137046,0.583529,0.16866,0.134861,0.074062,-0.100332,0.5766,0.502538,0.632487,0.527346,0.074062,0.105141,0.216587,0.097437,0.07791,0.046862,-0.053183,0.504592,0.45773,0.549474,0.49629,0.046862,0.053183,0.176102,0.098823,0.079019,0.052732,-0.054237,0.518479,0.465748,0.548856,0.49462,0.052732,0.054237,0.130343,0.094934,0.075909,0.00878,-0.040308,0.487288,0.46221,0.407912,0.360744,0.025078,0.047167,0.15468,0.096008,0.076768,0.055466,-0.044633,0.505022,0.449556,0.406934,0.361647,0.055466,0.045286
Alicia - Double & Front Double.mp4,single_athlete_training,19,data\processed\clips\Alicia - Double & Front Double\event_019_kick_candidate_left_ankle_t56p18.mp4,0.3999,0.9615,left_ankle,kick_candidate,0.83484,0,0.0,kick,double_kick,double_kicks,0.258833,0.146959,0.146911,0.009945,0.008651,0.497899,0.449413,0.508133,0.453517,0.048486,0.054616,0.750942,0.346961,0.346824,-0.003877,0.013113,0.574961,0.518798,0.519173,0.357702,0.056163,0.161471,0.155898,0.087692,0.087664,0.019986,-0.020387,0.483726,0.445911,0.482383,0.44474,0.037815,0.037643,0.466796,0.214982,0.214902,0.00575,-0.026645,0.540293,0.496022,0.49043,0.387014,0.044271,0.103416,0.982904,0.415834,0.415699,0.05329,0.051566,0.603258,0.455442,0.722057,0.541047,0.147816,0.18101,1.032365,0.457675,0.45755,0.077831,-0.122182,0.621108,0.510288,0.745667,0.46823,0.11082,0.277437,0.519225,0.22881,0.228743,0.022563,-0.009344,0.546696,0.494219,0.622049,0.512837,0.052477,0.109212,0.476043,0.236523,0.236437,0.051605,-0.080373,0.565995,0.51397,0.641769,0.490422,0.052024,0.151347,0.250338,0.134083,0.13403,0.033618,-0.042472,0.49884,0.453803,0.567058,0.492136,0.045036,0.074922,0.325207,0.120176,0.120128,0.041349,-0.047364,0.508307,0.465096,0.566866,0.491984,0.043211,0.074882,0.2118,0.115815,0.115772,0.023217,-0.024781,0.480135,0.440814,0.413532,0.371454,0.039321,0.042079,0.362892,0.131445,0.13139,0.012916,-0.049859,0.502656,0.472365,0.424356,0.351658,0.030291,0.072698
Alicia - Double & Front Double.mp4,single_athlete_training,20,data\processed\clips\Alicia - Double & Front Double\event_020_punch_candidate_left_wrist_t16p79.mp4,0.2,0.7894,left_wrist,punch_candidate,0.854125,0,0.0,kick,frontdouble_kick,double_kicks,0.748142,0.372353,0.297774,0.01703,-0.025139,0.516106,0.473189,0.520623,0.371414,0.042918,0.14921,0.767202,0.39327,0.314478,0.022677,-0.017761,0.557754,0.520301,0.530996,0.377638,0.037453,0.153359,0.584663,0.261293,0.208953,0.018773,-0.046108,0.492861,0.459429,0.499341,0.382849,0.033432,0.116492,0.414046,0.232788,0.186159,0.00739,-0.001819,0.53391,0.498918,0.480164,0.397551,0.034991,0.082612,1.223988,0.506054,0.404763,0.072088,-0.209625,0.61491,0.512637,0.762664,0.466641,0.102273,0.296023,0.886434,0.361745,0.28934,-0.058829,0.121855,0.609195,0.550366,0.77092,0.569583,0.058829,0.201337,0.481171,0.285449,0.228293,0.051149,-0.093808,0.564389,0.510725,0.645113,0.488702,0.053664,0.15641,0.63667,0.279875,0.223852,-0.038086,0.09153,0.565836,0.52775,0.660072,0.504697,0.038086,0.155375,0.37459,0.139007,0.111159,0.022631,-0.041656,0.503594,0.480963,0.567207,0.492815,0.022631,0.074392,0.325178,0.145389,0.11627,-0.008294,-0.014894,0.502624,0.49433,0.55138,0.486546,0.008294,0.064834,0.471914,0.174025,0.139167,0.019219,-0.055557,0.475399,0.45618,0.42285,0.328717,0.019219,0.094133,0.355332,0.16866,0.134878,-0.009716,-0.017208,0.500666,0.482159,0.406649,0.336512,0.018507,0.070137
Alicia - Double & Front Double.mp4,single_athlete_training,23,data\processed\clips\Alicia - Double & Front Double\event_023_punch_candidate_left_wrist_t32p39.mp4,0.1999,0.6639,left_wrist,punch_candidate,0.840825,0,0.0,kick,frontdouble_kick,double_kicks,0.818893,0.386549,0.309166,0.024939,-0.015079,0.538519,0.481826,0.494676,0.339415,0.056692,0.155261,0.534604,0.23369,0.186912,-0.042096,-0.003949,0.540425,0.43379,0.486447,0.460829,0.106635,0.025618,0.481738,0.200958,0.160734,0.02108,-0.027052,0.525681,0.469604,0.46661,0.388263,0.056077,0.078347,0.34939,0.187891,0.150273,-0.035894,-0.01082,0.521621,0.451083,0.468758,0.417247,0.070538,0.05151,0.642789,0.299417,0.239423,0.100547,-0.174338,0.611124,0.510577,0.689135,0.496872,0.100547,0.192263,1.017507,0.550886,0.44059,0.008597,0.039468,0.606611,0.503733,0.707172,0.492122,0.102878,0.21505,0.557079,0.160335,0.128207,0.034441,-0.097123,0.561928,0.514917,0.588836,0.485405,0.047011,0.103432,0.546953,0.315397,0.252246,-0.012351,0.031262,0.558221,0.526206,0.622884,0.484013,0.032016,0.138871,0.249482,0.126316,0.10102,0.027985,-0.062717,0.507481,0.473493,0.536099,0.458935,0.033988,0.077164,0.200997,0.115209,0.092141,0.002077,-0.030638,0.493659,0.487396,0.537447,0.476688,0.006263,0.060759,0.221842,0.150473,0.120339,0.023617,-0.012505,0.497952,0.461999,0.400094,0.344612,0.035953,0.055482,0.221896,0.139301,0.111398,-0.029528,-0.019512,0.493892,0.460573,0.405017,0.343959,0.033319,0.061057
Alicia - Double & Front Double.mp4,single_athlete_training,27,data\processed\clips\Alicia - Double & Front Double\event_027_kick_candidate_right_ankle_t0p60.mp4,0.1999,0.7693,right_ankle,kick_candidate,0.888975,0,0.0,kick,frontdouble_kick,double_kicks,0.453717,0.200839,0.160595,0.021666,0.035676,0.495958,0.474292,0.496331,0.399031,0.021666,0.0973,0.632775,0.261938,0.209468,0.02883,0.141814,0.575196,0.538311,0.52436,0.358954,0.036885,0.165405,0.230359,0.105383,0.084266,0.011677,0.011832,0.475163,0.459859,0.46585,0.419151,0.015303,0.046699,0.167579,0.0736,0.058858,0.009228,0.052422,0.549539,0.538583,0.456876,0.404454,0.010956,0.052422,0.718381,0.332969,0.266245,-0.089818,0.249065,0.617742,0.527924,0.749416,0.500351,0.089818,0.249065,0.998187,0.448002,0.358279,0.032034,-0.112974,0.626185,0.517051,0.761665,0.566162,0.109134,0.195502,0.429752,0.183669,0.146869,-0.02939,0.142135,0.548897,0.519507,0.641062,0.498927,0.02939,0.142135,0.768422,0.294219,0.235295,0.038706,-0.070241,0.586825,0.52316,0.646839,0.504334,0.063665,0.142505,0.112855,0.07145,0.057137,0.005439,0.010487,0.503271,0.494469,0.531041,0.498248,0.008802,0.032793,0.215111,0.112991,0.090354,0.029868,0.004587,0.532164,0.499268,0.536711,0.493131,0.032895,0.04358,0.153575,0.080188,0.06412,0.000499,0.001887,0.476038,0.465794,0.386891,0.355505,0.010243,0.031385,0.177983,0.075813,0.060628,0.017903,-0.007994,0.52187,0.503967,0.388212,0.35557,0.017903,0.032642
Alicia - Double & Front Double.mp4,single_athlete_training,29,data\processed\clips\Alicia - Double & Front Double\event_029_kick_candidate_right_ankle_t3p60.mp4,0.3999,0.9734,right_ankle,kick_candidate,0.86484,0,0.0,kick,double_kick,double_kicks,0.495072,0.12778,0.127722,0.027717,0.079404,0.516976,0.480859,0.517916,0.423806,0.036117,0.09411,0.743524,0.187508,0.187422,-0.0746,0.143271,0.598489,0.523889,0.5282,0.380806,0.0746,0.147395,0.224101,0.072703,0.072674,0.019513,0.032052,0.49106,0.455152,0.467756,0.433316,0.035908,0.03444,0.36616,0.126058,0.126003,-0.073903,0.085878,0.55534,0.481437,0.479998,0.39412,0.073903,0.085878,0.947195,0.268237,0.268112,-0.152362,0.17814,0.616734,0.464371,0.725973,0.540999,0.152362,0.184975,1.039467,0.532333,0.532151,-0.07143,0.089559,0.650787,0.458503,0.767116,0.508528,0.192284,0.258588,0.419155,0.128653,0.128593,-0.06724,0.092573,0.557318,0.490077,0.609951,0.517378,0.06724,0.092573,0.551732,0.30384,0.303727,-0.092514,0.078529,0.588362,0.463766,0.650373,0.491564,0.124596,0.158808,0.17212,0.074166,0.074133,-0.031667,0.041842,0.502501,0.468585,0.535007,0.487529,0.033916,0.047478,0.190777,0.080195,0.080159,-0.045091,0.035672,0.519407,0.467914,0.534193,0.498521,0.051493,0.035672,0.087102,0.046607,0.046591,-0.003378,0.018589,0.475115,0.45707,0.387245,0.362547,0.018045,0.024698,0.1068,0.055422,0.055399,-0.045638,0.02445,0.515423,0.469785,0.386659,0.362209,0.045638,0.02445
Alicia - Double & Front Double.mp4,single_athlete_training,30,data\processed\clips\Alicia - Double & Front Double\event_030_kick_candidate_right_ankle_t6p40.mp4,0.3999,0.9231,right_ankle,kick_candidate,0.84814,0,0.0,kick,double_kick,double_kicks,0.227626,0.128769,0.128728,-0.000542,0.020048,0.520883,0.50431,0.474469,0.402645,0.016573,0.071824,0.291595,0.13717,0.137123,-0.055984,0.096541,0.553454,0.49747,0.469132,0.361254,0.055984,0.107878,0.087906,0.059684,0.059662,0.002605,0.033532,0.50899,0.483989,0.442807,0.409275,0.025001,0.033532,0.194467,0.080295,0.080259,-0.046333,0.058664,0.522707,0.476375,0.437481,0.378817,0.046333,0.058664,0.663374,0.219894,0.219791,-0.150362,0.098553,0.602858,0.452496,0.674125,0.554815,0.150362,0.11931,0.828605,0.40027,0.400115,-0.029662,0.058213,0.626314,0.495647,0.693909,0.504418,0.130666,0.189492,0.336235,0.131377,0.131316,-0.078714,0.079655,0.558457,0.479743,0.583368,0.503713,0.078714,0.079655,0.279434,0.187631,0.187562,-0.060573,0.054202,0.569506,0.486373,0.595252,0.49376,0.083133,0.101493,0.134389,0.055372,0.055351,-0.018081,0.034756,0.513833,0.490796,0.49872,0.463964,0.023037,0.034756,0.122641,0.069135,0.069109,-0.036724,0.030012,0.513743,0.472362,0.498921,0.468909,0.041381,0.030012,0.101605,0.044242,0.044223,0.005529,0.026492,0.4976,0.477408,0.376729,0.350237,0.020192,0.026492,0.089142,0.046144,0.046125,-0.021057,0.026645,0.49841,0.471843,0.371511,0.344866,0.026567,0.026645
Alicia - Double & Front Double.mp4,single_athlete_training,31,data\processed\clips\Alicia - Double & Front Double\event_031_kick_candidate_right_ankle_t8p80.mp4,0.2,0.9031,right_ankle,kick_candidate,0.867625,0,0.0,kick,double_kick,double_kicks,0.644938,0.335335,0.268142,0.004357,0.018554,0.542701,0.51327,0.505524,0.366519,0.029431,0.139005,0.712428,0.425065,0.339942,-0.009415,0.045533,0.528121,0.452794,0.497964,0.356533,0.075327,0.14143,0.395181,0.194422,0.155464,0.005543,-0.001142,0.521065,0.496269,0.464353,0.389349,0.024797,0.075004,0.36046,0.210282,0.168161,-0.013705,-0.010706,0.500842,0.470176,0.476494,0.393741,0.030667,0.082753,0.940695,0.399427,0.319476,0.024539,-0.062317,0.628335,0.526805,0.639356,0.477389,0.101529,0.161967,0.730835,0.343395,0.274652,0.014265,0.087246,0.613673,0.510879,0.712976,0.578455,0.102794,0.134521,0.350783,0.164171,0.131306,0.002049,-0.02939,0.569247,0.542296,0.558949,0.485349,0.026951,0.0736,0.48233,0.258272,0.206561,-0.022691,0.006756,0.561948,0.519346,0.617949,0.516854,0.042603,0.101095,0.292747,0.10059,0.080439,0.014798,-0.040635,0.518682,0.495658,0.528778,0.473059,0.023024,0.055719,0.28692,0.120864,0.096651,0.004473,-0.017658,0.50083,0.486325,0.538583,0.483092,0.014506,0.055491,0.284266,0.116127,0.092865,0.011462,-0.01947,0.500525,0.479354,0.398497,0.345763,0.021171,0.052734,0.241169,0.089567,0.071625,-0.012101,-0.023804,0.476027,0.462449,0.402911,0.356014,0.013578,0.046896
Alicia - Double & Front Double.mp4,single_athlete_training,33,data\processed\clips\Alicia - Double & Front Double\event_033_kick_candidate_right_ankle_t12p79.mp4,0.1999,0.8329,right_ankle,kick_candidate,0.852425,0,0.0,kick,frontdouble_kick,double_kicks,0.235055,0.102655,0.082083,0.001316,0.059355,0.486871,0.46735,0.522406,0.463051,0.019521,0.059355,0.640029,0.260664,0.208427,-0.015379,0.181118,0.560604,0.525395,0.541721,0.350675,0.035209,0.191046,0.220302,0.093051,0.074404,-0.015164,0.049557,0.45873,0.442006,0.511917,0.451602,0.016724,0.060315,0.287535,0.155508,0.124344,-0.012803,0.08426,0.54672,0.514047,0.497372,0.401729,0.032674,0.095642,1.153489,0.338427,0.270606,-0.063457,0.240638,0.592344,0.528886,0.774543,0.533904,0.063457,0.240638,1.15763,0.478132,0.382314,0.015491,-0.090589,0.647683,0.533972,0.729368,0.527823,0.113711,0.201545,0.786815,0.220768,0.176526,-0.040029,0.171727,0.549939,0.509911,0.65926,0.487533,0.040029,0.171727,0.566625,0.259739,0.207687,-0.01301,-0.025803,0.585495,0.544301,0.615787,0.506081,0.041194,0.109706,0.146657,0.078271,0.062585,-0.019665,0.054066,0.498053,0.478389,0.561687,0.507622,0.019665,0.054066,0.119964,0.055197,0.044136,-0.009911,0.014244,0.523284,0.507433,0.535248,0.510434,0.015851,0.024814,0.205008,0.076254,0.060973,-0.013425,0.049207,0.462727,0.449302,0.418656,0.366472,0.013425,0.052183,0.164689,0.088312,0.070614,-0.007028,0.03742,0.510545,0.500936,0.411869,0.360531,0.00961,0.051338
Alicia - Double & Front Double.mp4,single_athlete_training,35,data\processed\clips\Alicia - Double & Front Double\event_035_kick_candidate_right_ankle_t16p59.mp4,0.5998,0.9569,right_ankle,kick_candidate,0.852983,0,0.0,kick,frontdouble_kick,double_kicks,0.748142,0.320325,0.384239,0.069238,-0.04944,0.516106,0.433003,0.549151,0.371414,0.083104,0.177737,0.767202,0.288426,0.345958,-0.004239,-0.006003,0.557754,0.520301,0.530996,0.377638,0.037453,0.153359,0.584663,0.235962,0.283037,0.069862,-0.064531,0.492861,0.413278,0.519786,0.382849,0.079582,0.136937,0.414046,0.201839,0.242107,-0.042775,0.022848,0.53391,0.487833,0.491203,0.397551,0.046077,0.093652,1.223988,0.47685,0.572057,0.024924,-0.086787,0.61491,0.486413,0.762664,0.466641,0.128497,0.296023,0.910612,0.398873,0.478497,0.048079,-0.020263,0.609195,0.495164,0.790953,0.569583,0.114031,0.22137,0.481171,0.279055,0.334746,0.02117,-0.028607,0.564389,0.488314,0.645618,0.488702,0.076075,0.156916,0.63667,0.286444,0.343624,0.011535,-0.005138,0.565836,0.50707,0.661344,0.504697,0.058766,0.156646,0.37459,0.132583,0.159029,0.038214,-0.053142,0.503594,0.450368,0.579173,0.492815,0.053225,0.086358,0.325178,0.136604,0.16386,0.004394,-0.036709,0.502624,0.484555,0.582992,0.486546,0.018069,0.096446,0.471914,0.145398,0.174407,0.042195,-0.048554,0.475399,0.43066,0.425123,0.328717,0.044739,0.096406,0.355332,0.118172,0.141753,-0.011133,-0.016548,0.500666,0.479583,0.406892,0.336512,0.021083,0.07038
Alicia - Double & Front Double.mp4,single_athlete_training,36,data\processed\clips\Alicia - Double & Front Double\event_036_kick_candidate_right_ankle_t19p99.mp4,0.5998,0.9624,right_ankle,kick_candidate,0.811167,0,0.0,kick,double_kick,double_kicks,0.686751,0.262103,0.314471,0.023702,-0.016834,0.521131,0.480074,0.543488,0.384032,0.041056,0.159456,0.660979,0.236586,0.283812,-0.058969,-0.00526,0.580049,0.52108,0.540108,0.411498,0.058969,0.12861,0.365831,0.193286,0.231888,0.021751,-0.025355,0.50544,0.459843,0.521955,0.402958,0.045597,0.118997,0.580962,0.233428,0.280014,-0.095031,-0.007655,0.589404,0.494372,0.520893,0.406551,0.095031,0.114342,0.824012,0.334504,0.401257,-0.102746,0.077642,0.588554,0.442346,0.785073,0.672201,0.146207,0.112872,1.37126,0.450012,0.539894,0.016595,-0.015161,0.650424,0.526011,0.822675,0.578266,0.124413,0.244409,0.524228,0.251877,0.302126,-0.069144,0.045267,0.576867,0.475918,0.666055,0.564129,0.100949,0.101926,0.941519,0.311421,0.373624,-0.052178,-0.043112,0.604989,0.520066,0.730385,0.54495,0.084922,0.185435,0.432512,0.172369,0.206759,-0.036375,-0.061538,0.512834,0.468578,0.624907,0.511697,0.044256,0.11321,0.407324,0.176454,0.211666,-0.048702,-0.070537,0.538559,0.483312,0.63628,0.510752,0.055247,0.125528,0.441711,0.147424,0.176838,-0.017279,-0.04484,0.490759,0.463487,0.434051,0.335543,0.027272,0.098507,0.50825,0.18488,0.221762,-0.064376,-0.028839,0.547281,0.482905,0.437423,0.333667,0.064376,0.103756
Alicia - Double & Front Double.mp4,single_athlete_training,38,data\processed\clips\Alicia - Double & Front Double\event_038_kick_candidate_right_ankle_t23p19.mp4,0.1999,0.6781,right_ankle,kick_candidate,0.850725,0,0.0,kick,double_kick,double_kicks,0.464872,0.276214,0.220885,0.030925,-0.116856,0.554941,0.503177,0.501935,0.340683,0.051765,0.161252,0.535171,0.296281,0.23696,-0.025414,-0.108383,0.541558,0.44206,0.472554,0.364171,0.099498,0.108383,0.369865,0.174482,0.13953,0.034834,-0.058372,0.532115,0.484654,0.456873,0.372713,0.047461,0.084161,0.315535,0.153013,0.122368,-0.011636,-0.072759,0.509514,0.461081,0.467378,0.394619,0.048433,0.072759,0.984965,0.324144,0.259284,0.10846,-0.235188,0.625046,0.516586,0.692913,0.457724,0.10846,0.235188,0.768478,0.394275,0.315326,0.080381,-0.001551,0.59357,0.440021,0.668625,0.563556,0.153549,0.10507,0.334436,0.166114,0.132858,0.0477,-0.122404,0.566876,0.519176,0.604522,0.482118,0.0477,0.122404,0.681024,0.290465,0.232289,0.036662,-0.090514,0.561203,0.481737,0.633508,0.491314,0.079466,0.142194,0.25294,0.122873,0.098261,0.037771,-0.044523,0.519547,0.481777,0.529838,0.46392,0.037771,0.065918,0.261161,0.134364,0.107454,0.0255,-0.033106,0.500224,0.474724,0.533762,0.468297,0.0255,0.065465,0.288108,0.131487,0.105151,0.021893,-0.029078,0.507587,0.47659,0.395562,0.339204,0.030997,0.056358,0.267259,0.108394,0.086683,-0.00815,-0.031762,0.484952,0.468169,0.403261,0.347912,0.016783,0.055348
Alicia - Double & Front Double.mp4,single_athlete_training,39,data\processed\clips\Alicia - Double & Front Double\event_039_kick_candidate_right_ankle_t32p39.mp4,0.3998,0.969,right_ankle,kick_candidate,0.84172,0,0.0,kick,frontdouble_kick,double_kicks,0.818893,0.314353,0.314278,0.020622,-0.012341,0.538519,0.481826,0.494676,0.339415,0.056692,0.155261,0.534604,0.215229,0.215174,-0.014514,0.002213,0.540425,0.43379,0.486447,0.460829,0.106635,0.025618,0.481738,0.175646,0.175607,0.018095,-0.012482,0.525681,0.469604,0.46661,0.388263,0.056077,0.078347,0.34939,0.155288,0.155246,-0.034745,-0.005982,0.521621,0.451083,0.468758,0.417247,0.070538,0.05151,0.642789,0.342239,0.342077,0.061112,-0.079562,0.611124,0.510577,0.689135,0.496872,0.100547,0.192263,1.017507,0.453154,0.453029,-0.00127,0.047042,0.606611,0.502463,0.714746,0.492122,0.104148,0.222624,0.557079,0.175493,0.175409,0.030456,-0.05009,0.561928,0.514917,0.588836,0.485405,0.047011,0.103432,0.546953,0.260917,0.260841,-0.020814,0.032761,0.558221,0.517742,0.624383,0.484013,0.040479,0.14037,0.249482,0.119054,0.119012,0.028173,-0.044726,0.507481,0.473493,0.536099,0.458935,0.033988,0.077164,0.200997,0.100317,0.100287,-0.003003,-0.024271,0.493659,0.484393,0.537447,0.476688,0.009267,0.060759,0.221842,0.126783,0.12674,0.017218,-0.012668,0.497952,0.461999,0.400094,0.344612,0.035953,0.055482,0.221896,0.116874,0.116828,-0.034403,-0.017119,0.493892,0.45949,0.405017,0.343959,0.034403,0.061057
Alicia - Double & Front Double.mp4,single_athlete_training,40,data\processed\clips\Alicia - Double & Front Double\event_040_kick_candidate_right_ankle_t40p38.mp4,0.1999,0.8111,right_ankle,kick_candidate,0.8798,0,0.0,kick,frontdouble_kick,double_kicks,0.215757,0.077709,0.062139,-0.053189,-0.003855,0.498245,0.445056,0.516889,0.507307,0.053189,0.009582,0.250319,0.107031,0.085593,-0.044644,-0.018154,0.541269,0.479207,0.522994,0.503663,0.062062,0.019331,0.17288,0.081993,0.065572,-0.054123,-0.001062,0.48078,0.426657,0.478788,0.459903,0.054123,0.018885,0.196661,0.073578,0.058835,-0.049957,-0.007332,0.511335,0.457865,0.46953,0.459017,0.053469,0.010513,0.498603,0.140732,0.112533,-0.106521,-0.00839,0.516277,0.409756,0.706552,0.698162,0.106521,0.00839,0.71733,0.3139,0.251066,-0.161303,0.192172,0.619248,0.457945,0.73844,0.546268,0.161303,0.192172,0.198883,0.106274,0.084984,-0.081575,0.01393,0.524624,0.443049,0.619524,0.603809,0.081575,0.015715,0.505167,0.238876,0.191034,-0.117936,0.133952,0.572039,0.454103,0.627197,0.493245,0.117936,0.133952,0.164963,0.101914,0.081505,-0.063817,0.024458,0.498176,0.434359,0.533537,0.504191,0.063817,0.029346,0.184923,0.097052,0.077613,-0.06166,0.024265,0.510424,0.448765,0.533997,0.503387,0.06166,0.030609,0.128361,0.069132,0.055284,-0.042909,0.006809,0.470802,0.427893,0.392968,0.377404,0.042909,0.015564,0.087336,0.046107,0.03687,-0.03493,0.004778,0.490433,0.455502,0.390216,0.382625,0.03493,0.007591
Alicia - Double & Front Double.mp4,single_athlete_training,41,data\processed\clips\Alicia - Double & Front Double\event_041_kick_candidate_right_ankle_t44p18.mp4,0.3998,0.9609,right_ankle,kick_candidate,0.86014,0,0.0,kick,frontdouble_kick,double_kicks,0.54431,0.223599,0.223559,0.048297,-0.027875,0.52691,0.459145,0.507492,0.399018,0.067765,0.108473,0.543918,0.256117,0.256083,-0.054714,-0.006514,0.530264,0.472173,0.518641,0.408837,0.058092,0.109803,0.450048,0.187541,0.187508,0.041333,-0.02513,0.50314,0.458018,0.479898,0.390772,0.045122,0.089126,0.288085,0.161371,0.16134,-0.04378,-0.026695,0.504867,0.461087,0.489582,0.405253,0.04378,0.084329,0.680448,0.347833,0.347714,0.06156,-0.108441,0.612077,0.499373,0.697427,0.49254,0.112704,0.204887,1.004546,0.433546,0.433436,0.004317,0.035089,0.617977,0.511187,0.711643,0.506376,0.10679,0.205267,0.66045,0.205012,0.204937,0.042258,-0.065483,0.56065,0.50722,0.61107,0.482252,0.05343,0.128818,0.505276,0.249012,0.248941,-0.025228,0.037209,0.561746,0.515402,0.62519,0.489157,0.046345,0.136033,0.2006,0.110277,0.110245,0.033865,-0.036827,0.506063,0.471143,0.543524,0.473053,0.03492,0.070471,0.245527,0.108896,0.108872,-0.007663,-0.020081,0.499202,0.483069,0.541487,0.478952,0.016132,0.062535,0.219191,0.120164,0.120127,0.032179,-0.01947,0.492001,0.459822,0.409012,0.34538,0.032179,0.063632,0.199447,0.119159,0.11913,-0.035924,-0.020844,0.491913,0.455989,0.412834,0.348657,0.035924,0.064177
Alicia - Double & Front Double.mp4,single_athlete_training,42,data\processed\clips\Alicia - Double & Front Double\event_042_kick_candidate_right_ankle_t48p58.mp4,0.3998,0.9757,right_ankle,kick_candidate,0.87562,0,0.0,kick,double_kick,double_kicks,0.665595,0.328968,0.328878,0.054017,-0.041396,0.514478,0.460112,0.536332,0.363193,0.054366,0.17314,0.517607,0.208063,0.208004,-0.021303,0.068434,0.551698,0.527483,0.539973,0.412847,0.024215,0.127126,0.41345,0.214238,0.214178,0.050839,-0.025441,0.498614,0.43037,0.494794,0.394438,0.068244,0.100356,0.359896,0.149958,0.149912,-0.046485,0.046563,0.546998,0.500513,0.519951,0.437258,0.046485,0.082693,0.749551,0.405149,0.405014,0.023852,-0.13302,0.558087,0.512004,0.777358,0.511368,0.046083,0.265991,1.263395,0.528907,0.528776,-0.007818,0.021381,0.642454,0.51675,0.782035,0.53716,0.125704,0.244875,0.650594,0.227725,0.227646,0.02096,-0.092842,0.553009,0.517976,0.665172,0.507615,0.035032,0.157557,0.626364,0.264513,0.264449,-0.036636,0.009838,0.569714,0.525399,0.670501,0.540979,0.044314,0.129522,0.238894,0.135188,0.135159,0.006422,-0.036867,0.498941,0.485894,0.584596,0.499654,0.013047,0.084942,0.220634,0.153541,0.153501,-0.026423,-0.013219,0.512905,0.486482,0.587886,0.508333,0.026423,0.079553,0.237959,0.150546,0.1505,0.006212,-0.022053,0.480251,0.460545,0.421261,0.337943,0.019706,0.083318,0.32678,0.155317,0.155263,-0.031501,-0.002175,0.514265,0.482764,0.421927,0.353493,0.031501,0.068434
Alicia - Double & Front Double.mp4,single_athlete_training,43,data\processed\clips\Alicia - Double & Front Double\event_043_kick_candidate_right_ankle_t52p98.mp4,0.5998,0.9515,right_ankle,kick_candidate,0.83925,0,0.0,kick,double_kick,double_kicks,0.396419,0.151842,0.182157,-0.078199,0.080408,0.512644,0.420285,0.514573,0.434165,0.092359,0.080408,0.218633,0.138407,0.166034,-0.110444,0.060958,0.559041,0.448597,0.509068,0.437776,0.110444,0.071292,0.275624,0.111776,0.134095,-0.069558,0.055827,0.490048,0.408162,0.480539,0.423185,0.081886,0.057354,0.238274,0.103099,0.123696,-0.090415,0.061298,0.531669,0.441254,0.491901,0.422775,0.090415,0.069126,0.58619,0.189038,0.226794,-0.128629,0.129252,0.549612,0.420983,0.731078,0.601826,0.128629,0.129252,0.725448,0.409999,0.49186,-0.103112,0.153055,0.63599,0.439393,0.774037,0.509422,0.196598,0.264615,0.418792,0.160706,0.192814,-0.121265,0.108611,0.556807,0.435542,0.643937,0.53354,0.121265,0.110397,0.419019,0.230433,0.276434,-0.13356,0.127183,0.5766,0.443041,0.66342,0.496685,0.13356,0.166734,0.208202,0.099717,0.119628,-0.081465,0.049104,0.50635,0.423126,0.547612,0.49629,0.083224,0.051322,0.216899,0.099553,0.119436,-0.086942,0.057402,0.518479,0.431537,0.558164,0.49462,0.086942,0.063544,0.200117,0.09025,0.108271,-0.050451,0.030635,0.487177,0.420539,0.401493,0.360744,0.066638,0.040749,0.150733,0.068232,0.081863,-0.061219,0.040432,0.505022,0.443804,0.403235,0.361647,0.061219,0.041587
Alicia - Double & Front Double.mp4,single_athlete_training,44,data\processed\clips\Alicia - Double & Front Double\event_044_kick_candidate_right_ankle_t56p58.mp4,0.5998,0.9477,right_ankle,kick_candidate,0.82605,0,0.0,kick,double_kick,double_kicks,0.258833,0.100743,0.120865,-0.039741,0.056039,0.497899,0.43706,0.509556,0.453517,0.060839,0.056039,0.422474,0.209797,0.251676,-0.123788,0.121692,0.574961,0.451173,0.519173,0.388425,0.123788,0.130748,0.155898,0.083425,0.100081,-0.027829,0.029739,0.483726,0.425014,0.474478,0.44474,0.058712,0.029739,0.269607,0.160409,0.192437,-0.113246,0.097445,0.540293,0.427047,0.487068,0.387014,0.113246,0.100054,0.729825,0.243404,0.292028,-0.172626,0.167863,0.547563,0.374938,0.739032,0.571168,0.172626,0.167863,1.032365,0.461846,0.554053,-0.079615,0.104886,0.621108,0.464081,0.764527,0.46823,0.157027,0.296298,0.472775,0.180334,0.216354,-0.128302,0.140735,0.540921,0.412618,0.653572,0.512837,0.128302,0.140735,0.406624,0.245258,0.294221,-0.109983,0.106443,0.565995,0.448197,0.659899,0.490422,0.117798,0.169476,0.21156,0.084415,0.101263,-0.061592,0.051472,0.49884,0.429965,0.543607,0.492136,0.068875,0.051472,0.146245,0.093288,0.111916,-0.076719,0.059842,0.508307,0.431588,0.551826,0.491984,0.076719,0.059842,0.148299,0.068882,0.082636,-0.026241,0.025973,0.480135,0.428975,0.397427,0.371454,0.05116,0.025973,0.215778,0.087601,0.105086,-0.08011,0.034067,0.502656,0.422546,0.385725,0.351658,0.08011,0.034067
Alicia - Double & Front Double.mp4,single_athlete_training,48,data\processed\clips\Alicia - Double & Front Double\event_048_punch_candidate_right_wrist_t9p00.mp4,0.1999,0.8472,right_wrist,punch_candidate,0.8677,0,0.0,kick,double_kick,double_kicks,0.644938,0.229765,0.183728,-0.059569,0.158414,0.542701,0.483132,0.524933,0.366519,0.059569,0.158414,0.712428,0.340681,0.272469,0.060067,0.023934,0.518706,0.452794,0.497964,0.356533,0.065912,0.14143,0.338437,0.144096,0.115223,-0.052916,0.093067,0.521065,0.46815,0.482417,0.389349,0.052916,0.093067,0.36046,0.148228,0.118542,0.010191,0.042719,0.488269,0.470176,0.470284,0.393741,0.018094,0.076543,0.940695,0.568666,0.454799,-0.075959,0.041611,0.628335,0.456652,0.680967,0.477389,0.171682,0.203578,0.730835,0.205782,0.164616,-0.091068,0.136315,0.613673,0.522605,0.71477,0.578455,0.091068,0.136315,0.555745,0.2841,0.227202,-0.053851,0.067077,0.569247,0.488446,0.6172,0.485349,0.080801,0.13185,0.465315,0.155124,0.124084,-0.055378,0.106677,0.561948,0.506571,0.623531,0.516854,0.055378,0.106677,0.176131,0.071436,0.057127,-0.023424,0.043827,0.518682,0.490123,0.516887,0.473059,0.028559,0.043827,0.115895,0.063144,0.050498,-0.018623,0.045023,0.50083,0.482207,0.528115,0.483092,0.018623,0.045023,0.111056,0.072824,0.058241,-0.030373,0.041378,0.500525,0.470152,0.387141,0.345763,0.030373,0.041378,0.073804,0.042466,0.033963,-0.000121,0.033608,0.464851,0.462449,0.389623,0.356014,0.002402,0.033608
Alicia - Double & Front Double.mp4,single_athlete_training,49,data\processed\clips\Alicia - Double & Front Double\event_049_punch_candidate_right_wrist_t12p60.mp4,0.3998,0.9647,right_wrist,punch_candidate,0.85242,0,0.0,kick,frontdouble_kick,double_kicks,0.4501,0.172144,0.172103,-0.05045,-0.014292,0.519115,0.46735,0.536698,0.463051,0.051766,0.073647,1.083623,0.425256,0.425152,0.018382,-0.03296,0.560604,0.525395,0.564754,0.350675,0.035209,0.214079,0.256368,0.125715,0.125677,-0.050881,0.01277,0.492887,0.442006,0.511917,0.451602,0.050881,0.060315,0.621894,0.248785,0.248723,0.037234,-0.02961,0.54672,0.496684,0.515599,0.401729,0.050037,0.11387,1.153489,0.303842,0.303706,-0.094798,0.22999,0.623684,0.528886,0.774543,0.533904,0.094798,0.240638,1.15763,0.443361,0.44317,0.029916,-0.14971,0.647683,0.519547,0.788489,0.527823,0.128136,0.260666,0.786815,0.225865,0.225777,-0.048788,0.123261,0.558698,0.509911,0.65926,0.487533,0.048788,0.171727,0.566625,0.280493,0.28039,0.009606,-0.094898,0.585495,0.534694,0.684882,0.506081,0.050801,0.178801,0.279221,0.118461,0.11843,-0.018446,-0.001765,0.498053,0.478389,0.563453,0.507622,0.019665,0.055831,0.43346,0.13085,0.130828,0.021735,-0.066465,0.523284,0.485698,0.601714,0.510434,0.037586,0.091279,0.213659,0.103735,0.103705,-0.031799,0.010627,0.481101,0.449302,0.418656,0.366472,0.031799,0.052183,0.353459,0.141341,0.141306,0.024272,-0.025965,0.510545,0.478376,0.423916,0.360531,0.032169,0.063385
Alicia - Double & Front Double.mp4,single_athlete_training,52,data\processed\clips\Alicia - Double & Front Double\event_052_punch_candidate_right_wrist_t23p59.mp4,0.1999,0.6627,right_wrist,punch_candidate,0.859825,0,0.0,kick,double_kick,double_kicks,0.530872,0.209521,0.167557,-0.053401,0.136964,0.554941,0.50154,0.488021,0.340683,0.053401,0.147337,0.535171,0.250049,0.199993,0.07119,0.008751,0.525147,0.44206,0.450173,0.364171,0.083087,0.086002,0.268055,0.111373,0.089068,-0.041343,0.074437,0.532115,0.490772,0.447384,0.372713,0.041343,0.074671,0.324451,0.147616,0.118053,0.027331,0.051365,0.502734,0.461081,0.459295,0.394619,0.041652,0.064676,0.984965,0.550729,0.440461,-0.049044,0.001052,0.625046,0.489335,0.635681,0.457724,0.13571,0.177956,0.633833,0.194113,0.155276,-0.079418,0.131149,0.59357,0.514152,0.694705,0.563556,0.079418,0.131149,0.342749,0.228055,0.182386,-0.03115,0.031882,0.566876,0.512246,0.576631,0.482118,0.054631,0.094513,0.335521,0.150642,0.120487,-0.050749,0.101401,0.561203,0.510453,0.592716,0.491314,0.050749,0.101401,0.114833,0.065607,0.052471,-0.013406,0.039099,0.519547,0.497793,0.503019,0.46392,0.021755,0.039099,0.161798,0.065862,0.052679,-0.013476,0.046808,0.500224,0.486607,0.515104,0.468297,0.013618,0.046808,0.1421,0.06175,0.049389,-0.024402,0.041239,0.507587,0.483185,0.380443,0.339204,0.024402,0.041239,0.118033,0.05344,0.042742,0.001221,0.036809,0.473379,0.468169,0.386328,0.347912,0.00521,0.038416
Alicia - Double & Front Double.mp4,single_athlete_training,55,data\processed\clips\Alicia - Double & Front Double\event_055_punch_candidate_right_wrist_t52p38.mp4,0.3998,0.912,right_wrist,punch_candidate,0.84774,0,0.0,kick,double_kick,double_kicks,0.358757,0.157246,0.157203,-0.00809,0.051191,0.525611,0.493441,0.505915,0.422535,0.03217,0.083381,0.840631,0.384309,0.384131,0.131615,-0.093087,0.559041,0.398843,0.535177,0.36087,0.160198,0.174307,0.240994,0.11674,0.116706,0.006393,0.010358,0.500017,0.47772,0.469781,0.420418,0.022296,0.049363,0.460703,0.213738,0.213655,0.080139,-0.018407,0.531669,0.423603,0.484465,0.404523,0.108066,0.079943,1.165092,0.521156,0.520954,0.100469,0.003974,0.62624,0.42288,0.716084,0.513927,0.20336,0.202157,0.72287,0.26815,0.268088,0.135588,-0.225092,0.63599,0.500403,0.734515,0.509422,0.135588,0.225092,0.560454,0.313656,0.313541,0.083549,-0.013623,0.56308,0.454243,0.628734,0.491688,0.108837,0.137046,0.583529,0.165594,0.165527,0.073475,-0.130992,0.5766,0.502538,0.632487,0.496685,0.074062,0.135802,0.216587,0.109766,0.109727,0.04862,-0.021415,0.50635,0.45773,0.549474,0.49629,0.04862,0.053183,0.176102,0.099862,0.099823,0.04859,-0.033849,0.518479,0.465748,0.548856,0.49462,0.052732,0.054237,0.186693,0.113286,0.113248,0.024967,-0.006661,0.487288,0.46221,0.407912,0.360744,0.025078,0.047167,0.15468,0.106953,0.106915,0.042554,-0.017392,0.505022,0.449556,0.406934,0.361647,0.055466,0.045286
Alicia - Double & Front Double.mp4,single_athlete_training,56,data\processed\clips\Alicia - Double & Front Double\event_056_punch_candidate_right_wrist_t56p18.mp4,0.1999,0.7054,right_wrist,punch_candidate,0.835375,0,0.0,kick,double_kick,double_kicks,0.258833,0.175198,0.140115,0.007117,0.00247,0.495072,0.449413,0.501953,0.453517,0.045659,0.048435,0.750942,0.328082,0.262371,-0.008625,-0.071206,0.574961,0.518798,0.50606,0.357702,0.056163,0.148358,0.155898,0.091868,0.073473,0.025757,-0.033351,0.483726,0.445911,0.482383,0.44474,0.037815,0.037643,0.466796,0.210111,0.168032,-0.003298,-0.072633,0.540293,0.496022,0.49043,0.387014,0.044271,0.103416,0.982904,0.50737,0.405766,0.057018,0.042358,0.603258,0.455442,0.712849,0.541047,0.147816,0.171802,1.032365,0.373593,0.298828,0.11082,-0.277437,0.621108,0.510288,0.745667,0.46823,0.11082,0.277437,0.519225,0.273629,0.218841,0.029712,-0.016196,0.546696,0.494219,0.622049,0.512837,0.052477,0.109212,0.476043,0.209729,0.167731,0.052024,-0.149077,0.565995,0.51397,0.641769,0.490422,0.052024,0.151347,0.250338,0.151517,0.121167,0.045036,-0.048394,0.49884,0.453803,0.567058,0.492136,0.045036,0.074922,0.325207,0.14329,0.114587,0.037407,-0.051259,0.508307,0.465096,0.566866,0.491984,0.043211,0.074882,0.2118,0.124572,0.099623,0.039321,-0.025992,0.480135,0.440814,0.413532,0.371454,0.039321,0.042079,0.362892,0.138911,0.111083,0.009922,-0.069944,0.502656,0.472365,0.424356,0.351658,0.030291,0.072698
Brayden - Cross.mp4,single_athlete_training,6,data\processed\clips\Brayden - Cross\event_006_punch_candidate_left_wrist_t10p39.mp4,0.3998,0.7539,left_wrist,punch_candidate,0.68678,0,0.0,punch,cross,punches,0.710381,0.378153,0.377964,-0.055511,-0.112069,0.662544,0.584777,0.481927,0.363109,0.077767,0.118818,0.492548,0.220441,0.220331,-0.001383,-0.013613,0.575211,0.56517,0.477847,0.36213,0.010041,0.115718,0.102885,0.046007,0.045984,-0.003691,-0.000107,0.6273,0.610702,0.418559,0.403608,0.016599,0.014951,0.182322,0.088853,0.088809,0.008645,-0.025159,0.575246,0.558094,0.438994,0.384511,0.017152,0.054483,0.163118,0.082616,0.082575,-0.00288,-0.043299,0.612508,0.592903,0.74498,0.701681,0.019604,0.043299,0.250662,0.101095,0.101045,0.013132,-0.063123,0.563551,0.549186,0.700436,0.637313,0.014365,0.063123,0.038363,0.023187,0.023176,-0.008907,0.009033,0.595352,0.583124,0.647937,0.637928,0.012229,0.010009,0.226294,0.072901,0.072864,-0.039267,-0.042509,0.556709,0.517441,0.604388,0.561879,0.039267,0.042509,0.043977,0.023989,0.023977,-0.00386,0.0024,0.598721,0.591542,0.532073,0.525017,0.007179,0.007056,0.022168,0.011214,0.011209,-0.002438,0.002952,0.575348,0.57236,0.522615,0.519124,0.002988,0.003491,0.025658,0.010236,0.010231,-0.003641,0.001008,0.606296,0.601197,0.352362,0.350801,0.005099,0.001561,0.036087,0.017243,0.017234,0.000537,-0.005105,0.570222,0.563314,0.357616,0.352418,0.006907,0.005198
Brayden - Cross.mp4,single_athlete_training,8,data\processed\clips\Brayden - Cross\event_008_punch_candidate_left_wrist_t18p79.mp4,0.3998,0.8509,left_wrist,punch_candidate,0.59998,0,0.0,punch,cross,punches,0.629865,0.327397,0.327233,0.125009,-0.118813,0.693033,0.496418,0.617899,0.486497,0.196615,0.131402,0.58758,0.275159,0.275021,0.130162,-0.083552,0.754739,0.624576,0.599233,0.474784,0.130162,0.12445,0.404075,0.219866,0.219756,0.107102,-0.045465,0.652482,0.523005,0.557603,0.48147,0.129477,0.076133,0.52266,0.19403,0.193933,0.123906,-0.071879,0.737213,0.613307,0.590956,0.496278,0.123906,0.094677,0.196401,0.08354,0.083498,0.041423,-0.036232,0.601877,0.555837,0.883316,0.847084,0.04604,0.036232,0.338973,0.16562,0.165537,0.10717,-0.029507,0.697057,0.589886,1.000484,0.948282,0.10717,0.052201,0.331479,0.130202,0.130137,0.081899,-0.015784,0.637711,0.555812,0.773408,0.742082,0.081899,0.031325,0.391239,0.201857,0.201756,0.107534,-0.04446,0.712871,0.594862,0.871315,0.793811,0.118009,0.077504,0.23386,0.157312,0.157233,0.1038,-0.013761,0.651533,0.547733,0.670754,0.6242,0.1038,0.046554,0.26442,0.154869,0.154792,0.111011,-0.028704,0.704641,0.59363,0.694364,0.646751,0.111011,0.047613,0.219077,0.101667,0.101616,0.089426,-0.0032,0.64202,0.552594,0.411262,0.397079,0.089426,0.014183,0.280089,0.153968,0.153891,0.1036,-0.036695,0.734494,0.63073,0.4508,0.407004,0.103764,0.043797
Brayden - Cross.mp4,single_athlete_training,10,data\processed\clips\Brayden - Cross\event_010_punch_candidate_left_wrist_t30p79.mp4,0.1999,0.7604,left_wrist,punch_candidate,0.890325,0,0.0,punch,cross,punches,0.521192,0.262946,0.210251,-0.009696,-0.029826,0.576109,0.471502,0.465369,0.422395,0.104607,0.042973,0.138432,0.069834,0.055839,-0.009009,0.022979,0.501249,0.483945,0.452009,0.416208,0.017304,0.035801,0.455417,0.21261,0.170003,0.007148,-0.018176,0.533078,0.448506,0.460336,0.426638,0.084572,0.033697,0.138583,0.057681,0.046121,-0.015276,0.023463,0.477634,0.46225,0.509987,0.479471,0.015384,0.030515,0.106884,0.049652,0.039702,-0.017348,-0.00206,0.385939,0.36859,0.733549,0.716761,0.017348,0.016788,0.036323,0.018866,0.015085,-0.003441,0.003985,0.494561,0.487668,0.780125,0.773857,0.006893,0.006268,0.109633,0.058572,0.046834,-0.009006,0.011962,0.430883,0.409544,0.675287,0.658289,0.021339,0.016998,0.048122,0.020139,0.016103,-0.00477,0.009806,0.491142,0.482687,0.672699,0.662894,0.008454,0.009806,0.223812,0.109872,0.087854,0.016152,0.00148,0.459958,0.415156,0.582951,0.569992,0.044803,0.012959,0.056306,0.029485,0.023577,-0.01271,0.006332,0.454058,0.439129,0.591294,0.58175,0.01493,0.009543,0.282851,0.138484,0.110731,0.013921,0.005517,0.486474,0.429956,0.408928,0.393879,0.056518,0.015049,0.112181,0.070374,0.056271,-0.014137,0.0175,0.455411,0.436758,0.433405,0.399579,0.018653,0.033826
Brayden - Cross.mp4,single_athlete_training,13,data\processed\clips\Brayden - Cross\event_013_punch_candidate_left_wrist_t53p77.mp4,0.1999,0.6866,left_wrist,punch_candidate,0.773875,0,0.0,punch,cross,punches,0.680181,0.24149,0.193095,-0.020627,-0.078772,0.545523,0.524896,0.566046,0.430685,0.020627,0.135361,0.962567,0.312477,0.249857,0.019726,-0.137036,0.607161,0.582282,0.53501,0.343124,0.02488,0.191887,0.216921,0.068567,0.054826,-0.015113,-0.038028,0.514959,0.499846,0.509787,0.466815,0.015113,0.042972,0.850023,0.263407,0.21062,0.048879,-0.143958,0.615754,0.544944,0.525585,0.364304,0.07081,0.161281,0.309554,0.117007,0.093559,-0.00098,-0.056487,0.556893,0.53685,0.829521,0.763062,0.020043,0.066458,0.159587,0.084678,0.067709,0.0582,-0.02552,0.555113,0.496914,0.923207,0.897687,0.0582,0.02552,0.121304,0.069279,0.055396,-0.014935,-0.024145,0.557266,0.537644,0.713054,0.688909,0.019622,0.024145,0.169977,0.084555,0.06761,0.037258,-0.051494,0.5674,0.530142,0.789957,0.738463,0.037258,0.051494,0.091956,0.042065,0.033635,0.001994,-0.028851,0.524147,0.518383,0.616585,0.586268,0.005764,0.030317,0.17588,0.084256,0.067371,0.030991,-0.05076,0.558823,0.527832,0.633993,0.578956,0.030991,0.055037,0.038914,0.021673,0.01733,-0.008673,-0.002024,0.511291,0.498654,0.4021,0.399679,0.012637,0.002421,0.231807,0.088754,0.070968,0.03416,-0.050423,0.564909,0.530749,0.412085,0.356921,0.03416,0.055164
Brayden - Cross.mp4,single_athlete_training,17,data\processed\clips\Brayden - Cross\event_017_kick_candidate_right_ankle_t21p99.mp4,0.3998,0.9165,right_ankle,kick_candidate,0.72728,0,0.0,punch,cross,punches,0.328908,0.193751,0.193654,-0.135516,-0.042167,0.684076,0.54856,0.55958,0.496873,0.135516,0.062707,0.482202,0.258881,0.258751,-0.223934,0.079751,0.763534,0.5396,0.581497,0.501747,0.223934,0.079751,0.305659,0.159707,0.159627,-0.138193,-0.035394,0.676153,0.53796,0.505745,0.470352,0.138193,0.035394,0.427771,0.278886,0.278747,-0.262659,0.074312,0.770724,0.508065,0.54875,0.474439,0.262659,0.074312,0.552871,0.190129,0.190034,-0.101322,-0.107732,0.636798,0.535475,0.884998,0.763061,0.101322,0.121937,0.803379,0.347978,0.347804,-0.343497,0.018831,0.79967,0.456173,0.919113,0.900282,0.343497,0.018831,0.209977,0.124866,0.124803,-0.102986,-0.031301,0.651387,0.548402,0.750784,0.717281,0.102986,0.033503,0.569485,0.293295,0.293149,-0.284354,0.03037,0.766381,0.482027,0.802819,0.772449,0.284354,0.03037,0.2796,0.170876,0.170791,-0.16197,-0.009761,0.678969,0.517,0.651572,0.624692,0.16197,0.02688,0.406329,0.262191,0.26206,-0.25187,0.01021,0.742653,0.490783,0.665003,0.626828,0.25187,0.038176,0.326127,0.147017,0.146944,-0.135839,-0.005319,0.6614,0.525561,0.411137,0.385977,0.135839,0.02516,0.39996,0.257457,0.257328,-0.243147,0.029328,0.742878,0.499731,0.434513,0.385545,0.243147,0.048969
Brayden - Cross.mp4,single_athlete_training,18,data\processed\clips\Brayden - Cross\event_018_kick_candidate_right_ankle_t46p98.mp4,0.1999,0.8167,right_ankle,kick_candidate,0.66135,0,0.0,punch,cross,punches,0.316798,0.176493,0.141124,-0.068881,-0.048824,0.517726,0.448846,0.537184,0.471786,0.068881,0.065397,0.281889,0.169032,0.135158,-0.11594,-0.017908,0.545234,0.429293,0.479091,0.439699,0.11594,0.039392,0.243508,0.124912,0.099879,-0.039925,-0.042342,0.500687,0.451472,0.514825,0.46466,0.049215,0.050165,0.303255,0.169915,0.135864,-0.133657,-0.01512,0.521435,0.387778,0.508822,0.493462,0.133657,0.015359,0.294763,0.162781,0.130159,-0.071944,-0.106594,0.518962,0.447018,0.845547,0.738953,0.071944,0.106594,0.881052,0.344047,0.2751,-0.17598,-0.210546,0.558558,0.382578,0.910298,0.699752,0.17598,0.210546,0.199412,0.141015,0.112756,-0.083507,-0.073838,0.526727,0.44322,0.726059,0.652221,0.083507,0.073838,0.484645,0.244574,0.195562,-0.154432,-0.112525,0.542196,0.387764,0.760707,0.648182,0.154432,0.112525,0.175324,0.101475,0.08114,-0.068266,-0.026144,0.502603,0.434337,0.613998,0.587854,0.068266,0.026144,0.271708,0.145599,0.116421,-0.112747,-0.026331,0.509367,0.39662,0.620969,0.594639,0.112747,0.026331,0.209285,0.111747,0.089353,-0.066318,-0.013478,0.504185,0.437867,0.4127,0.383386,0.066318,0.029314,0.323332,0.167114,0.133624,-0.13088,0.006082,0.511265,0.380385,0.405059,0.388917,0.13088,0.016142
Brayden - Cross.mp4,single_athlete_training,19,data\processed\clips\Brayden - Cross\event_019_kick_candidate_right_ankle_t54p77.mp4,0.1999,0.8331,right_ankle,kick_candidate,0.775225,0,0.0,punch,cross,punches,0.268731,0.133996,0.107143,-0.048811,-0.052853,0.522853,0.474042,0.492363,0.425876,0.048811,0.066487,0.283594,0.175985,0.140718,-0.110748,-0.008648,0.53671,0.425963,0.473212,0.429735,0.110748,0.043477,0.292999,0.11859,0.094824,-0.024684,-0.068299,0.505971,0.479158,0.506529,0.430936,0.026813,0.075593,0.36145,0.158079,0.1264,-0.115425,-0.032709,0.509406,0.393981,0.49962,0.459227,0.115425,0.040393,0.161444,0.075188,0.060121,-0.045523,-0.016683,0.510841,0.465319,0.750161,0.725301,0.045523,0.02486,0.73953,0.296701,0.237242,-0.134207,-0.189249,0.551223,0.414109,0.875817,0.686568,0.137114,0.189249,0.165992,0.096052,0.076804,-0.06613,-0.03562,0.526325,0.460194,0.670059,0.634438,0.06613,0.03562,0.442147,0.211526,0.169136,-0.137578,-0.095544,0.557795,0.420217,0.731354,0.63581,0.137578,0.095544,0.244989,0.108276,0.086578,-0.055733,-0.049791,0.511622,0.455888,0.610227,0.560436,0.055733,0.049791,0.273324,0.134593,0.10762,-0.091759,-0.045424,0.512305,0.420545,0.615128,0.569703,0.091759,0.045424,0.184525,0.09647,0.077138,-0.041428,-0.02884,0.503503,0.462075,0.403169,0.366367,0.041428,0.036802,0.2652,0.143629,0.114846,-0.100295,-0.012523,0.501505,0.40121,0.398747,0.366993,0.100295,0.031754
Brayden - Cross.mp4,single_athlete_training,21,data\processed\clips\Brayden - Cross\event_021_punch_candidate_right_wrist_t3p00.mp4,0.1999,0.8574,right_wrist,punch_candidate,0.8864,0,0.0,punch,cross,punches,0.293081,0.112785,0.090183,0.036483,0.027151,0.550524,0.514041,0.446299,0.397259,0.036483,0.049041,0.980041,0.417271,0.33365,0.030353,-0.051915,0.579466,0.469714,0.464399,0.302118,0.109752,0.162281,0.132153,0.07214,0.057683,0.029955,-0.03854,0.550949,0.520994,0.446436,0.407895,0.029955,0.03854,0.776,0.346691,0.277214,0.02743,-0.02243,0.544475,0.445159,0.453473,0.334312,0.099316,0.119161,0.047641,0.023214,0.018562,-0.000959,-0.016552,0.526527,0.521872,0.665055,0.648503,0.004655,0.016552,0.138475,0.055415,0.04431,0.023352,-0.023071,0.448894,0.425543,0.683684,0.659422,0.023352,0.024262,0.122738,0.05017,0.040116,-0.001317,-0.009458,0.521139,0.515554,0.604892,0.581002,0.005586,0.023891,0.17759,0.060235,0.048164,0.022888,-0.022713,0.470282,0.445578,0.621789,0.591264,0.024705,0.030525,0.136024,0.0538,0.043018,0.016394,-0.020941,0.519585,0.503191,0.542672,0.514296,0.016394,0.028376,0.218891,0.065389,0.052285,0.017539,-0.034268,0.490494,0.469282,0.551447,0.511907,0.021212,0.039539,0.082482,0.04002,0.032,0.024839,-0.012185,0.537519,0.512679,0.384447,0.372262,0.024839,0.012185,0.263768,0.089007,0.07117,0.032367,-0.012731,0.506298,0.459119,0.378573,0.355029,0.047179,0.023544
Brayden - Cross.mp4,single_athlete_training,22,data\processed\clips\Brayden - Cross\event_022_punch_candidate_right_wrist_t13p79.mp4,0.3998,0.9187,right_wrist,punch_candidate,0.65244,0,0.0,punch,cross,punches,0.250341,0.136712,0.136668,0.058201,0.009752,0.642173,0.578127,0.41812,0.372915,0.064046,0.045205,0.944246,0.44238,0.442242,0.051549,-0.053598,0.640841,0.558633,0.473983,0.300841,0.082209,0.173142,0.083252,0.034646,0.034637,0.014692,-0.007897,0.633179,0.616344,0.415843,0.407699,0.016835,0.008144,0.502748,0.22738,0.227315,0.028769,-0.028632,0.610493,0.550606,0.432367,0.335386,0.059887,0.096981,0.119094,0.086817,0.086786,0.043485,0.020396,0.629397,0.56901,0.741632,0.721046,0.060387,0.020586,0.273206,0.126947,0.126908,0.01479,-0.011434,0.576342,0.522187,0.722599,0.705834,0.054155,0.016765,0.056104,0.02183,0.021821,0.007178,0.011122,0.602983,0.592466,0.638364,0.624523,0.010518,0.013842,0.184919,0.071786,0.071763,-0.012703,-0.016197,0.569832,0.530488,0.614832,0.594338,0.039344,0.020494,0.060097,0.028094,0.028086,0.012234,-0.004726,0.603355,0.591122,0.532452,0.527081,0.012234,0.005371,0.055997,0.032137,0.032125,0.009188,-0.00378,0.5852,0.574021,0.526096,0.522316,0.011179,0.00378,0.061306,0.031615,0.031605,0.010905,0.002726,0.616944,0.603675,0.355287,0.351507,0.013269,0.00378,0.117267,0.068261,0.068235,0.015432,-0.007058,0.593693,0.570523,0.360362,0.348012,0.02317,0.012349
Brayden - Cross.mp4,single_athlete_training,25,data\processed\clips\Brayden - Cross\event_025_punch_candidate_right_wrist_t20p39.mp4,0.5998,0.9384,right_wrist,punch_candidate,0.689917,0,0.0,punch,cross,punches,0.287993,0.150003,0.179937,0.019622,-0.006205,0.683186,0.614519,0.45495,0.408199,0.068667,0.046751,0.970624,0.398373,0.477827,0.057342,0.005084,0.824464,0.632123,0.499889,0.346127,0.192341,0.153763,0.148616,0.069804,0.083726,0.047615,-0.00659,0.693169,0.636435,0.46974,0.445465,0.056734,0.024275,0.786802,0.331804,0.397985,0.072738,-0.057818,0.844191,0.654382,0.516515,0.386154,0.18981,0.130361,0.620112,0.199848,0.239759,0.047998,-0.010307,0.777215,0.638403,0.868967,0.831645,0.138812,0.037322,0.645726,0.266448,0.319643,0.048838,-0.077731,0.811488,0.668151,0.962067,0.837525,0.143337,0.124543,0.327566,0.123552,0.148221,0.058437,-0.012866,0.728848,0.647408,0.730783,0.708184,0.08144,0.0226,0.456138,0.203259,0.243827,0.061046,-0.056787,0.79502,0.666071,0.798101,0.719536,0.128949,0.078565,0.185756,0.080015,0.095979,0.076929,-0.038457,0.750016,0.673087,0.640555,0.602098,0.076929,0.038457,0.218456,0.149802,0.179689,0.069039,-0.045926,0.791612,0.687239,0.652848,0.598212,0.104372,0.054636,0.202661,0.089134,0.106916,0.077475,-0.020563,0.751751,0.674276,0.392843,0.368201,0.077475,0.024642,0.336139,0.206061,0.247165,0.060294,-0.042216,0.822432,0.676807,0.406391,0.363714,0.145626,0.042677
Brayden - Cross.mp4,single_athlete_training,26,data\processed\clips\Brayden - Cross\event_026_punch_candidate_right_wrist_t21p99.mp4,0.1999,0.7063,right_wrist,punch_candidate,0.72695,0,0.0,punch,cross,punches,0.309802,0.159962,0.127905,-0.115749,0.02054,0.684076,0.568327,0.55958,0.531294,0.115749,0.028286,0.482202,0.257913,0.206227,-0.195746,0.035431,0.763534,0.567788,0.543721,0.501747,0.195746,0.041974,0.305659,0.148737,0.11893,-0.117591,-0.000296,0.676153,0.558562,0.505745,0.497658,0.117591,0.008088,0.427771,0.31242,0.249811,-0.242052,0.053999,0.770724,0.528672,0.528437,0.474439,0.242052,0.053999,0.169584,0.099444,0.079515,-0.05591,-0.006974,0.636798,0.580887,0.884998,0.858415,0.05591,0.026583,0.803379,0.417099,0.333512,-0.331967,0.010386,0.79967,0.467704,0.910668,0.900282,0.331967,0.010386,0.209977,0.108261,0.086566,-0.079633,-0.001023,0.651387,0.571755,0.750784,0.733722,0.079633,0.017062,0.569485,0.322488,0.257861,-0.257465,0.007518,0.766381,0.508916,0.779967,0.772449,0.257465,0.007518,0.2796,0.172618,0.138026,-0.129208,-0.009316,0.678969,0.549762,0.651572,0.624692,0.129208,0.02688,0.406329,0.282211,0.225656,-0.218277,-0.00382,0.742653,0.524376,0.654794,0.626828,0.218277,0.027966,0.326127,0.148802,0.118982,-0.107877,-0.005211,0.6614,0.553523,0.411137,0.385977,0.107877,0.02516,0.39996,0.27909,0.22316,-0.217996,0.006201,0.742878,0.524882,0.411386,0.385545,0.217996,0.025842
Brayden - Cross.mp4,single_athlete_training,29,data\processed\clips\Brayden - Cross\event_029_punch_candidate_right_wrist_t33p98.mp4,0.2,0.7823,right_wrist,punch_candidate,0.89555,0,0.0,punch,cross,punches,0.258793,0.124275,0.099387,-0.001958,0.016553,0.549132,0.503376,0.422177,0.394645,0.045756,0.027532,0.492289,0.238647,0.190853,0.000776,-0.022625,0.588379,0.495782,0.431149,0.397831,0.092597,0.033317,0.149566,0.063123,0.050482,0.009696,-0.004176,0.517734,0.488981,0.421495,0.413299,0.028753,0.008196,0.503801,0.257023,0.205547,0.002707,0.008115,0.551776,0.458821,0.445554,0.398686,0.092955,0.046869,0.032667,0.017128,0.013699,0.001043,-0.002822,0.507378,0.501199,0.665666,0.66073,0.006179,0.004935,0.04851,0.025056,0.020036,0.000827,-0.007011,0.40844,0.404477,0.678837,0.666126,0.003963,0.012711,0.153536,0.076698,0.061339,0.000881,-0.022475,0.522128,0.497962,0.599175,0.5767,0.024166,0.022475,0.078054,0.045405,0.036308,0.006723,0.001865,0.453237,0.435238,0.619862,0.608855,0.017999,0.011007,0.071282,0.035566,0.028442,-0.005254,-0.009852,0.489008,0.478604,0.533992,0.517728,0.010404,0.016264,0.113897,0.053831,0.043046,-0.002291,-0.013974,0.474391,0.454965,0.538111,0.520976,0.019426,0.017135,0.058894,0.034346,0.027466,0.010239,0.007738,0.4971,0.486358,0.38376,0.371998,0.010743,0.011762,0.240085,0.113962,0.091131,0.006721,0.004097,0.504998,0.4571,0.379763,0.369946,0.047898,0.009817
Brayden - Cross.mp4,single_athlete_training,31,data\processed\clips\Brayden - Cross\event_031_punch_candidate_right_wrist_t38p18.mp4,0.1999,0.8175,right_wrist,punch_candidate,0.873725,0,0.0,punch,cross,punches,0.451206,0.194451,0.155483,-0.019328,0.087418,0.518665,0.486759,0.528843,0.410826,0.031906,0.118017,0.953356,0.402519,0.321854,0.038243,-0.117882,0.600245,0.505015,0.498093,0.311597,0.09523,0.186496,0.036666,0.022409,0.017918,-0.001004,-0.016129,0.476818,0.472726,0.489326,0.473197,0.004092,0.016129,0.834226,0.319448,0.25543,0.065316,-0.146932,0.560593,0.456672,0.527534,0.351345,0.10392,0.176189,0.094284,0.062047,0.049612,-0.000769,-0.027022,0.519236,0.507079,0.789899,0.757263,0.012156,0.032637,0.187114,0.113529,0.090777,0.079398,-0.039899,0.475315,0.395918,0.888849,0.84895,0.079398,0.039899,0.087653,0.052959,0.042346,0.008549,-0.025432,0.518966,0.50272,0.677136,0.649383,0.016245,0.027753,0.214012,0.108999,0.087155,0.057712,-0.060104,0.505259,0.447547,0.766167,0.706063,0.057712,0.060104,0.124652,0.087644,0.07008,0.017368,-0.066583,0.491725,0.474357,0.607788,0.541205,0.017368,0.066583,0.249508,0.128684,0.102896,0.042294,-0.08134,0.505082,0.45806,0.630979,0.549639,0.047022,0.08134,0.129546,0.039621,0.031681,0.016607,-0.026049,0.476545,0.459938,0.400895,0.374846,0.016607,0.026049,0.340282,0.134996,0.107943,0.052637,-0.070851,0.512878,0.44793,0.425082,0.354231,0.064948,0.070851
Brayden - Cross.mp4,single_athlete_training,35,data\processed\clips\Brayden - Cross\event_035_punch_candidate_right_wrist_t46p58.mp4,0.3998,0.894,right_wrist,punch_candidate,0.63756,0,0.0,punch,cross,punches,0.316798,0.229674,0.22956,-0.086883,-0.059836,0.541808,0.454444,0.584477,0.471786,0.087364,0.112691,0.597783,0.310531,0.310375,-0.147958,-0.048474,0.608719,0.460761,0.589403,0.439699,0.147958,0.149704,0.243508,0.164142,0.16406,-0.045161,-0.04777,0.514075,0.466591,0.550929,0.46466,0.047484,0.086269,0.473723,0.227337,0.227223,-0.217385,-0.013557,0.632074,0.41469,0.525972,0.493462,0.217385,0.03251,0.324828,0.161497,0.161416,-0.09235,-0.044351,0.57954,0.48719,0.845547,0.782059,0.09235,0.063488,0.881052,0.337351,0.337182,-0.2176,-0.251818,0.608709,0.388396,0.965292,0.713474,0.220313,0.251818,0.238716,0.140491,0.14042,-0.089739,-0.07287,0.565029,0.47529,0.742976,0.670106,0.089739,0.07287,0.484645,0.254241,0.254114,-0.198471,-0.145814,0.605301,0.403712,0.821084,0.67527,0.201589,0.145814,0.229937,0.121328,0.121267,-0.08953,-0.057287,0.543356,0.453826,0.650711,0.589369,0.08953,0.061342,0.412372,0.175871,0.175783,-0.166858,-0.049585,0.589135,0.422277,0.651983,0.601541,0.166858,0.050442,0.209285,0.13516,0.135092,-0.074794,-0.039309,0.527411,0.452617,0.450897,0.383386,0.074794,0.067511,0.473186,0.210544,0.210438,-0.202867,-0.014644,0.606648,0.403781,0.420331,0.388917,0.202867,0.031414
Brayden - Jab.mp4,single_athlete_training,5,data\processed\clips\Brayden - Jab\event_005_punch_candidate_left_wrist_t0p00.mp4,0.1999,0.6829,left_wrist,punch_candidate,0.94745,0,0.0,punch,jab,punches,0.699574,0.285815,0.228538,0.057959,-0.042811,0.531149,0.392966,0.503643,0.460832,0.138183,0.042811,0.224315,0.113272,0.090572,0.048722,0.003206,0.441294,0.37722,0.53596,0.512713,0.064074,0.023246,0.569947,0.193713,0.154893,0.074244,-0.029527,0.485857,0.380622,0.517182,0.473522,0.105235,0.04366,0.259997,0.114157,0.09128,0.05747,0.004339,0.402198,0.329627,0.570632,0.55635,0.072571,0.014282,0.12666,0.043258,0.034589,0.022782,-0.004683,0.474575,0.446181,0.790511,0.785827,0.028394,0.004683,0.270763,0.088461,0.070734,0.044441,-0.043515,0.340785,0.296345,0.843491,0.795464,0.044441,0.048027,0.192805,0.065372,0.052271,0.033329,-0.004015,0.459428,0.419189,0.707631,0.701062,0.040239,0.006569,0.197506,0.069924,0.055911,0.044679,-0.026537,0.36563,0.320952,0.76152,0.733948,0.044679,0.027572,0.210666,0.090068,0.072018,0.039099,-0.015389,0.42828,0.380349,0.647674,0.627497,0.047931,0.020177,0.182387,0.08922,0.071341,0.040898,-0.018312,0.392688,0.341647,0.659257,0.639388,0.05104,0.019869,0.339436,0.105041,0.08399,0.058999,0.002384,0.441421,0.370365,0.456321,0.44975,0.071056,0.00657,0.304759,0.135798,0.108584,0.056159,0.010104,0.401283,0.322722,0.485717,0.461723,0.078561,0.023994
Brayden - Jab.mp4,single_athlete_training,7,data\processed\clips\Brayden - Jab\event_007_punch_candidate_left_wrist_t10p19.mp4,0.1999,0.7723,left_wrist,punch_candidate,0.625175,0,0.0,punch,jab,punches,0.689583,0.344973,0.27584,-0.146068,-0.090071,0.547714,0.401646,0.623606,0.487059,0.146068,0.136547,0.683153,0.323322,0.258528,-0.162032,-0.114434,0.564715,0.402683,0.657759,0.526066,0.162032,0.131693,0.550465,0.31721,0.253641,-0.110431,-0.030826,0.525929,0.405935,0.57098,0.461359,0.119994,0.109622,0.402197,0.266627,0.213195,-0.200973,-0.039611,0.548553,0.34758,0.627186,0.58652,0.200973,0.040666,0.379094,0.207768,0.166132,-0.134326,-0.091983,0.563079,0.428753,0.923938,0.831955,0.134326,0.091983,1.063912,0.443694,0.354778,-0.262732,-0.238342,0.571774,0.309042,1.035892,0.79755,0.262732,0.238342,0.461056,0.250216,0.200073,-0.142166,-0.135812,0.565577,0.423411,0.826238,0.690426,0.142166,0.135812,0.776857,0.378091,0.302321,-0.253958,-0.158982,0.57684,0.322882,0.905747,0.746766,0.253958,0.158982,0.423216,0.216291,0.172946,-0.153716,-0.069361,0.531864,0.378148,0.720769,0.651408,0.153716,0.069361,0.564532,0.30223,0.241663,-0.212585,-0.108126,0.550482,0.337897,0.777888,0.669762,0.212585,0.108126,0.416325,0.221492,0.177105,-0.147338,0.011477,0.534856,0.387518,0.46609,0.420721,0.147338,0.045369,0.606347,0.293047,0.23432,-0.231469,0.022155,0.567759,0.33629,0.489551,0.467396,0.231469,0.022155
Brayden - Jab.mp4,single_athlete_training,13,data\processed\clips\Brayden - Jab\event_013_punch_candidate_left_wrist_t24p99.mp4,0.1999,0.7831,left_wrist,punch_candidate,0.7087,0,0.0,punch,jab,punches,1.205488,0.493595,0.394679,-0.068985,-0.195169,0.501867,0.41599,0.673935,0.393752,0.085876,0.280183,0.987325,0.385032,0.307872,-0.169054,-0.209936,0.585979,0.416925,0.690844,0.479339,0.169054,0.211505,0.716815,0.31947,0.255448,-0.022742,-0.144856,0.472039,0.425821,0.617316,0.427776,0.046218,0.18954,0.816219,0.325318,0.260124,-0.218889,-0.125587,0.586615,0.367725,0.659207,0.53362,0.218889,0.125587,0.259254,0.158574,0.126796,-0.039524,-0.110565,0.476019,0.436495,0.960706,0.850141,0.039524,0.110565,0.802458,0.452214,0.36159,-0.177034,-0.31044,0.532502,0.355469,1.109604,0.799163,0.177034,0.31044,0.282985,0.178834,0.142995,-0.055402,-0.122562,0.487832,0.43243,0.85122,0.728658,0.055402,0.122562,0.604363,0.337327,0.269726,-0.181293,-0.190559,0.546296,0.365003,0.93558,0.745021,0.181293,0.190559,0.298232,0.181469,0.145103,-0.054437,-0.123905,0.464746,0.410308,0.759465,0.635559,0.054437,0.123905,0.519616,0.259372,0.207394,-0.156507,-0.131388,0.530602,0.374096,0.779252,0.647864,0.156507,0.131388,0.374362,0.164723,0.131713,-0.050699,-0.08444,0.473191,0.418214,0.495118,0.410677,0.054976,0.08444,0.63116,0.276643,0.221204,-0.210091,-0.047531,0.574491,0.3644,0.484184,0.432629,0.210091,0.051555
Brayden - Jab.mp4,single_athlete_training,16,data\processed\clips\Brayden - Jab\event_016_punch_candidate_left_wrist_t39p98.mp4,0.1999,0.7831,left_wrist,punch_candidate,0.79555,0,0.0,punch,jab,punches,0.909409,0.352436,0.281808,0.090886,0.067926,0.777997,0.657705,0.635405,0.485524,0.120293,0.149881,0.789421,0.375323,0.300109,0.122864,0.076495,0.885896,0.731525,0.646757,0.501626,0.15437,0.14513,0.79665,0.263899,0.211014,0.123749,0.096718,0.744002,0.614695,0.641006,0.512508,0.129307,0.128498,0.528141,0.275024,0.219909,0.156065,0.026217,0.921713,0.744912,0.611064,0.552559,0.176801,0.058506,0.756625,0.345777,0.276484,0.14568,0.000567,0.809923,0.658766,1.095515,0.998879,0.151157,0.096637,0.564589,0.249794,0.199735,0.1392,0.053963,0.893042,0.743425,1.102806,1.048844,0.149617,0.053963,0.53169,0.27395,0.21905,0.110399,-0.049566,0.79854,0.651312,0.920309,0.842512,0.147228,0.077797,0.563627,0.245378,0.196204,0.146244,0.041051,0.879698,0.729343,0.93727,0.896219,0.150355,0.041051,0.527247,0.267591,0.213966,0.188952,0.06613,0.833376,0.644424,0.82261,0.756481,0.188952,0.06613,0.583001,0.254659,0.203626,0.180508,0.051806,0.88693,0.706422,0.79555,0.743744,0.180508,0.051806,0.56678,0.280407,0.224213,0.187222,0.085365,0.804813,0.617591,0.515107,0.429742,0.187222,0.085365,0.531587,0.239844,0.191779,0.165313,0.028454,0.887096,0.721783,0.465915,0.437461,0.165313,0.028454
Brayden - Jab.mp4,single_athlete_training,17,data\processed\clips\Brayden - Jab\event_017_punch_candidate_left_wrist_t40p78.mp4,0.1999,0.8379,left_wrist,punch_candidate,0.73115,0,0.0,punch,jab,punches,0.981508,0.400234,0.320027,-0.077619,-0.025037,0.736717,0.58412,0.585502,0.462173,0.152597,0.123329,0.234902,0.128974,0.103128,-0.08071,0.001329,0.853647,0.764035,0.590276,0.577957,0.089612,0.012319,0.597219,0.249289,0.199331,-0.022203,-0.045059,0.737726,0.666612,0.619256,0.523364,0.071114,0.095893,0.333089,0.107513,0.085968,-0.075095,-0.005806,0.892518,0.817423,0.576432,0.562145,0.075095,0.014287,0.135239,0.088239,0.070556,-0.010131,0.017955,0.664646,0.639525,0.899469,0.876971,0.025121,0.022498,0.837539,0.326485,0.261057,-0.160598,-0.098533,0.875998,0.69329,0.998297,0.877967,0.182708,0.12033,0.303679,0.157142,0.125651,-0.058262,-0.064183,0.736548,0.673309,0.801152,0.735939,0.063239,0.065213,0.614612,0.221924,0.17745,-0.115433,-0.111046,0.843515,0.727628,0.882863,0.76622,0.115887,0.116643,0.286221,0.129702,0.10371,-0.031523,-0.082162,0.813507,0.767831,0.815443,0.733281,0.045676,0.082162,0.202245,0.113005,0.090359,-0.045815,-0.071867,0.856796,0.809239,0.792685,0.720818,0.047556,0.071867,0.199223,0.098206,0.078525,-0.018945,-0.015971,0.786757,0.738884,0.51476,0.498789,0.047873,0.015971,0.190392,0.091105,0.072847,-0.038075,-0.000275,0.858463,0.820388,0.4923,0.461856,0.038075,0.030444
Brayden - Jab.mp4,single_athlete_training,21,data\processed\clips\Brayden - Jab\event_021_punch_candidate_left_wrist_t56p17.mp4,0.1999,0.8034,left_wrist,punch_candidate,0.9027,0,0.0,punch,jab,punches,0.727857,0.342102,0.273545,0.042026,-0.021155,0.557702,0.426613,0.525545,0.459044,0.13109,0.066501,0.135259,0.075159,0.060097,0.028283,0.00884,0.434267,0.395759,0.536961,0.520237,0.038508,0.016724,0.558739,0.224387,0.17942,0.054913,-0.010615,0.501921,0.412314,0.539687,0.473011,0.089607,0.066676,0.158608,0.068458,0.054739,0.03283,-0.004761,0.396387,0.354779,0.556813,0.549429,0.041608,0.007384,0.217033,0.06635,0.053053,0.048762,-0.001964,0.482747,0.43187,0.778494,0.776303,0.050877,0.002191,0.133762,0.043111,0.034472,0.017364,-0.021312,0.334937,0.313233,0.827706,0.806394,0.021704,0.021312,0.084058,0.056635,0.045285,0.022149,0.014206,0.474807,0.443882,0.703724,0.689517,0.030925,0.014206,0.122792,0.050137,0.04009,0.022956,-0.019842,0.365597,0.341114,0.761153,0.74131,0.024483,0.019842,0.111979,0.064207,0.05134,0.031137,-0.006973,0.441081,0.400193,0.636521,0.629548,0.040887,0.006973,0.114355,0.064946,0.051931,0.030271,-0.01134,0.401197,0.361535,0.651396,0.63907,0.039662,0.012326,0.217768,0.08911,0.071252,0.039594,0.002876,0.459738,0.406174,0.456809,0.448131,0.053564,0.008678,0.150162,0.093367,0.074656,0.040333,0.004778,0.408136,0.350995,0.464379,0.457254,0.057142,0.007125
Brayden - Jab.mp4,single_athlete_training,23,data\processed\clips\Brayden - Jab\event_023_kick_candidate_right_ankle_t10p19.mp4,0.1999,0.8485,right_ankle,kick_candidate,0.625175,0,0.0,punch,jab,punches,0.689583,0.344973,0.27584,-0.146068,-0.090071,0.547714,0.401646,0.623606,0.487059,0.146068,0.136547,0.683153,0.323322,0.258528,-0.162032,-0.114434,0.564715,0.402683,0.657759,0.526066,0.162032,0.131693,0.550465,0.31721,0.253641,-0.110431,-0.030826,0.525929,0.405935,0.57098,0.461359,0.119994,0.109622,0.402197,0.266627,0.213195,-0.200973,-0.039611,0.548553,0.34758,0.627186,0.58652,0.200973,0.040666,0.379094,0.207768,0.166132,-0.134326,-0.091983,0.563079,0.428753,0.923938,0.831955,0.134326,0.091983,1.063912,0.443694,0.354778,-0.262732,-0.238342,0.571774,0.309042,1.035892,0.79755,0.262732,0.238342,0.461056,0.250216,0.200073,-0.142166,-0.135812,0.565577,0.423411,0.826238,0.690426,0.142166,0.135812,0.776857,0.378091,0.302321,-0.253958,-0.158982,0.57684,0.322882,0.905747,0.746766,0.253958,0.158982,0.423216,0.216291,0.172946,-0.153716,-0.069361,0.531864,0.378148,0.720769,0.651408,0.153716,0.069361,0.564532,0.30223,0.241663,-0.212585,-0.108126,0.550482,0.337897,0.777888,0.669762,0.212585,0.108126,0.416325,0.221492,0.177105,-0.147338,0.011477,0.534856,0.387518,0.46609,0.420721,0.147338,0.045369,0.606347,0.293047,0.23432,-0.231469,0.022155,0.567759,0.33629,0.489551,0.467396,0.231469,0.022155
Brayden - Jab.mp4,single_athlete_training,27,data\processed\clips\Brayden - Jab\event_027_kick_candidate_right_ankle_t40p98.mp4,0.3998,0.814,right_ankle,kick_candidate,0.71826,0,0.0,punch,jab,punches,0.509146,0.220848,0.220737,0.098143,0.01403,0.694612,0.58412,0.560465,0.462173,0.110493,0.098292,0.414743,0.181502,0.181411,-0.051393,-0.04928,0.808335,0.752765,0.590276,0.49887,0.05557,0.091406,0.239838,0.102642,0.102591,0.040455,0.030016,0.715523,0.666612,0.574197,0.523364,0.048911,0.050833,0.21505,0.070003,0.069968,-0.026125,-0.047975,0.826476,0.800351,0.576432,0.521504,0.026125,0.054928,0.388021,0.150579,0.150503,0.107105,0.035661,0.752513,0.639525,0.931353,0.876971,0.112988,0.054382,0.837539,0.395159,0.394961,-0.071004,-0.111291,0.875998,0.69329,0.998297,0.877967,0.182708,0.12033,0.303679,0.139106,0.139037,0.061547,-0.031779,0.740023,0.673309,0.801152,0.735939,0.066714,0.065213,0.614612,0.257958,0.257829,-0.060337,-0.106215,0.843515,0.727628,0.882863,0.76622,0.115887,0.116643,0.146081,0.080438,0.080398,-0.018298,-0.061405,0.788228,0.767831,0.764115,0.70271,0.020397,0.061405,0.167914,0.111041,0.110986,-0.040146,-0.094114,0.828811,0.788664,0.763508,0.669394,0.040146,0.094114,0.15497,0.090521,0.090475,-0.009115,-0.046588,0.767812,0.738884,0.505391,0.458803,0.028928,0.046588,0.166526,0.09663,0.096582,-0.048599,-0.077533,0.835262,0.786663,0.4923,0.414766,0.048599,0.077533
Brayden - Jab.mp4,single_athlete_training,29,data\processed\clips\Brayden - Jab\event_029_punch_candidate_right_wrist_t8p20.mp4,0.3998,0.8644,right_wrist,punch_candidate,0.70556,0,0.0,punch,jab,punches,0.589637,0.261915,0.261784,0.06703,0.076965,0.597101,0.530071,0.693709,0.552978,0.06703,0.14073,0.830464,0.374256,0.374069,0.063769,0.184235,0.638947,0.555431,0.700932,0.433743,0.083516,0.267189,0.259314,0.164355,0.164273,0.050684,0.088525,0.554866,0.500276,0.604343,0.515818,0.054591,0.088525,0.484963,0.270606,0.270471,0.122073,0.094716,0.679246,0.539975,0.643905,0.507124,0.139272,0.136781,0.475007,0.249606,0.249481,0.045556,0.123341,0.538489,0.492933,1.066908,0.886716,0.045556,0.180192,0.475389,0.299254,0.299104,0.245051,0.105606,0.689873,0.444823,1.076272,0.970665,0.245051,0.105606,0.289477,0.170637,0.170552,0.051157,0.093028,0.563675,0.505128,0.90406,0.78652,0.058547,0.11754,0.367659,0.225396,0.225284,0.186335,0.087643,0.675542,0.489207,0.928138,0.840495,0.186335,0.087643,0.261276,0.134341,0.134274,0.091095,0.08264,0.574352,0.483257,0.754993,0.672353,0.091095,0.08264,0.248281,0.17242,0.172334,0.132275,0.067624,0.633206,0.500932,0.758284,0.690659,0.132275,0.067624,0.223498,0.070206,0.070171,0.048319,0.036317,0.545836,0.497517,0.465005,0.428688,0.048319,0.036317,0.278648,0.186179,0.186086,0.116006,-0.002704,0.651926,0.53592,0.492822,0.443096,0.116006,0.049727
Brayden - Jab.mp4,single_athlete_training,30,data\processed\clips\Brayden - Jab\event_030_punch_candidate_right_wrist_t10p19.mp4,0.1999,0.7343,right_wrist,punch_candidate,0.625175,0,0.0,punch,jab,punches,0.689583,0.344973,0.27584,-0.146068,-0.090071,0.547714,0.401646,0.623606,0.487059,0.146068,0.136547,0.683153,0.323322,0.258528,-0.162032,-0.114434,0.564715,0.402683,0.657759,0.526066,0.162032,0.131693,0.550465,0.31721,0.253641,-0.110431,-0.030826,0.525929,0.405935,0.57098,0.461359,0.119994,0.109622,0.402197,0.266627,0.213195,-0.200973,-0.039611,0.548553,0.34758,0.627186,0.58652,0.200973,0.040666,0.379094,0.207768,0.166132,-0.134326,-0.091983,0.563079,0.428753,0.923938,0.831955,0.134326,0.091983,1.063912,0.443694,0.354778,-0.262732,-0.238342,0.571774,0.309042,1.035892,0.79755,0.262732,0.238342,0.461056,0.250216,0.200073,-0.142166,-0.135812,0.565577,0.423411,0.826238,0.690426,0.142166,0.135812,0.776857,0.378091,0.302321,-0.253958,-0.158982,0.57684,0.322882,0.905747,0.746766,0.253958,0.158982,0.423216,0.216291,0.172946,-0.153716,-0.069361,0.531864,0.378148,0.720769,0.651408,0.153716,0.069361,0.564532,0.30223,0.241663,-0.212585,-0.108126,0.550482,0.337897,0.777888,0.669762,0.212585,0.108126,0.416325,0.221492,0.177105,-0.147338,0.011477,0.534856,0.387518,0.46609,0.420721,0.147338,0.045369,0.606347,0.293047,0.23432,-0.231469,0.022155,0.567759,0.33629,0.489551,0.467396,0.231469,0.022155
Nathan - Cut.mp4,single_athlete_training,1,data\processed\clips\Nathan - Cut\event_001_kick_candidate_left_ankle_t5p00.mp4,0.1999,0.8088,left_ankle,kick_candidate,0.9182,0,0.0,kick,cut_kick,linear_kicks,0.095434,0.048649,0.038909,0.036906,0.003709,0.568143,0.531238,0.435187,0.427917,0.036906,0.00727,0.138219,0.081076,0.064834,0.058228,0.006099,0.52254,0.464313,0.517016,0.506089,0.058228,0.010927,0.160386,0.065678,0.052532,0.044132,0.01566,0.577424,0.533292,0.411276,0.395616,0.044132,0.01566,0.126441,0.075759,0.060586,0.055241,0.014125,0.510551,0.45531,0.467609,0.448437,0.055241,0.019172,0.799405,0.396788,0.317352,0.086392,-0.036522,0.694928,0.561184,0.580788,0.441569,0.133744,0.139219,0.269373,0.075015,0.060009,0.056438,0.014638,0.553946,0.497508,0.673492,0.658853,0.056438,0.014638,0.360135,0.18341,0.146691,0.073372,-0.023691,0.63173,0.555106,0.507165,0.446049,0.076624,0.061116,0.231588,0.070814,0.056646,0.056493,0.001331,0.553172,0.496679,0.579398,0.577652,0.056493,0.001746,0.12836,0.072195,0.05774,0.054392,-0.015785,0.58341,0.529018,0.475005,0.45922,0.054392,0.015785,0.131169,0.073942,0.059137,0.058307,-0.0023,0.560301,0.501994,0.49535,0.491783,0.058307,0.003568,0.092908,0.048764,0.039001,0.037224,0.006639,0.555862,0.518638,0.360041,0.353402,0.037224,0.006639,0.113979,0.072624,0.058081,0.03747,0.018786,0.507424,0.469954,0.410824,0.380204,0.03747,0.03062
Nathan - Cut.mp4,single_athlete_training,3,data\processed\clips\Nathan - Cut\event_003_kick_candidate_left_ankle_t8p00.mp4,0.1999,0.6807,left_ankle,kick_candidate,0.959125,0,0.0,kick,cut_kick,linear_kicks,0.21579,0.102213,0.081729,0.040214,0.000315,0.574692,0.534478,0.442104,0.406736,0.040214,0.035369,0.228061,0.122893,0.098266,0.08586,0.020227,0.557094,0.471234,0.500657,0.471767,0.08586,0.02889,0.216441,0.095393,0.076276,0.044373,-0.013386,0.59405,0.549677,0.409497,0.372667,0.044373,0.03683,0.174984,0.10213,0.081663,0.074168,0.021474,0.545123,0.470955,0.45207,0.42595,0.074168,0.02612,0.721861,0.328168,0.262403,0.135478,-0.06429,0.685066,0.549587,0.616788,0.490912,0.135478,0.125877,0.252828,0.084673,0.067705,0.060443,0.015655,0.570894,0.51045,0.656833,0.641177,0.060443,0.015655,0.509524,0.238494,0.1907,0.095443,-0.063267,0.640806,0.545363,0.555754,0.456373,0.095443,0.099381,0.239784,0.091796,0.0734,0.071082,-0.002677,0.568852,0.49777,0.567447,0.557889,0.071082,0.009558,0.160787,0.09984,0.079832,0.065657,-0.016742,0.596441,0.530784,0.475367,0.449544,0.065657,0.025824,0.155652,0.097447,0.077919,0.068669,0.005952,0.575679,0.507011,0.489915,0.471171,0.068669,0.018744,0.098624,0.059899,0.047896,0.039525,0.005364,0.567215,0.52769,0.363147,0.349013,0.039525,0.014134,0.121776,0.069955,0.055936,0.044327,0.020134,0.528895,0.484568,0.401155,0.375021,0.044327,0.026134
Nathan - Cut.mp4,single_athlete_training,6,data\processed\clips\Nathan - Cut\event_006_kick_candidate_left_ankle_t18p59.mp4,0.1999,0.7506,left_ankle,kick_candidate,0.921575,0,0.0,kick,cut_kick,linear_kicks,0.019445,0.009551,0.007637,0.004327,-0.003661,0.582456,0.577292,0.521536,0.517783,0.005164,0.003753,0.098174,0.061075,0.048842,-0.014492,-0.045537,0.516034,0.501543,0.586585,0.541047,0.014492,0.045537,0.127581,0.051167,0.040917,0.018978,-0.02512,0.594111,0.575132,0.471739,0.445963,0.018978,0.025776,0.168507,0.076882,0.061482,-0.001744,-0.060742,0.486381,0.482361,0.513987,0.453245,0.00402,0.060742,0.552569,0.325236,0.260083,-0.090819,0.222366,0.655245,0.564427,0.787891,0.565525,0.090819,0.222366,0.029277,0.015469,0.012371,-0.004024,0.011249,0.552357,0.548333,0.77,0.758751,0.004024,0.011249,0.444378,0.231278,0.184955,-0.061599,0.164754,0.64054,0.578942,0.688304,0.52355,0.061599,0.164754,0.082174,0.053866,0.043078,-0.010334,0.041398,0.548002,0.537668,0.687023,0.645624,0.010334,0.041398,0.180441,0.092022,0.073592,0.002931,0.072801,0.57722,0.571063,0.560857,0.488056,0.006156,0.072801,0.116809,0.049468,0.03956,-0.002114,0.038859,0.538713,0.535221,0.561211,0.522352,0.003492,0.038859,0.070103,0.042998,0.034387,0.023808,-0.013493,0.5884,0.564593,0.37433,0.358789,0.023808,0.015541,0.196813,0.077861,0.062263,0.017655,-0.054803,0.517706,0.500052,0.421487,0.366684,0.017655,0.054803
Nathan - Cut.mp4,single_athlete_training,7,data\processed\clips\Nathan - Cut\event_007_kick_candidate_left_ankle_t21p99.mp4,0.5998,0.9618,left_ankle,kick_candidate,0.8094,0,0.0,kick,cut_kick,linear_kicks,0.218782,0.136396,0.163603,0.046233,-0.057857,0.608633,0.54646,0.583727,0.516426,0.062172,0.067301,0.304223,0.173632,0.208272,-0.010091,-0.009236,0.717713,0.646871,0.558924,0.506503,0.070842,0.052421,0.214791,0.096835,0.116147,0.072797,-0.030101,0.588975,0.516178,0.563687,0.526014,0.072797,0.037673,0.144959,0.08864,0.10632,0.00748,0.036147,0.702689,0.656873,0.471056,0.4267,0.045816,0.044356,1.761813,0.573383,0.687787,0.067177,-0.003901,0.710698,0.575082,0.841736,0.516616,0.135616,0.32512,0.572724,0.244554,0.293375,0.10697,-0.114819,0.705656,0.586455,0.865694,0.694425,0.119201,0.171269,0.880523,0.314306,0.377011,0.065084,0.040424,0.65398,0.563928,0.684449,0.490547,0.090052,0.193901,0.308822,0.142171,0.170551,0.070107,-0.05537,0.689853,0.606764,0.699931,0.613218,0.083089,0.086713,0.191446,0.07209,0.086466,0.064589,-0.022794,0.649071,0.579521,0.591494,0.5687,0.069551,0.022794,0.131108,0.082746,0.099253,0.047965,-0.0396,0.701859,0.633029,0.575236,0.535635,0.06883,0.0396,0.179852,0.078641,0.094323,0.05786,-0.014789,0.580403,0.522543,0.448945,0.40968,0.05786,0.039265,0.10177,0.058391,0.070039,0.033619,-0.003771,0.644895,0.608099,0.366265,0.345195,0.036796,0.021069
Nathan - Cut.mp4,single_athlete_training,10,data\processed\clips\Nathan - Cut\event_010_kick_candidate_left_ankle_t29p59.mp4,0.7997,0.9536,left_ankle,kick_candidate,0.768329,0,0.0,kick,cut_kick,linear_kicks,0.223954,0.100835,0.141099,0.033469,-0.037436,0.558529,0.49677,0.569533,0.504712,0.061759,0.064821,0.446646,0.183224,0.256393,-0.028822,0.016373,0.700621,0.584913,0.515321,0.47355,0.115708,0.041771,0.156149,0.063096,0.088293,0.023171,-0.065377,0.513994,0.480309,0.53889,0.471971,0.033685,0.066919,0.251932,0.093715,0.131139,-0.017204,0.027631,0.633205,0.588512,0.457334,0.409178,0.044693,0.048156,1.939946,0.58347,0.816474,0.054339,0.039252,0.669745,0.490768,0.84894,0.465664,0.178976,0.383276,1.071287,0.456932,0.639425,0.030742,0.192597,0.648447,0.587405,0.749864,0.53998,0.061042,0.209884,0.999699,0.344829,0.482529,0.012624,0.073807,0.591469,0.515843,0.717085,0.4583,0.075626,0.258785,0.645999,0.351673,0.492118,0.024373,0.145361,0.622396,0.571866,0.643209,0.491057,0.05053,0.152153,0.236976,0.10131,0.141774,0.004675,-0.005552,0.571381,0.537009,0.588605,0.538403,0.034372,0.050202,0.243415,0.080873,0.113171,0.001966,0.014586,0.594185,0.57658,0.555959,0.508022,0.017605,0.047938,0.227112,0.074975,0.104915,0.007512,-0.048101,0.511238,0.485459,0.435412,0.365647,0.025779,0.069765,0.178175,0.077574,0.108553,0.013461,-0.018329,0.566234,0.546893,0.380934,0.321818,0.019342,0.059116
Nathan - Cut.mp4,single_athlete_training,11,data\processed\clips\Nathan - Cut\event_011_kick_candidate_left_ankle_t37p19.mp4,0.2,0.7447,left_ankle,kick_candidate,0.919275,0,0.0,kick,cut_kick,linear_kicks,0.248591,0.104392,0.083496,0.007158,0.065276,0.540932,0.529752,0.484463,0.411462,0.01118,0.073001,0.182885,0.106002,0.084778,0.068757,-0.048097,0.521892,0.453135,0.53332,0.485224,0.068757,0.048097,0.153962,0.068958,0.055154,0.012894,0.049351,0.553193,0.540299,0.425066,0.375045,0.012894,0.050021,0.149925,0.074802,0.059827,0.048551,0.006222,0.49625,0.447699,0.472242,0.453231,0.048551,0.019011,0.908582,0.390403,0.312194,0.11884,-0.104869,0.66329,0.528511,0.629089,0.452325,0.13478,0.176764,0.208713,0.06903,0.0552,0.016092,0.052284,0.540673,0.524581,0.657412,0.605128,0.016092,0.052284,0.355842,0.182913,0.146286,0.0751,-0.076095,0.610608,0.535508,0.539729,0.444592,0.0751,0.095137,0.223412,0.080613,0.064466,0.022608,0.058038,0.536603,0.511837,0.570841,0.512802,0.024766,0.058038,0.09945,0.055818,0.044642,0.040738,-0.004481,0.559466,0.518728,0.464521,0.453169,0.040738,0.011353,0.091023,0.056692,0.04534,0.043539,0.008565,0.536585,0.493046,0.485081,0.476161,0.043539,0.00892,0.110539,0.054445,0.04354,0.017228,0.029247,0.526595,0.509367,0.374099,0.341287,0.017228,0.032813,0.149245,0.06015,0.048099,0.017484,0.011348,0.480079,0.462595,0.413848,0.385786,0.017484,0.028061
Nathan - Cut.mp4,single_athlete_training,13,data\processed\clips\Nathan - Cut\event_013_kick_candidate_left_ankle_t52p58.mp4,0.1999,0.8865,left_ankle,kick_candidate,0.893325,0,0.0,kick,cut_kick,linear_kicks,0.217123,0.102746,0.082169,0.064799,0.023783,0.559272,0.494473,0.514349,0.488349,0.064799,0.026,0.195893,0.090619,0.072479,0.057984,0.006064,0.477382,0.419398,0.607209,0.584404,0.057984,0.022805,0.207383,0.102373,0.08186,0.065064,0.00593,0.556878,0.490932,0.444884,0.419921,0.065946,0.024964,0.170366,0.098648,0.078896,0.060069,0.004555,0.46187,0.401801,0.519959,0.498075,0.060069,0.021885,0.981812,0.444048,0.355086,0.134325,-0.225954,0.674018,0.539693,0.698298,0.425003,0.134325,0.273296,0.374721,0.132644,0.106066,0.092888,-0.042997,0.531232,0.438344,0.769879,0.722971,0.092888,0.046909,0.791124,0.263377,0.210611,0.074645,-0.140269,0.620642,0.545997,0.597388,0.442978,0.074645,0.15441,0.306959,0.124017,0.099169,0.081317,-0.047507,0.521764,0.440447,0.667628,0.617283,0.081317,0.050345,0.338458,0.126876,0.101455,0.057325,-0.074766,0.545396,0.48807,0.538476,0.463711,0.057325,0.074766,0.223262,0.111587,0.089232,0.061482,-0.051263,0.511199,0.449716,0.55549,0.498263,0.061482,0.057227,0.194562,0.091521,0.073182,0.050378,0.020205,0.529778,0.4794,0.384054,0.34926,0.050378,0.034794,0.219232,0.082724,0.066153,0.047008,0.02958,0.463603,0.416595,0.429451,0.394182,0.047008,0.035269
Nathan - Cut.mp4,single_athlete_training,14,data\processed\clips\Nathan - Cut\event_014_kick_candidate_left_ankle_t53p38.mp4,0.1999,0.7141,left_ankle,kick_candidate,0.913525,0,0.0,kick,cut_kick,linear_kicks,0.159157,0.072061,0.05762,-0.020025,-0.003293,0.558742,0.538718,0.511052,0.482932,0.020025,0.028121,0.193151,0.083698,0.066925,-0.009329,-0.062986,0.505618,0.49418,0.56989,0.506905,0.011438,0.062986,0.168663,0.079524,0.063588,0.001025,0.015235,0.562536,0.554796,0.460521,0.423892,0.007739,0.036628,0.132996,0.065427,0.052315,-0.013252,-0.037814,0.484933,0.471578,0.495619,0.451589,0.013355,0.04403,0.535243,0.251176,0.20084,-0.067286,0.180867,0.629174,0.561888,0.736402,0.555535,0.067286,0.180867,0.22848,0.061557,0.049221,-0.048966,-0.004905,0.531889,0.482923,0.728347,0.723406,0.048966,0.004942,0.348256,0.209824,0.167775,-0.050921,0.159681,0.611651,0.56073,0.656499,0.496819,0.050921,0.159681,0.232288,0.083461,0.066735,-0.05768,0.009896,0.524815,0.467135,0.632609,0.617679,0.05768,0.01493,0.162124,0.082508,0.065973,-0.00969,0.064908,0.550076,0.539844,0.533123,0.468215,0.010232,0.064908,0.107098,0.033362,0.026676,-0.011566,0.022058,0.518396,0.50683,0.530315,0.508257,0.011566,0.022058,0.110911,0.064066,0.051227,0.013647,-0.007071,0.548156,0.53451,0.376856,0.35069,0.013647,0.026166,0.14603,0.06532,0.05223,0.01061,-0.041829,0.483926,0.472968,0.413359,0.366978,0.010958,0.046381
Nathan - Cut.mp4,single_athlete_training,15,data\processed\clips\Nathan - Cut\event_015_kick_candidate_left_ankle_t56p18.mp4,0.9996,0.9874,left_ankle,kick_candidate,0.937463,0,0.0,kick,cut_kick,linear_kicks,0.427476,0.241457,0.386168,0.133374,-0.041852,0.655258,0.521883,0.531134,0.44289,0.133374,0.088244,0.32085,0.12016,0.192163,0.131748,-0.06156,0.597982,0.466234,0.582609,0.521049,0.131748,0.06156,0.29584,0.154484,0.247061,0.134747,-0.025744,0.640562,0.505814,0.47114,0.41108,0.134747,0.06006,0.315687,0.15566,0.248943,0.140049,-0.056391,0.553633,0.413584,0.552372,0.462001,0.140049,0.09037,1.0375,0.487112,0.779086,0.122106,0.006736,0.721671,0.505957,0.793474,0.474688,0.215714,0.318786,1.189779,0.287646,0.460057,0.074467,-0.066698,0.554592,0.467708,0.851986,0.602189,0.086884,0.249797,0.880432,0.351558,0.56227,0.080395,-0.002129,0.64781,0.547561,0.688736,0.480999,0.100249,0.207737,0.809783,0.22321,0.356998,0.086119,-0.054156,0.567171,0.478432,0.744158,0.561357,0.088739,0.182801,0.339686,0.148198,0.237007,0.11796,-0.019857,0.617307,0.499347,0.578655,0.47013,0.11796,0.108525,0.365206,0.125539,0.200778,0.114288,-0.032184,0.580103,0.465816,0.592753,0.512209,0.114288,0.080544,0.26621,0.125735,0.201084,0.138472,-0.022956,0.634177,0.495705,0.389309,0.345677,0.138472,0.043632,0.266473,0.133666,0.213771,0.137895,-0.042409,0.575885,0.43799,0.440896,0.352111,0.137895,0.088785
Nathan - Cut.mp4,single_athlete_training,17,data\processed\clips\Nathan - Cut\event_017_punch_candidate_left_wrist_t24p39.mp4,0.3998,0.8413,left_wrist,punch_candidate,0.71306,0,0.0,kick,cut_kick,linear_kicks,0.723633,0.399087,0.39896,0.049494,-0.007363,0.794381,0.725038,0.682835,0.503812,0.069343,0.179023,0.573894,0.216995,0.216894,0.022705,-0.166319,0.768343,0.724778,0.597853,0.431534,0.043565,0.166319,0.362867,0.19877,0.198676,0.117701,0.052763,0.882604,0.756804,0.613931,0.528021,0.1258,0.08591,0.118833,0.059812,0.059794,0.030594,-0.007582,0.792297,0.748453,0.514669,0.504924,0.043844,0.009744,0.397444,0.16153,0.161489,0.118358,0.024847,0.826961,0.708603,1.007843,0.973102,0.118358,0.034741,0.555166,0.267152,0.267037,-0.010558,-0.236346,0.782849,0.755059,0.965671,0.729324,0.02779,0.236346,0.409127,0.191833,0.191778,0.117445,0.01037,0.810255,0.690018,0.850212,0.813694,0.120237,0.036518,0.420386,0.198641,0.198557,-0.038703,-0.162843,0.771543,0.710403,0.812621,0.649777,0.06114,0.162843,0.257724,0.154614,0.154561,0.112813,0.031782,0.850636,0.737823,0.696321,0.646126,0.112813,0.050195,0.259238,0.131596,0.131546,0.04711,-0.044595,0.806552,0.759442,0.662438,0.610897,0.04711,0.051541,0.294899,0.186735,0.186664,0.143825,0.013517,0.870472,0.726647,0.414207,0.363316,0.143825,0.05089,0.192466,0.100928,0.100894,0.045099,0.009217,0.801552,0.746202,0.384844,0.347654,0.05535,0.03719
Nathan - Cut.mp4,single_athlete_training,18,data\processed\clips\Nathan - Cut\event_018_punch_candidate_left_wrist_t25p39.mp4,0.5997,0.9453,left_wrist,punch_candidate,0.731317,0,0.0,kick,cut_kick,linear_kicks,1.457247,0.650364,0.780195,0.07804,0.015537,0.972867,0.754681,0.77645,0.503568,0.218186,0.272882,0.473414,0.277646,0.333039,0.083542,0.077701,0.905071,0.741978,0.513149,0.407881,0.163093,0.105268,0.699303,0.363428,0.435979,0.084096,0.02062,0.95159,0.833044,0.638266,0.510646,0.118546,0.12762,0.450477,0.25858,0.310186,0.096559,0.047515,0.901341,0.756549,0.489099,0.385558,0.144793,0.103542,0.592822,0.140655,0.168772,0.071753,0.097153,0.884577,0.806921,0.982601,0.862601,0.077657,0.12,0.889163,0.231448,0.277716,0.019953,0.151639,0.762588,0.720181,0.831036,0.62319,0.042407,0.207846,0.587538,0.128106,0.153714,0.032297,0.101229,0.864736,0.8283,0.851417,0.735819,0.036436,0.115598,0.71389,0.302061,0.362378,0.042413,0.141367,0.769784,0.724631,0.694114,0.477709,0.045153,0.216405,0.250703,0.110294,0.132321,0.054149,0.028356,0.907585,0.853436,0.624183,0.576603,0.054149,0.04758,0.261115,0.121883,0.146222,0.053626,0.03832,0.864632,0.811006,0.57482,0.515062,0.053626,0.059758,0.463436,0.248952,0.298665,0.099134,2.5e-05,0.971172,0.872038,0.486801,0.380089,0.099134,0.106712,0.298546,0.168326,0.201929,0.087258,-0.005054,0.882037,0.782736,0.399445,0.318364,0.099301,0.08108
Nathan - Cut.mp4,single_athlete_training,21,data\processed\clips\Nathan - Cut\event_021_kick_candidate_right_ankle_t0p60.mp4,0.3998,0.9571,right_ankle,kick_candidate,0.7843,0,0.0,kick,cut_kick,linear_kicks,0.38835,0.159499,0.159419,0.11798,-0.028111,0.553787,0.432079,0.513769,0.459099,0.121708,0.054669,0.322283,0.203408,0.203306,0.088347,-0.070329,0.580731,0.492383,0.505176,0.406312,0.088347,0.098864,0.315073,0.150664,0.150589,0.107254,0.030321,0.523744,0.415527,0.499851,0.455503,0.108217,0.044348,0.262673,0.132078,0.132012,0.093402,-0.028273,0.593874,0.500472,0.441128,0.391316,0.093402,0.049812,0.388203,0.127591,0.127527,0.109131,-0.010379,0.569256,0.460125,0.7844,0.751473,0.109131,0.032927,0.86081,0.412528,0.412322,0.244323,-0.301754,0.722315,0.477992,0.763958,0.457919,0.244323,0.306039,0.294295,0.143744,0.143672,0.1353,-0.023558,0.572206,0.436906,0.663536,0.633545,0.1353,0.029991,0.638156,0.330218,0.330052,0.173477,-0.182475,0.662449,0.488972,0.641035,0.418399,0.173477,0.222636,0.296326,0.147824,0.14775,0.137576,-0.01503,0.576602,0.439026,0.553675,0.523147,0.137576,0.030529,0.296663,0.149755,0.14968,0.129503,-0.051237,0.603655,0.474152,0.538332,0.487095,0.129503,0.051237,0.187185,0.108426,0.108372,0.090448,0.036336,0.502428,0.411979,0.415074,0.378739,0.090448,0.036336,0.201394,0.088673,0.088628,0.080719,-0.001757,0.554267,0.473548,0.359425,0.341408,0.080719,0.018017
Nathan - Cut.mp4,single_athlete_training,24,data\processed\clips\Nathan - Cut\event_024_kick_candidate_right_ankle_t12p99.mp4,0.5998,0.9002,right_ankle,kick_candidate,0.865817,0,0.0,kick,cut_kick,linear_kicks,0.193147,0.104193,0.124984,-0.076114,-0.021808,0.571,0.494886,0.467332,0.435941,0.076114,0.031391,0.21904,0.097577,0.117051,-0.065491,-0.009088,0.589646,0.524155,0.471282,0.430981,0.065491,0.040301,0.18263,0.096743,0.116052,-0.079369,-0.022928,0.562717,0.483348,0.43822,0.401969,0.079369,0.036251,0.214148,0.089847,0.107779,-0.064725,-0.00401,0.569716,0.504991,0.425346,0.387131,0.064725,0.038216,0.279803,0.082822,0.099364,-0.071659,-0.043868,0.553883,0.479493,0.668294,0.624427,0.07439,0.043868,0.70718,0.335064,0.401942,-0.107752,0.052958,0.66236,0.516705,0.650148,0.453574,0.145655,0.196573,0.22899,0.079938,0.095901,-0.072583,-0.034641,0.560639,0.488056,0.580283,0.542196,0.072583,0.038087,0.540655,0.246426,0.295592,-0.088126,0.023544,0.619467,0.515497,0.557502,0.419866,0.103971,0.137636,0.210752,0.091807,0.110134,-0.074696,-0.027565,0.563511,0.488815,0.494787,0.448746,0.074696,0.046041,0.188203,0.098627,0.118309,-0.065976,-0.020478,0.569652,0.503676,0.489694,0.440329,0.065976,0.049365,0.175068,0.088266,0.105883,-0.075429,-0.024586,0.555388,0.479958,0.372741,0.340852,0.075429,0.031889,0.167449,0.074048,0.088829,-0.061158,-0.013095,0.56395,0.502793,0.357607,0.329436,0.061158,0.028171
Nathan - Cut.mp4,single_athlete_training,26,data\processed\clips\Nathan - Cut\event_026_kick_candidate_right_ankle_t26p19.mp4,0.1999,0.6947,right_ankle,kick_candidate,0.754525,0,0.0,kick,cut_kick,linear_kicks,0.231266,0.125495,0.100364,0.062293,0.065215,0.858835,0.796542,0.616389,0.551173,0.062293,0.065215,0.216651,0.101735,0.081365,-0.016945,0.079409,0.841754,0.824808,0.557622,0.478214,0.016945,0.079409,0.384013,0.132199,0.105745,0.070149,0.057147,0.941505,0.871357,0.596536,0.531803,0.070149,0.064733,0.364549,0.103469,0.082771,-0.0012,0.078016,0.861688,0.857428,0.496336,0.416314,0.00426,0.080022,0.592822,0.200747,0.160576,0.079198,0.109058,0.901566,0.822367,1.005867,0.881668,0.079198,0.124199,0.889163,0.293331,0.234636,0.072202,0.215633,0.798974,0.726772,0.87248,0.656847,0.072202,0.215633,0.587538,0.178057,0.142433,0.043352,0.120037,0.886989,0.843637,0.856535,0.735819,0.043352,0.120716,0.71389,0.264392,0.211479,0.047913,0.194976,0.806037,0.758124,0.746789,0.551813,0.047913,0.194976,0.250703,0.12481,0.099823,0.009491,0.096825,0.907585,0.891767,0.673428,0.576603,0.015818,0.096825,0.261115,0.139546,0.111607,-0.002281,0.110659,0.864632,0.856929,0.633538,0.522879,0.007703,0.110659,0.258117,0.088847,0.071068,0.04808,0.019298,0.979491,0.921799,0.400321,0.380089,0.057692,0.020232,0.1599,0.05629,0.045026,0.008639,0.038036,0.885431,0.872058,0.356401,0.318364,0.013373,0.038036
Nathan - Cut.mp4,single_athlete_training,27,data\processed\clips\Nathan - Cut\event_027_kick_candidate_right_ankle_t29p19.mp4,0.3998,0.9136,right_ankle,kick_candidate,0.77024,0,0.0,kick,cut_kick,linear_kicks,0.259695,0.138713,0.138644,0.083816,-0.000749,0.551894,0.444861,0.569533,0.555105,0.107033,0.014428,0.446646,0.215799,0.215691,0.125049,-0.087855,0.700621,0.544092,0.561405,0.47355,0.156529,0.087855,0.211095,0.09488,0.094833,0.053549,0.002237,0.496753,0.438122,0.539857,0.514958,0.05863,0.024899,0.249462,0.121043,0.120982,0.07137,-0.064275,0.633205,0.551056,0.488872,0.424597,0.082149,0.064275,1.939946,0.635611,0.635293,0.162713,-0.280953,0.669745,0.473449,0.899006,0.465664,0.196296,0.433342,0.945929,0.494666,0.494418,0.090591,-0.20858,0.638791,0.5482,0.884016,0.540123,0.090591,0.343893,0.999699,0.413542,0.413335,0.127949,-0.194423,0.591469,0.459418,0.74724,0.4583,0.132051,0.28894,0.71473,0.411332,0.411127,0.078546,-0.16209,0.622396,0.54385,0.741847,0.497848,0.078546,0.243999,0.263132,0.119799,0.119739,0.067599,-0.068006,0.551831,0.484232,0.625311,0.547155,0.067599,0.078156,0.32106,0.111902,0.111847,0.051174,-0.096985,0.584622,0.533447,0.617987,0.521003,0.051174,0.096985,0.187607,0.107439,0.107385,0.060619,0.038091,0.50932,0.448701,0.435412,0.392593,0.060619,0.042819,0.141785,0.074463,0.074425,0.035356,0.019147,0.55924,0.523884,0.380934,0.35678,0.035356,0.024154
Nathan - Cut.mp4,single_athlete_training,28,data\processed\clips\Nathan - Cut\event_028_kick_candidate_right_ankle_t30p19.mp4,0.5998,0.954,right_ankle,kick_candidate,0.772833,0,0.0,kick,cut_kick,linear_kicks,0.193791,0.071372,0.085605,-0.024794,-0.039159,0.558529,0.527824,0.556436,0.504712,0.030704,0.051724,0.229481,0.117016,0.140356,-0.116707,0.031469,0.682316,0.565609,0.515321,0.477122,0.116707,0.038199,0.156149,0.058133,0.069731,-0.003231,-0.033303,0.513994,0.4994,0.51877,0.471971,0.014593,0.046799,0.251932,0.07835,0.093974,-0.035821,0.031336,0.624661,0.588512,0.464187,0.409178,0.036149,0.055009,0.671043,0.22544,0.270394,-0.148648,0.186684,0.648408,0.499759,0.850912,0.664227,0.148648,0.186684,1.071287,0.441838,0.529994,-0.029861,0.092435,0.648447,0.576008,0.8423,0.53998,0.072439,0.302319,0.413505,0.169054,0.202765,-0.090042,0.134388,0.590927,0.500885,0.717085,0.571822,0.090042,0.145263,0.645999,0.28866,0.346244,-0.032907,0.080784,0.615718,0.571661,0.700494,0.491057,0.044057,0.209437,0.236976,0.077991,0.09355,-0.042877,0.030867,0.571381,0.523225,0.583053,0.538403,0.048156,0.04465,0.243415,0.078409,0.094048,-0.022625,0.024148,0.594185,0.563447,0.556172,0.508022,0.030738,0.04815,0.227112,0.064336,0.077167,-0.014345,-0.057843,0.511238,0.49297,0.426004,0.365647,0.018267,0.060357,0.178175,0.066128,0.079316,-0.000591,-0.033563,0.566234,0.559001,0.375803,0.321818,0.007233,0.053985
Nathan - Cut.mp4,single_athlete_training,31,data\processed\clips\Nathan - Cut\event_031_kick_candidate_right_ankle_t33p79.mp4,0.1999,0.8194,right_ankle,kick_candidate,0.830275,0,0.0,kick,cut_kick,linear_kicks,0.172922,0.116211,0.092922,-0.090497,-0.014369,0.544156,0.453659,0.525915,0.511546,0.090497,0.014369,0.325581,0.166721,0.13331,-0.116543,0.02504,0.593478,0.476935,0.522598,0.493802,0.116543,0.028796,0.225156,0.113927,0.091096,-0.090032,0.007477,0.510074,0.420042,0.496439,0.48778,0.090032,0.00866,0.246053,0.114621,0.091651,-0.075121,0.040682,0.569918,0.494798,0.462115,0.421433,0.075121,0.040682,0.516029,0.214061,0.171163,-0.166605,0.015235,0.561921,0.395316,0.791919,0.769518,0.166605,0.022401,1.250001,0.389398,0.311363,-0.110211,0.286305,0.643978,0.533767,0.810683,0.524378,0.110211,0.286305,0.36027,0.16458,0.131598,-0.126811,0.021299,0.542808,0.415997,0.66853,0.645315,0.126811,0.023215,0.76039,0.303493,0.242673,-0.092872,0.214683,0.605904,0.513033,0.679364,0.464681,0.092872,0.214683,0.208588,0.112965,0.090327,-0.084703,0.018575,0.539307,0.454604,0.561771,0.537911,0.084703,0.023861,0.215141,0.120719,0.096527,-0.077052,0.050282,0.571761,0.494709,0.553323,0.503041,0.077052,0.050282,0.194896,0.074663,0.0597,-0.052405,-0.010496,0.473617,0.421212,0.397524,0.385077,0.052405,0.012447,0.20837,0.095441,0.076315,-0.039079,0.016229,0.530985,0.484516,0.360158,0.32961,0.04647,0.030548
Nathan - Cut.mp4,single_athlete_training,33,data\processed\clips\Nathan - Cut\event_033_kick_candidate_right_ankle_t43p58.mp4,0.2,0.7144,right_ankle,kick_candidate,0.887,0,0.0,kick,cut_kick,linear_kicks,0.349867,0.139069,0.111216,0.051397,-0.016747,0.53625,0.484852,0.476171,0.419846,0.051397,0.056325,0.320118,0.135873,0.108659,0.044248,-0.029719,0.579775,0.535527,0.474408,0.412055,0.044248,0.062353,0.182554,0.093781,0.074999,0.038638,0.006667,0.511365,0.47139,0.445409,0.412166,0.039975,0.033242,0.243792,0.103103,0.082455,0.051988,-0.020889,0.564983,0.512996,0.424951,0.383564,0.051988,0.041387,0.384662,0.1034,0.082717,0.073808,0.03643,0.553593,0.479785,0.675446,0.63893,0.073808,0.036516,0.72137,0.299036,0.239139,0.098806,-0.183199,0.652934,0.554128,0.625464,0.432994,0.098806,0.19247,0.233388,0.084625,0.06769,0.060706,0.018715,0.54716,0.486454,0.577405,0.555015,0.060706,0.02239,0.582506,0.194522,0.155543,0.069171,-0.104754,0.617776,0.548605,0.53174,0.419942,0.069171,0.111798,0.145003,0.083028,0.066404,0.058049,-0.003967,0.538655,0.480607,0.486451,0.470141,0.058049,0.01631,0.168987,0.089584,0.071643,0.064001,-0.017,0.561001,0.497,0.478263,0.457465,0.064001,0.020798,0.126458,0.063063,0.050438,0.027945,0.027257,0.499399,0.471455,0.395662,0.362693,0.027945,0.032969,0.125292,0.067971,0.054362,0.038817,-0.004634,0.538557,0.49974,0.361698,0.342414,0.038817,0.019284
Nathan - Cut.mp4,single_athlete_training,35,data\processed\clips\Nathan - Cut\event_035_kick_candidate_right_ankle_t46p38.mp4,0.2,0.8306,right_ankle,kick_candidate,0.8518,0,0.0,kick,cut_kick,linear_kicks,0.285594,0.104408,0.083493,0.052838,-0.025995,0.523443,0.461931,0.477592,0.444026,0.061512,0.033567,0.21826,0.101338,0.081044,0.041508,-0.012502,0.565936,0.516065,0.464145,0.430361,0.049871,0.033785,0.27186,0.097189,0.077722,0.054483,-0.000923,0.495338,0.437131,0.441574,0.422555,0.058207,0.019019,0.244109,0.079114,0.063265,0.044156,-0.026294,0.542709,0.496389,0.42108,0.387904,0.046319,0.033176,0.303216,0.117728,0.09415,0.088892,0.024338,0.535643,0.446751,0.704952,0.680614,0.088892,0.024338,0.831849,0.323486,0.258693,0.090662,-0.092801,0.638359,0.543776,0.611621,0.451044,0.094583,0.160576,0.193438,0.089676,0.07172,0.06746,0.010269,0.527937,0.460477,0.596832,0.581805,0.06746,0.015027,0.446116,0.174332,0.139418,0.05126,-0.068661,0.598801,0.547448,0.514098,0.425309,0.051353,0.088788,0.176011,0.080335,0.064248,0.056801,-0.004855,0.521837,0.465036,0.498929,0.482236,0.056801,0.016693,0.180095,0.082204,0.065742,0.054116,-0.026183,0.544667,0.490551,0.489685,0.463502,0.054116,0.026183,0.106136,0.057251,0.045786,0.03566,0.006684,0.475557,0.439896,0.384339,0.370735,0.03566,0.013604,0.162111,0.063484,0.050769,0.039514,0.003361,0.51322,0.473706,0.354089,0.340523,0.039514,0.013566
Nathan - Cut.mp4,single_athlete_training,37,data\processed\clips\Nathan - Cut\event_037_kick_candidate_right_ankle_t48p98.mp4,0.1999,0.8312,right_ankle,kick_candidate,0.834025,0,0.0,kick,cut_kick,linear_kicks,0.322534,0.225286,0.180171,0.098758,0.034324,0.542006,0.43138,0.533391,0.469986,0.110626,0.063406,0.48407,0.247371,0.197814,0.142514,-0.031842,0.621136,0.478621,0.490435,0.419283,0.142514,0.071152,0.267899,0.192385,0.153855,0.085878,0.012642,0.510327,0.41105,0.488034,0.443246,0.099276,0.044788,0.437148,0.194507,0.155539,0.121827,-0.050079,0.594008,0.472181,0.44646,0.379492,0.121827,0.066968,0.575395,0.186006,0.148736,0.146202,-0.01657,0.570043,0.423841,0.763481,0.746911,0.146202,0.01657,0.887437,0.420005,0.335873,0.154657,-0.15233,0.63444,0.479783,0.738764,0.514843,0.154657,0.223921,0.377987,0.158054,0.126383,0.124246,-0.014762,0.547521,0.423275,0.642982,0.62822,0.124246,0.014762,0.737686,0.247242,0.197709,0.111771,-0.127749,0.597283,0.485512,0.627976,0.486941,0.111771,0.141035,0.206288,0.114838,0.091832,0.085415,-0.025547,0.521331,0.435916,0.539575,0.514028,0.085415,0.025547,0.205578,0.129425,0.1035,0.091994,-0.041207,0.560507,0.468513,0.530899,0.489692,0.091994,0.041207,0.196642,0.104552,0.083611,0.06399,0.023067,0.479613,0.415623,0.407775,0.376581,0.06399,0.031195,0.196984,0.114148,0.091282,0.072024,0.005108,0.534277,0.462253,0.364951,0.339086,0.072024,0.025865
Nathan - Cut.mp4,single_athlete_training,38,data\processed\clips\Nathan - Cut\event_038_kick_candidate_right_ankle_t49p58.mp4,0.5998,0.8708,right_ankle,kick_candidate,0.8183,0,0.0,kick,cut_kick,linear_kicks,0.161764,0.054137,0.064934,0.018322,-0.023412,0.566409,0.530138,0.533391,0.50998,0.036271,0.023412,0.127348,0.070039,0.084013,-0.032632,0.029371,0.621136,0.588504,0.495286,0.458593,0.032632,0.036693,0.107577,0.043283,0.051915,0.029718,-0.021519,0.5341,0.496928,0.488271,0.466515,0.037172,0.021756,0.100582,0.044684,0.053599,-0.006574,0.03191,0.595241,0.58025,0.428291,0.396381,0.014991,0.03191,0.086376,0.022615,0.027125,-0.016024,-0.006448,0.570043,0.554019,0.751717,0.740463,0.016024,0.011254,0.72383,0.374704,0.449473,-0.047551,0.14369,0.713533,0.586889,0.730124,0.465271,0.126643,0.264854,0.079665,0.041803,0.050143,-0.008508,-0.007015,0.565572,0.539014,0.629157,0.621205,0.026558,0.007952,0.355946,0.214377,0.257153,-0.01741,0.112303,0.637601,0.579872,0.61253,0.443107,0.057728,0.169423,0.144797,0.055138,0.066136,0.026967,0.009797,0.564013,0.521331,0.524868,0.514028,0.042682,0.01084,0.10174,0.052037,0.06242,0.021183,0.00876,0.595557,0.560507,0.498452,0.479296,0.035049,0.019157,0.071166,0.04696,0.05633,0.036548,-0.038437,0.51616,0.479613,0.407775,0.369338,0.036548,0.038437,0.114095,0.046408,0.055669,0.041671,-0.029091,0.575948,0.534277,0.364951,0.334595,0.041671,0.030356
Nathan - Cut.mp4,single_athlete_training,39,data\processed\clips\Nathan - Cut\event_039_kick_candidate_right_ankle_t56p38.mp4,0.2,0.8957,right_ankle,kick_candidate,0.93895,0,0.0,kick,cut_kick,linear_kicks,0.292315,0.159158,0.127292,0.044267,0.071743,0.595312,0.533035,0.521369,0.446413,0.062277,0.074956,0.188117,0.071581,0.05724,0.034919,-0.011444,0.565245,0.525951,0.580181,0.568335,0.039294,0.011846,0.29584,0.119518,0.095577,0.054108,0.024219,0.591759,0.520587,0.454704,0.430123,0.071172,0.024581,0.270561,0.132213,0.105729,0.058774,-0.0005,0.535245,0.471328,0.552372,0.523138,0.063917,0.029234,0.960912,0.422861,0.338216,0.056378,-0.044649,0.721671,0.614621,0.646548,0.474688,0.10705,0.17186,1.189779,0.491368,0.392951,0.058106,-0.080468,0.552644,0.494538,0.836563,0.602189,0.058106,0.234374,0.573713,0.274882,0.219853,0.036749,-0.001713,0.64781,0.585108,0.581539,0.480999,0.062701,0.10054,0.809783,0.336396,0.269022,0.050361,-0.084639,0.553454,0.486521,0.722382,0.561357,0.066933,0.161025,0.194328,0.100717,0.080543,0.054117,-0.055705,0.582799,0.528682,0.525835,0.47013,0.054117,0.055705,0.365206,0.145272,0.116175,0.055189,-0.064924,0.548767,0.493578,0.581921,0.512209,0.055189,0.069712,0.26621,0.130523,0.104375,0.058624,0.004794,0.571176,0.512552,0.389309,0.350603,0.058624,0.038706,0.161655,0.105687,0.08452,0.063572,0.03208,0.533053,0.469481,0.440896,0.398868,0.063572,0.042028
Nathan - Cut.mp4,single_athlete_training,40,data\processed\clips\Nathan - Cut\event_040_kick_candidate_right_ankle_t59p18.mp4,0.2,0.8879,right_ankle,kick_candidate,0.890475,0,0.0,kick,cut_kick,linear_kicks,0.63885,0.337589,0.27,0.163559,-0.052671,0.52351,0.357521,0.541453,0.43903,0.165989,0.102423,0.648269,0.329828,0.26379,0.11611,-0.044867,0.564121,0.446911,0.525649,0.397607,0.11721,0.128041,0.53383,0.198462,0.158743,0.14529,-0.006918,0.484541,0.339251,0.478703,0.457692,0.14529,0.021011,0.525893,0.260796,0.208569,0.123892,-0.038022,0.548187,0.424295,0.458744,0.361512,0.123892,0.097232,0.750687,0.234758,0.187788,0.186376,-0.02197,0.536704,0.350328,0.782473,0.760503,0.186376,0.02197,1.021502,0.445618,0.356371,0.193324,-0.287079,0.640004,0.446679,0.75694,0.469861,0.193324,0.287079,0.407627,0.207474,0.165937,0.162902,-0.025968,0.525026,0.362124,0.668538,0.64257,0.162902,0.025968,0.678802,0.334209,0.26727,0.134035,-0.165844,0.585945,0.45191,0.632746,0.441399,0.134035,0.191346,0.233035,0.148428,0.118706,0.117663,-0.012865,0.492323,0.37466,0.56196,0.548874,0.117663,0.013086,0.240948,0.165025,0.131978,0.117167,-0.040228,0.529019,0.411852,0.545106,0.504878,0.117167,0.040228,0.212885,0.13227,0.105784,0.096099,0.033307,0.443082,0.346983,0.416184,0.379649,0.096099,0.036535,0.253594,0.146045,0.116803,0.094703,0.001953,0.497126,0.402424,0.361545,0.329713,0.094703,0.031832
Nathan - Cut.mp4,single_athlete_training,41,data\processed\clips\Nathan - Cut\event_041_kick_candidate_right_ankle_t60p38.mp4,0.1999,0.9189,right_ankle,kick_candidate,0.85595,0,0.0,kick,cut_kick,linear_kicks,0.369927,0.205936,0.164681,-0.128199,0.010952,0.508411,0.380212,0.503545,0.462744,0.128199,0.040801,0.460464,0.29939,0.239422,-0.152854,0.016876,0.549064,0.394249,0.497598,0.42041,0.154815,0.077188,0.332746,0.170921,0.136685,-0.128491,-0.027868,0.477908,0.349417,0.475904,0.448037,0.128491,0.027868,0.435592,0.230765,0.184533,-0.160094,0.027499,0.520482,0.360388,0.458883,0.406569,0.160094,0.052314,0.251959,0.081616,0.065264,-0.052081,-0.03793,0.522028,0.469947,0.762339,0.724409,0.052081,0.03793,1.246819,0.512781,0.410144,-0.300667,0.276991,0.653981,0.353314,0.808512,0.531521,0.300667,0.276991,0.224619,0.111196,0.088914,-0.077863,0.003884,0.506562,0.428698,0.651238,0.628289,0.077863,0.022949,0.786544,0.415846,0.332589,-0.217681,0.186961,0.587955,0.370275,0.707188,0.494879,0.217681,0.212308,0.245042,0.151392,0.121067,-0.117954,0.007687,0.5035,0.385546,0.551732,0.53457,0.117954,0.017161,0.365281,0.223513,0.178753,-0.148928,0.065478,0.535098,0.386171,0.566367,0.485922,0.148928,0.080445,0.307138,0.147317,0.117807,-0.088886,-0.049457,0.438515,0.349629,0.391062,0.339044,0.088886,0.052018,0.309058,0.216815,0.173392,-0.130975,-0.000705,0.490322,0.359347,0.38697,0.336848,0.130975,0.050123
Group - Axe Kick_compressed.mp4,single_athlete_training,14,data\processed\clips\Group - Axe Kick_compressed\event_014_kick_candidate_left_ankle_t82p88.mp4,0.4004,0.7922,left_ankle,kick_candidate,0.63834,0,0.0,kick,axe_kick,axe_kicks,0.400883,0.115115,0.11523,-0.005328,0.087133,0.347789,0.327125,0.658194,0.564744,0.020664,0.09345,0.18598,0.065415,0.065481,-0.006846,0.013831,0.306401,0.292965,0.584118,0.549394,0.013436,0.034724,0.046476,0.019045,0.019064,-0.01379,0.007848,0.348638,0.334341,0.599135,0.590911,0.014297,0.008224,0.117704,0.029078,0.029107,0.004377,-0.022841,0.286413,0.281746,0.575719,0.550137,0.004667,0.025582,0.404019,0.147461,0.147608,-0.000172,-0.01698,0.357016,0.318083,0.89239,0.821398,0.038932,0.070992,0.234473,0.089236,0.089325,0.000388,-0.007017,0.312186,0.300195,0.885398,0.839442,0.011991,0.045956,0.379226,0.188101,0.188289,-0.000491,0.034775,0.354033,0.322043,0.828715,0.724653,0.03199,0.104062,0.320629,0.152053,0.152205,-0.000558,0.033017,0.302775,0.294474,0.821408,0.730048,0.008301,0.09136,0.155874,0.069124,0.069194,-0.003995,0.005666,0.333409,0.324278,0.686778,0.650331,0.009131,0.036447,0.18295,0.080775,0.080856,0.000909,0.007584,0.303163,0.30205,0.685707,0.641496,0.001113,0.044211,0.014824,0.010839,0.01085,-0.002848,0.004029,0.343356,0.340375,0.536828,0.530044,0.002981,0.006784,0.029104,0.012688,0.012701,0.005012,-0.001472,0.303813,0.297488,0.527042,0.522858,0.006325,0.004184
Group - Axe Kick_compressed.mp4,single_athlete_training,18,data\processed\clips\Group - Axe Kick_compressed\event_018_kick_candidate_left_ankle_t109p51.mp4,0.6006,0.8386,left_ankle,kick_candidate,0.63565,0,0.0,kick,axe_kick,axe_kicks,0.656738,0.223803,0.268832,-0.005576,0.11929,0.339296,0.322259,0.643481,0.511807,0.017036,0.131675,0.296943,0.144367,0.173414,-0.017106,0.05266,0.314758,0.286671,0.591239,0.52063,0.028087,0.070609,0.165106,0.074433,0.089408,-0.013101,0.018054,0.344067,0.330352,0.600187,0.567382,0.013715,0.032806,0.124263,0.071094,0.085398,-0.005787,0.0074,0.295451,0.284135,0.575279,0.551058,0.011316,0.024221,0.420022,0.175396,0.210686,-0.001413,0.020453,0.318753,0.306772,0.887267,0.772774,0.011981,0.114493,0.87129,0.31268,0.375591,-0.001709,0.023289,0.315673,0.294626,0.896329,0.699072,0.021047,0.197257,0.280251,0.103206,0.12397,-0.00185,0.024535,0.324002,0.31417,0.795235,0.732752,0.009832,0.062484,0.649922,0.238499,0.286485,0.005106,0.022544,0.314637,0.288343,0.792937,0.641118,0.026294,0.151818,0.076403,0.036702,0.044087,-0.001298,0.019488,0.327978,0.319532,0.679702,0.660214,0.008446,0.019488,0.084581,0.028731,0.034512,0.006119,0.018653,0.306429,0.296688,0.677776,0.655295,0.009741,0.022481,0.037478,0.022922,0.027534,0.004488,0.002305,0.340059,0.33107,0.533446,0.53025,0.008989,0.003196,0.076846,0.023757,0.028537,0.018293,0.009085,0.310845,0.290143,0.528519,0.519434,0.020703,0.009085
Group - Axe Kick_compressed.mp4,single_athlete_training,23,data\processed\clips\Group - Axe Kick_compressed\event_023_punch_candidate_left_wrist_t4p21.mp4,0.2002,0.5326,left_wrist,punch_candidate,0.661025,0,0.0,kick,axe_kick,axe_kicks,0.174073,0.091387,0.073183,-0.004414,0.053608,0.370127,0.363106,0.648179,0.585285,0.007021,0.062894,0.47564,0.150878,0.120823,-0.012784,0.084177,0.337012,0.324228,0.650468,0.548777,0.012784,0.101691,0.027159,0.010388,0.008319,-0.0054,0.001519,0.369337,0.363886,0.610736,0.608042,0.005451,0.002694,0.087431,0.031054,0.024868,-0.000635,0.014913,0.298024,0.297389,0.60299,0.583111,0.000635,0.019879,0.032578,0.019702,0.015777,-0.000628,0.003351,0.331042,0.32726,0.888187,0.880062,0.003782,0.008125,0.044507,0.016551,0.013254,-0.002142,0.005413,0.318752,0.31661,0.895779,0.886876,0.002142,0.008903,0.046758,0.020857,0.016702,-0.001428,0.003309,0.338365,0.335646,0.797027,0.787725,0.002719,0.009302,0.042798,0.015559,0.012459,-0.000196,0.004922,0.327106,0.325871,0.791619,0.783114,0.001236,0.008505,0.01957,0.007445,0.005962,-0.003785,0.004404,0.348324,0.344539,0.678234,0.67383,0.003785,0.004404,0.013912,0.006432,0.00515,-0.00154,0.003594,0.326316,0.323798,0.676743,0.673149,0.002517,0.003594,0.004261,0.002471,0.001979,-2.6e-05,0.000471,0.362146,0.361315,0.541206,0.540536,0.000831,0.00067,0.02066,0.007244,0.005801,-0.002467,0.003734,0.318601,0.315307,0.529772,0.526038,0.003294,0.003734
Group - Axe Kick_compressed.mp4,single_athlete_training,24,data\processed\clips\Group - Axe Kick_compressed\event_024_punch_candidate_left_wrist_t7p81.mp4,0.4004,0.7131,left_wrist,punch_candidate,0.66576,0,0.0,kick,axe_kick,axe_kicks,0.263334,0.129412,0.129542,0.010046,-0.042038,0.367897,0.334001,0.577875,0.505721,0.033897,0.072154,0.614078,0.269636,0.269905,-0.032724,-0.013234,0.342715,0.263299,0.650812,0.530668,0.079416,0.120144,0.148969,0.081401,0.081483,0.017362,-0.027609,0.380619,0.356574,0.609219,0.562346,0.024045,0.046873,0.148321,0.066458,0.066525,-0.012011,-0.006877,0.298304,0.271668,0.596148,0.571923,0.026637,0.024225,0.155238,0.059749,0.059809,-0.002203,0.010896,0.328407,0.30737,0.911509,0.884935,0.021038,0.026573,0.165764,0.083758,0.083842,-0.004217,0.002165,0.316785,0.292994,0.904617,0.868595,0.023792,0.036022,0.206371,0.087757,0.087844,-0.007264,0.010125,0.332464,0.309671,0.817478,0.77679,0.022793,0.040689,0.220562,0.103443,0.103547,-0.017153,0.00524,0.320225,0.284615,0.800227,0.756481,0.03561,0.043746,0.099489,0.040661,0.040702,-0.009071,8.7e-05,0.34222,0.321482,0.679571,0.672551,0.020738,0.00702,0.128381,0.050905,0.050956,-0.01318,-0.004043,0.319995,0.291759,0.678575,0.668884,0.028236,0.009691,0.104833,0.045517,0.045563,9.4e-05,0.002762,0.358031,0.337169,0.540106,0.532379,0.020863,0.007727,0.140691,0.051969,0.052021,-0.004656,0.00016,0.311127,0.282992,0.528886,0.527015,0.028135,0.001871
Group - Axe Kick_compressed.mp4,single_athlete_training,28,data\processed\clips\Group - Axe Kick_compressed\event_028_punch_candidate_left_wrist_t13p01.mp4,0.4004,0.7515,left_wrist,punch_candidate,0.68716,0,0.0,kick,axe_kick,axe_kicks,0.440133,0.181752,0.181933,-0.008481,-0.097222,0.375714,0.340151,0.580467,0.482975,0.035563,0.097491,0.741883,0.324218,0.324542,-0.010258,-0.032747,0.34602,0.263158,0.644459,0.511458,0.082862,0.133001,0.123376,0.074059,0.074133,0.007146,-0.052069,0.378522,0.360536,0.604986,0.552917,0.017986,0.052069,0.155723,0.07047,0.07054,0.003163,-0.008213,0.305764,0.271555,0.58348,0.568299,0.034209,0.015181,0.101034,0.040611,0.040652,-0.000552,0.008036,0.331635,0.323382,0.897219,0.877293,0.008252,0.019927,0.522622,0.206103,0.206309,-0.011531,-0.005684,0.316942,0.252575,0.886757,0.799948,0.064367,0.086809,0.069372,0.029454,0.029483,0.003319,0.010685,0.332573,0.319577,0.797089,0.786404,0.012996,0.010685,0.322919,0.13253,0.132662,-0.001337,0.016842,0.314019,0.283811,0.795387,0.737543,0.030208,0.057844,0.055904,0.026617,0.026644,-0.002008,-0.003138,0.34309,0.329891,0.672868,0.669077,0.0132,0.003791,0.07285,0.03687,0.036907,-0.003222,-0.006628,0.318028,0.300635,0.672538,0.665188,0.017394,0.00735,0.084262,0.033897,0.033931,-0.003568,-0.006035,0.361855,0.345828,0.540371,0.531955,0.016027,0.008416,0.06817,0.027763,0.027791,-0.000101,0.000689,0.308205,0.294565,0.52881,0.527621,0.01364,0.001189
Group - Axe Kick_compressed.mp4,single_athlete_training,29,data\processed\clips\Group - Axe Kick_compressed\event_029_punch_candidate_left_wrist_t13p81.mp4,0.6006,0.7836,left_wrist,punch_candidate,0.696267,0,0.0,kick,axe_kick,axe_kicks,0.300162,0.13466,0.161754,0.007959,0.090861,0.368948,0.352457,0.607268,0.483245,0.016492,0.124023,0.107012,0.035335,0.042444,0.004354,0.026607,0.340116,0.326355,0.538065,0.511458,0.013761,0.026607,0.16292,0.057531,0.069106,-0.006852,0.046181,0.378522,0.363812,0.604981,0.552917,0.014711,0.052064,0.024827,0.010515,0.012631,-0.00481,0.001047,0.305764,0.300954,0.572502,0.567578,0.00481,0.004924,0.039904,0.019499,0.023423,0.004081,0.002797,0.336064,0.331083,0.890314,0.877891,0.004982,0.012424,0.104094,0.041955,0.050396,0.018247,0.018932,0.32796,0.305411,0.896167,0.870455,0.022549,0.025711,0.068582,0.027712,0.033288,-0.001838,0.001584,0.332573,0.329706,0.814225,0.797089,0.002867,0.017136,0.039813,0.018663,0.022417,0.004338,-0.005608,0.320478,0.312659,0.800082,0.789779,0.007819,0.010303,0.029489,0.008512,0.010224,0.000701,0.007785,0.341784,0.340127,0.677436,0.669093,0.001656,0.008343,0.039539,0.011773,0.014142,0.004444,0.009195,0.319251,0.314687,0.676373,0.665896,0.004564,0.010477,0.009002,0.005531,0.006644,0.001563,0.004804,0.35876,0.35669,0.536776,0.531955,0.00207,0.004821,0.047896,0.013906,0.016704,0.004753,0.000879,0.317904,0.307934,0.530474,0.52831,0.00997,0.002165
Group - Axe Kick_compressed.mp4,single_athlete_training,30,data\processed\clips\Group - Axe Kick_compressed\event_030_punch_candidate_left_wrist_t18p42.mp4,0.6006,0.7469,left_wrist,punch_candidate,0.675983,0,0.0,kick,axe_kick,axe_kicks,0.323713,0.173298,0.208166,-0.037639,0.042363,0.401325,0.324232,0.650738,0.580968,0.077093,0.06977,0.423151,0.174152,0.209191,-0.023884,0.047484,0.34202,0.270787,0.637083,0.545289,0.071233,0.091794,0.123441,0.064575,0.077568,-0.024799,-0.000945,0.372585,0.347786,0.608129,0.590397,0.024799,0.017733,0.127363,0.064024,0.076905,-0.004039,0.001419,0.302698,0.275282,0.597172,0.583693,0.027416,0.013479,0.029475,0.017549,0.02108,-0.001463,0.002078,0.330493,0.3247,0.88846,0.883974,0.005793,0.004486,0.052134,0.02074,0.024913,-0.006164,0.007721,0.318489,0.311999,0.891652,0.881222,0.00649,0.01043,0.103166,0.036383,0.043703,-0.000484,0.003322,0.332302,0.326865,0.802226,0.7823,0.005437,0.019926,0.053522,0.027923,0.033541,-0.005691,-0.000421,0.317991,0.309184,0.792799,0.782084,0.008807,0.010715,0.061744,0.028621,0.034379,-0.004938,-0.002073,0.344711,0.334556,0.675357,0.667007,0.010155,0.008349,0.068481,0.032332,0.038838,-0.007015,-0.006774,0.315898,0.30284,0.67437,0.665429,0.013058,0.00894,0.114254,0.045332,0.054452,-0.003641,-0.001478,0.372457,0.349608,0.538566,0.536516,0.022849,0.00205,0.070632,0.031293,0.037589,-0.008549,-0.00326,0.30726,0.293124,0.530977,0.527102,0.014136,0.003876
Group - Axe Kick_compressed.mp4,single_athlete_training,33,data\processed\clips\Group - Axe Kick_compressed\event_033_punch_candidate_left_wrist_t24p23.mp4,1.001,0.8034,left_wrist,punch_candidate,0.667325,0,0.0,kick,axe_kick,axe_kicks,0.379377,0.210546,0.337211,-0.011422,0.002817,0.406573,0.332708,0.637349,0.571724,0.073865,0.065626,0.601945,0.287436,0.460357,-0.002166,0.026371,0.331625,0.269751,0.657155,0.53703,0.061875,0.120125,0.147208,0.057447,0.092008,-0.007913,0.004596,0.372601,0.348043,0.599569,0.581064,0.024558,0.018505,0.121443,0.069013,0.110531,0.002791,0.017615,0.297358,0.270991,0.596139,0.56829,0.026367,0.027848,0.086211,0.026856,0.043013,-0.001261,-0.005473,0.324533,0.313562,0.875897,0.859358,0.010971,0.016539,0.055744,0.02895,0.046366,-0.002809,-0.006242,0.315173,0.305495,0.884096,0.863324,0.009678,0.020773,0.134169,0.042825,0.068589,-0.002535,-0.004445,0.324754,0.309127,0.778933,0.748729,0.015627,0.030204,0.144724,0.050554,0.080967,0.000614,-0.000994,0.313802,0.293418,0.77299,0.739514,0.020384,0.033476,0.069405,0.029274,0.046885,-0.001633,-0.003935,0.339128,0.328207,0.670083,0.651555,0.010921,0.018528,0.075577,0.03534,0.0566,-0.000582,-0.0039,0.313017,0.298133,0.668895,0.652149,0.014884,0.016745,0.057312,0.024659,0.039493,-0.000158,5.8e-05,0.35761,0.346148,0.536931,0.531566,0.011462,0.005366,0.089868,0.029805,0.047736,-0.001998,-0.002313,0.306407,0.289451,0.529484,0.519322,0.016955,0.010162
Group - Axe Kick_compressed.mp4,single_athlete_training,35,data\processed\clips\Group - Axe Kick_compressed\event_035_punch_candidate_left_wrist_t27p03.mp4,0.4004,0.8125,left_wrist,punch_candidate,0.66194,0,0.0,kick,axe_kick,axe_kicks,0.451969,0.196755,0.196952,-0.026865,0.028906,0.393384,0.303593,0.621619,0.563743,0.089791,0.057876,0.358343,0.151379,0.15153,-0.034394,0.076415,0.337054,0.30266,0.620961,0.544546,0.034394,0.076415,0.151472,0.095117,0.095212,-0.016611,-0.02335,0.377276,0.346977,0.601356,0.578006,0.030299,0.02335,0.194059,0.099391,0.09949,-0.016143,0.00383,0.30247,0.277814,0.59349,0.55464,0.024656,0.038851,0.111802,0.0432,0.043243,-0.009379,0.032836,0.327691,0.316217,0.900081,0.863936,0.011474,0.036146,0.232197,0.094891,0.094986,-0.011076,0.014335,0.311505,0.290164,0.897631,0.851257,0.021341,0.046374,0.11456,0.038546,0.038584,-0.001431,0.022882,0.325114,0.318232,0.794528,0.767645,0.006883,0.026882,0.312918,0.132584,0.132717,-0.014912,0.003832,0.315504,0.281912,0.780752,0.720198,0.033592,0.060555,0.096794,0.046825,0.046872,-0.002436,0.000804,0.336225,0.319245,0.673501,0.663465,0.01698,0.010036,0.118304,0.057037,0.057094,-0.006956,0.001478,0.308248,0.284965,0.670983,0.660113,0.023283,0.010869,0.112694,0.053542,0.053595,-0.001322,0.000282,0.356419,0.336354,0.538321,0.528005,0.020065,0.010315,0.166954,0.07688,0.076957,-0.004506,-0.004547,0.30488,0.271632,0.530798,0.521714,0.033248,0.009084
Group - Axe Kick_compressed.mp4,single_athlete_training,39,data\processed\clips\Group - Axe Kick_compressed\event_039_punch_candidate_left_wrist_t39p24.mp4,0.4004,0.7502,left_wrist,punch_candidate,0.61172,0,0.0,kick,axe_kick,axe_kicks,0.379137,0.19171,0.191901,-0.018174,0.031222,0.344441,0.320607,0.644444,0.53753,0.023834,0.106914,0.261592,0.091712,0.091804,0.001527,-0.014181,0.317781,0.30826,0.588426,0.536928,0.009521,0.051498,0.092016,0.044854,0.044899,-0.010298,-0.003942,0.350025,0.333643,0.605329,0.587941,0.016381,0.017388,0.09671,0.028825,0.028854,0.004716,-0.013237,0.298509,0.293513,0.592983,0.573624,0.004996,0.019359,0.088065,0.026246,0.026272,0.000679,0.010733,0.317095,0.315506,0.905685,0.888075,0.001589,0.01761,0.096839,0.031866,0.031898,0.004623,0.00735,0.315626,0.310576,0.905055,0.886295,0.00505,0.01876,0.052637,0.026728,0.026755,-0.00073,0.003988,0.321359,0.317499,0.805351,0.790825,0.00386,0.014526,0.056858,0.030817,0.030848,0.00852,0.008427,0.324313,0.315329,0.800731,0.782351,0.008983,0.018379,0.060997,0.027524,0.027551,0.00112,0.003158,0.328674,0.327553,0.686253,0.670935,0.001121,0.015318,0.063709,0.029213,0.029242,0.002352,0.000834,0.313756,0.31063,0.680904,0.667322,0.003126,0.013582,0.008721,0.005485,0.005491,-0.003489,0.000384,0.345696,0.342207,0.538707,0.537143,0.003489,0.001564,0.045348,0.020576,0.020597,0.007669,0.000109,0.315264,0.306194,0.525308,0.519361,0.00907,0.005946
Group - Axe Kick_compressed.mp4,single_athlete_training,40,data\processed\clips\Group - Axe Kick_compressed\event_040_punch_candidate_left_wrist_t42p24.mp4,0.4004,0.7842,left_wrist,punch_candidate,0.60486,0,0.0,kick,axe_kick,axe_kicks,0.799714,0.295199,0.295494,-0.001006,-0.027049,0.356914,0.344577,0.681943,0.521948,0.012337,0.159996,0.362849,0.110024,0.110134,-0.004016,-0.052877,0.3224,0.298885,0.604976,0.533868,0.023515,0.071108,0.104129,0.03635,0.036387,0.001857,-0.007866,0.355825,0.348502,0.614945,0.594869,0.007322,0.020077,0.092677,0.027859,0.027887,0.001314,-0.014371,0.291694,0.286889,0.578969,0.559204,0.004804,0.019765,0.15572,0.052259,0.052311,0.001728,-0.015453,0.328425,0.322545,0.895095,0.86392,0.00588,0.031175,0.051442,0.020888,0.020909,0.00141,-0.00205,0.315808,0.311966,0.889185,0.878887,0.003842,0.010299,0.106308,0.050895,0.050946,0.009088,6.8e-05,0.341053,0.328026,0.800292,0.779017,0.013027,0.021275,0.220438,0.080071,0.080151,-0.002117,-0.01149,0.315517,0.308066,0.795935,0.751954,0.007451,0.043981,0.072397,0.029768,0.029798,0.002707,-0.00454,0.339241,0.334887,0.683858,0.667572,0.004354,0.016286,0.083503,0.037446,0.037484,6.3e-05,-0.008099,0.312894,0.305559,0.677626,0.66069,0.007335,0.016936,0.005613,0.002242,0.002245,-0.001135,-0.00147,0.350526,0.349262,0.542851,0.54138,0.001264,0.00147,0.060224,0.023171,0.023195,0.009523,-2e-06,0.312211,0.299231,0.527142,0.520843,0.01298,0.006299
Group - Axe Kick_compressed.mp4,single_athlete_training,43,data\processed\clips\Group - Axe Kick_compressed\event_043_punch_candidate_left_wrist_t51p45.mp4,0.6006,0.8218,left_wrist,punch_candidate,0.605117,0,0.0,kick,axe_kick,axe_kicks,0.52279,0.203231,0.244121,0.01913,0.025273,0.366218,0.321687,0.617563,0.493808,0.044532,0.123755,0.1453,0.053147,0.06384,0.003934,-0.000165,0.306796,0.294731,0.540592,0.512843,0.012065,0.027749,0.163324,0.057371,0.068914,0.009562,0.011192,0.363357,0.334901,0.588378,0.561081,0.028456,0.027297,0.026225,0.014256,0.017125,-0.006895,-0.009621,0.299651,0.292755,0.553868,0.542819,0.006895,0.011049,0.069031,0.024786,0.029773,0.003226,0.014167,0.322795,0.316794,0.862956,0.841931,0.006002,0.021025,0.073886,0.02627,0.031556,0.003746,0.014064,0.311511,0.307421,0.87037,0.848393,0.00409,0.021978,0.038341,0.012699,0.015254,0.001117,0.006703,0.322955,0.321112,0.773073,0.76226,0.001844,0.010814,0.03267,0.016382,0.019678,0.001708,0.009096,0.322138,0.316014,0.772048,0.759625,0.006124,0.012423,0.020254,0.007572,0.009096,-0.002445,0.004544,0.331818,0.328961,0.671612,0.665565,0.002857,0.006047,0.021949,0.013036,0.015659,-0.000926,0.00748,0.314945,0.311499,0.670769,0.662077,0.003446,0.008693,0.010354,0.004977,0.005979,0.000172,0.00127,0.346635,0.344338,0.535514,0.534066,0.002297,0.001447,0.0423,0.014109,0.016948,-0.001328,-0.002443,0.319592,0.311138,0.530595,0.527614,0.008454,0.002981
Group - Axe Kick_compressed.mp4,single_athlete_training,44,data\processed\clips\Group - Axe Kick_compressed\event_044_punch_candidate_left_wrist_t55p66.mp4,0.4004,0.7342,left_wrist,punch_candidate,0.65932,0,0.0,kick,axe_kick,axe_kicks,0.430535,0.191946,0.192138,0.003331,0.003633,0.357489,0.335959,0.640329,0.550404,0.02153,0.089926,0.15091,0.04848,0.048528,0.00745,-0.016756,0.30185,0.293711,0.586213,0.556032,0.008139,0.030181,0.081393,0.039054,0.039093,0.000804,0.00287,0.35643,0.341101,0.60355,0.591926,0.015329,0.011624,0.158244,0.055929,0.055985,-0.002456,-0.01581,0.289777,0.2863,0.586143,0.550598,0.003477,0.035546,0.271757,0.127194,0.127321,0.01102,0.013714,0.361125,0.31882,0.858333,0.80714,0.042304,0.051192,0.622074,0.275103,0.275378,0.006172,0.017237,0.362536,0.30557,0.867619,0.735099,0.056966,0.13252,0.292884,0.112972,0.113085,0.008389,-0.003428,0.34971,0.321906,0.774626,0.721766,0.027804,0.05286,0.426619,0.196462,0.196658,-0.005013,0.004387,0.32101,0.305792,0.776455,0.68018,0.015218,0.096274,0.057067,0.014376,0.014391,0.002824,-0.008925,0.335212,0.330547,0.673764,0.663286,0.004665,0.010478,0.05624,0.025654,0.02568,-0.005217,-0.008882,0.313325,0.302092,0.673798,0.66317,0.011233,0.010629,0.057578,0.021737,0.021759,0.002905,0.006155,0.348993,0.343404,0.543524,0.532043,0.005588,0.011481,0.103936,0.036877,0.036914,-0.007907,-0.003754,0.314341,0.293576,0.530996,0.525904,0.020765,0.005092
Group - Axe Kick_compressed.mp4,single_athlete_training,45,data\processed\clips\Group - Axe Kick_compressed\event_045_punch_candidate_left_wrist_t62p26.mp4,0.4004,0.7492,left_wrist,punch_candidate,0.64756,0,0.0,kick,axe_kick,axe_kicks,0.519698,0.216188,0.216404,-0.008374,-0.015256,0.360747,0.328531,0.639899,0.535856,0.032216,0.104043,0.15882,0.058349,0.058407,-0.001895,-0.010509,0.320361,0.306269,0.555143,0.52578,0.014093,0.029363,0.099609,0.052688,0.052741,0.003033,0.005332,0.359035,0.338122,0.610065,0.593616,0.020912,0.016449,0.061793,0.031767,0.031798,0.007528,0.005928,0.293836,0.286308,0.575551,0.557786,0.007528,0.017765,0.247019,0.093191,0.093285,0.000574,-0.007348,0.332656,0.318658,0.88224,0.834336,0.013998,0.047904,0.147236,0.059124,0.059183,0.009746,0.00202,0.315749,0.302684,0.878279,0.851856,0.013065,0.026423,0.034543,0.02038,0.0204,-0.001712,0.004356,0.328599,0.321259,0.794675,0.788683,0.00734,0.005991,0.034827,0.01771,0.017728,0.000371,-0.006466,0.311029,0.306435,0.79232,0.781888,0.004594,0.010432,0.018786,0.005323,0.005328,0.00341,0.00167,0.333105,0.329349,0.679751,0.678081,0.003756,0.00167,0.042011,0.014942,0.014957,-0.002218,-0.001235,0.309667,0.301309,0.677823,0.675648,0.008358,0.002174,0.043351,0.018932,0.018951,0.000839,0.005607,0.346541,0.341018,0.543819,0.534385,0.005523,0.009434,0.067355,0.026452,0.026479,-0.000591,0.000708,0.307197,0.293915,0.525001,0.522512,0.013282,0.002489
Group - Axe Kick_compressed.mp4,single_athlete_training,46,data\processed\clips\Group - Axe Kick_compressed\event_046_punch_candidate_left_wrist_t65p27.mp4,0.4004,0.7607,left_wrist,punch_candidate,0.62468,0,0.0,kick,axe_kick,axe_kicks,0.616545,0.257226,0.257483,-0.003136,0.004873,0.352104,0.334439,0.66027,0.532823,0.017665,0.127447,0.214261,0.104597,0.104702,-0.001649,0.016551,0.313745,0.310462,0.591997,0.548094,0.003283,0.043903,0.089662,0.038622,0.03866,-0.002868,-0.000138,0.353669,0.335131,0.603477,0.594722,0.018538,0.008755,0.13095,0.047062,0.047109,0.000616,0.005309,0.287762,0.285193,0.599111,0.573021,0.002569,0.02609,0.058658,0.017272,0.017289,-0.00501,0.007364,0.32213,0.317121,0.902489,0.890957,0.00501,0.011532,0.042805,0.011561,0.011573,-0.001072,0.008116,0.308254,0.30646,0.902869,0.893831,0.001794,0.009038,0.020213,0.008223,0.008232,-0.002734,0.003925,0.323108,0.320033,0.806004,0.80076,0.003075,0.005244,0.028925,0.008724,0.008733,0.00032,0.00408,0.311559,0.31028,0.801165,0.795516,0.00128,0.005649,0.010673,0.003764,0.003768,-0.003587,0.000852,0.328045,0.324458,0.683386,0.682534,0.003587,0.000852,0.005366,0.00263,0.002632,-0.000723,0.002387,0.307763,0.306955,0.681611,0.679217,0.000808,0.002394,0.007218,0.004567,0.004572,-0.001001,0.000841,0.345686,0.343241,0.538701,0.537683,0.002446,0.001018,0.008314,0.004056,0.00406,-0.000309,6e-05,0.304452,0.302898,0.521669,0.520646,0.001553,0.001023
Group - Axe Kick_compressed.mp4,single_athlete_training,49,data\processed\clips\Group - Axe Kick_compressed\event_049_punch_candidate_left_wrist_t79p28.mp4,0.6006,0.9099,left_wrist,punch_candidate,0.659333,0,0.0,kick,axe_kick,axe_kicks,0.841618,0.295937,0.35548,0.002035,0.007114,0.341722,0.329271,0.671519,0.49406,0.012451,0.177459,0.412626,0.145586,0.174878,0.007774,-0.024056,0.314104,0.294203,0.640618,0.544218,0.019902,0.0964,0.329361,0.116482,0.139918,0.004636,0.015502,0.355935,0.335543,0.616562,0.550929,0.020391,0.065633,0.169621,0.056115,0.067405,-0.001155,0.003343,0.283629,0.279948,0.604654,0.5707,0.003682,0.033954,0.048966,0.01997,0.023988,4.7e-05,-0.000465,0.323938,0.323165,0.925295,0.913249,0.000773,0.012046,0.02966,0.01724,0.020709,0.001063,0.000861,0.304409,0.302794,0.921834,0.915908,0.001615,0.005926,0.055324,0.01901,0.022834,-0.001332,0.002112,0.328389,0.324209,0.828734,0.817683,0.00418,0.011052,0.064821,0.02748,0.033009,0.000307,0.00507,0.304357,0.298791,0.826576,0.813602,0.005566,0.012974,0.072935,0.02937,0.03528,-0.001474,0.00258,0.329992,0.326524,0.69572,0.681536,0.003469,0.014184,0.072405,0.024161,0.029022,-0.007017,0.001764,0.306126,0.293891,0.693482,0.683739,0.012236,0.009742,0.035787,0.019553,0.023487,0.005464,0.003149,0.348437,0.341826,0.540716,0.534591,0.006611,0.006125,0.066159,0.025385,0.030492,-0.008539,-0.001156,0.307308,0.290092,0.533237,0.525484,0.017215,0.007754
Group - Axe Kick_compressed.mp4,single_athlete_training,51,data\processed\clips\Group - Axe Kick_compressed\event_051_punch_candidate_left_wrist_t82p68.mp4,0.4004,0.7025,left_wrist,punch_candidate,0.63956,0,0.0,kick,axe_kick,axe_kicks,0.400883,0.179145,0.179324,-0.000781,0.022664,0.347789,0.329438,0.658194,0.564744,0.018351,0.09345,0.18598,0.068444,0.068512,-0.003996,0.010512,0.306401,0.292965,0.584118,0.549394,0.013436,0.034724,0.065477,0.02989,0.02992,0.00082,0.003939,0.348638,0.335742,0.599135,0.590911,0.012896,0.008224,0.117704,0.03393,0.033963,0.005744,-0.018074,0.286413,0.280571,0.575719,0.550137,0.005843,0.025582,0.404019,0.150135,0.150285,0.000482,-0.025142,0.357016,0.318255,0.897876,0.821398,0.038761,0.076478,0.234473,0.104068,0.104172,-0.002166,-0.025121,0.312186,0.300195,0.902525,0.839442,0.011991,0.063084,0.379226,0.19958,0.199779,-0.001234,0.013022,0.354033,0.322043,0.823592,0.724653,0.03199,0.098939,0.320629,0.162305,0.162468,-0.006237,0.02158,0.306822,0.294474,0.821172,0.730048,0.012348,0.091125,0.155874,0.068413,0.068482,0.004455,-0.006476,0.333409,0.323659,0.686476,0.650331,0.00975,0.036145,0.18295,0.081031,0.081112,-0.003193,-0.003317,0.306357,0.30205,0.682872,0.641496,0.004306,0.041376,0.031084,0.014129,0.014143,0.005438,0.000302,0.343356,0.337354,0.535172,0.530044,0.006002,0.005128,0.053855,0.021117,0.021138,-0.005995,-0.005758,0.3094,0.297488,0.52902,0.522858,0.011912,0.006161
Group - Axe Kick_compressed.mp4,single_athlete_training,52,data\processed\clips\Group - Axe Kick_compressed\event_052_punch_candidate_left_wrist_t85p69.mp4,0.8008,0.8904,left_wrist,punch_candidate,0.673114,0,0.0,kick,axe_kick,axe_kicks,0.513506,0.275876,0.386613,-0.002342,-0.003424,0.365283,0.329671,0.643569,0.477388,0.035612,0.166181,0.101947,0.043291,0.060668,-0.010804,0.018278,0.313046,0.295303,0.565688,0.540508,0.017743,0.02518,0.170487,0.080436,0.112724,-0.00069,-0.003707,0.357153,0.338245,0.597236,0.551655,0.018908,0.045581,0.108126,0.04518,0.063315,-0.00118,0.00729,0.284189,0.277845,0.570126,0.549147,0.006344,0.020979,0.184503,0.050303,0.070495,-0.000607,-0.013096,0.317306,0.314184,0.892228,0.85251,0.003122,0.039717,0.17716,0.052393,0.073424,0.002916,-0.018809,0.30589,0.300448,0.899536,0.85535,0.005442,0.044186,0.025773,0.010341,0.014491,0.000527,0.005354,0.319823,0.317287,0.798928,0.790483,0.002536,0.008445,0.034455,0.017046,0.023888,-0.001055,-0.010428,0.306249,0.299439,0.792674,0.780901,0.006809,0.011773,0.031595,0.016537,0.023175,0.004255,-0.0075,0.327501,0.320806,0.680056,0.666893,0.006695,0.013163,0.056194,0.021048,0.029496,0.00118,-0.010536,0.303647,0.292732,0.679307,0.665576,0.010915,0.013731,0.033492,0.014908,0.020892,0.000228,-0.001321,0.343585,0.336922,0.535996,0.533902,0.006663,0.002094,0.073625,0.023678,0.033182,0.0059,-0.00416,0.307871,0.288795,0.526899,0.522183,0.019076,0.004716
Group - Axe Kick_compressed.mp4,single_athlete_training,53,data\processed\clips\Group - Axe Kick_compressed\event_053_punch_candidate_left_wrist_t90p29.mp4,0.8008,0.802,left_wrist,punch_candidate,0.659414,0,0.0,kick,axe_kick,axe_kicks,0.393114,0.177471,0.248708,0.004338,0.011205,0.331782,0.306984,0.641293,0.553348,0.024798,0.087945,0.107295,0.062023,0.086919,0.002982,-0.002226,0.306229,0.2855,0.554583,0.538754,0.020729,0.015829,0.170578,0.079825,0.111867,0.003058,0.001289,0.332303,0.320675,0.584106,0.54976,0.011629,0.034346,0.055861,0.027294,0.03825,-0.005479,-0.001366,0.289922,0.284126,0.558784,0.546459,0.005797,0.012324,0.189364,0.051249,0.07182,-0.002391,-0.006813,0.317143,0.308363,0.87536,0.837995,0.00878,0.037366,0.165181,0.04192,0.058746,-0.002516,-0.009542,0.306578,0.299565,0.883964,0.851282,0.007013,0.032682,0.03212,0.014809,0.020753,-0.002191,-0.005858,0.320254,0.316672,0.800083,0.793548,0.003582,0.006535,0.026381,0.012637,0.01771,-0.002112,-0.00356,0.309633,0.305971,0.795169,0.788108,0.003662,0.007062,0.018858,0.009508,0.013325,-0.002135,-0.001826,0.327327,0.323562,0.678623,0.674753,0.003765,0.003871,0.038105,0.010018,0.01404,-0.001593,-0.006007,0.308575,0.305167,0.680796,0.6721,0.003408,0.008696,0.053545,0.017022,0.023855,-0.002955,-0.00373,0.339969,0.330974,0.534015,0.527793,0.008995,0.006222,0.026086,0.008186,0.011472,-0.003116,-0.004611,0.31301,0.308185,0.528257,0.522835,0.004825,0.005422
Group - Axe Kick_compressed.mp4,single_athlete_training,54,data\processed\clips\Group - Axe Kick_compressed\event_054_punch_candidate_left_wrist_t100p30.mp4,0.6006,0.8438,left_wrist,punch_candidate,0.625467,0,0.0,kick,axe_kick,axe_kicks,0.635369,0.220422,0.264771,-0.01068,-0.01718,0.363349,0.324767,0.645685,0.518486,0.038582,0.1272,0.05815,0.027097,0.032549,-0.002679,-0.005573,0.304628,0.295294,0.565934,0.551927,0.009334,0.014007,0.191562,0.079853,0.095919,-0.005573,-0.004905,0.354465,0.332047,0.594207,0.556964,0.022418,0.037243,0.075516,0.03742,0.044949,-0.001164,0.004452,0.283856,0.28006,0.56943,0.554177,0.003796,0.015254,0.094503,0.025743,0.030923,-0.002029,0.007644,0.313458,0.31093,0.878665,0.859749,0.002528,0.018916,0.101139,0.028552,0.034296,-0.002762,0.008396,0.307439,0.303117,0.885076,0.864828,0.004322,0.020248,0.074369,0.027002,0.032434,-0.003314,0.017776,0.318377,0.31499,0.790452,0.765706,0.003387,0.024745,0.05328,0.022063,0.026503,-0.000846,0.015752,0.311128,0.308231,0.788029,0.767331,0.002897,0.020698,0.029672,0.012295,0.014768,-0.002108,0.002907,0.327235,0.322971,0.67536,0.667861,0.004264,0.007498,0.036375,0.012754,0.01532,-0.002952,0.002338,0.308786,0.302843,0.672333,0.665787,0.005943,0.006547,0.051553,0.017722,0.021288,-4.4e-05,-1.9e-05,0.342317,0.33758,0.536494,0.527324,0.004738,0.009169,0.036368,0.015354,0.018444,0.002582,0.004683,0.310297,0.300434,0.526518,0.521835,0.009862,0.004683
Group - Axe Kick_compressed.mp4,single_athlete_training,55,data\processed\clips\Group - Axe Kick_compressed\event_055_punch_candidate_left_wrist_t104p51.mp4,0.8008,0.8006,left_wrist,punch_candidate,0.604329,0,0.0,kick,axe_kick,axe_kicks,0.30899,0.135373,0.189712,0.003461,0.082148,0.355091,0.335443,0.6197,0.510005,0.019649,0.109695,0.431557,0.184312,0.258294,0.003349,-0.060336,0.291415,0.257737,0.640281,0.535839,0.033678,0.104441,0.128913,0.07653,0.107249,0.003547,0.045717,0.347603,0.33444,0.604098,0.534761,0.013163,0.069337,0.213001,0.088892,0.124573,-0.009869,-0.034265,0.287281,0.273842,0.621543,0.57172,0.013438,0.049823,0.239973,0.107945,0.151274,-0.041251,0.090011,0.362357,0.321106,0.853294,0.750642,0.041251,0.102652,0.270961,0.120885,0.169409,-0.032394,0.062103,0.350947,0.316737,0.851017,0.755957,0.03421,0.09506,0.181639,0.077252,0.108261,-0.012632,0.090469,0.349827,0.335549,0.77838,0.68344,0.014278,0.09494,0.187791,0.078969,0.110668,-0.019183,0.072204,0.349537,0.329557,0.77449,0.690181,0.01998,0.084308,0.099234,0.044559,0.062445,-0.022091,0.050985,0.358565,0.335523,0.666094,0.613406,0.023042,0.052688,0.09319,0.038862,0.054461,-0.022832,0.034336,0.344861,0.31992,0.678977,0.639037,0.024941,0.03994,0.048588,0.029614,0.041501,0.007612,0.010053,0.33732,0.328924,0.533498,0.515877,0.008396,0.017621,0.111769,0.041209,0.05775,0.009303,-0.026601,0.311875,0.297476,0.559118,0.52927,0.014399,0.029848
Group - Axe Kick_compressed.mp4,single_athlete_training,56,data\processed\clips\Group - Axe Kick_compressed\event_056_punch_candidate_left_wrist_t106p91.mp4,0.4004,0.8122,left_wrist,punch_candidate,0.63418,0,0.0,kick,axe_kick,axe_kicks,0.579586,0.269681,0.269951,-0.008818,0.004106,0.359791,0.328256,0.639141,0.519002,0.031535,0.120139,0.073227,0.032655,0.032688,-0.00997,0.009039,0.31175,0.294566,0.549646,0.537602,0.017184,0.012044,0.124573,0.067711,0.067779,-0.010701,0.00067,0.353034,0.333645,0.59671,0.572241,0.01939,0.024469,0.061244,0.038512,0.03855,0.006815,-0.005163,0.288855,0.274571,0.571946,0.557464,0.014285,0.014482,0.083584,0.035643,0.035679,-0.004683,0.005559,0.321959,0.313213,0.890676,0.87427,0.008746,0.016406,0.057588,0.024565,0.02459,0.004284,-0.001256,0.306056,0.300584,0.893685,0.883135,0.005472,0.010549,0.032791,0.022399,0.022421,-0.002772,0.002943,0.322311,0.316491,0.799825,0.79315,0.00582,0.006675,0.033955,0.01474,0.014755,0.001899,-9.4e-05,0.309699,0.30581,0.796756,0.790162,0.00389,0.006594,0.036075,0.014552,0.014566,-0.00405,0.002989,0.328632,0.321719,0.680168,0.675089,0.006913,0.005079,0.039098,0.018884,0.018902,0.00161,-0.000251,0.305905,0.296517,0.678427,0.676698,0.009388,0.001729,0.051488,0.027586,0.027614,-0.001502,0.004242,0.349573,0.339525,0.540084,0.53496,0.010048,0.005123,0.062815,0.029575,0.029605,0.00306,-0.002288,0.307194,0.291563,0.527257,0.524649,0.015632,0.002608
Group - Axe Kick_compressed.mp4,single_athlete_training,57,data\processed\clips\Group - Axe Kick_compressed\event_057_punch_candidate_left_wrist_t109p31.mp4,1.001,0.8466,left_wrist,punch_candidate,0.63255,0,0.0,kick,axe_kick,axe_kicks,0.673986,0.254037,0.406865,-0.010672,-0.017057,0.339296,0.321834,0.646718,0.511807,0.017462,0.134912,0.296943,0.136378,0.218423,-0.008355,0.009816,0.314758,0.286671,0.591239,0.52063,0.028087,0.070609,0.165106,0.078295,0.125397,-0.003373,-0.006403,0.344067,0.330352,0.600187,0.567382,0.013715,0.032806,0.124263,0.059048,0.094572,-0.000466,0.01295,0.295451,0.284135,0.575279,0.551058,0.011316,0.024221,0.420022,0.153773,0.246282,-0.001628,-0.015138,0.318753,0.306772,0.892903,0.772774,0.011981,0.120129,0.87129,0.25917,0.415087,0.00103,-0.015817,0.315673,0.294626,0.896618,0.699072,0.021047,0.197546,0.280251,0.099285,0.159014,-0.001934,-0.010478,0.324002,0.31417,0.803213,0.732752,0.009832,0.070461,0.649922,0.203607,0.326098,0.000858,-0.016782,0.314637,0.288343,0.796675,0.641118,0.026294,0.155557,0.12317,0.04568,0.073161,0.002847,-0.004883,0.327978,0.319532,0.684872,0.660214,0.008446,0.024657,0.119446,0.036993,0.059247,-0.000659,-0.004962,0.306429,0.296688,0.681969,0.655295,0.009741,0.026673,0.053891,0.026573,0.04256,-0.000139,-0.003103,0.340059,0.33107,0.53653,0.53025,0.008989,0.00628,0.084318,0.028784,0.0461,0.002475,0.005035,0.310845,0.290143,0.52905,0.519434,0.020703,0.009616
Group - Axe Kick_compressed.mp4,single_athlete_training,61,data\processed\clips\Group - Axe Kick_compressed\event_061_kick_candidate_right_ankle_t13p41.mp4,0.4004,0.8421,right_ankle,kick_candidate,0.69778,0,0.0,kick,axe_kick,axe_kicks,0.300162,0.138294,0.138432,0.018922,0.080718,0.360989,0.340151,0.563694,0.482975,0.020838,0.080718,0.38644,0.178789,0.178968,0.063198,-0.107664,0.335762,0.263158,0.644459,0.511458,0.072605,0.133001,0.16292,0.070621,0.070691,0.003275,0.027805,0.378522,0.360536,0.590258,0.552917,0.017986,0.037341,0.147108,0.042209,0.042251,0.031393,-0.012333,0.305764,0.271555,0.58348,0.568299,0.034209,0.015181,0.039904,0.02778,0.027807,0.008418,-0.008684,0.336064,0.323382,0.891393,0.877891,0.012682,0.013502,0.522622,0.230416,0.230646,0.015725,0.007489,0.32796,0.252575,0.89339,0.799948,0.075385,0.093441,0.069372,0.040153,0.040193,0.002382,0.021317,0.332573,0.319577,0.814225,0.792192,0.012996,0.022033,0.322919,0.120807,0.120927,0.017341,0.021721,0.320478,0.283811,0.800082,0.737543,0.036667,0.062539,0.055904,0.024464,0.024489,0.007194,0.004568,0.341083,0.329891,0.677436,0.669077,0.011192,0.008359,0.070879,0.033279,0.033312,0.015988,0.004012,0.318795,0.300635,0.676373,0.665188,0.018161,0.011184,0.056682,0.017951,0.017969,0.011225,0.000263,0.357196,0.345828,0.53537,0.531955,0.011368,0.003415,0.062351,0.024396,0.02442,0.023339,0.001645,0.317904,0.294565,0.530455,0.52831,0.023339,0.002145
Group - Axe Kick_compressed.mp4,single_athlete_training,70,data\processed\clips\Group - Axe Kick_compressed\event_070_kick_candidate_right_ankle_t55p86.mp4,0.4004,0.8753,right_ankle,kick_candidate,0.66298,0,0.0,kick,axe_kick,axe_kicks,0.419318,0.109215,0.109324,-2.6e-05,0.089629,0.357489,0.335933,0.640329,0.550404,0.021555,0.089926,0.15091,0.045731,0.045777,0.002773,-0.018446,0.30185,0.297976,0.586213,0.556032,0.003873,0.030181,0.048678,0.027431,0.027458,-0.017422,-0.006307,0.35643,0.339008,0.60355,0.591146,0.017422,0.012404,0.158244,0.051009,0.05106,0.001163,-0.038108,0.287827,0.2863,0.586143,0.548036,0.001528,0.038108,0.271757,0.132492,0.132625,0.002933,0.018589,0.361125,0.319681,0.860977,0.80714,0.041444,0.053837,0.622074,0.274348,0.274623,0.00491,0.026202,0.362536,0.30557,0.871443,0.735099,0.056966,0.136344,0.292884,0.12083,0.120951,0.003346,0.005096,0.34971,0.321906,0.778487,0.721766,0.027804,0.05672,0.426619,0.184888,0.185073,0.007383,0.015233,0.32101,0.305792,0.779455,0.68018,0.015218,0.099275,0.057067,0.014645,0.01466,0.002698,-0.008343,0.335212,0.330547,0.673715,0.663286,0.004665,0.010429,0.050722,0.016195,0.016211,0.007796,-0.007919,0.309888,0.302092,0.673032,0.66317,0.007796,0.009863,0.028454,0.013047,0.01306,0.002647,-0.007844,0.348993,0.343404,0.543524,0.53568,0.005588,0.007844,0.03964,0.018564,0.018582,0.015333,-0.005061,0.30891,0.293576,0.530996,0.525904,0.015333,0.005092
Group - Axe Kick_compressed.mp4,single_athlete_training,74,data\processed\clips\Group - Axe Kick_compressed\event_074_kick_candidate_right_ankle_t82p88.mp4,0.2002,0.7282,right_ankle,kick_candidate,0.641975,0,0.0,kick,axe_kick,axe_kicks,0.400883,0.135493,0.108503,-0.003015,0.09345,0.347789,0.329438,0.658194,0.564744,0.018351,0.09345,0.18598,0.080503,0.064467,-0.005868,0.014098,0.306401,0.292965,0.584118,0.549394,0.013436,0.034724,0.046476,0.020993,0.016811,-0.011569,0.008224,0.348638,0.336562,0.599135,0.590911,0.012076,0.008224,0.117704,0.0335,0.026827,0.004568,-0.025113,0.286413,0.281746,0.575719,0.550137,0.004667,0.025582,0.404019,0.180813,0.144795,0.000696,-0.019656,0.357016,0.318255,0.89239,0.821398,0.038761,0.070992,0.234473,0.108689,0.087038,-0.001681,-0.007993,0.312186,0.300195,0.885398,0.839442,0.011991,0.045956,0.379226,0.228704,0.183146,-0.000951,0.029653,0.354033,0.322043,0.823592,0.724653,0.03199,0.098939,0.320629,0.188008,0.150557,-0.00219,0.032782,0.302775,0.294474,0.821172,0.730048,0.008301,0.091125,0.155874,0.076681,0.061406,-0.000159,-0.001111,0.333409,0.328113,0.681111,0.650331,0.005295,0.03078,0.18295,0.093283,0.074701,0.001113,0.001433,0.303163,0.30205,0.679555,0.641496,0.001113,0.038059,0.014824,0.00989,0.00792,-0.00043,0.002373,0.343356,0.342793,0.535172,0.530044,0.000563,0.005128,0.029104,0.012933,0.010357,0.004604,-0.003781,0.303405,0.297488,0.527042,0.522858,0.005917,0.004184
Group - Axe Kick_compressed.mp4,single_athlete_training,76,data\processed\clips\Group - Axe Kick_compressed\event_076_kick_candidate_right_ankle_t104p91.mp4,0.4004,0.782,right_ankle,kick_candidate,0.60634,0,0.0,kick,axe_kick,axe_kicks,0.216595,0.10017,0.10027,-0.010693,0.04917,0.355091,0.337511,0.6197,0.550611,0.01758,0.069089,0.30396,0.128031,0.128159,0.033411,-0.016047,0.291415,0.257737,0.595992,0.535839,0.033678,0.060153,0.128913,0.062815,0.062878,-0.006277,0.035624,0.344265,0.337987,0.604098,0.555171,0.006277,0.048927,0.138459,0.061083,0.061144,0.003569,-0.012161,0.277412,0.273842,0.599439,0.57172,0.003569,0.027719,0.239973,0.118657,0.118776,-0.026743,0.083437,0.347889,0.321106,0.853294,0.757215,0.026783,0.096078,0.270961,0.118025,0.118143,-0.016062,0.077627,0.335774,0.316737,0.851017,0.755957,0.019037,0.09506,0.181639,0.087705,0.087792,-0.00724,0.073355,0.349827,0.335549,0.77838,0.700554,0.014278,0.077826,0.187791,0.094013,0.094107,-0.011793,0.077321,0.342147,0.329557,0.77449,0.690181,0.01259,0.084308,0.099234,0.048436,0.048484,-0.019745,0.037575,0.356219,0.335523,0.666094,0.626815,0.020696,0.039278,0.09319,0.045812,0.045857,-0.020277,0.029294,0.342306,0.31992,0.678977,0.645571,0.022387,0.033407,0.048588,0.028952,0.028981,0.001011,0.016015,0.33732,0.328924,0.533498,0.517026,0.008396,0.016473,0.072229,0.032155,0.032187,0.011574,-0.007326,0.311875,0.297476,0.539843,0.52927,0.014399,0.010573
Group - Axe Kick_compressed.mp4,single_athlete_training,77,data\processed\clips\Group - Axe Kick_compressed\event_077_kick_candidate_right_ankle_t109p51.mp4,0.6006,0.9189,right_ankle,kick_candidate,0.63565,0,0.0,kick,axe_kick,axe_kicks,0.656738,0.223803,0.268832,-0.005576,0.11929,0.339296,0.322259,0.643481,0.511807,0.017036,0.131675,0.296943,0.144367,0.173414,-0.017106,0.05266,0.314758,0.286671,0.591239,0.52063,0.028087,0.070609,0.165106,0.074433,0.089408,-0.013101,0.018054,0.344067,0.330352,0.600187,0.567382,0.013715,0.032806,0.124263,0.071094,0.085398,-0.005787,0.0074,0.295451,0.284135,0.575279,0.551058,0.011316,0.024221,0.420022,0.175396,0.210686,-0.001413,0.020453,0.318753,0.306772,0.887267,0.772774,0.011981,0.114493,0.87129,0.31268,0.375591,-0.001709,0.023289,0.315673,0.294626,0.896329,0.699072,0.021047,0.197257,0.280251,0.103206,0.12397,-0.00185,0.024535,0.324002,0.31417,0.795235,0.732752,0.009832,0.062484,0.649922,0.238499,0.286485,0.005106,0.022544,0.314637,0.288343,0.792937,0.641118,0.026294,0.151818,0.076403,0.036702,0.044087,-0.001298,0.019488,0.327978,0.319532,0.679702,0.660214,0.008446,0.019488,0.084581,0.028731,0.034512,0.006119,0.018653,0.306429,0.296688,0.677776,0.655295,0.009741,0.022481,0.037478,0.022922,0.027534,0.004488,0.002305,0.340059,0.33107,0.533446,0.53025,0.008989,0.003196,0.076846,0.023757,0.028537,0.018293,0.009085,0.310845,0.290143,0.528519,0.519434,0.020703,0.009085
Group - Axe Kick_compressed.mp4,single_athlete_training,84,data\processed\clips\Group - Axe Kick_compressed\event_084_punch_candidate_right_wrist_t8p01.mp4,0.6006,0.8219,right_wrist,punch_candidate,0.668467,0,0.0,kick,axe_kick,axe_kicks,0.306146,0.151771,0.182307,0.006903,0.063355,0.367897,0.334001,0.614952,0.505721,0.033897,0.109231,0.614078,0.236823,0.284472,0.007284,-0.006658,0.336596,0.263299,0.650812,0.530668,0.073297,0.120144,0.148969,0.075739,0.090977,0.002659,0.017445,0.380619,0.356574,0.60786,0.562346,0.024045,0.045514,0.148321,0.063104,0.0758,-0.00068,-0.009812,0.297302,0.271668,0.596148,0.568744,0.025634,0.027404,0.155238,0.06406,0.076949,0.005253,-0.005305,0.327066,0.30737,0.911509,0.883547,0.019696,0.027961,0.165764,0.07064,0.084852,0.004441,0.001462,0.314976,0.292994,0.904617,0.868595,0.021982,0.036022,0.206371,0.078546,0.094349,-0.00135,0.004898,0.326509,0.309671,0.817478,0.77679,0.016838,0.040689,0.220562,0.085189,0.10233,-0.001907,0.009285,0.315012,0.284615,0.800227,0.756481,0.030397,0.043746,0.099489,0.032667,0.03924,-0.004265,0.003201,0.341399,0.321482,0.679571,0.672551,0.019917,0.00702,0.128381,0.043685,0.052474,-0.000823,0.00149,0.317425,0.291759,0.674532,0.668884,0.025666,0.005648,0.104833,0.0379,0.045525,0.0012,0.006519,0.359232,0.337169,0.541183,0.532379,0.022063,0.008804,0.140691,0.046658,0.056046,-0.000404,-3.6e-05,0.311097,0.282992,0.528886,0.526901,0.028104,0.001985
Group - Axe Kick_compressed.mp4,single_athlete_training,86,data\processed\clips\Group - Axe Kick_compressed\event_086_punch_candidate_right_wrist_t13p21.mp4,0.6006,0.8408,right_wrist,punch_candidate,0.693767,0,0.0,kick,axe_kick,axe_kicks,0.300162,0.145083,0.174274,-0.01561,0.07112,0.375714,0.340151,0.563694,0.482975,0.035563,0.080718,0.741883,0.272638,0.327493,-0.017592,0.016967,0.343947,0.263158,0.644459,0.511458,0.080789,0.133001,0.16292,0.079413,0.095391,-0.011833,0.008265,0.378522,0.360536,0.590258,0.552917,0.017986,0.037341,0.155723,0.061128,0.073427,0.001251,-0.004374,0.305764,0.271555,0.58348,0.568299,0.034209,0.015181,0.039904,0.028019,0.033657,0.007902,-0.01451,0.336064,0.323382,0.897219,0.877891,0.012682,0.019329,0.522622,0.194304,0.233398,0.013109,0.006633,0.32796,0.252575,0.89339,0.799948,0.075385,0.093441,0.069372,0.036493,0.043835,0.001543,0.024862,0.332573,0.319577,0.814225,0.789363,0.012996,0.024862,0.322919,0.111231,0.133611,0.009096,0.031358,0.320478,0.283811,0.800082,0.737543,0.036667,0.062539,0.055904,0.028673,0.034442,-0.002759,0.004621,0.342945,0.329891,0.677436,0.669077,0.013054,0.008359,0.07285,0.039874,0.047897,0.001405,0.003835,0.318795,0.300635,0.676373,0.665188,0.018161,0.011184,0.084262,0.029003,0.034838,-0.004802,-0.005001,0.361855,0.345828,0.540371,0.531955,0.016027,0.008416,0.06817,0.031691,0.038068,0.009699,0.002093,0.317904,0.294565,0.530455,0.52831,0.023339,0.002145
Group - Axe Kick_compressed.mp4,single_athlete_training,88,data\processed\clips\Group - Axe Kick_compressed\event_088_punch_candidate_right_wrist_t18p62.mp4,0.6006,0.7594,right_wrist,punch_candidate,0.672783,0,0.0,kick,axe_kick,axe_kicks,0.323713,0.171822,0.206393,-0.007338,-0.065745,0.401325,0.324232,0.650738,0.574899,0.077093,0.075839,0.423151,0.179795,0.21597,0.005499,-0.017894,0.333736,0.270787,0.637083,0.556627,0.062949,0.080456,0.123441,0.07544,0.090618,-0.006617,-0.005743,0.371755,0.347786,0.608129,0.590397,0.023969,0.017733,0.127363,0.061946,0.074409,-0.001169,-0.023131,0.302698,0.275282,0.597172,0.574041,0.027416,0.023131,0.384877,0.078898,0.094772,-0.009699,-0.077802,0.330493,0.32075,0.88846,0.809325,0.009743,0.079135,0.455231,0.087923,0.105613,-0.012122,-0.093624,0.318097,0.305975,0.891652,0.798027,0.012122,0.093624,0.103166,0.047492,0.057048,-0.005847,-0.013957,0.332302,0.324403,0.802226,0.773213,0.007899,0.029012,0.174223,0.053024,0.063692,-0.010995,-0.038627,0.315736,0.304741,0.792799,0.748034,0.010995,0.044765,0.061744,0.029238,0.035121,-0.004219,-0.00189,0.344711,0.334556,0.675357,0.667007,0.010155,0.008349,0.068481,0.036598,0.043961,-0.001231,-0.006936,0.315898,0.30284,0.67437,0.665429,0.013058,0.00894,0.114254,0.045381,0.054511,-0.00352,-0.001887,0.372457,0.349608,0.538566,0.536516,0.022849,0.00205,0.070632,0.033865,0.040679,-0.002645,-0.003763,0.30726,0.293124,0.530977,0.527102,0.014136,0.003876
Group - Axe Kick_compressed.mp4,single_athlete_training,89,data\processed\clips\Group - Axe Kick_compressed\event_089_punch_candidate_right_wrist_t22p02.mp4,0.4004,0.5734,right_wrist,punch_candidate,0.53506,1,0.2,kick,axe_kick,axe_kicks,0.151027,0.058992,0.059051,-0.012399,0.060246,0.367442,0.337397,0.620124,0.559878,0.030045,0.060246,0.648184,0.204776,0.204981,-0.016502,0.083436,0.344353,0.293856,0.660067,0.536961,0.050497,0.123106,0.138725,0.04055,0.04059,-0.010887,0.019779,0.372429,0.359614,0.605204,0.577585,0.012815,0.027619,0.22209,0.063066,0.063129,0.000491,0.053972,0.307847,0.289663,0.60308,0.549108,0.018184,0.053972,0.064147,0.015684,0.0157,-0.008795,-0.008254,0.335107,0.326312,0.881486,0.869408,0.008795,0.012078,0.042033,0.009668,0.009677,-0.01032,0.002056,0.321319,0.310999,0.880041,0.876716,0.01032,0.003325,0.050761,0.012554,0.012567,-0.010064,0.004234,0.337363,0.325661,0.780971,0.7744,0.011702,0.006572,0.038199,0.009157,0.009166,-0.007288,0.001699,0.320082,0.312793,0.77721,0.771053,0.007288,0.006157,0.023184,0.005249,0.005254,-0.00633,0.010725,0.341102,0.334772,0.677871,0.666833,0.00633,0.011039,0.037402,0.00852,0.008528,-0.006211,0.006893,0.314092,0.307851,0.675466,0.664436,0.006241,0.011031,0.020331,0.004834,0.004839,-0.004983,2.4e-05,0.35942,0.354437,0.536659,0.535896,0.004983,0.000763,0.052284,0.013606,0.01362,-0.009841,0.007328,0.306108,0.295887,0.532441,0.525113,0.010221,0.007328
Group - Axe Kick_compressed.mp4,single_athlete_training,92,data\processed\clips\Group - Axe Kick_compressed\event_092_punch_candidate_right_wrist_t24p23.mp4,1.001,0.8184,right_wrist,punch_candidate,0.667325,0,0.0,kick,axe_kick,axe_kicks,0.379377,0.210546,0.337211,-0.011422,0.002817,0.406573,0.332708,0.637349,0.571724,0.073865,0.065626,0.601945,0.287436,0.460357,-0.002166,0.026371,0.331625,0.269751,0.657155,0.53703,0.061875,0.120125,0.147208,0.057447,0.092008,-0.007913,0.004596,0.372601,0.348043,0.599569,0.581064,0.024558,0.018505,0.121443,0.069013,0.110531,0.002791,0.017615,0.297358,0.270991,0.596139,0.56829,0.026367,0.027848,0.086211,0.026856,0.043013,-0.001261,-0.005473,0.324533,0.313562,0.875897,0.859358,0.010971,0.016539,0.055744,0.02895,0.046366,-0.002809,-0.006242,0.315173,0.305495,0.884096,0.863324,0.009678,0.020773,0.134169,0.042825,0.068589,-0.002535,-0.004445,0.324754,0.309127,0.778933,0.748729,0.015627,0.030204,0.144724,0.050554,0.080967,0.000614,-0.000994,0.313802,0.293418,0.77299,0.739514,0.020384,0.033476,0.069405,0.029274,0.046885,-0.001633,-0.003935,0.339128,0.328207,0.670083,0.651555,0.010921,0.018528,0.075577,0.03534,0.0566,-0.000582,-0.0039,0.313017,0.298133,0.668895,0.652149,0.014884,0.016745,0.057312,0.024659,0.039493,-0.000158,5.8e-05,0.35761,0.346148,0.536931,0.531566,0.011462,0.005366,0.089868,0.029805,0.047736,-0.001998,-0.002313,0.306407,0.289451,0.529484,0.519322,0.016955,0.010162
Group - Axe Kick_compressed.mp4,single_athlete_training,93,data\processed\clips\Group - Axe Kick_compressed\event_093_punch_candidate_right_wrist_t27p43.mp4,0.6006,0.81,right_wrist,punch_candidate,0.664033,0,0.0,kick,axe_kick,axe_kicks,0.149846,0.066254,0.079584,0.018339,-0.003777,0.339229,0.303593,0.610438,0.586314,0.035636,0.024124,0.358343,0.161647,0.19417,-0.012687,0.025662,0.334442,0.293209,0.620961,0.550979,0.041232,0.069982,0.160209,0.098235,0.118,-0.013156,0.050767,0.371034,0.333821,0.639127,0.578006,0.037213,0.061121,0.194059,0.085988,0.103289,0.008434,0.022359,0.293228,0.277814,0.611954,0.55464,0.015414,0.057314,0.111802,0.061276,0.073605,-0.012586,0.028943,0.320729,0.308143,0.907101,0.878158,0.012586,0.028943,0.232197,0.072765,0.087405,0.004902,0.036447,0.30246,0.290164,0.897631,0.851257,0.012296,0.046374,0.11456,0.054645,0.06564,-0.013996,0.03716,0.323546,0.304236,0.809218,0.772058,0.01931,0.03716,0.309158,0.074917,0.089991,0.011016,0.075328,0.302244,0.281912,0.795526,0.720198,0.020332,0.075328,0.121612,0.049951,0.060001,0.000163,0.03926,0.336225,0.319245,0.702724,0.663465,0.01698,0.03926,0.118304,0.049035,0.0589,0.014586,0.037769,0.306769,0.284965,0.697882,0.660113,0.021804,0.037769,0.112694,0.04983,0.059856,0.000317,0.022395,0.356708,0.336354,0.5504,0.528005,0.020354,0.022395,0.166954,0.05117,0.061466,0.021348,0.011273,0.30488,0.271632,0.536419,0.521714,0.033248,0.014705
Group - Axe Kick_compressed.mp4,single_athlete_training,107,data\processed\clips\Group - Axe Kick_compressed\event_107_punch_candidate_right_wrist_t104p51.mp4,0.6006,0.7833,right_wrist,punch_candidate,0.60305,0,0.0,kick,axe_kick,axe_kicks,0.30899,0.156169,0.18759,0.004577,0.080344,0.355091,0.335443,0.617896,0.510005,0.019649,0.107891,0.431557,0.203088,0.243949,0.003615,-0.074678,0.291415,0.257737,0.640281,0.535839,0.033678,0.104441,0.128913,0.081666,0.098097,0.004042,0.054855,0.347603,0.33444,0.604098,0.534761,0.013163,0.069337,0.213001,0.096333,0.115715,-0.010551,-0.025433,0.287281,0.273842,0.621543,0.57172,0.013438,0.049823,0.239973,0.112624,0.135283,-0.031458,0.102652,0.362357,0.325616,0.853294,0.750642,0.03674,0.102652,0.270961,0.126237,0.151635,-0.028933,0.079536,0.350947,0.316737,0.851017,0.755957,0.03421,0.09506,0.181639,0.082885,0.099561,-0.005169,0.09494,0.349827,0.339874,0.77838,0.68344,0.009953,0.09494,0.187791,0.086276,0.103635,-0.01998,0.079192,0.349537,0.329557,0.77449,0.690181,0.01998,0.084308,0.099234,0.050361,0.060494,-0.023042,0.052688,0.358565,0.335523,0.666094,0.613406,0.023042,0.052688,0.09319,0.041491,0.049839,-0.024941,0.038449,0.344861,0.31992,0.678977,0.639037,0.024941,0.03994,0.048588,0.029905,0.035922,0.002052,0.010511,0.336309,0.328924,0.533498,0.515877,0.007385,0.017621,0.111769,0.036039,0.04329,-0.005096,-0.025267,0.302572,0.297476,0.559118,0.52927,0.005096,0.029848
Group - Axe Kick_compressed.mp4,single_athlete_training,108,data\processed\clips\Group - Axe Kick_compressed\event_108_punch_candidate_right_wrist_t109p51.mp4,0.2002,0.6739,right_wrist,punch_candidate,0.638325,0,0.0,kick,axe_kick,axe_kicks,0.656738,0.259517,0.207821,-0.0079,0.066337,0.339296,0.322259,0.643481,0.511807,0.017036,0.131675,0.296943,0.148948,0.119278,-0.021601,0.034913,0.314758,0.286671,0.577342,0.52063,0.028087,0.056712,0.165106,0.083527,0.066889,-0.013715,-0.002915,0.344067,0.330352,0.600187,0.567382,0.013715,0.032806,0.124263,0.063031,0.050475,-0.005244,-0.004814,0.295451,0.284678,0.575279,0.551058,0.010773,0.024221,0.420022,0.224911,0.180109,-0.004568,-0.00996,0.318753,0.306772,0.866813,0.772774,0.011981,0.09404,0.87129,0.442554,0.354398,-0.006421,0.002769,0.315673,0.294626,0.87581,0.699072,0.021047,0.176738,0.280251,0.133097,0.106584,-0.00131,0.007261,0.324002,0.31471,0.78867,0.732752,0.009293,0.055919,0.649922,0.330783,0.264891,0.009163,0.00226,0.314637,0.288343,0.772652,0.641118,0.026294,0.131534,0.076403,0.039532,0.031657,-0.00197,0.016501,0.327978,0.319532,0.679644,0.660214,0.008446,0.019429,0.084581,0.030874,0.024724,0.006317,0.013346,0.305951,0.296688,0.67247,0.655295,0.009263,0.017174,0.037478,0.020437,0.016366,0.002495,0.000776,0.339977,0.33107,0.533446,0.53025,0.008907,0.003196,0.076846,0.031273,0.025044,0.020266,0.007094,0.310493,0.290143,0.526528,0.519434,0.02035,0.007094
Group - Back Kick_compressed.mp4,single_athlete_training,1,data\processed\clips\Group - Back Kick_compressed\event_001_kick_candidate_left_ankle_t2p80.mp4,0.4,0.9369,left_ankle,kick_candidate,0.69992,0,0.0,kick,back_kick,spinning_kicks,0.441844,0.276529,0.276529,0.027162,0.147241,0.534618,0.457176,0.755372,0.573799,0.077442,0.181573,0.383668,0.169388,0.169388,0.058301,0.127652,0.52173,0.450213,0.735122,0.60747,0.071517,0.127652,0.374728,0.198465,0.198465,0.027464,0.109944,0.530681,0.493495,0.700448,0.560618,0.037186,0.13983,0.415319,0.161415,0.161415,0.095442,0.109321,0.534396,0.438954,0.679267,0.569946,0.095442,0.109321,1.143816,0.495597,0.495597,0.02681,0.096494,0.494377,0.371582,0.97182,0.726419,0.122795,0.245401,1.192314,0.441269,0.441269,0.219,0.329678,0.547992,0.328992,0.938335,0.608657,0.219,0.329678,0.678637,0.232186,0.232186,0.041889,0.101122,0.506951,0.432612,0.861498,0.727053,0.07434,0.134445,0.630436,0.277441,0.277441,0.133786,0.208208,0.528517,0.394731,0.842497,0.634289,0.133786,0.208208,0.299295,0.157445,0.157445,0.060096,0.102539,0.521115,0.461019,0.759173,0.648713,0.060096,0.11046,0.311325,0.180982,0.180982,0.08354,0.121778,0.52487,0.44133,0.746077,0.624299,0.08354,0.121778,0.300917,0.143988,0.143988,0.036255,0.084212,0.530056,0.493802,0.619686,0.509208,0.036255,0.110479,0.252371,0.14184,0.14184,0.07816,0.087465,0.530531,0.452371,0.602386,0.514555,0.07816,0.087832
Group - Back Kick_compressed.mp4,single_athlete_training,5,data\processed\clips\Group - Back Kick_compressed\event_005_kick_candidate_left_ankle_t19p80.mp4,0.2,0.7825,left_ankle,kick_candidate,0.823375,0,0.0,kick,back_kick,spinning_kicks,0.385827,0.219724,0.175779,-0.01939,-0.091531,0.524079,0.463751,0.668353,0.571893,0.060329,0.096459,0.583792,0.221228,0.176983,-0.084594,-0.098098,0.53371,0.449116,0.69915,0.585481,0.084594,0.113668,0.515294,0.292119,0.233695,-0.038012,-0.08837,0.54473,0.442495,0.671782,0.57041,0.102235,0.101372,0.62561,0.27654,0.221232,-0.112733,-0.105783,0.549251,0.436518,0.70428,0.564854,0.112733,0.139427,0.681734,0.273658,0.218927,-0.093132,-0.006347,0.565758,0.447732,0.973039,0.898425,0.118026,0.074614,1.399806,0.578446,0.462757,-0.25417,-0.346114,0.576958,0.322788,0.982654,0.618679,0.25417,0.363974,0.338637,0.19895,0.15916,-0.04275,-0.080326,0.521719,0.454374,0.872159,0.784652,0.067346,0.087508,0.929635,0.414379,0.331503,-0.140089,-0.226663,0.537823,0.390655,0.881504,0.622704,0.147168,0.2588,0.443466,0.230344,0.184275,-0.077026,-0.087175,0.546187,0.469161,0.79271,0.671783,0.077026,0.120927,0.540627,0.270768,0.216615,-0.107375,-0.117386,0.554634,0.447259,0.794397,0.641705,0.107375,0.152692,0.422458,0.253285,0.202628,-0.042546,-0.05221,0.543636,0.467319,0.625872,0.524396,0.076317,0.101476,0.489957,0.242739,0.194191,-0.091949,-0.068368,0.547486,0.455537,0.635516,0.518125,0.091949,0.117391
Group - Back Kick_compressed.mp4,single_athlete_training,6,data\processed\clips\Group - Back Kick_compressed\event_006_kick_candidate_left_ankle_t22p80.mp4,0.2,0.8193,left_ankle,kick_candidate,0.691275,0,0.0,kick,back_kick,spinning_kicks,0.497202,0.240785,0.192628,0.026551,0.126545,0.360848,0.276715,0.817403,0.690858,0.084132,0.126545,0.766253,0.358343,0.286675,-0.042176,0.134871,0.289485,0.233274,0.809976,0.657369,0.056211,0.152606,0.247031,0.137106,0.109685,-0.048373,-0.026238,0.351316,0.292692,0.769929,0.720129,0.058624,0.049801,0.2823,0.129221,0.103377,-0.069617,0.002667,0.316185,0.245047,0.692871,0.658223,0.071138,0.034649,1.128041,0.424474,0.339579,0.027978,-0.324676,0.371888,0.322118,1.066137,0.741461,0.04977,0.324676,2.174897,0.922223,0.737779,0.045149,-0.272925,0.39601,0.31475,1.030383,0.601487,0.08126,0.428896,0.936463,0.501015,0.400812,0.051898,-0.390716,0.395452,0.341715,0.977496,0.586779,0.053738,0.390716,1.406167,0.554445,0.443556,0.032419,-0.338554,0.357116,0.324292,0.903051,0.564497,0.032824,0.338554,0.294702,0.126306,0.101045,-0.068031,-0.061228,0.382695,0.314665,0.847,0.782202,0.068031,0.064798,0.422135,0.141561,0.113248,-0.067989,-0.053535,0.362475,0.285238,0.807917,0.745334,0.077237,0.062583,0.232253,0.114759,0.091807,-0.082388,-0.031454,0.379613,0.297225,0.652128,0.618913,0.082388,0.033214,0.317668,0.135017,0.108014,-0.084226,-0.03209,0.347471,0.263246,0.591608,0.554815,0.084226,0.036793
Group - Back Kick_compressed.mp4,single_athlete_training,7,data\processed\clips\Group - Back Kick_compressed\event_007_kick_candidate_left_ankle_t46p80.mp4,0.6,0.9408,left_ankle,kick_candidate,0.70905,0,0.0,kick,back_kick,spinning_kicks,0.710003,0.249814,0.299777,0.104478,-0.013732,0.575411,0.416651,0.730251,0.637872,0.15876,0.092379,0.438523,0.265196,0.318235,0.067907,-0.016878,0.580051,0.501929,0.779541,0.644901,0.078122,0.13464,0.560877,0.230068,0.276081,0.12668,-0.002022,0.573808,0.433282,0.711056,0.632841,0.140527,0.078214,0.366379,0.154013,0.184815,0.067604,0.010509,0.576414,0.503959,0.724942,0.68487,0.072455,0.040072,1.373249,0.512754,0.615304,0.107964,-0.03369,0.557683,0.329305,0.989538,0.741677,0.228378,0.247861,0.490238,0.236508,0.283809,0.118585,0.072092,0.598302,0.443562,0.967584,0.85942,0.15474,0.108164,0.889464,0.36749,0.440988,0.103611,-0.006901,0.567038,0.395004,0.870078,0.703163,0.172034,0.166915,0.278577,0.134639,0.161567,0.080284,0.066183,0.560946,0.460803,0.867017,0.795688,0.100143,0.071329,0.362327,0.162001,0.194401,0.117317,0.037089,0.56749,0.450172,0.78488,0.706238,0.117317,0.078642,0.290554,0.111246,0.133495,0.097928,0.054473,0.569682,0.471754,0.785983,0.728477,0.097928,0.057506,0.409546,0.121369,0.145642,0.114628,0.028096,0.564951,0.449488,0.64181,0.604668,0.115463,0.037142,0.321164,0.104954,0.125944,0.089374,0.02929,0.582457,0.493084,0.649442,0.615245,0.089374,0.034198
Group - Back Kick_compressed.mp4,single_athlete_training,9,data\processed\clips\Group - Back Kick_compressed\event_009_kick_candidate_left_ankle_t55p20.mp4,0.8,0.947,left_ankle,kick_candidate,0.727543,0,0.0,kick,back_kick,spinning_kicks,0.433321,0.198666,0.278132,0.125428,-0.052913,0.579354,0.432749,0.67521,0.621691,0.146605,0.053519,0.505435,0.272206,0.381089,0.053922,-0.079505,0.617968,0.465649,0.730759,0.630445,0.152319,0.100314,0.459574,0.151215,0.2117,0.143628,0.012498,0.576292,0.432664,0.702467,0.62453,0.143628,0.077937,0.480477,0.242723,0.339813,0.073283,-0.033601,0.619846,0.458136,0.704221,0.67062,0.16171,0.033601,1.345103,0.546099,0.764538,0.095932,0.058577,0.572475,0.325669,1.062929,0.75395,0.246806,0.308979,0.664407,0.357891,0.501047,0.119837,0.032192,0.62083,0.390655,1.071218,0.898984,0.230175,0.172233,0.870105,0.360097,0.504136,0.097575,0.063033,0.579372,0.399204,0.960359,0.732499,0.180168,0.22786,0.571024,0.266821,0.37355,0.095195,0.040893,0.603608,0.430692,0.952765,0.806864,0.172916,0.1459,0.338273,0.203492,0.284889,0.116139,0.035194,0.58788,0.453947,0.826049,0.699498,0.133933,0.126551,0.362815,0.208659,0.292122,0.101745,0.03121,0.608303,0.458105,0.815426,0.726172,0.150198,0.089254,0.23581,0.100919,0.141287,0.120573,0.002932,0.591206,0.467428,0.638517,0.613251,0.123778,0.025266,0.38537,0.211754,0.296456,0.092342,-0.030961,0.625973,0.470014,0.667413,0.610478,0.155959,0.056936
Group - Back Kick_compressed.mp4,single_athlete_training,11,data\processed\clips\Group - Back Kick_compressed\event_011_kick_candidate_left_ankle_t62p80.mp4,0.8,0.9428,left_ankle,kick_candidate,0.7074,0,0.0,kick,back_kick,spinning_kicks,0.41692,0.171255,0.239757,0.125331,-0.029622,0.58496,0.416724,0.671503,0.629616,0.168236,0.041887,0.494099,0.227541,0.318557,0.111146,-0.042297,0.636521,0.445541,0.707554,0.625036,0.190979,0.082518,0.361474,0.188797,0.264316,0.142436,-0.00432,0.563252,0.420816,0.660437,0.61016,0.142436,0.050277,0.454267,0.17675,0.24745,0.129222,-0.032165,0.648994,0.467874,0.688197,0.648653,0.181121,0.039544,1.6879,0.668866,0.936412,0.107064,-0.042737,0.565627,0.309432,1.050725,0.671916,0.256195,0.37881,1.038301,0.406984,0.569777,0.114468,-0.088432,0.576217,0.423042,1.065718,0.858058,0.153174,0.20766,1.125956,0.437393,0.61235,0.105004,-0.038521,0.567549,0.387602,0.927152,0.681221,0.179947,0.245931,0.519524,0.314549,0.440369,0.107686,-0.091305,0.590771,0.439624,0.95031,0.8228,0.151147,0.12751,0.559379,0.206873,0.289622,0.120124,-0.036421,0.578874,0.45024,0.816766,0.705214,0.128634,0.111552,0.385892,0.171664,0.24033,0.119244,-0.051228,0.608315,0.470835,0.823576,0.74777,0.137481,0.075806,0.217022,0.143875,0.201425,0.131492,-0.041213,0.584987,0.453494,0.641131,0.589759,0.131492,0.051372,0.216988,0.119242,0.166939,0.118947,-0.039992,0.636908,0.497888,0.640523,0.600531,0.139021,0.039992
Group - Back Kick_compressed.mp4,single_athlete_training,13,data\processed\clips\Group - Back Kick_compressed\event_013_kick_candidate_left_ankle_t66p00.mp4,0.6,0.7041,left_ankle,kick_candidate,0.574817,1,0.166667,kick,back_kick,spinning_kicks,0.74443,0.364207,0.437048,-0.054662,0.204772,0.583428,0.524886,0.891395,0.646894,0.058542,0.244501,0.655645,0.28342,0.340104,0.031724,0.153433,0.546141,0.44625,0.871855,0.718421,0.099891,0.153433,0.345537,0.15403,0.184835,-0.058503,0.059466,0.581264,0.522761,0.798177,0.70687,0.058503,0.091307,0.546134,0.194216,0.233059,0.0789,0.121438,0.568538,0.478159,0.797798,0.67636,0.090379,0.121438,1.69575,0.623536,0.748243,-0.104109,-0.211928,0.476594,0.372485,0.980725,0.654424,0.104109,0.3263,0.74587,0.151425,0.18171,0.061688,-0.125327,0.531488,0.457447,0.977118,0.844757,0.074042,0.132362,0.817703,0.299813,0.359776,-0.057932,-0.105933,0.514257,0.441164,0.885002,0.722581,0.073094,0.162421,0.576377,0.197064,0.236477,0.081976,-0.069896,0.558285,0.449202,0.858457,0.780377,0.109083,0.07808,0.334379,0.100178,0.120214,-0.005116,-0.067235,0.519817,0.513323,0.792478,0.725243,0.006493,0.067235,0.291132,0.121961,0.146353,0.056085,-0.018598,0.547026,0.475985,0.770331,0.714058,0.071041,0.056273,0.26583,0.143145,0.171773,0.000327,0.042355,0.575163,0.538264,0.729373,0.638872,0.036899,0.090501,0.428078,0.139177,0.167013,0.085755,0.124578,0.587252,0.501497,0.732633,0.608055,0.085755,0.124578
Group - Back Kick_compressed.mp4,single_athlete_training,14,data\processed\clips\Group - Back Kick_compressed\event_014_kick_candidate_left_ankle_t75p20.mp4,0.2,0.6567,left_ankle,kick_candidate,0.6294,1,0.25,kick,back_kick,spinning_kicks,0.254689,0.110654,0.088523,-0.013661,0.011883,0.4607,0.410037,0.636444,0.624561,0.050663,0.011883,0.256374,0.102712,0.082169,-0.058934,0.039307,0.54803,0.489097,0.670707,0.631401,0.058934,0.039307,0.181269,0.07092,0.056736,0.026437,-0.012237,0.459336,0.423583,0.65055,0.632309,0.035753,0.018241,0.164996,0.059062,0.047249,-0.035371,0.006119,0.536069,0.500698,0.665293,0.651429,0.035371,0.013864,1.526912,0.51626,0.413008,-0.095867,-0.174378,0.454002,0.324845,0.95387,0.677145,0.129157,0.276725,0.150386,0.044585,0.035668,-0.001692,-0.028661,0.455306,0.44984,0.975782,0.945943,0.005465,0.02984,1.018651,0.337607,0.270086,-0.043231,-0.130401,0.461553,0.398461,0.862056,0.668341,0.063093,0.193714,0.140624,0.068189,0.054551,-0.004792,-0.051534,0.472333,0.461276,0.871491,0.819958,0.011056,0.051534,0.231064,0.07521,0.060168,0.014622,-0.043123,0.476497,0.461874,0.743895,0.697693,0.014622,0.046202,0.05092,0.025063,0.020051,0.006076,-0.01846,0.492274,0.486198,0.736487,0.718027,0.006076,0.01846,0.117447,0.050998,0.040798,0.033466,0.01044,0.487306,0.453841,0.602876,0.588921,0.033466,0.013954,0.265181,0.098214,0.078571,0.002406,0.027418,0.511214,0.508045,0.643634,0.590692,0.00317,0.052941
Group - Back Kick_compressed.mp4,single_athlete_training,17,data\processed\clips\Group - Back Kick_compressed\event_017_kick_candidate_left_ankle_t107p40.mp4,0.4,0.9109,left_ankle,kick_candidate,0.72568,0,0.0,kick,back_kick,spinning_kicks,0.376542,0.213664,0.213664,0.035928,0.03304,0.506335,0.412538,0.744485,0.686736,0.093797,0.05775,0.268479,0.156316,0.156316,0.027676,0.021529,0.522136,0.476866,0.790128,0.728039,0.045271,0.062089,0.193398,0.1028,0.1028,0.006451,0.020436,0.460909,0.41581,0.703624,0.674807,0.045099,0.028817,0.109095,0.073673,0.073673,0.021836,0.019247,0.50967,0.481051,0.729741,0.692824,0.028618,0.036917,1.031905,0.460189,0.460189,0.056472,-0.006663,0.476144,0.362355,0.976806,0.778544,0.113789,0.198262,0.552497,0.31386,0.31386,-0.02922,0.068413,0.478178,0.379414,0.977974,0.871221,0.098764,0.106753,0.343535,0.178807,0.178807,0.041775,0.005833,0.487982,0.404185,0.871994,0.811802,0.083796,0.060192,0.334728,0.184996,0.184996,-0.007446,0.085295,0.475929,0.425726,0.89735,0.811803,0.050203,0.085547,0.160061,0.0865,0.0865,0.02811,0.01081,0.474915,0.422162,0.772557,0.748643,0.052753,0.023914,0.135225,0.068175,0.068175,0.018863,0.016185,0.484765,0.452035,0.779113,0.754396,0.03273,0.024716,0.121984,0.057478,0.057478,0.034152,0.000968,0.485994,0.444406,0.632648,0.624485,0.041588,0.008164,0.09522,0.042065,0.042065,0.017787,0.01622,0.50134,0.483553,0.649731,0.625571,0.017787,0.024159
Group - Back Kick_compressed.mp4,single_athlete_training,18,data\processed\clips\Group - Back Kick_compressed\event_018_kick_candidate_left_ankle_t111p00.mp4,0.2,0.6454,left_ankle,kick_candidate,0.7821,0,0.0,kick,back_kick,spinning_kicks,0.224224,0.118673,0.094938,-0.027545,0.037664,0.486865,0.435733,0.693377,0.655713,0.051132,0.037664,0.26725,0.092267,0.073813,-0.065364,-0.003087,0.490229,0.424866,0.660167,0.649168,0.065364,0.010999,0.194213,0.08423,0.067384,-0.000376,0.042147,0.472879,0.464321,0.716528,0.674381,0.008558,0.042147,0.297194,0.090021,0.072017,-0.045166,-0.030398,0.470259,0.416799,0.667369,0.634662,0.053461,0.032707,0.717911,0.30864,0.246912,-0.066516,-0.023792,0.484324,0.417497,0.931253,0.804171,0.066827,0.127082,1.216613,0.501179,0.400943,-0.066408,-0.179111,0.424191,0.349102,0.937564,0.65299,0.075088,0.284574,0.142785,0.058361,0.046689,-0.036047,-0.004578,0.469003,0.432956,0.83725,0.821435,0.036047,0.015814,0.751069,0.301862,0.241489,-0.039632,-0.07723,0.455044,0.394324,0.84103,0.691061,0.06072,0.149969,0.062691,0.042604,0.034083,-0.011554,-0.006618,0.456287,0.444733,0.748515,0.730062,0.011554,0.018453,0.132929,0.081121,0.064897,-0.022008,-0.028187,0.451922,0.429913,0.748673,0.707551,0.022008,0.041122,0.116754,0.061604,0.049283,0.020268,0.043279,0.484174,0.463906,0.666362,0.623083,0.020268,0.043279,0.073205,0.040113,0.03209,-0.002282,0.006225,0.458786,0.444863,0.617938,0.607184,0.013923,0.010754
Group - Back Kick_compressed.mp4,single_athlete_training,19,data\processed\clips\Group - Back Kick_compressed\event_019_kick_candidate_left_ankle_t146p20.mp4,0.4,0.8968,left_ankle,kick_candidate,0.73748,0,0.0,kick,back_kick,spinning_kicks,0.253553,0.104356,0.104356,0.031031,0.0695,0.56227,0.531239,0.695484,0.625984,0.031031,0.0695,0.161682,0.086663,0.086663,0.06179,-0.014085,0.510449,0.448659,0.726215,0.697484,0.06179,0.028731,0.22727,0.104494,0.104494,0.038566,0.060172,0.590827,0.552261,0.694979,0.629384,0.038566,0.065595,0.13582,0.081401,0.081401,0.045001,-0.017462,0.513252,0.468251,0.677834,0.639592,0.045001,0.038242,0.864582,0.499751,0.499751,0.105115,0.045959,0.610793,0.416628,0.981143,0.786961,0.194165,0.194182,0.83575,0.394411,0.394411,0.062607,0.191315,0.481292,0.36988,0.965348,0.760468,0.111412,0.20488,0.339274,0.234065,0.234065,0.068576,0.046022,0.589728,0.479476,0.861201,0.762686,0.110252,0.098515,0.720689,0.257881,0.257881,0.037662,0.084148,0.496026,0.441835,0.828342,0.676235,0.054192,0.152107,0.311322,0.090514,0.090514,0.039875,0.058935,0.567926,0.528051,0.74649,0.687555,0.039875,0.058935,0.307182,0.092258,0.092258,0.0369,0.060058,0.528581,0.491681,0.7369,0.66509,0.0369,0.07181,0.135889,0.072432,0.072432,0.047576,0.029299,0.600007,0.552431,0.603588,0.572162,0.047576,0.031426,0.152456,0.08145,0.08145,0.048375,0.001042,0.53453,0.486156,0.596334,0.564986,0.048375,0.031347
Group - Back Kick_compressed.mp4,single_athlete_training,20,data\processed\clips\Group - Back Kick_compressed\event_020_kick_candidate_left_ankle_t156p00.mp4,0.6,0.9767,left_ankle,kick_candidate,0.880617,0,0.0,kick,back_kick,spinning_kicks,0.301544,0.146818,0.176182,0.141731,0.075114,0.577597,0.435866,0.718838,0.643724,0.141731,0.075114,0.242431,0.118163,0.141795,0.043148,-0.066256,0.60906,0.551229,0.793084,0.710574,0.057831,0.082509,0.176608,0.094643,0.113571,0.090096,0.044444,0.546531,0.456434,0.660379,0.615935,0.090096,0.044444,0.153073,0.065334,0.078401,0.068877,-0.004269,0.623409,0.554533,0.685453,0.672688,0.068877,0.012765,1.262673,0.553436,0.664123,0.087049,0.111355,0.535343,0.338771,0.994811,0.655908,0.196572,0.338904,1.130688,0.385458,0.462549,0.236105,0.269651,0.653574,0.417469,1.005109,0.735459,0.236105,0.269651,0.564067,0.299056,0.358867,0.087097,0.078559,0.550117,0.400295,0.862424,0.690097,0.149821,0.172327,0.542573,0.231267,0.27752,0.158538,0.138292,0.63693,0.478392,0.864166,0.725874,0.158538,0.138292,0.175972,0.107971,0.129565,0.052957,0.048208,0.545637,0.469672,0.730801,0.682593,0.075965,0.048208,0.196328,0.125429,0.150515,0.077419,0.055199,0.59352,0.501938,0.744365,0.689166,0.091582,0.055199,0.120575,0.063829,0.076595,0.063553,0.002257,0.553438,0.489015,0.570757,0.555894,0.064423,0.014864,0.142928,0.079447,0.095336,0.082015,-0.014676,0.61918,0.537164,0.605742,0.581265,0.082015,0.024477
Group - Back Kick_compressed.mp4,single_athlete_training,24,data\processed\clips\Group - Back Kick_compressed\event_024_kick_candidate_left_ankle_t175p40.mp4,0.4,0.89,left_ankle,kick_candidate,0.72218,0,0.0,kick,back_kick,spinning_kicks,0.130431,0.045248,0.045248,-0.037454,0.00775,0.329043,0.290071,0.592257,0.584115,0.038972,0.008141,0.20123,0.107061,0.107061,-0.068667,0.007221,0.292064,0.22323,0.631695,0.598752,0.068834,0.032942,0.215534,0.058133,0.058133,-0.054725,-0.003507,0.344415,0.28969,0.595071,0.587668,0.054725,0.007402,0.259844,0.082506,0.082506,-0.082128,0.000557,0.295374,0.213247,0.598238,0.595487,0.082128,0.002751,0.650021,0.325376,0.325376,-0.006125,0.060188,0.318162,0.295348,0.840674,0.65095,0.022814,0.189724,0.352966,0.142607,0.142607,-0.024103,0.055152,0.303655,0.273952,0.8379,0.746551,0.029703,0.091349,0.37765,0.171239,0.171239,-0.019805,0.006486,0.314548,0.277611,0.7545,0.673472,0.036937,0.081029,0.23656,0.093349,0.093349,-0.032158,0.025725,0.297892,0.260829,0.748499,0.697803,0.037063,0.050695,0.203531,0.068337,0.068337,-0.052199,-0.012712,0.328889,0.272237,0.676497,0.663785,0.056652,0.012712,0.182007,0.068775,0.068775,-0.058056,-0.002017,0.305922,0.245193,0.666293,0.656338,0.060729,0.009955,0.282653,0.080095,0.080095,-0.076076,-0.019359,0.351645,0.275569,0.563476,0.543615,0.076076,0.019861,0.276277,0.081501,0.081501,-0.077347,0.00021,0.303536,0.225157,0.554464,0.550018,0.078378,0.004447
Group - Back Kick_compressed.mp4,single_athlete_training,30,data\processed\clips\Group - Back Kick_compressed\event_030_punch_candidate_left_wrist_t66p20.mp4,0.4,0.5763,left_wrist,punch_candidate,0.55502,1,0.2,kick,back_kick,spinning_kicks,0.567181,0.288162,0.288162,-0.01862,0.060314,0.547387,0.524886,0.891395,0.778206,0.0225,0.113189,0.655645,0.255431,0.255431,0.040961,0.069266,0.546141,0.44625,0.871855,0.740543,0.099891,0.131312,0.345537,0.15502,0.15502,-0.039069,0.036855,0.56183,0.522761,0.798177,0.729481,0.039069,0.068696,0.546134,0.182006,0.182006,0.081096,0.070432,0.568538,0.478159,0.797798,0.695824,0.090379,0.101974,1.034811,0.409093,0.409093,-0.011637,0.114373,0.475518,0.372485,0.888415,0.654424,0.103033,0.23399,0.74587,0.167511,0.167511,0.073188,-0.116999,0.531488,0.457447,0.977118,0.844757,0.074042,0.132362,0.461592,0.196235,0.196235,-0.038832,0.056489,0.514257,0.441164,0.825206,0.722581,0.073094,0.102625,0.576377,0.181431,0.181431,0.109083,-0.021988,0.558285,0.449202,0.858457,0.780377,0.109083,0.07808,0.132809,0.053338,0.053338,-0.006493,-0.000374,0.519817,0.513323,0.75158,0.725243,0.006493,0.026337,0.245568,0.088127,0.088127,0.071041,0.037675,0.547026,0.475985,0.751733,0.714058,0.071041,0.037675,0.26583,0.128573,0.128573,-0.021346,0.004984,0.575163,0.538592,0.729373,0.676243,0.036572,0.05313,0.428078,0.121578,0.121578,0.083072,0.079222,0.587252,0.504181,0.732633,0.653411,0.083072,0.079222
Group - Back Kick_compressed.mp4,single_athlete_training,31,data\processed\clips\Group - Back Kick_compressed\event_031_punch_candidate_left_wrist_t132p20.mp4,0.4,0.6664,left_wrist,punch_candidate,0.40228,2,0.4,kick,back_kick,spinning_kicks,2.07267,0.648791,0.648791,-0.033287,0.18242,0.380794,0.347507,0.987878,0.573347,0.033287,0.414531,1.206693,0.472499,0.472499,0.030553,0.0151,0.450389,0.398729,0.90915,0.668736,0.051661,0.240414,1.651363,0.51721,0.51721,-0.00412,0.143357,0.376925,0.372805,0.895774,0.565503,0.00412,0.330271,0.94588,0.368861,0.368861,0.023977,0.01188,0.413192,0.383463,0.842393,0.653304,0.029729,0.189088,0.399097,0.146098,0.146098,-0.009713,0.01475,0.460047,0.385508,0.708558,0.680007,0.074539,0.028551,0.255223,0.094147,0.094147,-0.015083,-0.025826,0.437819,0.386814,0.698002,0.672176,0.051005,0.025826,0.281033,0.071622,0.071622,-0.028116,0.029668,0.432543,0.395266,0.712667,0.670601,0.037278,0.042066,0.220392,0.085043,0.085043,0.019835,-0.011631,0.428097,0.392695,0.695478,0.657587,0.035402,0.037892,0.356742,0.103473,0.103473,0.039199,0.043789,0.454765,0.415567,0.705254,0.636483,0.039199,0.068771,0.172711,0.068204,0.068204,0.050684,-0.009787,0.461688,0.411004,0.690263,0.663378,0.050684,0.026885,0.70466,0.20648,0.20648,0.01496,0.075062,0.382175,0.367215,0.760457,0.619962,0.01496,0.140495,0.454517,0.144037,0.144037,0.023702,-0.039331,0.391665,0.367963,0.747147,0.656707,0.023702,0.09044
Group - Back Kick_compressed.mp4,single_athlete_training,37,data\processed\clips\Group - Back Kick_compressed\event_037_kick_candidate_right_ankle_t2p60.mp4,0.4,0.9366,right_ankle,kick_candidate,0.68034,0,0.0,kick,back_kick,spinning_kicks,0.441844,0.313887,0.313887,0.076851,0.104034,0.534618,0.457176,0.755372,0.573799,0.077442,0.181573,0.308828,0.125964,0.125964,-0.025102,0.055896,0.489311,0.450213,0.686355,0.60747,0.039098,0.078885,0.379865,0.256022,0.256022,0.081679,0.064003,0.530681,0.449002,0.700448,0.560618,0.081679,0.13983,0.415319,0.143783,0.143783,0.002208,0.053812,0.473008,0.438954,0.658541,0.569946,0.034054,0.088595,1.143816,0.498828,0.498828,-0.008024,0.051734,0.467567,0.371582,0.97182,0.726419,0.095985,0.245401,1.703386,0.741078,0.741078,0.099894,-0.031447,0.526412,0.328992,0.935076,0.608657,0.19742,0.326419,0.678637,0.285182,0.285182,0.024402,0.024955,0.480717,0.432612,0.861498,0.727053,0.048105,0.134445,0.979336,0.432095,0.432095,0.044113,0.009724,0.48829,0.394731,0.833537,0.634289,0.093559,0.199247,0.309781,0.201084,0.201084,0.049552,0.043801,0.503006,0.453454,0.759173,0.648713,0.049552,0.11046,0.430349,0.224982,0.224982,0.031497,0.034526,0.482838,0.44133,0.744311,0.624299,0.041508,0.120012,0.389587,0.21182,0.21182,0.074165,0.026548,0.529449,0.455285,0.619686,0.509208,0.074165,0.110479,0.254368,0.157092,0.157092,0.031423,0.038188,0.494911,0.452371,0.602386,0.514555,0.04254,0.087832
Group - Back Kick_compressed.mp4,single_athlete_training,39,data\processed\clips\Group - Back Kick_compressed\event_039_kick_candidate_right_ankle_t20p00.mp4,0.8,0.965,right_ankle,kick_candidate,0.826686,0,0.0,kick,back_kick,spinning_kicks,0.642584,0.272628,0.381679,0.024496,0.12438,0.504689,0.455572,0.792732,0.571893,0.049117,0.220839,0.583792,0.26301,0.368213,-0.066404,0.075988,0.526343,0.43919,0.775137,0.585481,0.087153,0.189656,0.488285,0.23789,0.333046,0.064505,0.068688,0.507,0.442495,0.74047,0.57041,0.064505,0.17006,0.62561,0.256641,0.359298,-0.081993,0.023316,0.548739,0.436518,0.727597,0.564854,0.112221,0.162743,0.391445,0.141422,0.197991,0.0191,0.008517,0.472626,0.444092,0.981555,0.898425,0.028534,0.083131,1.399806,0.642259,0.899162,-0.013789,-0.047604,0.575536,0.322788,0.982654,0.618679,0.252748,0.363974,0.395941,0.152846,0.213985,0.018775,0.006637,0.478969,0.44779,0.878796,0.784652,0.031179,0.094144,0.929635,0.430526,0.602736,-0.014,-0.024098,0.537823,0.389381,0.881504,0.622704,0.148442,0.2588,0.443466,0.178667,0.250133,-0.00239,-0.005415,0.497438,0.465084,0.79271,0.671783,0.032354,0.120927,0.540627,0.238922,0.33449,-0.039726,-0.007858,0.531648,0.442517,0.794397,0.641705,0.089131,0.152692,0.374725,0.185752,0.260053,0.029853,0.031742,0.504847,0.467319,0.657614,0.524396,0.037528,0.133218,0.489957,0.203338,0.284673,-0.045382,0.011325,0.534977,0.455458,0.646841,0.518125,0.079519,0.128716
Group - Back Kick_compressed.mp4,single_athlete_training,40,data\processed\clips\Group - Back Kick_compressed\event_040_kick_candidate_right_ankle_t22p80.mp4,0.4,0.7035,right_ankle,kick_candidate,0.55302,1,0.2,kick,back_kick,spinning_kicks,0.497202,0.192628,0.192628,0.026551,0.126545,0.360848,0.276715,0.817403,0.690858,0.084132,0.126545,0.766253,0.286675,0.286675,-0.042176,0.134871,0.289485,0.233274,0.809976,0.657369,0.056211,0.152606,0.247031,0.109685,0.109685,-0.048373,-0.026238,0.351316,0.292692,0.769929,0.720129,0.058624,0.049801,0.2823,0.103377,0.103377,-0.069617,0.002667,0.316185,0.245047,0.692871,0.658223,0.071138,0.034649,1.128041,0.339579,0.339579,0.027978,-0.324676,0.371888,0.322118,1.066137,0.741461,0.04977,0.324676,2.174897,0.737779,0.737779,0.045149,-0.272925,0.39601,0.31475,1.030383,0.601487,0.08126,0.428896,0.936463,0.400812,0.400812,0.051898,-0.390716,0.395452,0.341715,0.977496,0.586779,0.053738,0.390716,1.406167,0.443556,0.443556,0.032419,-0.338554,0.357116,0.324292,0.903051,0.564497,0.032824,0.338554,0.294702,0.101045,0.101045,-0.068031,-0.061228,0.382695,0.314665,0.847,0.782202,0.068031,0.064798,0.422135,0.113248,0.113248,-0.067989,-0.053535,0.362475,0.285238,0.807917,0.745334,0.077237,0.062583,0.232253,0.091807,0.091807,-0.082388,-0.031454,0.379613,0.297225,0.652128,0.618913,0.082388,0.033214,0.317668,0.108014,0.108014,-0.084226,-0.03209,0.347471,0.263246,0.591608,0.554815,0.084226,0.036793
Group - Back Kick_compressed.mp4,single_athlete_training,44,data\processed\clips\Group - Back Kick_compressed\event_044_kick_candidate_right_ankle_t58p20.mp4,0.6,0.9412,right_ankle,kick_candidate,0.707783,0,0.0,kick,back_kick,spinning_kicks,0.412549,0.209757,0.251709,0.008892,-0.017213,0.586692,0.483529,0.749883,0.667612,0.103163,0.08227,0.206005,0.107319,0.128783,0.04534,0.013137,0.54672,0.484235,0.737987,0.700282,0.062485,0.037705,0.427866,0.208773,0.250527,0.063184,0.032665,0.623045,0.531411,0.769007,0.655407,0.091635,0.113599,0.149845,0.094616,0.113539,0.038663,0.021933,0.512915,0.463951,0.691753,0.657754,0.048964,0.033999,0.685169,0.267828,0.321393,0.136255,0.042404,0.6286,0.454956,1.003518,0.874921,0.173643,0.128597,1.504265,0.61085,0.73302,0.101927,0.086753,0.543404,0.326479,1.037168,0.670307,0.216925,0.366861,0.414608,0.246136,0.295363,0.111799,0.026721,0.627885,0.500988,0.899002,0.782758,0.126897,0.116245,0.942211,0.39093,0.469115,0.075958,0.060503,0.550256,0.418014,0.921299,0.680956,0.132242,0.240343,0.204372,0.10564,0.126768,0.071098,0.009842,0.591513,0.514412,0.780849,0.741761,0.0771,0.039088,0.29982,0.161554,0.193865,0.054875,0.023043,0.546927,0.472933,0.7866,0.706723,0.073995,0.079877,0.255445,0.140452,0.168543,0.07047,-0.012987,0.605874,0.535404,0.688894,0.610159,0.07047,0.078735,0.144252,0.083379,0.100055,0.044991,-0.003795,0.539685,0.483405,0.627131,0.598313,0.05628,0.028818
Group - Back Kick_compressed.mp4,single_athlete_training,45,data\processed\clips\Group - Back Kick_compressed\event_045_kick_candidate_right_ankle_t63p40.mp4,0.6,0.9343,right_ankle,kick_candidate,0.675767,0,0.0,kick,back_kick,spinning_kicks,0.41692,0.162986,0.195584,0.167491,-0.004883,0.607502,0.440012,0.671503,0.629616,0.167491,0.041887,0.292485,0.151188,0.181425,0.127939,-0.061693,0.670449,0.54251,0.707554,0.625036,0.127939,0.082518,0.361474,0.141379,0.169655,0.148873,0.044657,0.595075,0.446202,0.660437,0.61016,0.148873,0.050277,0.341065,0.139816,0.167779,0.125147,-0.062267,0.690091,0.558212,0.688197,0.62593,0.131879,0.062267,0.665421,0.310378,0.372454,0.155585,0.055335,0.619033,0.463448,1.050725,0.919018,0.155585,0.131708,1.038301,0.459777,0.551733,0.22571,0.044552,0.69285,0.46714,1.065718,0.858058,0.22571,0.20766,0.417898,0.21098,0.253176,0.15438,0.02112,0.619271,0.461349,0.927152,0.855056,0.157922,0.072097,0.518667,0.282982,0.339579,0.21175,0.012561,0.67603,0.46428,0.933825,0.831745,0.21175,0.10208,0.294878,0.146522,0.175827,0.154662,0.021278,0.626185,0.471522,0.793379,0.750783,0.154662,0.042597,0.246337,0.153678,0.184413,0.171726,-0.010507,0.668418,0.496692,0.79898,0.763457,0.171726,0.035524,0.196362,0.122309,0.146771,0.120393,-0.014659,0.609829,0.489436,0.615952,0.575101,0.120393,0.040851,0.216988,0.132556,0.159067,0.132786,-0.072949,0.673911,0.541126,0.634656,0.561707,0.132786,0.072949
Group - Back Kick_compressed.mp4,single_athlete_training,47,data\processed\clips\Group - Back Kick_compressed\event_047_kick_candidate_right_ankle_t95p60.mp4,0.2,0.7967,right_ankle,kick_candidate,0.73125,0,0.0,kick,back_kick,spinning_kicks,0.606027,0.253057,0.202445,-0.012722,0.06517,0.495069,0.435105,0.775036,0.663417,0.059965,0.111619,0.347317,0.169461,0.135569,-0.121808,-0.056245,0.5092,0.387392,0.700479,0.644233,0.121808,0.056245,0.369474,0.150981,0.120785,0.005507,0.061116,0.491041,0.461991,0.750358,0.679408,0.02905,0.07095,0.383362,0.135725,0.10858,-0.077114,-0.044594,0.499974,0.422859,0.698271,0.65326,0.077114,0.045011,0.543815,0.273998,0.219199,-0.0142,0.003919,0.448481,0.375042,0.946298,0.859557,0.073439,0.086741,1.565072,0.574455,0.459564,-0.215563,-0.19108,0.51414,0.298577,0.942623,0.657521,0.215563,0.285102,0.317637,0.158524,0.126819,-0.02717,-0.007871,0.468668,0.407652,0.85123,0.807944,0.061015,0.043286,0.786704,0.327073,0.261658,-0.136995,-0.080671,0.502505,0.36551,0.845053,0.695007,0.136995,0.150046,0.155586,0.062823,0.050258,-0.015771,0.033946,0.467595,0.444951,0.773759,0.739813,0.022644,0.033946,0.170475,0.080184,0.064148,-0.057043,-0.009137,0.476349,0.419307,0.744326,0.725567,0.057043,0.018759,0.24478,0.114419,0.091535,0.019661,0.068934,0.496356,0.46809,0.697835,0.628901,0.028266,0.068934,0.122437,0.070619,0.056496,-0.031169,0.01438,0.488335,0.457166,0.64361,0.627267,0.031169,0.016343
Group - Back Kick_compressed.mp4,single_athlete_training,48,data\processed\clips\Group - Back Kick_compressed\event_048_kick_candidate_right_ankle_t96p20.mp4,0.2,0.8277,right_ankle,kick_candidate,0.769775,0,0.0,kick,back_kick,spinning_kicks,0.267138,0.147698,0.118158,-0.095279,0.039556,0.482347,0.387069,0.814593,0.775036,0.095279,0.039556,0.526436,0.249249,0.199399,-0.062259,0.188237,0.387392,0.325134,0.832471,0.644233,0.062259,0.188237,0.229919,0.118989,0.095191,-0.068962,0.036013,0.482643,0.413681,0.790357,0.750358,0.068962,0.039999,0.352261,0.178376,0.142701,-0.102765,0.093944,0.422859,0.320094,0.747621,0.653678,0.102765,0.093944,0.100305,0.045623,0.036499,-0.007779,0.025186,0.436211,0.426502,0.973516,0.946298,0.009709,0.027218,0.722877,0.376158,0.300927,0.024432,0.209405,0.323009,0.298577,1.005753,0.751543,0.024432,0.25421,0.214293,0.11012,0.088096,-0.048162,0.067493,0.441497,0.393335,0.910553,0.84306,0.048162,0.067493,0.465956,0.269686,0.215749,-0.049426,0.096179,0.36551,0.316084,0.917428,0.764383,0.049426,0.153046,0.199794,0.131357,0.105086,-0.087433,0.042221,0.444951,0.357518,0.822187,0.773759,0.087433,0.048429,0.25938,0.158445,0.126756,-0.092299,0.055697,0.419307,0.327008,0.804009,0.735189,0.092299,0.06882,0.187173,0.113939,0.091151,-0.069619,0.02575,0.487751,0.418132,0.733118,0.697835,0.069619,0.035283,0.258122,0.137684,0.110147,-0.092776,0.042761,0.457166,0.36439,0.689471,0.64361,0.092776,0.045861
Group - Back Kick_compressed.mp4,single_athlete_training,51,data\processed\clips\Group - Back Kick_compressed\event_051_kick_candidate_right_ankle_t111p20.mp4,0.6,0.9609,right_ankle,kick_candidate,0.803417,0,0.0,kick,back_kick,spinning_kicks,0.224224,0.132768,0.159322,0.031532,0.074816,0.512063,0.435733,0.735192,0.658349,0.07633,0.076843,0.20028,0.091825,0.110189,0.058076,0.048503,0.495659,0.424866,0.699432,0.649168,0.070794,0.050265,0.194213,0.084457,0.101348,0.041477,0.015334,0.514356,0.464321,0.719686,0.678041,0.050035,0.041644,0.124017,0.054499,0.065399,0.039466,0.036944,0.456265,0.416799,0.678334,0.634662,0.039466,0.043672,0.401451,0.187312,0.224774,0.098516,0.128939,0.516012,0.417497,0.951829,0.804171,0.098516,0.147659,1.216613,0.513616,0.616339,0.050887,0.065324,0.470053,0.349102,0.951331,0.65299,0.120951,0.298341,0.23733,0.088391,0.106069,0.072116,0.012107,0.517341,0.432956,0.84434,0.821435,0.084385,0.022905,0.751069,0.295765,0.354918,0.054018,0.014781,0.49534,0.394324,0.848514,0.691061,0.101016,0.157454,0.133311,0.062619,0.075143,0.044479,0.016102,0.492794,0.444733,0.75582,0.730062,0.04806,0.025758,0.12289,0.075287,0.090345,0.039897,0.018624,0.471288,0.429913,0.750406,0.707551,0.041375,0.042855,0.116754,0.058904,0.070685,0.040203,0.012649,0.5158,0.475597,0.666362,0.634832,0.040203,0.03153,0.05665,0.031778,0.038134,0.031074,0.01541,0.475937,0.444863,0.622823,0.607184,0.031074,0.015639
Group - Back Kick_compressed.mp4,single_athlete_training,52,data\processed\clips\Group - Back Kick_compressed\event_052_kick_candidate_right_ankle_t120p60.mp4,0.6,0.9633,right_ankle,kick_candidate,0.816033,0,0.0,kick,back_kick,spinning_kicks,0.355496,0.135188,0.162225,-0.025459,0.020235,0.499382,0.436718,0.76598,0.723599,0.062664,0.042381,0.216951,0.151167,0.181401,0.008528,0.0585,0.454468,0.404598,0.737773,0.679273,0.04987,0.0585,0.226747,0.087902,0.105482,-0.012194,0.015185,0.493426,0.451273,0.731298,0.696911,0.042153,0.034388,0.19896,0.108713,0.130455,0.006457,0.03349,0.439072,0.414181,0.689534,0.653029,0.024892,0.036506,0.133557,0.031188,0.037426,0.01019,-0.022157,0.442751,0.428607,0.944732,0.919356,0.014144,0.025376,1.009937,0.447941,0.537529,-0.017388,0.146985,0.457194,0.340418,0.968878,0.652235,0.116776,0.316643,0.097416,0.061661,0.073993,0.017792,0.001759,0.471349,0.43102,0.848322,0.830115,0.040329,0.018208,0.658664,0.262603,0.315123,-0.006892,0.057556,0.457002,0.378713,0.870095,0.706593,0.078289,0.163502,0.163874,0.063275,0.07593,-0.001538,0.004039,0.45978,0.445979,0.766707,0.73163,0.013801,0.035078,0.227822,0.08948,0.107376,0.002148,0.012029,0.442534,0.424144,0.760632,0.706032,0.01839,0.0546,0.135396,0.053357,0.064028,-0.001049,0.024987,0.489731,0.477377,0.681661,0.640622,0.012354,0.04104,0.148896,0.055917,0.067101,0.012653,0.023072,0.466694,0.440484,0.650136,0.61956,0.02621,0.030575
Group - Back Kick_compressed.mp4,single_athlete_training,53,data\processed\clips\Group - Back Kick_compressed\event_053_kick_candidate_right_ankle_t125p00.mp4,0.2,0.7669,right_ankle,kick_candidate,0.84825,0,0.0,kick,back_kick,spinning_kicks,0.01576,0.007115,0.005692,0.004108,-0.001452,0.463249,0.459141,0.710665,0.708113,0.004108,0.002552,0.245774,0.099228,0.079382,-0.054696,-0.033843,0.466966,0.41227,0.694134,0.650504,0.054696,0.04363,0.082353,0.046206,0.036964,0.022534,0.026347,0.468963,0.44643,0.712258,0.685911,0.022534,0.026347,0.226192,0.081217,0.064973,-0.023847,-0.047121,0.444475,0.413031,0.679542,0.632421,0.031444,0.047121,0.039755,0.015344,0.012275,-0.008901,0.0053,0.427996,0.4185,0.911855,0.906554,0.009496,0.0053,1.158806,0.455887,0.36471,-0.086467,-0.116314,0.448947,0.334347,0.891187,0.675403,0.1146,0.215784,0.057794,0.025635,0.020508,-0.013309,-0.004,0.443948,0.427551,0.8268,0.822801,0.016397,0.004,0.56885,0.23354,0.186832,-0.040853,-0.067575,0.457549,0.386306,0.817403,0.70884,0.071242,0.108563,0.052358,0.022791,0.018233,0.000878,-0.01027,0.438183,0.430839,0.747519,0.737249,0.007344,0.01027,0.163166,0.061127,0.048902,-0.021443,-0.033378,0.441684,0.416109,0.746231,0.710911,0.025575,0.035321,0.065585,0.030684,0.024547,0.018716,0.014569,0.47448,0.455764,0.654976,0.640407,0.018716,0.014569,0.093922,0.040241,0.032193,-0.005705,-0.019232,0.452908,0.439791,0.634012,0.613829,0.013116,0.020183
Group - Back Kick_compressed.mp4,single_athlete_training,55,data\processed\clips\Group - Back Kick_compressed\event_055_kick_candidate_right_ankle_t146p00.mp4,0.2,0.8161,right_ankle,kick_candidate,0.71805,0,0.0,kick,back_kick,spinning_kicks,0.357085,0.173837,0.139069,-0.014265,-0.003161,0.548175,0.531239,0.695364,0.625984,0.016936,0.06938,0.700377,0.249647,0.199717,-0.093714,0.010856,0.583565,0.448659,0.726215,0.688515,0.134907,0.0377,0.22727,0.136134,0.108907,0.038499,0.036739,0.560381,0.521882,0.694979,0.629384,0.038499,0.065595,0.434834,0.152182,0.121746,-0.074792,-0.024943,0.554874,0.468251,0.677834,0.645165,0.086623,0.032669,0.864582,0.494877,0.395901,-0.09933,-0.035592,0.548883,0.416628,0.97993,0.786961,0.132255,0.192969,1.165162,0.491451,0.393161,-0.110376,-0.238317,0.480256,0.36988,0.998785,0.760468,0.110376,0.238317,0.335129,0.207303,0.165843,-0.051417,-0.057416,0.536459,0.479476,0.865747,0.762686,0.056983,0.103061,0.792523,0.296023,0.236819,-0.079638,-0.213358,0.521473,0.441835,0.889594,0.676235,0.079638,0.213358,0.351305,0.109353,0.087482,0.012661,-0.058512,0.537614,0.524953,0.757748,0.687555,0.012661,0.070193,0.453923,0.132939,0.106351,-0.014558,-0.099108,0.516392,0.491681,0.764198,0.66509,0.024711,0.099108,0.135889,0.074151,0.059321,0.03776,0.025112,0.566421,0.528661,0.603588,0.572162,0.03776,0.031426,0.289056,0.100994,0.080795,-0.039923,0.022329,0.541592,0.486156,0.596334,0.5685,0.055436,0.027834
Group - Back Kick_compressed.mp4,single_athlete_training,56,data\processed\clips\Group - Back Kick_compressed\event_056_kick_candidate_right_ankle_t146p60.mp4,0.2,0.7929,right_ankle,kick_candidate,0.760575,0,0.0,kick,back_kick,spinning_kicks,0.141172,0.070149,0.05612,0.03901,-0.012953,0.572921,0.53391,0.695484,0.67925,0.03901,0.016234,0.175436,0.077635,0.062108,0.0499,-0.006543,0.53975,0.489851,0.71213,0.692829,0.0499,0.019301,0.15304,0.085118,0.068094,0.055058,-0.02362,0.615439,0.560381,0.694979,0.671359,0.055058,0.02362,0.144438,0.094387,0.07551,0.056914,-0.001248,0.536996,0.480081,0.660371,0.639592,0.056914,0.02078,0.445832,0.211439,0.169152,0.16221,0.033859,0.611763,0.449553,0.981143,0.944338,0.16221,0.036805,0.83575,0.322658,0.258127,0.111451,0.181036,0.481331,0.36988,0.965348,0.760468,0.111451,0.20488,0.339274,0.163311,0.130649,0.113088,0.04824,0.598131,0.485042,0.861201,0.808331,0.113088,0.05287,0.720689,0.24105,0.19284,0.067231,0.149627,0.509066,0.441835,0.828342,0.676235,0.067231,0.152107,0.311322,0.113875,0.0911,0.04627,0.039355,0.583884,0.537614,0.74649,0.689512,0.04627,0.056978,0.307182,0.122204,0.097763,0.046469,0.064393,0.548304,0.501835,0.7369,0.66509,0.046469,0.07181,0.094807,0.061612,0.049289,0.042481,-0.009548,0.608902,0.566421,0.603588,0.594032,0.042481,0.009557,0.152456,0.09454,0.075632,0.049687,-0.008291,0.551356,0.501669,0.590829,0.564986,0.049687,0.025842
Group - Back Kick_compressed.mp4,single_athlete_training,57,data\processed\clips\Group - Back Kick_compressed\event_057_kick_candidate_right_ankle_t152p40.mp4,0.4,0.9607,right_ankle,kick_candidate,0.8047,0,0.0,kick,back_kick,spinning_kicks,0.283618,0.138616,0.138616,0.071065,0.030059,0.574952,0.488373,0.740154,0.697826,0.086579,0.042328,0.491521,0.231861,0.231861,0.123816,0.014538,0.511924,0.388107,0.734864,0.644133,0.123816,0.090731,0.354373,0.135839,0.135839,0.103131,0.023805,0.610378,0.507246,0.711272,0.67647,0.103131,0.034802,0.346974,0.163667,0.163667,0.08689,0.010564,0.523151,0.436261,0.671669,0.605818,0.08689,0.065851,0.755478,0.197605,0.197605,0.17877,0.013627,0.616299,0.437529,0.995005,0.960031,0.17877,0.034974,1.479327,0.681871,0.681871,0.067167,0.059784,0.51215,0.331291,0.980984,0.644177,0.180859,0.336807,0.580587,0.162353,0.162353,0.127133,0.042526,0.59255,0.465417,0.890342,0.826367,0.127133,0.063976,0.708152,0.335137,0.335137,0.035229,0.046525,0.473366,0.40872,0.864839,0.683301,0.064645,0.181538,0.365627,0.118547,0.118547,0.079149,0.04045,0.571327,0.492178,0.769059,0.710629,0.079149,0.058429,0.380776,0.126606,0.126606,0.072337,0.047922,0.532005,0.459668,0.758256,0.687725,0.072337,0.070531,0.211172,0.098872,0.098872,0.082618,0.007963,0.602111,0.519493,0.609249,0.593378,0.082618,0.015871,0.272441,0.138861,0.138861,0.077096,-0.003566,0.542002,0.464906,0.589602,0.539945,0.077096,0.049657
Group - Back Kick_compressed.mp4,single_athlete_training,58,data\processed\clips\Group - Back Kick_compressed\event_058_kick_candidate_right_ankle_t155p80.mp4,0.4,0.9791,right_ankle,kick_candidate,0.8942,0,0.0,kick,back_kick,spinning_kicks,0.638929,0.221178,0.221178,-0.049807,0.007474,0.556174,0.435866,0.696778,0.643724,0.120308,0.053054,0.425641,0.184292,0.184292,0.002187,0.017338,0.56667,0.551229,0.793084,0.694734,0.015441,0.09835,0.463477,0.146134,0.146134,-0.040102,-0.029133,0.540365,0.456434,0.655281,0.615935,0.083931,0.039346,0.240335,0.078838,0.078838,0.055994,0.030686,0.57597,0.519976,0.685453,0.64445,0.055994,0.041003,1.262673,0.738455,0.738455,-0.04855,0.026229,0.559533,0.338771,0.958087,0.655908,0.220762,0.302179,1.217738,0.56074,0.56074,0.05525,0.001016,0.536642,0.417469,0.978837,0.735459,0.119173,0.243378,0.564067,0.3627,0.3627,-0.091848,0.001394,0.554619,0.400295,0.82495,0.690097,0.154324,0.134853,0.660328,0.312109,0.312109,0.039283,-0.00686,0.542565,0.478392,0.857936,0.725874,0.064172,0.132061,0.294606,0.128052,0.128052,-0.021442,-0.028147,0.526297,0.469672,0.730983,0.682593,0.056625,0.04839,0.276649,0.130932,0.130932,0.021219,-0.03723,0.533054,0.501938,0.744331,0.689166,0.031116,0.055165,0.286897,0.088752,0.088752,-0.02793,-0.036677,0.541972,0.489015,0.59257,0.555894,0.052957,0.036677,0.11811,0.064149,0.064149,0.038948,-0.002393,0.572403,0.533455,0.605742,0.581265,0.038948,0.024477
Group - Back Kick_compressed.mp4,single_athlete_training,60,data\processed\clips\Group - Back Kick_compressed\event_060_kick_candidate_right_ankle_t166p00.mp4,0.2,0.855,right_ankle,kick_candidate,0.739875,0,0.0,kick,back_kick,spinning_kicks,0.376045,0.180676,0.14454,0.083723,0.022357,0.574524,0.490801,0.753928,0.685731,0.083723,0.068197,0.253508,0.123457,0.098766,0.044766,-0.031438,0.488183,0.437889,0.713091,0.663655,0.050294,0.049436,0.239483,0.13271,0.106168,0.082268,-0.037503,0.589019,0.506751,0.689198,0.63756,0.082268,0.051638,0.323347,0.135067,0.108054,0.049294,-0.041564,0.490655,0.431479,0.665481,0.607623,0.059176,0.057858,0.536106,0.14864,0.118912,0.110556,0.003978,0.573058,0.459356,0.98086,0.976882,0.113702,0.003978,0.865465,0.420367,0.336294,-0.030804,-0.082836,0.443935,0.333035,0.866796,0.733896,0.1109,0.1329,0.27886,0.099887,0.07991,0.061972,0.009012,0.540586,0.478614,0.847456,0.832978,0.061972,0.014478,0.239371,0.116389,0.093112,0.018097,-0.035403,0.451584,0.406679,0.749346,0.702711,0.044905,0.046636,0.179419,0.058564,0.046851,0.04674,0.002848,0.537862,0.491122,0.712249,0.7094,0.04674,0.002848,0.120387,0.077463,0.061971,0.038441,0.002571,0.499349,0.460907,0.706695,0.688148,0.038441,0.018547,0.23333,0.093016,0.074413,0.059156,-0.039022,0.575892,0.516736,0.583674,0.544653,0.059156,0.039022,0.193633,0.096641,0.077313,0.03529,-0.036961,0.495658,0.45732,0.590591,0.540241,0.038338,0.050349
Group - Back Kick_compressed.mp4,single_athlete_training,61,data\processed\clips\Group - Back Kick_compressed\event_061_kick_candidate_right_ankle_t166p60.mp4,0.2,0.8084,right_ankle,kick_candidate,0.768725,0,0.0,kick,back_kick,spinning_kicks,0.277653,0.150672,0.120537,0.001788,0.01524,0.593341,0.547307,0.728491,0.697435,0.046034,0.031056,0.203067,0.073833,0.059066,-0.017414,0.042897,0.492766,0.470769,0.72223,0.679333,0.021996,0.042897,0.261745,0.151558,0.121247,-0.01209,0.010526,0.594215,0.576929,0.680534,0.629064,0.017286,0.051471,0.196258,0.092604,0.074083,0.005649,0.021332,0.527707,0.490655,0.640409,0.619077,0.037052,0.021332,0.142432,0.046691,0.037353,0.020349,0.023657,0.595573,0.573058,1.005461,0.98086,0.022515,0.024602,0.647892,0.309896,0.247917,0.115456,0.207749,0.528587,0.41313,0.991708,0.78396,0.115456,0.207749,0.283954,0.095092,0.076074,0.021733,0.055315,0.569434,0.540586,0.897305,0.84199,0.028848,0.055315,0.446838,0.242054,0.193643,0.076125,0.173772,0.52771,0.451584,0.887715,0.713943,0.076125,0.173772,0.200635,0.079348,0.063478,0.015701,0.050199,0.559458,0.537862,0.762447,0.712249,0.021596,0.050199,0.199871,0.094856,0.075885,0.02628,0.065497,0.527147,0.499349,0.758806,0.693309,0.027798,0.065497,0.110849,0.050904,0.040723,-0.006,0.015323,0.587498,0.569892,0.563542,0.544653,0.017606,0.018889,0.179071,0.0635,0.0508,0.022062,0.006535,0.531299,0.495658,0.546776,0.540241,0.035641,0.006535
Group - Back Kick_compressed.mp4,single_athlete_training,63,data\processed\clips\Group - Back Kick_compressed\event_063_kick_candidate_right_ankle_t179p00.mp4,0.2,0.7898,right_ankle,kick_candidate,0.75375,0,0.0,kick,back_kick,spinning_kicks,0.383981,0.148817,0.119053,0.05298,-0.012397,0.566875,0.503694,0.74062,0.695694,0.063181,0.044926,0.24746,0.147001,0.1176,0.001783,-0.077519,0.456991,0.448332,0.72096,0.62428,0.008658,0.09668,0.348806,0.111612,0.08929,0.039806,-0.047319,0.567439,0.526963,0.677188,0.615414,0.040476,0.061774,0.290722,0.101961,0.081568,0.023268,-0.055551,0.469417,0.44615,0.657105,0.590734,0.023268,0.066371,0.234887,0.090606,0.072485,0.06646,-0.01078,0.535751,0.46929,0.983475,0.969617,0.06646,0.013858,1.201406,0.473944,0.379155,-0.035766,-0.096384,0.456603,0.373499,0.958846,0.733393,0.083103,0.225453,0.158136,0.085549,0.068439,0.042225,-0.023366,0.521665,0.47944,0.860269,0.829377,0.042225,0.030893,0.598473,0.248899,0.19912,-0.006517,-0.057692,0.455899,0.414793,0.829635,0.711017,0.041106,0.118618,0.144417,0.069422,0.055538,0.005386,-0.032935,0.510274,0.504547,0.74819,0.70422,0.005726,0.04397,0.106715,0.077212,0.06177,0.018105,-0.023981,0.488813,0.469581,0.726549,0.686165,0.019232,0.040383,0.274085,0.084994,0.067996,0.013782,-0.050614,0.54597,0.531585,0.582781,0.528043,0.014385,0.054738,0.254353,0.08587,0.068696,0.020185,-0.046106,0.491905,0.464053,0.575091,0.527432,0.027852,0.047659
Group - Back Kick_compressed.mp4,single_athlete_training,65,data\processed\clips\Group - Back Kick_compressed\event_065_punch_candidate_right_wrist_t22p60.mp4,0.4,0.887,right_wrist,punch_candidate,0.69276,0,0.0,kick,back_kick,spinning_kicks,0.497202,0.261721,0.261721,-0.030729,0.165183,0.360848,0.276715,0.817403,0.65222,0.084132,0.165183,0.766253,0.402412,0.402412,-0.157912,0.134216,0.391185,0.233274,0.809976,0.657369,0.157912,0.152606,0.499454,0.209576,0.209576,-0.051217,0.073612,0.351316,0.292692,0.769929,0.670079,0.058624,0.09985,0.547309,0.212839,0.212839,-0.178455,0.014343,0.425022,0.245047,0.692871,0.64807,0.179976,0.044802,1.128041,0.368772,0.368772,0.009123,-0.346963,0.371888,0.322118,1.088424,0.741461,0.04977,0.346963,2.174897,0.817855,0.817855,-0.023976,-0.313348,0.39601,0.31475,1.070805,0.601487,0.08126,0.469319,0.936463,0.463228,0.463228,0.019381,-0.337439,0.395452,0.341715,0.977496,0.586779,0.053738,0.390716,1.406167,0.529459,0.529459,-0.049229,-0.365254,0.40594,0.324292,0.929751,0.564497,0.081648,0.365254,0.362334,0.173512,0.173512,-0.082451,0.009789,0.397115,0.314665,0.847,0.775983,0.082451,0.071018,0.422135,0.187451,0.187451,-0.132223,-0.016387,0.426709,0.285238,0.807917,0.745334,0.141471,0.062583,0.536095,0.199026,0.199026,-0.08024,0.075744,0.379613,0.297225,0.652128,0.54493,0.082388,0.107197,0.506594,0.209332,0.209332,-0.168041,0.024834,0.431287,0.263246,0.591608,0.52998,0.168041,0.061628
Group - Back Kick_compressed.mp4,single_athlete_training,71,data\processed\clips\Group - Back Kick_compressed\event_071_punch_candidate_right_wrist_t132p20.mp4,0.4,0.6664,right_wrist,punch_candidate,0.40228,2,0.4,kick,back_kick,spinning_kicks,2.07267,0.648791,0.648791,-0.033287,0.18242,0.380794,0.347507,0.987878,0.573347,0.033287,0.414531,1.206693,0.472499,0.472499,0.030553,0.0151,0.450389,0.398729,0.90915,0.668736,0.051661,0.240414,1.651363,0.51721,0.51721,-0.00412,0.143357,0.376925,0.372805,0.895774,0.565503,0.00412,0.330271,0.94588,0.368861,0.368861,0.023977,0.01188,0.413192,0.383463,0.842393,0.653304,0.029729,0.189088,0.399097,0.146098,0.146098,-0.009713,0.01475,0.460047,0.385508,0.708558,0.680007,0.074539,0.028551,0.255223,0.094147,0.094147,-0.015083,-0.025826,0.437819,0.386814,0.698002,0.672176,0.051005,0.025826,0.281033,0.071622,0.071622,-0.028116,0.029668,0.432543,0.395266,0.712667,0.670601,0.037278,0.042066,0.220392,0.085043,0.085043,0.019835,-0.011631,0.428097,0.392695,0.695478,0.657587,0.035402,0.037892,0.356742,0.103473,0.103473,0.039199,0.043789,0.454765,0.415567,0.705254,0.636483,0.039199,0.068771,0.172711,0.068204,0.068204,0.050684,-0.009787,0.461688,0.411004,0.690263,0.663378,0.050684,0.026885,0.70466,0.20648,0.20648,0.01496,0.075062,0.382175,0.367215,0.760457,0.619962,0.01496,0.140495,0.454517,0.144037,0.144037,0.023702,-0.039331,0.391665,0.367963,0.747147,0.656707,0.023702,0.09044
Group - Cut Kick_compressed.mp4,single_athlete_training,4,data\processed\clips\Group - Cut Kick_compressed\event_004_kick_candidate_left_ankle_t6p82.mp4,0.4011,0.9576,left_ankle,kick_candidate,0.78138,0,0.0,kick,cut_kick,linear_kicks,0.72746,0.225443,0.226037,-0.0922,0.0694,0.575065,0.43595,0.698206,0.628806,0.139116,0.0694,0.212523,0.085145,0.085375,0.060783,0.043409,0.533501,0.472718,0.750874,0.707465,0.060783,0.043409,0.561063,0.184239,0.18473,-0.083107,-0.010099,0.581482,0.454657,0.67825,0.642364,0.126825,0.035886,0.203605,0.061705,0.061867,0.043173,0.027621,0.540211,0.497038,0.691234,0.657117,0.043173,0.034117,1.08274,0.480775,0.482051,-0.017661,0.031523,0.492341,0.375644,0.999475,0.776661,0.116697,0.222814,0.479132,0.199325,0.199875,0.004036,0.063987,0.490134,0.429263,0.99143,0.896337,0.060871,0.095094,0.610866,0.295389,0.296173,-0.026124,0.036603,0.51627,0.411037,0.886336,0.755913,0.105233,0.130423,0.252979,0.120366,0.1207,-0.00724,0.063077,0.504426,0.465607,0.881095,0.815266,0.03882,0.065829,0.295129,0.135356,0.135727,-0.052346,0.010899,0.550062,0.458017,0.749774,0.730308,0.092045,0.019466,0.1455,0.074593,0.074799,-0.016851,0.035545,0.525985,0.486321,0.760159,0.724614,0.039664,0.035545,0.289258,0.108351,0.108637,-0.0594,-0.021701,0.55903,0.482423,0.600281,0.572937,0.076607,0.027345,0.196282,0.059383,0.059537,0.009812,0.018226,0.536672,0.52053,0.622974,0.586332,0.016143,0.036642
Group - Cut Kick_compressed.mp4,single_athlete_training,9,data\processed\clips\Group - Cut Kick_compressed\event_009_kick_candidate_left_ankle_t26p28.mp4,0.8022,0.9429,left_ankle,kick_candidate,0.712371,0,0.0,kick,cut_kick,linear_kicks,0.595427,0.274263,0.385068,-0.079399,0.001878,0.653114,0.47764,0.757376,0.678579,0.175474,0.078797,0.33389,0.153751,0.215861,-0.040453,0.004552,0.541603,0.438921,0.726158,0.672993,0.102682,0.053165,0.478628,0.204846,0.287593,-0.095555,-0.010527,0.662813,0.507471,0.696536,0.652617,0.155342,0.043919,0.245223,0.151514,0.212708,-0.073793,0.012622,0.557617,0.4475,0.66407,0.617151,0.110117,0.046919,1.432299,0.618378,0.86809,-0.136888,-0.00984,0.651609,0.359801,1.048931,0.701356,0.291808,0.347575,1.462474,0.561578,0.788449,0.028378,0.03042,0.515312,0.310792,1.02962,0.717828,0.204521,0.311791,0.812171,0.287493,0.403633,-0.135413,-0.033148,0.64654,0.44914,0.93859,0.784637,0.1974,0.153953,0.704937,0.34336,0.482076,-0.037837,0.032814,0.534812,0.393757,0.904061,0.727029,0.141055,0.177033,0.357287,0.154456,0.216853,-0.108226,-0.034827,0.630208,0.476989,0.78943,0.742431,0.153219,0.046999,0.336428,0.171547,0.240849,-0.082001,-0.026899,0.585205,0.444374,0.776487,0.718305,0.140831,0.058182,0.363897,0.142389,0.199899,-0.116968,0.006134,0.667513,0.532046,0.621892,0.570633,0.135468,0.051259,0.319227,0.1356,0.190362,-0.071203,0.016975,0.581204,0.481403,0.604137,0.543913,0.099801,0.060224
Group - Cut Kick_compressed.mp4,single_athlete_training,11,data\processed\clips\Group - Cut Kick_compressed\event_011_kick_candidate_left_ankle_t28p88.mp4,0.2006,0.8458,left_ankle,kick_candidate,0.812875,0,0.0,kick,cut_kick,linear_kicks,0.555112,0.258185,0.207106,-0.183543,-0.048339,0.63038,0.446836,0.77327,0.707641,0.183543,0.06563,1.03731,0.429385,0.34442,-0.134195,-0.038218,0.571163,0.436968,0.746837,0.573791,0.134195,0.173046,0.48935,0.23509,0.188591,-0.148188,-0.003326,0.630966,0.482778,0.704053,0.647778,0.148188,0.056275,0.771654,0.346922,0.278288,-0.108848,-0.012203,0.56451,0.455662,0.675552,0.546174,0.108848,0.129378,1.108287,0.420808,0.337529,-0.255462,-0.036681,0.687787,0.432325,1.000315,0.876965,0.255462,0.12335,0.785442,0.480388,0.385347,-0.213543,-0.277189,0.557698,0.344154,1.004323,0.727135,0.213543,0.277189,0.812942,0.317269,0.254481,-0.235261,-0.038977,0.677771,0.44251,0.892841,0.82903,0.235261,0.063811,0.855139,0.346713,0.278091,-0.138793,-0.186035,0.552075,0.413282,0.90009,0.693162,0.138793,0.206929,0.384255,0.213077,0.170915,-0.13746,-0.032687,0.61623,0.478769,0.770231,0.710225,0.13746,0.060007,0.528724,0.22542,0.180807,-0.110467,-0.06468,0.573537,0.46307,0.775451,0.67861,0.110467,0.096841,0.39918,0.208212,0.167026,-0.118253,-0.005245,0.629595,0.511342,0.605882,0.549651,0.118253,0.056231,0.424892,0.201472,0.161611,-0.087576,-0.006669,0.564016,0.47644,0.593491,0.522579,0.087576,0.070912
Group - Cut Kick_compressed.mp4,single_athlete_training,12,data\processed\clips\Group - Cut Kick_compressed\event_012_kick_candidate_left_ankle_t31p49.mp4,0.2005,0.6233,left_ankle,kick_candidate,0.634425,1,0.25,kick,cut_kick,linear_kicks,0.386526,0.121888,0.097793,-0.091903,-0.000611,0.586179,0.494276,0.667005,0.65343,0.091903,0.013575,0.309556,0.148326,0.118988,-0.101308,-0.01899,0.567114,0.465806,0.691467,0.65224,0.101308,0.039227,0.641899,0.187265,0.15025,-0.117986,-0.081308,0.642415,0.524429,0.723118,0.63821,0.117986,0.084908,0.57113,0.207227,0.166253,-0.08972,-0.08112,0.571278,0.481558,0.720938,0.615257,0.08972,0.105681,1.000022,0.333856,0.267852,-0.244589,-0.105783,0.710982,0.466393,0.9994,0.893617,0.244589,0.105783,0.526945,0.232787,0.186736,-0.100856,-0.157106,0.557793,0.456937,1.009816,0.85271,0.100856,0.157106,0.961634,0.29481,0.236534,-0.188422,-0.138031,0.666293,0.477871,0.922703,0.784671,0.188422,0.138031,0.52207,0.183035,0.146846,-0.061351,-0.12757,0.538179,0.476828,0.878074,0.750504,0.061351,0.12757,0.564346,0.190427,0.152779,-0.096068,-0.102252,0.633245,0.537177,0.814164,0.711912,0.096068,0.102252,0.531012,0.177213,0.142178,-0.079376,-0.10502,0.59669,0.517313,0.80945,0.704429,0.079376,0.10502,0.489118,0.168886,0.135496,-0.104309,-0.05563,0.646779,0.542469,0.614798,0.545543,0.104309,0.069256,0.514925,0.168486,0.135177,-0.084718,-0.082538,0.587247,0.502529,0.622863,0.534433,0.084718,0.08843
Group - Cut Kick_compressed.mp4,single_athlete_training,13,data\processed\clips\Group - Cut Kick_compressed\event_013_kick_candidate_left_ankle_t45p93.mp4,0.2005,0.777,left_ankle,kick_candidate,0.565325,0,0.0,kick,cut_kick,linear_kicks,0.201181,0.107032,0.085866,-0.007393,0.006609,0.39926,0.369255,0.707066,0.673468,0.030005,0.033598,0.461995,0.171185,0.137352,-0.016755,0.071073,0.476685,0.45442,0.736164,0.636333,0.022265,0.09983,0.335953,0.163787,0.131417,0.021313,-0.019127,0.411578,0.378845,0.681879,0.614528,0.032733,0.067352,0.289301,0.124679,0.100029,-0.043947,0.016126,0.48719,0.430912,0.706405,0.671711,0.056278,0.034694,0.769421,0.328769,0.263762,-0.005424,-0.051743,0.40813,0.356301,1.00199,0.856606,0.051829,0.145384,0.560637,0.287941,0.23103,-0.013066,0.004759,0.412972,0.390501,1.034141,0.919186,0.02247,0.114955,0.714837,0.332554,0.266804,-0.000263,-0.030787,0.426372,0.387452,0.904554,0.766541,0.03892,0.138013,0.508618,0.183591,0.147304,-0.022633,-0.0552,0.445745,0.42134,0.926643,0.827576,0.024404,0.099067,0.444566,0.186651,0.149757,0.008371,-0.039574,0.434253,0.407018,0.794088,0.706137,0.027235,0.087952,0.334214,0.137019,0.109933,-0.025945,-0.03074,0.457778,0.431834,0.794782,0.728556,0.025945,0.066226,0.166614,0.101077,0.081096,0.030676,0.003206,0.458274,0.422417,0.597283,0.563012,0.035856,0.034271,0.192406,0.070097,0.056238,-0.021888,-0.009376,0.490522,0.459366,0.619426,0.596644,0.031156,0.022782
Group - Cut Kick_compressed.mp4,single_athlete_training,14,data\processed\clips\Group - Cut Kick_compressed\event_014_kick_candidate_left_ankle_t53p15.mp4,0.4011,0.6968,left_ankle,kick_candidate,0.51318,1,0.2,kick,cut_kick,linear_kicks,0.525185,0.192693,0.193184,-0.00866,-0.02408,0.462574,0.37694,0.707313,0.646037,0.085634,0.061276,0.525131,0.177066,0.177512,0.08003,0.003941,0.467675,0.382219,0.732582,0.663853,0.085455,0.068729,0.450883,0.165009,0.165433,-0.021997,-0.005386,0.466306,0.39405,0.669479,0.615151,0.072256,0.054328,0.423786,0.190462,0.19095,0.018221,0.00704,0.485161,0.411398,0.706571,0.637959,0.073763,0.068612,1.836986,0.69237,0.694178,-0.061872,-0.027849,0.406643,0.287207,0.977226,0.628813,0.119436,0.348413,0.289355,0.100375,0.10063,0.004955,-0.021016,0.41531,0.390237,0.993381,0.938965,0.025073,0.054416,1.280183,0.470885,0.472114,-0.025524,-0.036928,0.431271,0.350593,0.893221,0.649554,0.080679,0.243668,0.336096,0.108639,0.108925,0.000205,-0.030274,0.431506,0.417166,0.901617,0.835729,0.014341,0.065888,0.463324,0.165978,0.166411,-0.00857,-0.043502,0.451081,0.406592,0.78006,0.691755,0.044489,0.088305,0.215021,0.067262,0.067439,0.000639,-0.019564,0.445246,0.436638,0.779065,0.736821,0.008608,0.042244,0.226396,0.078799,0.079001,-0.021836,-0.00666,0.476055,0.439657,0.612699,0.57925,0.036398,0.033449,0.20774,0.08416,0.084376,0.016654,0.01381,0.488724,0.445882,0.628149,0.597006,0.042841,0.031143
Group - Cut Kick_compressed.mp4,single_athlete_training,15,data\processed\clips\Group - Cut Kick_compressed\event_015_kick_candidate_left_ankle_t55p16.mp4,0.4011,0.936,left_ankle,kick_candidate,0.68076,0,0.0,kick,cut_kick,linear_kicks,0.464307,0.226108,0.226759,0.002021,0.093787,0.399847,0.309621,0.741852,0.648065,0.090227,0.093787,0.394865,0.139546,0.139951,0.025421,0.048921,0.483357,0.45518,0.75462,0.678662,0.028177,0.075958,0.307443,0.140692,0.141099,-0.005098,0.018685,0.418156,0.356509,0.671959,0.639629,0.061647,0.03233,0.340161,0.115005,0.115338,0.039031,0.043956,0.498706,0.458989,0.710096,0.654609,0.039717,0.055487,1.314261,0.534826,0.536379,-0.006327,-0.003897,0.429115,0.304117,0.967233,0.735108,0.124998,0.232125,1.159085,0.480741,0.482142,0.002542,0.014045,0.435935,0.332171,0.987805,0.764437,0.103764,0.223368,0.784915,0.327127,0.328094,-0.008311,0.016793,0.4457,0.360837,0.873216,0.723796,0.084864,0.14942,0.647032,0.288441,0.289296,0.001016,0.031112,0.458113,0.397023,0.893689,0.747521,0.06109,0.146168,0.289722,0.131797,0.132191,-0.008213,0.024866,0.450303,0.415923,0.772027,0.702727,0.03438,0.069301,0.206431,0.093293,0.09357,0.016197,0.032615,0.472842,0.447752,0.776825,0.71749,0.02509,0.059334,0.185953,0.088168,0.08842,-0.005292,0.007609,0.439299,0.40615,0.629394,0.605328,0.033149,0.024066,0.19831,0.055989,0.056153,0.020933,0.029421,0.479689,0.458756,0.639827,0.601689,0.020933,0.038137
Group - Cut Kick_compressed.mp4,single_athlete_training,23,data\processed\clips\Group - Cut Kick_compressed\event_023_kick_candidate_left_ankle_t105p50.mp4,0.4011,0.9157,left_ankle,kick_candidate,0.81942,0,0.0,kick,cut_kick,linear_kicks,0.230669,0.117446,0.117756,-0.004201,0.108435,0.458359,0.435468,0.738065,0.629629,0.022891,0.108435,0.158903,0.103386,0.103669,0.024079,0.098993,0.486826,0.462318,0.742265,0.643273,0.024508,0.098993,0.212875,0.088493,0.088728,-0.022964,0.046799,0.472629,0.430647,0.696111,0.649312,0.041982,0.046799,0.09804,0.053468,0.053611,0.031356,0.040433,0.49736,0.466004,0.702004,0.661571,0.031356,0.040433,0.905768,0.444309,0.445488,-0.017666,0.086309,0.438468,0.36515,0.954081,0.701623,0.073318,0.252457,0.540817,0.311978,0.312851,0.070271,0.004435,0.529606,0.390338,0.946428,0.846977,0.139268,0.099451,0.461744,0.192497,0.193,-0.005913,0.054972,0.443693,0.394719,0.849869,0.743148,0.048974,0.106721,0.219745,0.136419,0.136791,0.029907,0.023955,0.492896,0.432369,0.850459,0.794824,0.060527,0.055634,0.147694,0.087274,0.087511,-0.010961,0.030331,0.470674,0.437036,0.755749,0.719709,0.033638,0.036039,0.110813,0.052542,0.052685,0.009197,0.03063,0.481834,0.460865,0.759353,0.728723,0.020969,0.03063,0.154983,0.052171,0.052308,-0.027362,0.01464,0.477962,0.441528,0.624066,0.609425,0.036434,0.01464,0.074801,0.03298,0.033068,0.023767,0.010396,0.494073,0.470307,0.633923,0.62022,0.023767,0.013703
Group - Cut Kick_compressed.mp4,single_athlete_training,24,data\processed\clips\Group - Cut Kick_compressed\event_024_kick_candidate_left_ankle_t119p74.mp4,0.2005,0.8354,left_ankle,kick_candidate,0.75935,0,0.0,kick,cut_kick,linear_kicks,0.886926,0.34615,0.277736,-0.205247,0.072786,0.629308,0.424061,0.631873,0.559088,0.205247,0.072786,0.118877,0.049162,0.039441,0.000649,0.023729,0.422786,0.408072,0.644226,0.620497,0.014714,0.023729,0.492855,0.218748,0.175516,-0.125168,0.091046,0.586208,0.46104,0.639703,0.548658,0.125168,0.091046,0.126683,0.055591,0.044603,-0.003459,0.02805,0.434834,0.418542,0.611695,0.583646,0.016293,0.02805,0.810937,0.376964,0.302432,-0.055186,-0.002131,0.487061,0.389274,0.969078,0.839076,0.097787,0.130002,0.633968,0.32237,0.258606,-0.051156,-0.01152,0.402303,0.32994,0.833497,0.709101,0.072363,0.124396,0.402632,0.183049,0.146853,-0.05469,0.016753,0.493732,0.427828,0.842499,0.779054,0.065904,0.063445,0.700737,0.331057,0.265585,-0.043644,0.053353,0.406518,0.362873,0.738999,0.598435,0.043644,0.140563,0.239985,0.091646,0.073527,-0.055504,0.047167,0.504984,0.44948,0.709847,0.66268,0.055504,0.047167,0.211478,0.083437,0.066941,-0.05012,0.02751,0.476799,0.426679,0.675989,0.645192,0.05012,0.030796,0.214723,0.087221,0.069984,-0.065463,0.019868,0.540588,0.475125,0.559758,0.539497,0.065463,0.020261,0.111327,0.059152,0.047458,-0.023841,0.004908,0.470536,0.443432,0.563367,0.545145,0.027105,0.018223
Group - Cut Kick_compressed.mp4,single_athlete_training,25,data\processed\clips\Group - Cut Kick_compressed\event_025_kick_candidate_left_ankle_t124p15.mp4,0.6017,0.9534,left_ankle,kick_candidate,0.810833,0,0.0,kick,cut_kick,linear_kicks,0.333781,0.167387,0.201414,-0.076557,0.00249,0.524767,0.441146,0.693039,0.636076,0.083621,0.056963,0.359948,0.179121,0.215528,-0.08459,0.024016,0.583203,0.491448,0.721299,0.651106,0.091755,0.070192,0.294839,0.146077,0.175781,-0.087827,0.011259,0.521699,0.433873,0.648858,0.593033,0.087827,0.055825,0.20708,0.109945,0.132298,-0.080496,0.028336,0.591856,0.50643,0.671084,0.632979,0.085426,0.038105,0.806893,0.430663,0.518245,-0.063354,0.133305,0.467397,0.337994,0.985813,0.699583,0.129403,0.28623,1.182395,0.432805,0.520799,-0.046944,0.019209,0.560637,0.483769,0.975362,0.717738,0.076867,0.257624,0.530638,0.244867,0.294675,-0.051564,0.114414,0.47403,0.392295,0.854481,0.676479,0.081735,0.178001,0.843156,0.303005,0.36462,-0.034966,0.007248,0.551206,0.480356,0.840586,0.677651,0.07085,0.162934,0.270022,0.139363,0.167705,-0.071503,0.030131,0.522483,0.444481,0.736961,0.660917,0.078002,0.076044,0.256315,0.126357,0.152052,-0.060319,0.030904,0.549069,0.477299,0.740186,0.663771,0.07177,0.076415,0.146434,0.079424,0.095574,-0.072587,0.010362,0.520859,0.448271,0.572286,0.546013,0.072587,0.026273,0.13476,0.067909,0.081715,-0.062977,0.018565,0.567275,0.504297,0.590475,0.561868,0.062977,0.028607
Group - Cut Kick_compressed.mp4,single_athlete_training,27,data\processed\clips\Group - Cut Kick_compressed\event_027_kick_candidate_left_ankle_t130p77.mp4,0.6017,0.9798,left_ankle,kick_candidate,0.898183,0,0.0,kick,cut_kick,linear_kicks,0.440344,0.218244,0.262592,-0.056523,0.112596,0.564067,0.435644,0.68545,0.572854,0.128423,0.112596,0.331045,0.094397,0.113575,-0.068673,0.046357,0.484688,0.416014,0.648087,0.60173,0.068673,0.046357,0.284498,0.141995,0.170847,-0.032694,0.025348,0.553886,0.477811,0.648588,0.57891,0.076075,0.069678,0.240893,0.086584,0.104173,-0.064913,0.00447,0.493303,0.42799,0.60491,0.5799,0.065313,0.025009,2.09816,0.669775,0.805776,-0.125271,-0.029184,0.57244,0.331935,1.005922,0.637895,0.240505,0.368027,1.017865,0.492642,0.592726,-0.068183,0.072018,0.452241,0.308511,0.963984,0.728438,0.14373,0.235546,0.978574,0.314,0.377769,-0.094699,-0.01891,0.540963,0.424177,0.882985,0.7074,0.116785,0.175586,0.796681,0.346021,0.416312,-0.06028,0.090885,0.464827,0.354687,0.819726,0.652219,0.11014,0.167506,0.33003,0.129194,0.155434,-0.086255,-0.019757,0.534564,0.448309,0.746601,0.678019,0.086255,0.068581,0.309035,0.127972,0.153964,-0.098053,-0.044915,0.513063,0.41501,0.745092,0.672216,0.098053,0.072876,0.118006,0.070771,0.085152,-0.074398,-0.011918,0.563023,0.488625,0.555048,0.541701,0.074398,0.013347,0.209932,0.091353,0.109912,-0.086847,-0.021686,0.528081,0.441233,0.554506,0.531092,0.086847,0.023414
Group - Cut Kick_compressed.mp4,single_athlete_training,28,data\processed\clips\Group - Cut Kick_compressed\event_028_kick_candidate_left_ankle_t133p97.mp4,0.4011,0.9302,left_ankle,kick_candidate,0.64924,0,0.0,kick,cut_kick,linear_kicks,0.422238,0.127064,0.127401,0.043338,-0.096384,0.247867,0.196538,0.745655,0.649271,0.051329,0.096384,0.205245,0.116789,0.117108,0.03032,-0.00412,0.323338,0.286636,0.623124,0.597407,0.036702,0.025718,0.176531,0.073101,0.073305,0.01775,-0.008002,0.278287,0.237672,0.655577,0.638951,0.040615,0.016626,0.226308,0.106425,0.106725,0.003009,0.008221,0.365804,0.321239,0.598094,0.575414,0.044565,0.02268,1.17433,0.45867,0.45991,0.039884,-0.052274,0.310978,0.23029,1.05191,0.82002,0.080689,0.23189,0.33598,0.143821,0.144223,-0.008181,-0.095989,0.331103,0.312138,1.064758,0.968769,0.018964,0.095989,0.817443,0.337015,0.337928,0.036639,-0.009683,0.306099,0.229269,0.878802,0.718219,0.07683,0.160583,0.246497,0.076483,0.076682,-0.00034,-0.041609,0.329464,0.319718,0.911476,0.862741,0.009746,0.048735,0.357795,0.134186,0.134549,-0.009149,-0.013457,0.321771,0.300879,0.760626,0.691998,0.020892,0.068628,0.250889,0.085409,0.085639,-0.011675,-0.026086,0.353463,0.340224,0.749885,0.699606,0.013239,0.050279,0.205737,0.079441,0.079665,0.00987,0.021445,0.301969,0.268226,0.532034,0.501939,0.033743,0.030095,0.116347,0.061471,0.061643,-0.01282,0.018389,0.360086,0.324667,0.489535,0.471146,0.035419,0.018389
Group - Cut Kick_compressed.mp4,single_athlete_training,30,data\processed\clips\Group - Cut Kick_compressed\event_030_kick_candidate_left_ankle_t140p59.mp4,0.6017,0.9699,left_ankle,kick_candidate,0.8508,0,0.0,kick,cut_kick,linear_kicks,0.361266,0.13093,0.157531,-0.08566,-0.031891,0.535575,0.433793,0.699608,0.641032,0.101782,0.058576,0.18253,0.059742,0.07188,0.015708,0.007419,0.518092,0.482926,0.682081,0.667763,0.035166,0.014318,0.415161,0.142486,0.171439,-0.11089,-0.008545,0.541357,0.430467,0.642469,0.583941,0.11089,0.058528,0.288169,0.108482,0.130517,0.029897,0.040468,0.540058,0.484001,0.650342,0.608478,0.056057,0.041863,0.904982,0.439479,0.528808,-0.098057,0.017231,0.517932,0.360911,0.979413,0.738844,0.157021,0.240569,0.824273,0.227818,0.274149,0.072323,0.224955,0.500773,0.428449,0.986962,0.747409,0.072323,0.239553,0.592509,0.31711,0.381571,-0.080184,0.025762,0.518122,0.408557,0.847964,0.665735,0.109564,0.18223,0.470807,0.181405,0.218293,0.054427,0.17608,0.504341,0.449915,0.844049,0.663402,0.054427,0.180647,0.342504,0.132149,0.159004,-0.073556,0.012943,0.528432,0.449859,0.717545,0.654573,0.078572,0.062972,0.12427,0.075505,0.090855,-0.006327,0.043713,0.505402,0.486024,0.724116,0.661733,0.019378,0.062384,0.313792,0.102222,0.122994,-0.092517,-0.010823,0.543021,0.450504,0.559766,0.527932,0.092517,0.031834,0.173474,0.062217,0.07486,0.008102,0.007345,0.528012,0.500628,0.569474,0.540765,0.027384,0.028709
Group - Cut Kick_compressed.mp4,single_athlete_training,31,data\processed\clips\Group - Cut Kick_compressed\event_031_kick_candidate_left_ankle_t143p60.mp4,0.6016,0.9651,left_ankle,kick_candidate,0.827767,0,0.0,kick,cut_kick,linear_kicks,0.393937,0.159073,0.1914,-0.013933,0.10982,0.47793,0.447174,0.678141,0.568321,0.030756,0.10982,0.438376,0.111508,0.134166,0.035911,0.111084,0.505869,0.469958,0.676193,0.565109,0.035911,0.111084,0.278377,0.122021,0.146832,-0.038552,0.07508,0.491403,0.43695,0.651578,0.564119,0.054453,0.087459,0.395613,0.12466,0.149996,0.056141,0.083212,0.523838,0.463056,0.654339,0.562402,0.060782,0.091938,1.352343,0.475666,0.572441,-0.040675,0.02755,0.505611,0.336583,0.924636,0.668287,0.169028,0.256349,0.472388,0.129183,0.155473,0.042529,0.077395,0.493741,0.451212,0.928354,0.815719,0.042529,0.112635,0.823903,0.282967,0.340524,-0.044841,0.018941,0.499618,0.398109,0.813539,0.654439,0.101509,0.1591,0.41917,0.098575,0.118633,0.053215,0.093973,0.49628,0.443065,0.812008,0.71565,0.053215,0.096358,0.243893,0.08569,0.103122,-0.034131,0.023405,0.505904,0.458283,0.714858,0.666254,0.047621,0.048604,0.070723,0.036098,0.043439,0.006096,0.028453,0.496733,0.487221,0.715611,0.687157,0.009512,0.028453,0.222949,0.065344,0.078642,-0.043544,0.014646,0.507012,0.460492,0.57757,0.552428,0.04652,0.025142,0.176854,0.060899,0.073277,0.020161,0.024904,0.51322,0.485896,0.585936,0.549535,0.027324,0.036401
Group - Cut Kick_compressed.mp4,single_athlete_training,35,data\processed\clips\Group - Cut Kick_compressed\event_035_punch_candidate_left_wrist_t6p62.mp4,0.2005,0.8792,left_wrist,punch_candidate,0.787125,0,0.0,kick,cut_kick,linear_kicks,0.72746,0.377981,0.303219,-0.091595,-0.080622,0.575065,0.43595,0.766037,0.628806,0.139116,0.137232,0.62869,0.227887,0.182835,-0.087892,0.011183,0.596895,0.472718,0.740671,0.707465,0.124178,0.033206,0.561063,0.203576,0.163293,-0.080923,-0.05421,0.581482,0.465238,0.696574,0.642364,0.116245,0.05421,0.622178,0.21154,0.169719,-0.090006,-0.003287,0.61611,0.497038,0.694521,0.657117,0.119072,0.037404,1.08274,0.490046,0.393105,-0.167724,-0.089734,0.543368,0.375644,0.987096,0.776661,0.167724,0.210434,0.76813,0.392602,0.314992,-0.177022,0.007309,0.630154,0.429263,0.98944,0.896337,0.200891,0.093103,0.610866,0.268233,0.215169,-0.124865,-0.064533,0.535901,0.411037,0.875026,0.755913,0.124865,0.119113,0.609976,0.260187,0.208756,-0.135918,-0.018078,0.601524,0.465607,0.889726,0.815266,0.135918,0.07446,0.295129,0.167858,0.13466,-0.104243,-0.045406,0.56226,0.458017,0.778898,0.730308,0.104243,0.04859,0.447832,0.17522,0.140586,-0.107055,-0.029961,0.593376,0.486321,0.784018,0.724614,0.107055,0.059404,0.289258,0.100502,0.080614,-0.062471,-0.01352,0.55903,0.492555,0.604491,0.590971,0.066475,0.01352,0.426044,0.16145,0.129528,-0.068345,0.019401,0.605018,0.52053,0.622974,0.586332,0.084488,0.036642
Group - Cut Kick_compressed.mp4,single_athlete_training,36,data\processed\clips\Group - Cut Kick_compressed\event_036_punch_candidate_left_wrist_t26p08.mp4,0.4011,0.8099,left_wrist,punch_candidate,0.69712,0,0.0,kick,cut_kick,linear_kicks,0.595427,0.333861,0.334786,-0.254804,-0.033565,0.740302,0.47764,0.744811,0.678579,0.262662,0.066231,0.245185,0.139076,0.139454,-0.133564,-0.010597,0.58399,0.450426,0.721605,0.700217,0.133564,0.021389,0.478628,0.278835,0.279602,-0.216147,0.008888,0.723617,0.507471,0.696536,0.643729,0.216147,0.052807,0.240348,0.146118,0.146516,-0.140116,0.026761,0.590416,0.4503,0.66407,0.637303,0.140116,0.026768,1.432299,0.609778,0.611425,-0.309029,-0.330535,0.728177,0.359801,1.060546,0.701356,0.368376,0.35919,1.462474,0.555687,0.557248,-0.315458,-0.343947,0.62625,0.310792,1.061775,0.717828,0.315458,0.343947,0.812171,0.37588,0.376929,-0.264726,-0.104365,0.71588,0.44914,0.944707,0.784637,0.266739,0.16007,0.704937,0.381155,0.382205,-0.229764,-0.224359,0.627423,0.397658,0.951388,0.727029,0.229764,0.224359,0.371271,0.244815,0.245481,-0.227659,-0.04173,0.704648,0.476989,0.789651,0.742431,0.227659,0.04722,0.336428,0.206528,0.207097,-0.171728,-0.070029,0.630479,0.458751,0.788334,0.718305,0.171728,0.070029,0.363897,0.207826,0.208391,-0.167667,0.05788,0.699713,0.532046,0.621892,0.545995,0.167667,0.075897,0.319227,0.158191,0.158618,-0.126535,0.058221,0.61161,0.485075,0.604137,0.543913,0.126535,0.060224
Group - Cut Kick_compressed.mp4,single_athlete_training,39,data\processed\clips\Group - Cut Kick_compressed\event_039_punch_candidate_left_wrist_t54p96.mp4,0.2006,0.7051,left_wrist,punch_candidate,0.6619,0,0.0,kick,cut_kick,linear_kicks,0.523545,0.315747,0.253276,-0.137845,0.038962,0.502581,0.309621,0.680304,0.641342,0.192961,0.038962,0.394865,0.210897,0.169179,-0.01592,0.130938,0.480398,0.45518,0.75462,0.616335,0.025219,0.138285,0.484539,0.236282,0.189529,-0.129873,-0.006994,0.515148,0.356509,0.653274,0.640739,0.158639,0.012535,0.340161,0.145742,0.116919,0.041962,0.044147,0.498706,0.434798,0.710096,0.654609,0.063908,0.055487,1.314261,0.549174,0.440569,-0.195224,-0.131321,0.503379,0.304117,0.968993,0.735108,0.199262,0.233885,1.159085,0.460947,0.369796,-0.132545,-0.122684,0.486744,0.332171,0.97376,0.764437,0.154573,0.209323,0.784915,0.337899,0.271073,-0.144906,-0.153809,0.510702,0.360837,0.907903,0.723796,0.149865,0.184107,0.647032,0.265399,0.212915,-0.082999,-0.150955,0.492557,0.397023,0.914437,0.747521,0.095534,0.166916,0.314912,0.152021,0.121949,-0.080909,-0.08339,0.499993,0.415923,0.786117,0.702727,0.08407,0.08339,0.269118,0.105499,0.084623,-0.019987,-0.078425,0.472073,0.447752,0.795915,0.71749,0.024321,0.078425,0.273607,0.147327,0.118175,-0.075988,-0.022136,0.492016,0.40615,0.629394,0.605328,0.085867,0.024066,0.19831,0.104996,0.084227,0.024353,-0.004257,0.471226,0.446874,0.639827,0.601689,0.024353,0.038137
Group - Cut Kick_compressed.mp4,single_athlete_training,40,data\processed\clips\Group - Cut Kick_compressed\event_040_punch_candidate_left_wrist_t88p65.mp4,0.2006,0.8438,left_wrist,punch_candidate,0.77425,0,0.0,kick,cut_kick,linear_kicks,0.972241,0.38398,0.307997,-0.089957,-0.144706,0.529407,0.438964,0.785413,0.594025,0.090443,0.191388,0.749075,0.271034,0.217394,-0.100661,-0.101892,0.519248,0.418587,0.773518,0.63477,0.100661,0.138748,0.627372,0.254163,0.20387,-0.095357,-0.085982,0.549395,0.454039,0.729345,0.608465,0.095357,0.12088,0.579983,0.204615,0.16411,-0.105319,-0.067641,0.523317,0.417997,0.717247,0.622317,0.105319,0.094931,0.559477,0.25062,0.201039,-0.183558,0.021256,0.618669,0.435111,0.966319,0.919823,0.183558,0.046496,1.319355,0.404774,0.32476,-0.161925,-0.248364,0.484256,0.322332,0.949648,0.68816,0.161925,0.261488,0.478612,0.209548,0.168088,-0.140842,-0.021809,0.580307,0.439465,0.873905,0.817934,0.140842,0.055971,0.598306,0.238905,0.191662,-0.105829,-0.146918,0.487212,0.381384,0.851951,0.704024,0.105829,0.147927,0.445618,0.1858,0.149034,-0.101701,-0.048851,0.552121,0.45042,0.784972,0.710826,0.101701,0.074145,0.429733,0.165288,0.132576,-0.093169,-0.059457,0.525669,0.4325,0.783181,0.713487,0.093169,0.069694,0.39114,0.153048,0.122764,-0.062633,-0.051084,0.537163,0.47323,0.656741,0.583477,0.063932,0.073264,0.377057,0.153801,0.123362,-0.070997,-0.029934,0.511879,0.440883,0.643109,0.58039,0.070997,0.062718
Group - Cut Kick_compressed.mp4,single_athlete_training,43,data\processed\clips\Group - Cut Kick_compressed\event_043_punch_candidate_left_wrist_t119p53.mp4,0.4011,0.9292,left_wrist,punch_candidate,0.75212,0,0.0,kick,cut_kick,linear_kicks,1.03217,0.483354,0.484686,-0.127595,-0.119044,0.629308,0.424061,0.750917,0.559088,0.205247,0.191829,0.671667,0.173663,0.17411,-0.09067,-0.075249,0.513456,0.408072,0.719475,0.620497,0.105384,0.098978,0.663905,0.30778,0.308629,-0.125729,-0.042066,0.586769,0.46104,0.681769,0.548658,0.125729,0.133112,0.546343,0.153741,0.154145,-0.086798,-0.043042,0.518174,0.418542,0.654737,0.583646,0.099632,0.071091,0.810937,0.418282,0.419435,-0.163204,-0.047092,0.59508,0.389274,1.014039,0.839076,0.205806,0.174963,0.633968,0.378759,0.379772,-0.062408,-0.132161,0.413555,0.32994,0.878087,0.709101,0.083615,0.168986,0.46865,0.240169,0.240817,-0.132801,-0.035476,0.571844,0.427828,0.877975,0.779054,0.144015,0.098921,0.869751,0.438796,0.43997,-0.113925,-0.106243,0.476799,0.362873,0.758031,0.598435,0.113925,0.159596,0.562577,0.185832,0.186324,-0.115311,-0.048469,0.564791,0.44948,0.758316,0.66268,0.115311,0.095636,0.554274,0.177604,0.178073,-0.107942,-0.067395,0.534621,0.426679,0.740097,0.645192,0.107942,0.094905,0.249566,0.11969,0.120022,-0.106675,-0.008511,0.5818,0.475125,0.567877,0.539497,0.106675,0.02838,0.286159,0.104553,0.104833,-0.08001,-0.006795,0.526705,0.443432,0.563367,0.545145,0.083273,0.018223
Group - Cut Kick_compressed.mp4,single_athlete_training,52,data\processed\clips\Group - Cut Kick_compressed\event_052_kick_candidate_right_ankle_t3p41.mp4,0.6016,0.9234,right_ankle,kick_candidate,0.733917,0,0.0,kick,cut_kick,linear_kicks,0.56779,0.128152,0.154183,-0.119624,0.013431,0.56102,0.431095,0.733613,0.706754,0.129925,0.026859,0.508616,0.197997,0.238268,-0.066384,0.054388,0.600453,0.498496,0.749095,0.690889,0.101957,0.058206,0.501473,0.1507,0.181327,-0.116952,-0.02178,0.564391,0.439792,0.678492,0.639614,0.124599,0.038878,0.539662,0.155438,0.187057,-0.081506,0.003608,0.619977,0.515783,0.685392,0.642836,0.104194,0.042556,0.711683,0.33421,0.402176,-0.102737,0.004626,0.554401,0.371173,0.997241,0.885672,0.183228,0.111569,1.04338,0.451576,0.543466,-0.131519,0.022319,0.665638,0.453942,0.995876,0.819398,0.211696,0.176478,0.494942,0.266607,0.320814,-0.078784,0.016587,0.544536,0.401178,0.884206,0.791694,0.143358,0.092512,0.725449,0.288617,0.347343,-0.118904,-0.001842,0.632936,0.465724,0.89384,0.773766,0.167212,0.120074,0.393261,0.185316,0.223003,-0.112955,-0.031613,0.588073,0.459447,0.776893,0.701341,0.128626,0.075553,0.452645,0.161203,0.193999,-0.109515,-0.019095,0.618234,0.490034,0.774907,0.714723,0.1282,0.060185,0.425745,0.132097,0.158942,-0.109869,-0.015678,0.571484,0.459982,0.605592,0.567513,0.111502,0.038079,0.385625,0.124572,0.14991,-0.092514,-0.002128,0.617045,0.519265,0.616189,0.580207,0.09778,0.035982
Group - Cut Kick_compressed.mp4,single_athlete_training,53,data\processed\clips\Group - Cut Kick_compressed\event_053_kick_candidate_right_ankle_t6p62.mp4,0.2005,0.7773,right_ankle,kick_candidate,0.787125,0,0.0,kick,cut_kick,linear_kicks,0.72746,0.377981,0.303219,-0.091595,-0.080622,0.575065,0.43595,0.766037,0.628806,0.139116,0.137232,0.62869,0.227887,0.182835,-0.087892,0.011183,0.596895,0.472718,0.740671,0.707465,0.124178,0.033206,0.561063,0.203576,0.163293,-0.080923,-0.05421,0.581482,0.465238,0.696574,0.642364,0.116245,0.05421,0.622178,0.21154,0.169719,-0.090006,-0.003287,0.61611,0.497038,0.694521,0.657117,0.119072,0.037404,1.08274,0.490046,0.393105,-0.167724,-0.089734,0.543368,0.375644,0.987096,0.776661,0.167724,0.210434,0.76813,0.392602,0.314992,-0.177022,0.007309,0.630154,0.429263,0.98944,0.896337,0.200891,0.093103,0.610866,0.268233,0.215169,-0.124865,-0.064533,0.535901,0.411037,0.875026,0.755913,0.124865,0.119113,0.609976,0.260187,0.208756,-0.135918,-0.018078,0.601524,0.465607,0.889726,0.815266,0.135918,0.07446,0.295129,0.167858,0.13466,-0.104243,-0.045406,0.56226,0.458017,0.778898,0.730308,0.104243,0.04859,0.447832,0.17522,0.140586,-0.107055,-0.029961,0.593376,0.486321,0.784018,0.724614,0.107055,0.059404,0.289258,0.100502,0.080614,-0.062471,-0.01352,0.55903,0.492555,0.604491,0.590971,0.066475,0.01352,0.426044,0.16145,0.129528,-0.068345,0.019401,0.605018,0.52053,0.622974,0.586332,0.084488,0.036642
Group - Cut Kick_compressed.mp4,single_athlete_training,54,data\processed\clips\Group - Cut Kick_compressed\event_054_kick_candidate_right_ankle_t10p03.mp4,0.6017,0.9534,right_ankle,kick_candidate,0.7806,0,0.0,kick,cut_kick,linear_kicks,0.349602,0.158904,0.191215,-0.057464,-0.039283,0.53542,0.440197,0.752224,0.684067,0.095224,0.068157,0.452751,0.17634,0.212194,-0.082593,-0.038886,0.59165,0.453294,0.749995,0.705986,0.138355,0.044009,0.343803,0.17003,0.204605,-0.066158,-0.007228,0.550038,0.456659,0.689913,0.626725,0.093379,0.063188,0.378173,0.157857,0.18995,-0.074246,-0.003276,0.60016,0.482703,0.689707,0.658931,0.117457,0.030777,0.605317,0.272196,0.327543,-0.081238,-0.006089,0.535073,0.369724,0.975367,0.881895,0.16535,0.093472,1.244099,0.505434,0.608185,-0.114226,-0.07363,0.661227,0.427001,0.972723,0.768185,0.234227,0.204538,0.529747,0.266432,0.320611,-0.056098,-0.002058,0.528195,0.403026,0.855182,0.757046,0.125169,0.098136,0.797588,0.254223,0.305881,-0.089474,-0.05401,0.617134,0.462659,0.870787,0.759935,0.154475,0.110852,0.426182,0.197564,0.237728,-0.081498,-0.028567,0.573524,0.459293,0.771558,0.696494,0.114232,0.075064,0.483814,0.174611,0.210101,-0.082552,-0.023556,0.602338,0.48982,0.776126,0.70016,0.112518,0.075966,0.289547,0.164748,0.198259,-0.05992,-0.000487,0.551347,0.468659,0.612512,0.561026,0.082688,0.051485,0.26825,0.111008,0.13358,-0.067407,0.012436,0.597727,0.515016,0.619456,0.580907,0.082711,0.038549
Group - Cut Kick_compressed.mp4,single_athlete_training,55,data\processed\clips\Group - Cut Kick_compressed\event_055_kick_candidate_right_ankle_t26p08.mp4,0.2006,0.6756,right_ankle,kick_candidate,0.693,0,0.0,kick,cut_kick,linear_kicks,0.595427,0.341717,0.274116,-0.262662,0.026594,0.740302,0.47764,0.744811,0.712144,0.262662,0.032666,0.245185,0.158161,0.12687,-0.121687,-0.014758,0.58399,0.462303,0.721605,0.700217,0.121687,0.021389,0.478628,0.293182,0.23518,-0.209481,0.052807,0.723617,0.514136,0.696536,0.643729,0.209481,0.052807,0.240348,0.152851,0.122607,-0.116208,0.026768,0.590416,0.474209,0.66407,0.637303,0.116208,0.026768,1.432299,0.68009,0.545522,-0.368376,-0.35919,0.728177,0.359801,1.060546,0.701356,0.368376,0.35919,0.761716,0.32899,0.263875,-0.175026,-0.086369,0.62625,0.451224,1.061775,0.9525,0.175026,0.109275,0.812171,0.400382,0.321188,-0.266739,-0.16007,0.71588,0.44914,0.944707,0.784637,0.266739,0.16007,0.610832,0.300209,0.240795,-0.166365,-0.097957,0.627423,0.461057,0.951388,0.820124,0.166365,0.131264,0.371271,0.260456,0.208921,-0.1911,-0.041516,0.704648,0.513548,0.789651,0.742431,0.1911,0.04722,0.336428,0.210899,0.169175,-0.135695,-0.058208,0.630479,0.494784,0.788334,0.719737,0.135695,0.068597,0.363897,0.2308,0.185136,-0.152964,0.075897,0.699713,0.546749,0.621892,0.545995,0.152964,0.075897,0.319227,0.16499,0.13234,-0.101018,0.051946,0.61161,0.510593,0.597862,0.543913,0.101018,0.053948
Group - Cut Kick_compressed.mp4,single_athlete_training,56,data\processed\clips\Group - Cut Kick_compressed\event_056_kick_candidate_right_ankle_t26p68.mp4,0.6017,0.9445,right_ankle,kick_candidate,0.71995,0,0.0,kick,cut_kick,linear_kicks,0.349568,0.195168,0.234869,0.096362,0.038759,0.574002,0.47764,0.777497,0.678579,0.096362,0.098918,0.33389,0.112768,0.135707,0.042086,0.019815,0.504389,0.438921,0.726158,0.672993,0.065467,0.053165,0.221446,0.121209,0.145859,0.065532,-0.00726,0.579668,0.507471,0.696536,0.652617,0.072197,0.043919,0.245223,0.116033,0.139626,0.022576,-0.019439,0.496785,0.4475,0.66407,0.617151,0.049284,0.046919,0.937284,0.433189,0.521232,0.275737,0.327855,0.635538,0.359801,1.039091,0.701356,0.275737,0.337735,1.462474,0.575003,0.691977,0.06862,0.040252,0.519844,0.310792,1.02962,0.717828,0.209053,0.311791,0.441226,0.199888,0.24052,0.150398,0.117708,0.599539,0.44914,0.905442,0.784637,0.150398,0.120805,0.704937,0.313862,0.377719,0.048138,0.04387,0.509195,0.393757,0.904061,0.727029,0.115438,0.177033,0.18995,0.100098,0.120457,0.044742,0.017967,0.55829,0.476989,0.766102,0.747921,0.081301,0.018181,0.189635,0.123817,0.149002,0.028249,0.042674,0.523033,0.444374,0.772799,0.718305,0.078659,0.054495,0.115928,0.052774,0.063509,0.004999,-0.035546,0.551748,0.532046,0.621892,0.580938,0.019702,0.040954,0.148106,0.080233,0.09655,0.006798,-0.028507,0.517391,0.481403,0.604137,0.569064,0.035988,0.035073
Group - Cut Kick_compressed.mp4,single_athlete_training,57,data\processed\clips\Group - Cut Kick_compressed\event_057_kick_candidate_right_ankle_t28p88.mp4,0.8022,0.9647,right_ankle,kick_candidate,0.818671,0,0.0,kick,cut_kick,linear_kicks,0.555112,0.248992,0.349544,-0.053031,-0.030811,0.63038,0.446836,0.77327,0.707641,0.183543,0.06563,1.03731,0.269969,0.378969,-0.103752,-0.022453,0.571163,0.436968,0.746837,0.573791,0.134195,0.173046,0.48935,0.182199,0.255784,-0.083325,-0.0184,0.630966,0.482778,0.704053,0.647778,0.148188,0.056275,0.771654,0.224523,0.315189,-0.079171,-0.004581,0.56451,0.455662,0.675552,0.546174,0.108848,0.129378,1.108287,0.305304,0.428573,-0.174206,-0.00039,0.687787,0.432325,1.000315,0.876965,0.255462,0.12335,0.865261,0.505779,0.710041,-0.040256,-0.011512,0.557698,0.344154,1.004323,0.727135,0.213543,0.277189,0.812942,0.235924,0.331179,-0.167058,-0.00796,0.677771,0.44251,0.892841,0.82903,0.235261,0.063811,0.855139,0.346671,0.486611,-0.046342,-0.016451,0.552075,0.405035,0.90009,0.693162,0.147041,0.206929,0.384255,0.164024,0.230252,-0.093834,-0.01322,0.61623,0.47325,0.770231,0.710225,0.14298,0.060007,0.528724,0.18645,0.261727,-0.074634,-0.014684,0.573537,0.449308,0.775451,0.67861,0.124229,0.096841,0.39918,0.140759,0.197603,-0.094582,-0.010272,0.629595,0.508208,0.605882,0.549651,0.121387,0.056231,0.424892,0.138336,0.194199,-0.066904,-0.001044,0.564016,0.47124,0.593491,0.522579,0.092776,0.070912
Group - Cut Kick_compressed.mp4,single_athlete_training,59,data\processed\clips\Group - Cut Kick_compressed\event_059_kick_candidate_right_ankle_t55p16.mp4,0.4011,0.9349,right_ankle,kick_candidate,0.68076,0,0.0,kick,cut_kick,linear_kicks,0.464307,0.226108,0.226759,0.002021,0.093787,0.399847,0.309621,0.741852,0.648065,0.090227,0.093787,0.394865,0.139546,0.139951,0.025421,0.048921,0.483357,0.45518,0.75462,0.678662,0.028177,0.075958,0.307443,0.140692,0.141099,-0.005098,0.018685,0.418156,0.356509,0.671959,0.639629,0.061647,0.03233,0.340161,0.115005,0.115338,0.039031,0.043956,0.498706,0.458989,0.710096,0.654609,0.039717,0.055487,1.314261,0.534826,0.536379,-0.006327,-0.003897,0.429115,0.304117,0.967233,0.735108,0.124998,0.232125,1.159085,0.480741,0.482142,0.002542,0.014045,0.435935,0.332171,0.987805,0.764437,0.103764,0.223368,0.784915,0.327127,0.328094,-0.008311,0.016793,0.4457,0.360837,0.873216,0.723796,0.084864,0.14942,0.647032,0.288441,0.289296,0.001016,0.031112,0.458113,0.397023,0.893689,0.747521,0.06109,0.146168,0.289722,0.131797,0.132191,-0.008213,0.024866,0.450303,0.415923,0.772027,0.702727,0.03438,0.069301,0.206431,0.093293,0.09357,0.016197,0.032615,0.472842,0.447752,0.776825,0.71749,0.02509,0.059334,0.185953,0.088168,0.08842,-0.005292,0.007609,0.439299,0.40615,0.629394,0.605328,0.033149,0.024066,0.19831,0.055989,0.056153,0.020933,0.029421,0.479689,0.458756,0.639827,0.601689,0.020933,0.038137
Group - Cut Kick_compressed.mp4,single_athlete_training,60,data\processed\clips\Group - Cut Kick_compressed\event_060_kick_candidate_right_ankle_t57p56.mp4,0.6016,0.9659,right_ankle,kick_candidate,0.827467,0,0.0,kick,cut_kick,linear_kicks,0.207541,0.091042,0.109559,-0.014766,0.009862,0.504826,0.470573,0.696197,0.646207,0.034254,0.04999,0.119818,0.059838,0.072009,-0.005828,0.046304,0.458129,0.432651,0.693101,0.646797,0.025478,0.046304,0.198456,0.116248,0.139888,-0.020152,-0.005662,0.524726,0.482428,0.702633,0.667381,0.042297,0.035252,0.255127,0.085907,0.103391,-0.012939,0.023203,0.44027,0.416944,0.680113,0.626667,0.023326,0.053446,0.266943,0.084013,0.101104,0.046525,0.000755,0.498826,0.426119,0.949824,0.943803,0.072707,0.00602,1.434544,0.544046,0.654748,-0.017744,-0.002587,0.460399,0.287271,0.977093,0.706591,0.173127,0.270503,0.288856,0.140144,0.168649,0.036265,-0.034576,0.519681,0.430491,0.885817,0.844757,0.089189,0.04106,0.90803,0.349981,0.421179,-0.021615,0.006814,0.464993,0.351306,0.876217,0.70094,0.113686,0.175277,0.249677,0.107703,0.129605,-0.017973,-0.015907,0.499482,0.439123,0.76593,0.724791,0.06036,0.041139,0.280736,0.120176,0.144618,-0.011672,0.003925,0.465699,0.420578,0.759357,0.704116,0.045121,0.05524,0.115433,0.061495,0.073997,-0.00896,-0.010891,0.508959,0.480687,0.627314,0.599146,0.028272,0.028167,0.105717,0.056566,0.068074,-0.01259,-0.011271,0.458865,0.44274,0.614404,0.584491,0.016125,0.029913
Group - Cut Kick_compressed.mp4,single_athlete_training,61,data\processed\clips\Group - Cut Kick_compressed\event_061_kick_candidate_right_ankle_t59p57.mp4,0.6017,0.9748,right_ankle,kick_candidate,0.870967,0,0.0,kick,cut_kick,linear_kicks,0.201625,0.112993,0.135965,-0.061103,-0.006044,0.491338,0.430235,0.721574,0.664787,0.061103,0.056787,0.166764,0.053645,0.064548,-0.004397,0.035677,0.431538,0.416247,0.721884,0.686207,0.015291,0.035677,0.114069,0.054503,0.065591,-0.036531,0.025848,0.509309,0.472778,0.699489,0.667726,0.036531,0.031763,0.267727,0.086954,0.104619,-0.007321,-0.015747,0.431524,0.407844,0.688597,0.637287,0.02368,0.05131,0.200011,0.084989,0.102265,0.031858,0.057275,0.476111,0.423476,1.004059,0.944239,0.052635,0.05982,1.625455,0.59359,0.714238,0.012744,0.040814,0.453428,0.298467,1.014626,0.680577,0.154962,0.33405,0.253249,0.098086,0.118012,-0.001719,0.043431,0.467514,0.436399,0.902461,0.831962,0.031115,0.070499,0.873556,0.31343,0.377121,-0.006878,0.031163,0.442738,0.359607,0.894264,0.708939,0.083131,0.185325,0.143254,0.06963,0.083778,-0.008919,0.026703,0.48167,0.45493,0.772087,0.726225,0.02674,0.045861,0.251267,0.110941,0.133485,-0.009856,0.027687,0.450896,0.423128,0.773434,0.698528,0.027768,0.074906,0.146236,0.067744,0.081511,-0.014386,-0.006083,0.493098,0.478712,0.637276,0.598852,0.014386,0.038425,0.052636,0.029668,0.035699,-0.002644,-0.00022,0.438172,0.427257,0.600443,0.595969,0.010915,0.004473
Group - Cut Kick_compressed.mp4,single_athlete_training,63,data\processed\clips\Group - Cut Kick_compressed\event_063_kick_candidate_right_ankle_t64p98.mp4,0.4011,0.9465,right_ankle,kick_candidate,0.78596,0,0.0,kick,cut_kick,linear_kicks,0.146091,0.106085,0.106391,0.022882,-0.011443,0.429227,0.382792,0.675586,0.64723,0.046434,0.028355,0.192598,0.073859,0.074077,0.012366,-0.04132,0.467654,0.455288,0.7209,0.667223,0.012366,0.053677,0.147184,0.066987,0.067185,0.019381,0.017667,0.423607,0.403302,0.664543,0.632341,0.020305,0.032202,0.126367,0.058439,0.058604,0.015014,-0.018488,0.484795,0.465138,0.696607,0.670066,0.019657,0.026541,0.622696,0.243663,0.244374,0.047498,0.088276,0.419931,0.316309,0.913409,0.790953,0.103621,0.122455,1.121229,0.502562,0.503969,0.060804,-0.031042,0.475303,0.309563,0.949239,0.7503,0.16574,0.198939,0.324002,0.152893,0.153335,0.032853,0.05725,0.431719,0.371437,0.819507,0.743699,0.060282,0.075808,0.498046,0.217097,0.217714,0.033272,-0.012179,0.464923,0.372187,0.840622,0.760337,0.092735,0.080285,0.166384,0.096726,0.097008,0.017148,0.02901,0.440968,0.411014,0.760865,0.70687,0.029954,0.053995,0.196503,0.089723,0.089983,0.012746,0.002435,0.461172,0.438569,0.758993,0.717997,0.022603,0.040996,0.09451,0.038715,0.038829,0.00994,0.023535,0.437834,0.427894,0.634368,0.607535,0.00994,0.026833,0.060837,0.019737,0.01979,0.002805,0.009826,0.47258,0.46583,0.638903,0.62663,0.006749,0.012272
Group - Cut Kick_compressed.mp4,single_athlete_training,67,data\processed\clips\Group - Cut Kick_compressed\event_067_kick_candidate_right_ankle_t88p85.mp4,0.2005,0.7799,right_ankle,kick_candidate,0.784575,0,0.0,kick,cut_kick,linear_kicks,0.442704,0.168073,0.13485,-0.072583,0.037245,0.492396,0.419813,0.664958,0.594025,0.072583,0.070934,0.243576,0.100863,0.080923,-0.054655,0.029362,0.461751,0.407096,0.676467,0.63477,0.054655,0.041697,0.310552,0.111603,0.089542,-0.06737,0.044118,0.514601,0.447231,0.652583,0.608465,0.06737,0.044118,0.146553,0.060954,0.048895,-0.037214,0.027796,0.456154,0.417997,0.650113,0.622317,0.038157,0.027796,0.412039,0.114739,0.092064,-0.073825,0.049667,0.509371,0.435111,0.96949,0.919823,0.074259,0.049667,1.319355,0.53514,0.429381,-0.088997,-0.102669,0.469392,0.322332,0.924517,0.68816,0.147061,0.236357,0.301929,0.091714,0.073586,-0.063973,0.033178,0.502359,0.438387,0.852096,0.817934,0.063973,0.034162,0.598306,0.207868,0.166783,-0.07651,-0.079334,0.455576,0.379066,0.811076,0.704024,0.07651,0.107053,0.2225,0.085551,0.068638,-0.060675,0.026779,0.502269,0.441593,0.737606,0.710826,0.060675,0.026779,0.146198,0.076038,0.061005,-0.057043,0.008974,0.475007,0.417965,0.727396,0.713487,0.057043,0.013909,0.20158,0.065371,0.052451,-0.042766,0.022393,0.509188,0.466422,0.60587,0.583477,0.042766,0.022393,0.134277,0.066807,0.053595,-0.034614,0.032545,0.469668,0.435054,0.613175,0.58039,0.034614,0.032785
Group - Cut Kick_compressed.mp4,single_athlete_training,69,data\processed\clips\Group - Cut Kick_compressed\event_069_kick_candidate_right_ankle_t91p46.mp4,0.8023,0.9711,right_ankle,kick_candidate,0.870957,0,0.0,kick,cut_kick,linear_kicks,0.529991,0.156038,0.21904,-0.08448,-0.027414,0.531004,0.431707,0.704007,0.607014,0.099297,0.096994,0.456012,0.155212,0.217884,-0.052629,-0.006817,0.484386,0.416987,0.711455,0.620234,0.067398,0.091221,0.476848,0.157155,0.220594,-0.071007,0.000913,0.554181,0.465362,0.703447,0.622831,0.088819,0.080616,0.276162,0.119921,0.168343,-0.054878,-0.008782,0.486151,0.41023,0.688725,0.633421,0.075921,0.055304,0.339095,0.145452,0.204193,-0.008105,0.037898,0.527126,0.424748,1.011243,0.973345,0.102378,0.037898,1.026677,0.494316,0.693958,-0.119355,0.021218,0.514874,0.343421,0.994184,0.664233,0.171453,0.329951,0.25579,0.119293,0.167469,-0.04153,-0.00085,0.527688,0.435591,0.892053,0.855387,0.092097,0.036666,0.587197,0.265582,0.372837,-0.076646,0.01751,0.495039,0.368432,0.8845,0.71637,0.126607,0.16813,0.235966,0.095753,0.134417,-0.05881,0.000338,0.528423,0.442867,0.770094,0.736716,0.085556,0.033378,0.215024,0.119256,0.167412,-0.062338,-0.008299,0.500669,0.414163,0.772444,0.712076,0.086506,0.060368,0.30155,0.08642,0.121309,-0.065553,0.007433,0.553908,0.475721,0.62791,0.602844,0.078187,0.025066,0.167596,0.069925,0.098166,-0.058493,-0.012124,0.501851,0.431345,0.622508,0.602212,0.070507,0.020296
Group - Cut Kick_compressed.mp4,single_athlete_training,70,data\processed\clips\Group - Cut Kick_compressed\event_070_kick_candidate_right_ankle_t94p87.mp4,0.4011,0.9629,right_ankle,kick_candidate,0.90212,0,0.0,kick,cut_kick,linear_kicks,0.167256,0.083667,0.083913,0.015304,0.076862,0.484669,0.462429,0.699175,0.622313,0.022239,0.076862,0.177181,0.089481,0.089743,0.016417,0.059551,0.463099,0.426433,0.699078,0.639527,0.036666,0.059551,0.208531,0.089819,0.090086,0.014481,0.081641,0.508935,0.488779,0.715055,0.633414,0.020156,0.081641,0.177333,0.080335,0.080571,0.005534,0.065796,0.454957,0.432506,0.691525,0.625729,0.022451,0.065796,0.490018,0.168717,0.169207,0.103625,0.040259,0.55836,0.431353,0.954087,0.913828,0.127006,0.040259,1.025744,0.499392,0.500813,-0.018924,0.096011,0.424233,0.34165,0.952501,0.668025,0.082582,0.284476,0.219502,0.117645,0.117982,0.051965,0.044559,0.51944,0.445575,0.855655,0.811095,0.073865,0.044559,0.536981,0.246387,0.247073,0.028017,0.096141,0.452458,0.388778,0.863401,0.704066,0.06368,0.159335,0.142998,0.078931,0.079157,-0.003153,0.058197,0.479265,0.454496,0.759164,0.700967,0.024769,0.058197,0.163537,0.08358,0.08382,0.007073,0.062142,0.460656,0.430739,0.754849,0.692707,0.029917,0.062142,0.199878,0.080237,0.080475,0.01561,0.0612,0.516182,0.487744,0.639733,0.578533,0.028439,0.0612,0.233989,0.068238,0.068443,0.004274,0.057221,0.46537,0.448229,0.625279,0.568058,0.017141,0.057221
Group - Cut Kick_compressed.mp4,single_athlete_training,71,data\processed\clips\Group - Cut Kick_compressed\event_071_kick_candidate_right_ankle_t105p50.mp4,0.2006,0.7086,right_ankle,kick_candidate,0.821175,0,0.0,kick,cut_kick,linear_kicks,0.230669,0.112394,0.090143,-0.018073,0.084559,0.458359,0.435468,0.714189,0.629629,0.022891,0.084559,0.155104,0.089507,0.071793,0.011822,0.069568,0.474569,0.462318,0.71284,0.643273,0.01225,0.069568,0.212875,0.082807,0.066415,-0.041982,0.035127,0.472629,0.430647,0.684439,0.649312,0.041982,0.035127,0.09804,0.053639,0.043022,0.022274,0.034989,0.488278,0.466004,0.69656,0.661571,0.022274,0.034989,0.905768,0.542827,0.435411,-0.025527,0.080003,0.438468,0.36515,0.947775,0.701623,0.073318,0.246152,0.540817,0.292293,0.234473,-0.007951,0.009376,0.459335,0.390338,0.946428,0.846977,0.068997,0.099451,0.461744,0.224032,0.179689,-0.018697,0.051262,0.443693,0.394719,0.846159,0.743148,0.048974,0.103011,0.219745,0.134888,0.108198,0.001582,0.02005,0.46457,0.432369,0.846554,0.794824,0.032201,0.05173,0.147694,0.080816,0.064822,-0.032717,0.02389,0.470674,0.437036,0.749308,0.719709,0.033638,0.029598,0.110813,0.044188,0.035441,-0.007821,0.02785,0.472637,0.460865,0.756573,0.728723,0.011772,0.02785,0.154983,0.053602,0.04299,-0.036434,0.012513,0.477962,0.441528,0.621938,0.609425,0.036434,0.012513,0.074801,0.032491,0.026059,0.017094,0.012541,0.487401,0.470307,0.633923,0.62022,0.017094,0.013703
Group - Cut Kick_compressed.mp4,single_athlete_training,72,data\processed\clips\Group - Cut Kick_compressed\event_072_kick_candidate_right_ankle_t108p10.mp4,0.6016,0.977,right_ankle,kick_candidate,0.8848,0,0.0,kick,cut_kick,linear_kicks,0.245447,0.093237,0.112199,-0.017958,-0.005557,0.483145,0.45213,0.702905,0.653914,0.031015,0.048992,0.268062,0.100085,0.120441,-0.02598,-0.000412,0.467287,0.425263,0.696428,0.647318,0.042024,0.04911,0.142326,0.08573,0.103161,-0.012771,0.018903,0.50625,0.47959,0.722567,0.668961,0.02666,0.053605,0.254705,0.100492,0.120931,-0.032054,-0.017164,0.466249,0.41682,0.684893,0.630849,0.049429,0.054044,0.329931,0.097696,0.117569,0.076669,0.002389,0.536708,0.442215,0.959257,0.948965,0.094493,0.010293,1.270176,0.480596,0.57839,-0.034273,0.052116,0.445105,0.315214,0.962315,0.672276,0.129891,0.290039,0.15125,0.069154,0.083217,0.023722,-0.003131,0.500085,0.44791,0.851637,0.842971,0.052175,0.008666,0.661982,0.279102,0.335892,-0.014823,0.04567,0.448444,0.379244,0.869284,0.69589,0.0692,0.173395,0.166878,0.07652,0.092084,-0.023618,0.008562,0.496738,0.449224,0.762023,0.736817,0.047514,0.025206,0.225241,0.116612,0.140327,-0.028386,0.007442,0.47154,0.420803,0.754624,0.698772,0.050737,0.055852,0.110053,0.056119,0.06753,-0.020071,0.009344,0.51632,0.488298,0.64899,0.619659,0.028022,0.029331,0.15415,0.067859,0.081661,-0.026106,-0.00364,0.475974,0.438241,0.621552,0.59256,0.037733,0.028992
Group - Cut Kick_compressed.mp4,single_athlete_training,73,data\processed\clips\Group - Cut Kick_compressed\event_073_kick_candidate_right_ankle_t110p11.mp4,0.6017,0.9668,right_ankle,kick_candidate,0.918067,0,0.0,kick,cut_kick,linear_kicks,0.074359,0.044256,0.053255,-0.045065,-0.006502,0.467105,0.42204,0.696941,0.686175,0.045065,0.010766,0.283132,0.121415,0.146099,-0.089151,0.018638,0.464107,0.373779,0.726855,0.664976,0.090328,0.061879,0.068296,0.049048,0.059023,-0.04122,0.006787,0.496913,0.455693,0.708921,0.694287,0.04122,0.014634,0.199432,0.087896,0.105764,-0.086702,-0.009118,0.473462,0.386761,0.684433,0.650822,0.086702,0.033611,0.269203,0.076489,0.092034,-0.07033,0.022462,0.498725,0.428395,0.971755,0.945252,0.07033,0.026503,1.17295,0.458572,0.551726,-0.052599,0.083286,0.44506,0.318859,0.971915,0.674631,0.126201,0.297284,0.194836,0.068033,0.081862,-0.070494,0.014014,0.498752,0.428258,0.86651,0.844927,0.070494,0.021583,0.526524,0.230001,0.276726,-0.047298,0.053207,0.443553,0.378367,0.865085,0.71159,0.065186,0.153495,0.161773,0.064664,0.077809,-0.062101,0.014699,0.492441,0.43034,0.761466,0.733627,0.062101,0.027839,0.208326,0.089384,0.107552,-0.068253,0.010258,0.468082,0.399828,0.754615,0.709533,0.068253,0.045082,0.075851,0.058694,0.070631,-0.056624,0.011371,0.508727,0.452102,0.640223,0.620147,0.056624,0.020076,0.143397,0.069894,0.084103,-0.08071,-0.009408,0.479633,0.398923,0.618486,0.603856,0.08071,0.01463
Group - Cut Kick_compressed.mp4,single_athlete_training,75,data\processed\clips\Group - Cut Kick_compressed\event_075_kick_candidate_right_ankle_t119p33.mp4,0.6016,0.9381,right_ankle,kick_candidate,0.7456,0,0.0,kick,cut_kick,linear_kicks,1.03217,0.447121,0.538037,-0.158407,-0.07549,0.629308,0.424061,0.750917,0.559088,0.205247,0.191829,0.671667,0.155958,0.187638,-0.103962,-0.072739,0.526748,0.408072,0.719475,0.620497,0.118676,0.098978,0.663905,0.295912,0.356086,-0.16635,-0.017528,0.62739,0.46104,0.681769,0.548658,0.16635,0.133112,0.546343,0.145766,0.175387,-0.106566,-0.035265,0.537941,0.418542,0.654737,0.583646,0.119399,0.071091,0.810937,0.363015,0.436823,-0.170839,-0.062715,0.602715,0.389274,1.029661,0.839076,0.213441,0.190585,0.920393,0.469032,0.564403,-0.207395,-0.246473,0.558543,0.32994,0.992398,0.709101,0.228602,0.283297,0.46865,0.229446,0.276089,-0.150494,-0.065989,0.589536,0.427828,0.908488,0.779054,0.161708,0.129435,0.869751,0.485276,0.583937,-0.172903,-0.237574,0.535776,0.362873,0.889362,0.598435,0.172903,0.290927,0.562577,0.172329,0.207349,-0.13497,-0.055925,0.58445,0.44948,0.765772,0.66268,0.13497,0.103091,0.554274,0.168503,0.202746,-0.122847,-0.087057,0.549527,0.426679,0.759759,0.645192,0.122847,0.114567,0.249566,0.131726,0.158518,-0.135984,0.016447,0.611109,0.475125,0.567877,0.539497,0.135984,0.02838,0.286159,0.103892,0.12501,-0.093159,0.008508,0.539854,0.443432,0.563367,0.541544,0.096422,0.021823
Group - Cut Kick_compressed.mp4,single_athlete_training,78,data\processed\clips\Group - Cut Kick_compressed\event_078_kick_candidate_right_ankle_t124p15.mp4,0.4011,0.9613,right_ankle,kick_candidate,0.80948,0,0.0,kick,cut_kick,linear_kicks,0.333781,0.18511,0.185612,-0.072272,-0.01272,0.524767,0.441146,0.690549,0.636076,0.083621,0.054473,0.359948,0.197269,0.197799,-0.091755,0.0078,0.583203,0.491448,0.721299,0.651106,0.091755,0.070192,0.294839,0.154518,0.154945,-0.07355,-0.003917,0.521699,0.437301,0.637599,0.593033,0.084398,0.044565,0.20708,0.124418,0.12476,-0.085426,0.022633,0.591856,0.50643,0.671084,0.632979,0.085426,0.038105,0.806893,0.512922,0.51436,-0.065397,0.13,0.467397,0.337994,0.982508,0.699583,0.129403,0.282925,1.182395,0.490418,0.491765,-0.073217,0.031565,0.560637,0.483769,0.975362,0.717738,0.076867,0.257624,0.530638,0.28394,0.284745,-0.053166,0.104614,0.47403,0.392295,0.844681,0.676479,0.081735,0.168202,0.843156,0.341006,0.341952,-0.054998,0.017857,0.551206,0.480356,0.840586,0.677651,0.07085,0.162934,0.270022,0.132413,0.132778,-0.078002,-0.004185,0.522483,0.444481,0.70683,0.660917,0.078002,0.045913,0.256315,0.12638,0.126727,-0.07177,0.008316,0.549069,0.477299,0.717598,0.663771,0.07177,0.053826,0.146434,0.075385,0.07559,-0.065764,-0.008421,0.520859,0.455095,0.561925,0.546013,0.065764,0.015911,0.13476,0.079541,0.079759,-0.061533,0.019883,0.567275,0.505742,0.590475,0.561868,0.061533,0.028607
Group - Cut Kick_compressed.mp4,single_athlete_training,79,data\processed\clips\Group - Cut Kick_compressed\event_079_kick_candidate_right_ankle_t126p96.mp4,0.2006,0.828,right_ankle,kick_candidate,0.905525,0,0.0,kick,cut_kick,linear_kicks,0.557068,0.152847,0.122586,-0.10907,-0.034796,0.579118,0.46588,0.706193,0.671397,0.113238,0.034796,0.255336,0.163008,0.130756,-0.02529,-0.027953,0.490736,0.442543,0.651865,0.606641,0.048194,0.045224,0.371933,0.114608,0.091919,-0.077194,0.006848,0.579749,0.502555,0.674192,0.657194,0.077194,0.016998,0.200155,0.104123,0.083514,-0.036644,-0.023239,0.490567,0.453923,0.622116,0.585333,0.036644,0.036783,0.355392,0.118605,0.095131,-0.091567,-0.006604,0.545033,0.453466,0.92394,0.909159,0.091567,0.014781,1.002928,0.366351,0.293837,-0.044925,-0.150695,0.429799,0.341199,0.844252,0.64994,0.0886,0.194311,0.263499,0.112499,0.09024,-0.081582,-0.029662,0.541787,0.460205,0.834773,0.804206,0.081582,0.030566,0.510379,0.188515,0.151206,-0.044131,-0.10171,0.458029,0.412649,0.733669,0.631959,0.045379,0.10171,0.240364,0.110087,0.088298,-0.06858,-0.031827,0.532215,0.463635,0.72072,0.682298,0.06858,0.038422,0.284434,0.12583,0.100924,-0.057485,-0.044811,0.503084,0.445598,0.703763,0.648017,0.057485,0.055746,0.16945,0.066637,0.05345,-0.046922,0.016658,0.571527,0.524605,0.614436,0.597778,0.046922,0.016658,0.096732,0.052032,0.041733,-0.03186,-0.011447,0.515531,0.483671,0.56876,0.54988,0.03186,0.01888
Group - Cut Kick_compressed.mp4,single_athlete_training,80,data\processed\clips\Group - Cut Kick_compressed\event_080_kick_candidate_right_ankle_t127p96.mp4,0.2006,0.6729,right_ankle,kick_candidate,0.909275,0,0.0,kick,cut_kick,linear_kicks,0.272824,0.087173,0.069917,0.041499,0.03692,0.51332,0.467908,0.692936,0.650467,0.045411,0.042469,0.214566,0.132051,0.105922,0.008047,0.102132,0.454717,0.438064,0.709752,0.607619,0.016653,0.102132,0.138361,0.04226,0.033894,0.028016,0.000357,0.531872,0.501361,0.665833,0.66335,0.030511,0.002483,0.152216,0.049475,0.039682,0.004785,0.031803,0.457493,0.444554,0.625611,0.593809,0.012939,0.031803,0.295124,0.085216,0.068346,0.059832,-0.017113,0.51291,0.45216,0.925475,0.904567,0.06075,0.020907,0.62016,0.24171,0.19388,0.092439,0.155759,0.455258,0.362819,0.934934,0.779175,0.092439,0.155759,0.249193,0.080844,0.064842,0.061534,-0.003354,0.524554,0.463019,0.808605,0.800542,0.061534,0.008063,0.527065,0.194394,0.15592,0.061808,0.135683,0.463286,0.401478,0.814196,0.678513,0.061808,0.135683,0.053543,0.030196,0.024222,0.018608,0.001121,0.487392,0.468784,0.701292,0.695089,0.018608,0.006203,0.090837,0.047538,0.038129,0.016718,0.025669,0.461239,0.44401,0.689473,0.663803,0.017229,0.025669,0.027461,0.016244,0.01303,-0.000379,-0.004872,0.526027,0.520227,0.60474,0.599867,0.0058,0.004872,0.040304,0.01636,0.013121,-0.002157,0.006298,0.480875,0.476208,0.564106,0.556216,0.004667,0.00789
Group - Cut Kick_compressed.mp4,single_athlete_training,81,data\processed\clips\Group - Cut Kick_compressed\event_081_kick_candidate_right_ankle_t130p57.mp4,0.2005,0.8875,right_ankle,kick_candidate,0.9065,0,0.0,kick,cut_kick,linear_kicks,0.586202,0.316667,0.254057,-0.107728,-0.012495,0.607597,0.492167,0.595301,0.572854,0.11543,0.022447,0.59844,0.25886,0.207676,-0.07788,-0.080158,0.512872,0.421447,0.718421,0.60173,0.091424,0.116692,0.565039,0.263977,0.211787,-0.104177,-0.026222,0.623257,0.510505,0.627545,0.57891,0.112752,0.048635,0.310436,0.158889,0.127469,-0.082784,-0.052317,0.532149,0.449365,0.649112,0.5799,0.082784,0.069212,2.09816,0.647869,0.519641,-0.263191,-0.348983,0.595126,0.331935,1.035973,0.637895,0.263191,0.398077,0.867988,0.412323,0.330795,-0.122187,-0.057206,0.541365,0.412925,0.982962,0.865402,0.12844,0.117561,0.978574,0.327223,0.262466,-0.148298,-0.180823,0.572475,0.424177,0.898694,0.7074,0.148298,0.191295,0.80016,0.308737,0.247702,-0.067021,-0.079768,0.506064,0.432723,0.871618,0.728841,0.073341,0.142777,0.33003,0.163645,0.131276,-0.090258,-0.075511,0.576641,0.486383,0.75353,0.678019,0.090258,0.075511,0.309035,0.133348,0.106967,-0.070552,-0.059985,0.537766,0.467214,0.746523,0.686538,0.070552,0.059985,0.172523,0.094982,0.076202,-0.072568,-0.001706,0.597302,0.524733,0.553619,0.542606,0.072568,0.011014,0.209932,0.087685,0.070337,-0.061495,-0.009976,0.542575,0.481081,0.555866,0.535829,0.061495,0.020037
Group - Cut Kick_compressed.mp4,single_athlete_training,82,data\processed\clips\Group - Cut Kick_compressed\event_082_kick_candidate_right_ankle_t131p17.mp4,0.6017,0.977,right_ankle,kick_candidate,0.883,0,0.0,kick,cut_kick,linear_kicks,0.440344,0.132651,0.159608,-0.093476,0.087934,0.499869,0.406392,0.68545,0.582806,0.093476,0.102644,0.128142,0.058222,0.070068,-0.036684,0.047031,0.434992,0.398308,0.685295,0.634592,0.036684,0.050703,0.261518,0.101221,0.121799,-0.090622,0.040935,0.51908,0.428457,0.648588,0.601323,0.090622,0.047265,0.129676,0.066842,0.080435,-0.03838,0.034483,0.449365,0.410985,0.631278,0.596795,0.03838,0.034483,1.51583,0.307078,0.369444,0.088304,0.323409,0.449786,0.331935,1.010399,0.68699,0.117851,0.323409,1.017865,0.437526,0.526441,-0.016204,0.064053,0.419177,0.308511,0.99656,0.728438,0.110666,0.268123,0.55859,0.166727,0.20061,-0.014097,0.173939,0.45191,0.41008,0.89181,0.717871,0.041829,0.173939,0.796681,0.325879,0.392097,-0.03894,0.078538,0.439043,0.354687,0.870388,0.652219,0.084356,0.218168,0.161468,0.082262,0.09898,-0.061979,0.06531,0.486383,0.424405,0.743329,0.678019,0.061979,0.06531,0.199259,0.09236,0.111133,-0.057838,0.050066,0.467214,0.409376,0.736605,0.672216,0.057838,0.064389,0.199369,0.082171,0.098885,-0.090346,-0.015921,0.524733,0.434388,0.555048,0.531226,0.090346,0.023822,0.124446,0.063006,0.075815,-0.060017,-0.015826,0.481081,0.421064,0.545891,0.530065,0.060017,0.015826
Group - Cut Kick_compressed.mp4,single_athlete_training,85,data\processed\clips\Group - Cut Kick_compressed\event_085_kick_candidate_right_ankle_t140p39.mp4,0.6016,0.9699,right_ankle,kick_candidate,0.849617,0,0.0,kick,cut_kick,linear_kicks,0.361266,0.133138,0.160197,-0.074595,-0.036861,0.535575,0.433793,0.699608,0.641032,0.101782,0.058576,0.545821,0.144583,0.173998,-0.089755,-0.022541,0.590024,0.482926,0.694718,0.667763,0.107098,0.026955,0.415161,0.149486,0.179875,-0.078511,-0.027367,0.541357,0.433273,0.642469,0.583941,0.108084,0.058528,0.665616,0.202583,0.243788,-0.09082,-0.010531,0.613451,0.484001,0.6426,0.608478,0.12945,0.034122,0.904982,0.443176,0.533264,-0.097303,0.021801,0.517932,0.360911,0.967004,0.738844,0.157021,0.228161,1.304597,0.428194,0.515333,-0.0701,0.011292,0.556453,0.428449,0.986962,0.747409,0.128004,0.239553,0.592509,0.308533,0.371261,-0.069916,0.001274,0.518122,0.408557,0.822203,0.665735,0.109564,0.156468,1.040463,0.341516,0.41101,-0.069961,0.002687,0.558969,0.449915,0.844049,0.663402,0.109054,0.180647,0.342504,0.122839,0.147809,-0.077367,-0.023336,0.528432,0.449859,0.717381,0.654573,0.078572,0.062808,0.424764,0.129618,0.155996,-0.080718,-0.024378,0.566742,0.486024,0.728901,0.661733,0.080718,0.067168,0.313792,0.110742,0.133254,-0.070149,-0.019561,0.543021,0.454079,0.560728,0.527932,0.088942,0.032796,0.421188,0.129423,0.15575,-0.071585,-0.01136,0.583416,0.500628,0.569474,0.540765,0.082788,0.028709
Group - Cut Kick_compressed.mp4,single_athlete_training,88,data\processed\clips\Group - Cut Kick_compressed\event_088_kick_candidate_right_ankle_t149p42.mp4,0.6017,0.9796,right_ankle,kick_candidate,0.896483,0,0.0,kick,cut_kick,linear_kicks,0.254414,0.1243,0.149568,-0.092393,-0.041008,0.544129,0.445124,0.683218,0.6128,0.099005,0.070418,0.45921,0.180565,0.217261,-0.047962,-0.005232,0.467097,0.413408,0.685294,0.597589,0.053689,0.087705,0.164915,0.08317,0.100074,-0.070707,-0.003289,0.558577,0.482306,0.652283,0.631156,0.076271,0.021127,0.282509,0.09411,0.113235,-0.051624,-0.008887,0.480944,0.427421,0.634948,0.584574,0.053523,0.050374,0.263836,0.096946,0.116665,-0.06356,0.020984,0.521288,0.438809,0.93381,0.902081,0.082479,0.03173,1.117809,0.481536,0.579365,-0.044328,0.063949,0.475971,0.338838,0.955136,0.679164,0.137134,0.275972,0.18523,0.086132,0.103647,-0.056926,0.004772,0.528934,0.452291,0.824058,0.806271,0.076643,0.017787,0.92842,0.366703,0.441222,-0.048177,0.033667,0.475454,0.384795,0.831916,0.614777,0.090658,0.217139,0.188557,0.071425,0.085943,-0.059204,-0.004694,0.520639,0.455205,0.718316,0.69593,0.065434,0.022385,0.237727,0.098106,0.118044,-0.061824,-0.009691,0.491426,0.426046,0.713948,0.668039,0.06538,0.045909,0.108595,0.061647,0.074185,-0.056499,-0.025224,0.546861,0.490362,0.59467,0.569446,0.056499,0.025224,0.137521,0.061555,0.074071,-0.06459,-0.021887,0.499999,0.43541,0.578552,0.556665,0.06459,0.021887
Group - Cut Kick_compressed.mp4,single_athlete_training,94,data\processed\clips\Group - Cut Kick_compressed\event_094_punch_candidate_right_wrist_t28p88.mp4,0.2006,0.8685,right_wrist,punch_candidate,0.812875,0,0.0,kick,cut_kick,linear_kicks,0.555112,0.258185,0.207106,-0.183543,-0.048339,0.63038,0.446836,0.77327,0.707641,0.183543,0.06563,1.03731,0.429385,0.34442,-0.134195,-0.038218,0.571163,0.436968,0.746837,0.573791,0.134195,0.173046,0.48935,0.23509,0.188591,-0.148188,-0.003326,0.630966,0.482778,0.704053,0.647778,0.148188,0.056275,0.771654,0.346922,0.278288,-0.108848,-0.012203,0.56451,0.455662,0.675552,0.546174,0.108848,0.129378,1.108287,0.420808,0.337529,-0.255462,-0.036681,0.687787,0.432325,1.000315,0.876965,0.255462,0.12335,0.785442,0.480388,0.385347,-0.213543,-0.277189,0.557698,0.344154,1.004323,0.727135,0.213543,0.277189,0.812942,0.317269,0.254481,-0.235261,-0.038977,0.677771,0.44251,0.892841,0.82903,0.235261,0.063811,0.855139,0.346713,0.278091,-0.138793,-0.186035,0.552075,0.413282,0.90009,0.693162,0.138793,0.206929,0.384255,0.213077,0.170915,-0.13746,-0.032687,0.61623,0.478769,0.770231,0.710225,0.13746,0.060007,0.528724,0.22542,0.180807,-0.110467,-0.06468,0.573537,0.46307,0.775451,0.67861,0.110467,0.096841,0.39918,0.208212,0.167026,-0.118253,-0.005245,0.629595,0.511342,0.605882,0.549651,0.118253,0.056231,0.424892,0.201472,0.161611,-0.087576,-0.006669,0.564016,0.47644,0.593491,0.522579,0.087576,0.070912
Group - Cut Kick_compressed.mp4,single_athlete_training,97,data\processed\clips\Group - Cut Kick_compressed\event_097_punch_candidate_right_wrist_t88p65.mp4,0.2006,0.662,right_wrist,punch_candidate,0.77425,0,0.0,kick,cut_kick,linear_kicks,0.972241,0.38398,0.307997,-0.089957,-0.144706,0.529407,0.438964,0.785413,0.594025,0.090443,0.191388,0.749075,0.271034,0.217394,-0.100661,-0.101892,0.519248,0.418587,0.773518,0.63477,0.100661,0.138748,0.627372,0.254163,0.20387,-0.095357,-0.085982,0.549395,0.454039,0.729345,0.608465,0.095357,0.12088,0.579983,0.204615,0.16411,-0.105319,-0.067641,0.523317,0.417997,0.717247,0.622317,0.105319,0.094931,0.559477,0.25062,0.201039,-0.183558,0.021256,0.618669,0.435111,0.966319,0.919823,0.183558,0.046496,1.319355,0.404774,0.32476,-0.161925,-0.248364,0.484256,0.322332,0.949648,0.68816,0.161925,0.261488,0.478612,0.209548,0.168088,-0.140842,-0.021809,0.580307,0.439465,0.873905,0.817934,0.140842,0.055971,0.598306,0.238905,0.191662,-0.105829,-0.146918,0.487212,0.381384,0.851951,0.704024,0.105829,0.147927,0.445618,0.1858,0.149034,-0.101701,-0.048851,0.552121,0.45042,0.784972,0.710826,0.101701,0.074145,0.429733,0.165288,0.132576,-0.093169,-0.059457,0.525669,0.4325,0.783181,0.713487,0.093169,0.069694,0.39114,0.153048,0.122764,-0.062633,-0.051084,0.537163,0.47323,0.656741,0.583477,0.063932,0.073264,0.377057,0.153801,0.123362,-0.070997,-0.029934,0.511879,0.440883,0.643109,0.58039,0.070997,0.062718
Group - Double_compressed.mp4,single_athlete_training,1,data\processed\clips\Group - Double_compressed\event_001_kick_candidate_left_ankle_t33p23.mp4,0.4004,0.8679,left_ankle,kick_candidate,0.73434,0,0.0,kick,frontdouble_kick,double_kicks,0.382573,0.198298,0.198497,-0.014172,0.082112,0.483879,0.460209,0.671597,0.565994,0.02367,0.105603,0.587458,0.306602,0.306909,-0.107605,0.036571,0.590841,0.455,0.672554,0.551217,0.135841,0.121338,0.25002,0.104908,0.105013,-0.015905,0.039317,0.515576,0.478285,0.603171,0.550967,0.037291,0.052204,0.527114,0.268197,0.268466,-0.099525,0.022471,0.600217,0.481022,0.611976,0.508932,0.119195,0.103045,0.842856,0.365865,0.366231,-0.021525,0.029151,0.492284,0.429045,0.905355,0.716552,0.06324,0.188803,1.207036,0.523877,0.524401,-0.020671,-0.034945,0.501872,0.364226,0.885575,0.63918,0.137646,0.246395,0.687759,0.2703,0.27057,-0.039537,0.031092,0.497065,0.428706,0.790196,0.653752,0.068359,0.136444,0.758157,0.31333,0.313643,-0.052268,-0.016545,0.524594,0.417833,0.768874,0.630722,0.106761,0.138152,0.298133,0.116199,0.116315,-0.051413,0.033496,0.52537,0.473574,0.677041,0.620666,0.051796,0.056375,0.345297,0.167613,0.167781,-0.072666,-0.007326,0.55566,0.468665,0.663266,0.603607,0.086995,0.05966,0.327381,0.110493,0.110604,-0.019169,0.03682,0.539574,0.504337,0.55527,0.495516,0.035238,0.059754,0.403506,0.190014,0.190204,-0.068922,0.019573,0.581911,0.50496,0.552915,0.472222,0.076951,0.080693
Group - Double_compressed.mp4,single_athlete_training,10,data\processed\clips\Group - Double_compressed\event_010_kick_candidate_left_ankle_t104p31.mp4,0.8008,0.9506,left_ankle,kick_candidate,0.7505,0,0.0,kick,double_kick,double_kicks,0.42777,0.262919,0.368454,-0.024895,0.035967,0.519291,0.434164,0.666655,0.544399,0.085127,0.122256,0.691435,0.331043,0.463924,0.020867,0.080949,0.537729,0.488083,0.683734,0.458526,0.049646,0.225208,0.31106,0.169045,0.2369,-0.056205,0.033199,0.54269,0.452161,0.639887,0.547292,0.090529,0.092595,0.462608,0.252307,0.353582,0.001,0.066894,0.522166,0.479917,0.66998,0.476631,0.042249,0.193349,1.136336,0.528606,0.740789,-0.027976,0.029751,0.484515,0.373783,0.94984,0.638693,0.110733,0.311147,0.564028,0.270158,0.3786,-0.086402,0.03443,0.585723,0.453689,0.94404,0.805804,0.132034,0.138236,0.568872,0.303624,0.425499,-0.022592,0.033774,0.49097,0.397731,0.833794,0.634494,0.093239,0.1993,0.448676,0.198998,0.278876,-0.059528,0.022656,0.548734,0.459203,0.830224,0.722439,0.089531,0.107785,0.395765,0.159245,0.223166,-0.045395,0.013515,0.540232,0.461303,0.728565,0.636338,0.078929,0.092227,0.382991,0.163561,0.229215,-0.031268,0.032543,0.544418,0.483801,0.739948,0.63378,0.060617,0.106167,0.409466,0.170801,0.239361,-0.045261,0.052616,0.541175,0.470582,0.604755,0.488498,0.070593,0.116257,0.390092,0.182564,0.255845,-0.011576,0.056343,0.533025,0.491387,0.618409,0.487614,0.041637,0.130794
Group - Double_compressed.mp4,single_athlete_training,13,data\processed\clips\Group - Double_compressed\event_013_kick_candidate_left_ankle_t113p91.mp4,0.8008,0.9597,left_ankle,kick_candidate,0.797971,0,0.0,kick,double_kick,double_kicks,0.473391,0.177125,0.248224,0.086666,0.017708,0.537985,0.451319,0.648069,0.545881,0.086666,0.102188,0.49756,0.232321,0.325574,-0.032059,-0.005791,0.568162,0.469049,0.637552,0.531363,0.099112,0.106189,0.357488,0.146709,0.205598,0.095986,0.016941,0.558403,0.462417,0.641472,0.553763,0.095986,0.087709,0.402273,0.203639,0.28538,-0.023448,-0.0237,0.565097,0.472374,0.625979,0.531223,0.092723,0.094757,1.353862,0.641461,0.898943,0.022186,-0.000876,0.556131,0.381367,0.913519,0.651561,0.174764,0.261958,0.692268,0.369569,0.517914,0.053679,-0.0382,0.553065,0.447528,0.89452,0.761933,0.105537,0.132587,0.741631,0.26383,0.369731,0.052211,-0.021729,0.542291,0.435932,0.802246,0.66164,0.106359,0.140606,0.685171,0.279447,0.391617,0.046495,-0.031895,0.541584,0.439774,0.790655,0.655697,0.10181,0.134958,0.287985,0.138071,0.193493,0.037892,-0.043285,0.544629,0.49426,0.712484,0.644527,0.050369,0.067957,0.319206,0.153835,0.215584,0.019337,-0.043449,0.535864,0.482535,0.708808,0.631416,0.053329,0.077392,0.191815,0.103563,0.145134,0.054844,-0.027909,0.557671,0.502827,0.563999,0.517688,0.054844,0.04631,0.303059,0.143585,0.20122,0.014208,-0.020252,0.544009,0.489556,0.569075,0.500042,0.054453,0.069033
Group - Double_compressed.mp4,single_athlete_training,14,data\processed\clips\Group - Double_compressed\event_014_kick_candidate_left_ankle_t116p72.mp4,0.4004,0.832,left_ankle,kick_candidate,0.85392,0,0.0,kick,double_kick,double_kicks,0.321138,0.164077,0.164241,0.001502,-0.032898,0.523611,0.48571,0.620273,0.558145,0.037901,0.062127,0.473189,0.287642,0.287929,-0.06502,0.025317,0.556591,0.437168,0.661863,0.546569,0.119422,0.115294,0.163281,0.103477,0.10358,0.0243,-0.006868,0.529817,0.494833,0.595617,0.578313,0.034985,0.017304,0.345244,0.218111,0.218329,-0.059972,0.012901,0.559655,0.457276,0.626315,0.558048,0.102379,0.068267,0.637515,0.342285,0.342627,-0.059497,-0.165063,0.497556,0.381169,0.888592,0.672768,0.116387,0.215824,0.387337,0.212073,0.212285,-0.097521,0.024956,0.568833,0.440857,0.899487,0.845848,0.127976,0.05364,0.4248,0.234835,0.23507,-0.058579,-0.087572,0.502159,0.434468,0.786717,0.65494,0.067691,0.131777,0.282531,0.150595,0.150746,-0.072461,-0.012505,0.538361,0.458691,0.795164,0.742219,0.07967,0.052945,0.27389,0.111952,0.112064,-0.03174,-0.012323,0.529568,0.492914,0.702273,0.649455,0.036654,0.052818,0.238657,0.121056,0.121177,-0.051434,-0.006279,0.543736,0.485191,0.699462,0.656307,0.058545,0.043155,0.194455,0.067062,0.067129,0.004662,-0.016365,0.520719,0.509072,0.570109,0.532962,0.011647,0.037147,0.251947,0.149539,0.149689,-0.044845,-0.000404,0.546879,0.477518,0.571106,0.528372,0.069362,0.042734
Group - Double_compressed.mp4,single_athlete_training,15,data\processed\clips\Group - Double_compressed\event_015_kick_candidate_left_ankle_t117p52.mp4,0.2002,0.7472,left_ankle,kick_candidate,0.850125,0,0.0,kick,double_kick,double_kicks,0.217874,0.138384,0.110818,0.043149,0.004033,0.545401,0.498625,0.601613,0.558145,0.046775,0.043467,0.283437,0.144861,0.116004,0.047089,-0.100109,0.53866,0.489893,0.661863,0.561754,0.048767,0.100109,0.170293,0.063163,0.050581,0.038773,0.02127,0.557905,0.519132,0.604133,0.582863,0.038773,0.02127,0.103113,0.063962,0.051221,0.046468,-0.017512,0.546152,0.499683,0.626315,0.608803,0.046468,0.017512,0.886348,0.326056,0.261105,0.110749,0.15521,0.548808,0.438059,0.898469,0.723529,0.110749,0.17494,0.398817,0.190576,0.152613,0.141916,-0.045403,0.613228,0.471312,0.899487,0.854084,0.141916,0.045403,0.444193,0.221749,0.177576,0.119842,0.089489,0.563422,0.44358,0.788633,0.699145,0.119842,0.089489,0.195194,0.123271,0.098715,0.097924,0.001809,0.563824,0.4659,0.788865,0.782659,0.097924,0.006206,0.137412,0.087324,0.069929,0.068067,-0.002583,0.565896,0.497829,0.695037,0.687367,0.068067,0.007669,0.150375,0.091118,0.072967,0.07104,-0.003883,0.563343,0.492303,0.698364,0.689301,0.07104,0.009063,0.140552,0.0585,0.046847,0.046407,-0.00362,0.563183,0.516777,0.550221,0.546558,0.046407,0.003663,0.114475,0.072483,0.058045,0.056498,-0.008855,0.558533,0.502035,0.566817,0.557962,0.056498,0.008855
Group - Double_compressed.mp4,single_athlete_training,16,data\processed\clips\Group - Double_compressed\event_016_kick_candidate_left_ankle_t119p72.mp4,0.6006,0.917,left_ankle,kick_candidate,0.869117,0,0.0,kick,double_kick,double_kicks,0.60495,0.218026,0.261892,0.020769,-0.075573,0.526656,0.470872,0.642131,0.510346,0.055784,0.131785,0.464115,0.276407,0.33202,-0.043417,-0.026037,0.541083,0.438523,0.663518,0.538495,0.10256,0.125023,0.316119,0.156045,0.187442,0.017825,-0.065629,0.528708,0.496138,0.631036,0.536325,0.03257,0.094711,0.350125,0.192582,0.23133,-0.029531,-0.012507,0.533732,0.459554,0.624543,0.536764,0.074179,0.087779,0.989029,0.380749,0.457356,-0.070424,0.037954,0.550989,0.37269,0.894123,0.706106,0.178299,0.188017,0.619388,0.277473,0.3333,0.033403,-0.032782,0.519834,0.419154,0.885442,0.730282,0.100679,0.15516,0.647417,0.263938,0.317042,-0.024002,-0.008839,0.501751,0.430757,0.789101,0.650113,0.070993,0.138988,0.463543,0.182526,0.21925,-0.051628,7.4e-05,0.493318,0.435214,0.777252,0.677616,0.058104,0.099636,0.232296,0.100601,0.120842,-0.016292,0.000413,0.519412,0.488282,0.693222,0.646683,0.03113,0.046538,0.271858,0.105172,0.126332,-0.018117,-0.002018,0.514374,0.479718,0.690479,0.638642,0.034656,0.051836,0.163422,0.063688,0.076501,0.000828,-0.01482,0.522321,0.513722,0.571189,0.53853,0.008599,0.032658,0.295216,0.112653,0.135319,-0.012887,-0.004587,0.52287,0.485248,0.567425,0.513256,0.037622,0.054169
Group - Double_compressed.mp4,single_athlete_training,17,data\processed\clips\Group - Double_compressed\event_017_kick_candidate_left_ankle_t127p13.mp4,0.4004,0.9326,left_ankle,kick_candidate,0.84424,0,0.0,kick,double_kick,double_kicks,0.422758,0.223646,0.22387,0.023144,-0.092117,0.544165,0.47262,0.638693,0.51663,0.071546,0.122063,0.563685,0.273345,0.273618,0.001622,0.035167,0.488159,0.452673,0.666852,0.51773,0.035486,0.149122,0.256876,0.16509,0.165256,0.006193,-0.034358,0.540291,0.495119,0.611537,0.531293,0.045172,0.080243,0.312167,0.177899,0.178077,-0.003181,0.019957,0.502213,0.465095,0.630311,0.541357,0.037118,0.088953,1.031591,0.45592,0.456376,-0.036361,-0.035986,0.489129,0.387635,0.849444,0.665008,0.101494,0.184436,1.211444,0.538665,0.539204,-0.030049,0.012848,0.499587,0.382724,0.863317,0.620524,0.116863,0.242793,0.546553,0.246572,0.246818,-0.012559,-0.036007,0.471426,0.44156,0.761395,0.655926,0.029867,0.105469,0.594703,0.267454,0.267721,-0.007316,-0.003329,0.482744,0.432552,0.771775,0.644891,0.050192,0.126884,0.22608,0.106249,0.106355,-0.000557,0.004168,0.501675,0.489508,0.685766,0.63373,0.012167,0.052035,0.248125,0.137557,0.137695,-0.010947,-0.006529,0.508231,0.477605,0.691571,0.628432,0.030626,0.063139,0.219395,0.086685,0.086772,0.007583,-0.015253,0.523261,0.514493,0.575657,0.526823,0.008768,0.048833,0.248692,0.129862,0.129991,-0.001436,-0.003406,0.509058,0.490007,0.57958,0.524737,0.019051,0.054843
Group - Double_compressed.mp4,single_athlete_training,18,data\processed\clips\Group - Double_compressed\event_018_kick_candidate_left_ankle_t132p53.mp4,0.6006,0.9626,left_ankle,kick_candidate,0.812217,0,0.0,kick,frontdouble_kick,double_kicks,0.438147,0.222919,0.267771,0.110207,0.112304,0.543378,0.43317,0.671834,0.518597,0.110207,0.153237,0.677156,0.221585,0.266168,0.071999,0.123484,0.57804,0.506041,0.705994,0.52913,0.071999,0.176865,0.350041,0.147966,0.177736,0.093284,0.093994,0.542152,0.448868,0.645702,0.541758,0.093284,0.103944,0.461243,0.156079,0.187483,0.087985,0.088177,0.596313,0.508327,0.665155,0.558132,0.087985,0.107023,1.019546,0.507781,0.609947,0.08128,0.166302,0.521,0.350759,0.996678,0.64667,0.170241,0.350008,1.103329,0.376397,0.452128,0.172387,0.30654,0.655347,0.464092,0.983391,0.676851,0.191255,0.30654,0.687733,0.270593,0.325037,0.115372,0.146265,0.535629,0.411998,0.859493,0.653746,0.123631,0.205747,0.430526,0.273923,0.329036,0.151316,0.234621,0.613262,0.461945,0.857073,0.622453,0.151316,0.234621,0.208707,0.13518,0.162378,0.090257,0.096322,0.564721,0.471432,0.733666,0.636688,0.093289,0.096978,0.200508,0.137926,0.165677,0.091229,0.094558,0.58744,0.496211,0.733529,0.634977,0.091229,0.098552,0.18314,0.129023,0.154982,0.077015,0.080832,0.550223,0.473208,0.579435,0.490167,0.077015,0.089269,0.270354,0.133062,0.159835,0.08265,0.056038,0.590821,0.508171,0.596132,0.509622,0.08265,0.08651
Group - Double_compressed.mp4,single_athlete_training,20,data\processed\clips\Group - Double_compressed\event_020_kick_candidate_left_ankle_t162p16.mp4,1.001,0.9507,left_ankle,kick_candidate,0.754687,0,0.0,kick,double_kick,double_kicks,0.66653,0.31107,0.49821,0.010586,-0.009611,0.573902,0.498916,0.65928,0.473325,0.074985,0.185955,0.421478,0.147095,0.235588,0.063273,0.114466,0.527558,0.464285,0.687708,0.544848,0.063273,0.14286,0.519717,0.235985,0.377954,0.021975,0.017707,0.597725,0.522051,0.632772,0.477055,0.075674,0.155718,0.390741,0.120456,0.192923,0.038186,0.047845,0.539335,0.498856,0.620904,0.514372,0.040479,0.106532,1.483514,0.675794,1.082352,0.125169,-0.000483,0.630502,0.373368,0.880992,0.604857,0.257133,0.276136,0.778438,0.238277,0.381624,-0.038353,0.042394,0.555534,0.437322,0.895479,0.740912,0.118212,0.154567,0.646802,0.286447,0.458774,0.10785,0.021667,0.61329,0.444084,0.79146,0.61424,0.169206,0.17722,0.740607,0.208677,0.334218,0.011517,0.004613,0.523463,0.450949,0.779027,0.630212,0.072514,0.148816,0.368005,0.169098,0.270828,0.048263,0.011669,0.587995,0.506919,0.689835,0.580518,0.081076,0.109317,0.337118,0.133394,0.213644,0.029421,0.009571,0.551688,0.505948,0.688136,0.584708,0.04574,0.103428,0.459945,0.152327,0.243967,0.041044,0.012432,0.606934,0.538528,0.552201,0.446426,0.068406,0.105775,0.361769,0.11713,0.187596,0.012904,0.005476,0.549706,0.524599,0.541253,0.457198,0.025107,0.084055
Group - Double_compressed.mp4,single_athlete_training,21,data\processed\clips\Group - Double_compressed\event_021_kick_candidate_left_ankle_t164p57.mp4,1.001,0.9741,left_ankle,kick_candidate,0.869613,0,0.0,kick,frontdouble_kick,double_kicks,0.61559,0.305102,0.488651,-0.039271,-0.043712,0.612733,0.503258,0.671853,0.47814,0.109475,0.193713,0.767108,0.249794,0.40007,0.059908,0.020692,0.575979,0.501015,0.656749,0.469083,0.074965,0.187666,0.545605,0.200037,0.32038,-0.017642,-0.025938,0.613032,0.533113,0.609323,0.495776,0.079919,0.113547,0.514381,0.192877,0.308912,0.07796,0.029799,0.590852,0.500646,0.603086,0.48108,0.090206,0.122006,1.008598,0.470574,0.753672,0.08291,0.015519,0.620404,0.415146,0.893054,0.656442,0.205258,0.236612,1.724032,0.536903,0.859904,0.087872,0.018267,0.623747,0.392615,0.880489,0.532832,0.231132,0.347657,0.634269,0.347465,0.5565,0.050726,-0.01136,0.596838,0.464933,0.785402,0.589323,0.131905,0.196079,0.978384,0.311447,0.498814,0.086959,-0.006319,0.601197,0.442411,0.773212,0.579067,0.158786,0.194145,0.44876,0.166857,0.267238,0.029674,-0.0205,0.591244,0.518347,0.679608,0.568924,0.072897,0.110684,0.37296,0.174121,0.278872,0.058672,-0.010106,0.592434,0.500751,0.676837,0.5714,0.091683,0.105437,0.406983,0.119671,0.191665,-0.00352,-0.04117,0.597623,0.55047,0.543086,0.460118,0.047154,0.082968,0.370003,0.125504,0.201007,0.052277,-0.009187,0.589578,0.524272,0.53164,0.458074,0.065305,0.073567
Group - Double_compressed.mp4,single_athlete_training,23,data\processed\clips\Group - Double_compressed\event_023_kick_candidate_left_ankle_t173p77.mp4,0.6006,0.969,left_ankle,kick_candidate,0.844667,0,0.0,kick,frontdouble_kick,double_kicks,0.850641,0.424936,0.510433,0.034418,0.133692,0.594648,0.494496,0.672641,0.46192,0.100152,0.210721,1.101341,0.404224,0.485554,-0.10541,-0.016994,0.590122,0.481761,0.654776,0.438823,0.108361,0.215953,0.50076,0.211676,0.254265,0.063666,0.035273,0.581978,0.497967,0.616588,0.494822,0.084011,0.121766,0.73651,0.251691,0.302331,-0.075543,-0.008789,0.579605,0.483127,0.601474,0.468257,0.096478,0.133216,0.966599,0.467476,0.561533,-0.025048,-0.034586,0.532904,0.390111,0.907274,0.654572,0.142792,0.252702,1.481807,0.605864,0.727764,-0.018262,-0.055003,0.543917,0.400906,0.887866,0.535329,0.143011,0.352537,0.722523,0.326354,0.392017,-0.013243,-0.017037,0.520293,0.458163,0.787587,0.595304,0.062131,0.192283,0.789034,0.400474,0.481049,-0.041966,-0.019407,0.539287,0.444839,0.773372,0.541771,0.094448,0.231601,0.308974,0.134843,0.161974,-0.003508,-0.004909,0.528931,0.512536,0.6691,0.589402,0.016395,0.079698,0.449455,0.147645,0.177351,-0.041541,-0.03118,0.549196,0.498807,0.671691,0.576024,0.050389,0.095667,0.277351,0.108517,0.130351,0.035213,0.014625,0.559161,0.521148,0.53478,0.470608,0.038013,0.064172,0.388336,0.119967,0.144105,-0.044672,-0.00367,0.563231,0.516976,0.529612,0.462985,0.046254,0.066627
Group - Double_compressed.mp4,single_athlete_training,24,data\processed\clips\Group - Double_compressed\event_024_kick_candidate_left_ankle_t177p98.mp4,0.6006,0.9816,left_ankle,kick_candidate,0.9103,0,0.0,kick,frontdouble_kick,double_kicks,0.418823,0.157476,0.18916,0.025728,0.032823,0.563139,0.476387,0.555445,0.504405,0.086752,0.05104,0.350683,0.165881,0.199256,0.018202,0.126054,0.510149,0.457871,0.634704,0.502956,0.052278,0.131747,0.218517,0.12801,0.153766,0.005481,0.009302,0.54947,0.489374,0.55317,0.517213,0.060096,0.035957,0.259452,0.101859,0.122353,0.038586,0.068689,0.521001,0.4693,0.596353,0.522723,0.051701,0.07363,0.981027,0.430958,0.517666,0.041773,0.016546,0.534333,0.387684,0.839455,0.625463,0.146649,0.213992,0.649644,0.267416,0.321221,0.145538,0.232511,0.537037,0.391499,0.835528,0.593999,0.145538,0.241529,0.799077,0.309533,0.371811,0.028485,0.011457,0.522792,0.4362,0.749196,0.580814,0.086593,0.168382,0.54843,0.184935,0.222144,0.083351,0.155025,0.523368,0.440017,0.751693,0.587544,0.083351,0.164149,0.149979,0.081495,0.097892,0.008354,0.021972,0.510951,0.485172,0.650433,0.599752,0.025779,0.050682,0.225631,0.084289,0.101247,0.030331,0.055249,0.515681,0.48102,0.658351,0.591888,0.034661,0.066462,0.220884,0.084857,0.101931,-0.009235,0.000929,0.534271,0.507165,0.541011,0.497904,0.027106,0.043107,0.233654,0.068515,0.0823,0.019259,0.026551,0.518398,0.492221,0.54784,0.501262,0.026178,0.046578
Group - Double_compressed.mp4,single_athlete_training,25,data\processed\clips\Group - Double_compressed\event_025_kick_candidate_left_ankle_t180p18.mp4,0.2002,0.7115,left_ankle,kick_candidate,0.850425,0,0.0,kick,frontdouble_kick,double_kicks,0.381277,0.142162,0.113843,0.039776,-0.054771,0.539468,0.47786,0.570515,0.507854,0.061607,0.062661,0.681679,0.290579,0.232696,-0.073778,-0.050633,0.533741,0.452065,0.61686,0.488318,0.081676,0.128542,0.302043,0.111802,0.089531,0.043748,-0.050988,0.544185,0.497267,0.584153,0.522459,0.046919,0.061694,0.522087,0.20658,0.16543,-0.073518,-0.053182,0.545847,0.472329,0.600662,0.506657,0.073518,0.094004,0.892061,0.422388,0.338248,-0.049246,-0.065323,0.543404,0.461896,0.852689,0.66376,0.081508,0.188929,1.161129,0.462469,0.370345,-0.139667,-0.271088,0.542749,0.403082,0.850456,0.544365,0.139667,0.30609,0.66412,0.428272,0.34296,-0.018443,-0.058928,0.524668,0.478125,0.753225,0.56182,0.046543,0.191405,0.583192,0.266783,0.213639,-0.090126,-0.150705,0.534095,0.443969,0.754958,0.584173,0.090126,0.170785,0.310625,0.136881,0.109614,-0.027194,-0.032737,0.538625,0.511431,0.651189,0.588462,0.027194,0.062727,0.28554,0.120838,0.096767,-0.061951,-0.04866,0.551177,0.489225,0.651605,0.599084,0.061951,0.052521,0.255203,0.089558,0.071718,0.01131,-0.029002,0.538849,0.52568,0.543193,0.493703,0.01317,0.04949,0.281234,0.120738,0.096687,-0.058247,-0.037803,0.549677,0.49143,0.548429,0.496569,0.058247,0.05186
Group - Double_compressed.mp4,single_athlete_training,26,data\processed\clips\Group - Double_compressed\event_026_kick_candidate_left_ankle_t183p78.mp4,0.4004,0.9782,left_ankle,kick_candidate,0.89082,0,0.0,kick,frontdouble_kick,double_kicks,0.364057,0.231009,0.23124,0.003241,0.011503,0.538477,0.514194,0.623663,0.505558,0.024283,0.118105,0.244711,0.090563,0.090653,0.035457,0.082289,0.547311,0.51178,0.659257,0.576969,0.035531,0.082289,0.356236,0.147707,0.147855,-0.012758,0.016739,0.562375,0.540012,0.591835,0.512489,0.022363,0.079345,0.280972,0.072448,0.072521,0.022178,0.064602,0.558275,0.536097,0.607301,0.542699,0.022178,0.064602,1.007644,0.350192,0.350542,0.044584,0.173378,0.544088,0.424291,0.870217,0.659808,0.119797,0.210409,1.030333,0.272176,0.272449,0.160904,0.152194,0.578382,0.417477,0.854514,0.672664,0.160904,0.181849,0.551692,0.176469,0.176645,0.073464,0.149023,0.540148,0.466684,0.75689,0.607866,0.073464,0.149023,0.761769,0.19484,0.195034,0.088232,0.147402,0.556086,0.467854,0.749074,0.601672,0.088232,0.147402,0.166921,0.071076,0.071147,0.013761,0.062445,0.543513,0.524369,0.652856,0.590411,0.019144,0.062445,0.252091,0.090995,0.091086,0.025242,0.074454,0.548589,0.523346,0.662266,0.587812,0.025242,0.074454,0.198643,0.05106,0.051111,-0.015051,0.046388,0.566243,0.549123,0.515316,0.468928,0.01712,0.046388,0.268997,0.072278,0.07235,0.015329,0.066865,0.56152,0.546191,0.541553,0.474688,0.015329,0.066865
Group - Double_compressed.mp4,single_athlete_training,27,data\processed\clips\Group - Double_compressed\event_027_kick_candidate_left_ankle_t185p99.mp4,0.4004,0.918,left_ankle,kick_candidate,0.85764,0,0.0,kick,frontdouble_kick,double_kicks,0.290983,0.18772,0.187908,0.011343,0.008375,0.533485,0.477546,0.604392,0.538815,0.05594,0.065578,0.714758,0.318696,0.319015,-0.030255,0.029537,0.483179,0.452924,0.642829,0.472825,0.030255,0.170004,0.175295,0.09811,0.098208,0.020659,0.019646,0.521021,0.492398,0.598712,0.550182,0.028623,0.04853,0.534679,0.21664,0.216856,-0.030113,0.00289,0.492331,0.454915,0.597173,0.493993,0.037416,0.103181,0.824544,0.395255,0.395651,-0.021973,0.076125,0.494881,0.401018,0.82888,0.616966,0.093864,0.211915,0.719281,0.355755,0.356111,-0.030114,-0.043914,0.498674,0.410219,0.819161,0.643595,0.088455,0.175566,0.35671,0.180088,0.180268,0.021991,0.033149,0.488045,0.462129,0.747047,0.642593,0.025917,0.104455,0.468788,0.246521,0.246767,-0.022454,-0.003418,0.484606,0.434522,0.727207,0.61307,0.050084,0.114138,0.235464,0.098331,0.098429,-0.006362,0.013869,0.499226,0.492864,0.65663,0.60073,0.006362,0.0559,0.179763,0.103934,0.104038,-0.025757,0.00063,0.496696,0.470938,0.641986,0.593094,0.025757,0.048893,0.122372,0.056883,0.05694,0.017471,0.008839,0.519929,0.501999,0.54174,0.512759,0.01793,0.02898,0.190168,0.107575,0.107683,-0.017782,0.001463,0.496376,0.475345,0.542675,0.492188,0.021031,0.050487
Group - Double_compressed.mp4,single_athlete_training,28,data\processed\clips\Group - Double_compressed\event_028_kick_candidate_left_ankle_t189p19.mp4,0.4004,0.9838,left_ankle,kick_candidate,0.9187,0,0.0,kick,double_kick,double_kicks,0.423948,0.216451,0.216668,-0.087421,0.061727,0.609011,0.512377,0.63992,0.520469,0.096633,0.119451,0.537014,0.240196,0.240436,0.077625,0.211159,0.547105,0.46948,0.651962,0.440803,0.077625,0.211159,0.227941,0.079943,0.080023,-0.039949,0.049885,0.582648,0.541489,0.599634,0.543581,0.041159,0.056053,0.385944,0.171044,0.171215,0.067678,0.133168,0.56307,0.493276,0.607934,0.474766,0.069794,0.133168,1.121828,0.518142,0.51866,-0.009034,0.073539,0.509981,0.426903,0.84719,0.564991,0.083078,0.282199,0.59227,0.29709,0.297388,0.184531,0.123226,0.613488,0.427413,0.833396,0.71017,0.186075,0.123226,0.632385,0.314551,0.314865,-0.000892,0.06,0.519406,0.486709,0.759982,0.577673,0.032697,0.182308,0.403289,0.205848,0.206054,0.115654,0.131714,0.58654,0.461517,0.754163,0.622449,0.125023,0.131714,0.190016,0.10179,0.101891,0.004125,0.044504,0.540447,0.52708,0.665392,0.594004,0.013367,0.071388,0.28817,0.107252,0.10736,0.047865,0.070493,0.558292,0.510427,0.670113,0.590364,0.047865,0.079749,0.062957,0.029287,0.029316,-0.000314,0.017064,0.559015,0.556003,0.530309,0.507566,0.003012,0.022744,0.181687,0.090174,0.090264,0.052256,0.056352,0.572586,0.516415,0.543761,0.487409,0.056171,0.056352
Group - Double_compressed.mp4,single_athlete_training,49,data\processed\clips\Group - Double_compressed\event_049_punch_candidate_left_wrist_t110p91.mp4,0.2002,0.5806,left_wrist,punch_candidate,0.583625,1,0.25,kick,double_kick,double_kicks,0.841653,0.298891,0.239352,-0.00071,-0.142118,0.387921,0.317188,0.711199,0.558265,0.070733,0.152934,0.614081,0.20524,0.164356,-0.075282,-0.049276,0.438677,0.354675,0.655383,0.565618,0.084002,0.089764,0.567603,0.223034,0.178606,0.007209,-0.06929,0.401088,0.345413,0.66542,0.562639,0.055675,0.10278,0.537597,0.186154,0.149072,-0.100639,-0.056181,0.445807,0.345168,0.652933,0.570189,0.100639,0.082744,0.522656,0.176797,0.141579,-0.009556,-0.067014,0.413318,0.398493,0.986222,0.882642,0.014824,0.10358,0.498985,0.160955,0.128893,-0.071675,0.099455,0.473857,0.402183,0.891266,0.791812,0.071675,0.099455,0.515041,0.178948,0.143301,0.017733,-0.081043,0.412327,0.377881,0.882403,0.780656,0.034447,0.101748,0.272516,0.094261,0.075484,-0.035772,0.028949,0.437225,0.385052,0.781149,0.7522,0.052173,0.028949,0.341056,0.108292,0.086721,-0.020948,-0.056879,0.435327,0.395969,0.737384,0.680505,0.039358,0.056879,0.487665,0.144164,0.115447,-0.064669,-0.069533,0.452469,0.3878,0.756068,0.673661,0.064669,0.082407,0.341979,0.123968,0.099274,-0.011552,-0.049119,0.4126,0.370644,0.593273,0.53917,0.041955,0.054103,0.379165,0.137523,0.110128,-0.089944,-0.050369,0.444577,0.354634,0.598066,0.546541,0.089944,0.051525
Group - Double_compressed.mp4,single_athlete_training,51,data\processed\clips\Group - Double_compressed\event_051_punch_candidate_left_wrist_t162p36.mp4,0.4004,0.851,left_wrist,punch_candidate,0.74902,0,0.0,kick,double_kick,double_kicks,0.497248,0.297522,0.297819,0.006244,0.107349,0.573902,0.498916,0.641435,0.473325,0.074985,0.16811,0.421478,0.137549,0.137686,0.024376,0.106205,0.521248,0.496872,0.664566,0.544848,0.024376,0.119718,0.519717,0.237673,0.23791,-0.006996,0.011749,0.566501,0.522051,0.590238,0.477055,0.04445,0.113184,0.390741,0.155816,0.155972,0.036263,0.033645,0.539335,0.503073,0.606905,0.514372,0.036263,0.092532,1.363668,0.742861,0.743604,0.205952,0.247222,0.601557,0.373368,0.876852,0.604857,0.228189,0.271995,0.778438,0.311516,0.311827,0.015746,0.031476,0.514982,0.437322,0.895479,0.740912,0.07766,0.154567,0.646802,0.244286,0.24453,0.062693,0.124258,0.534608,0.444084,0.774565,0.61424,0.090524,0.160325,0.740607,0.312662,0.312974,0.017509,0.009131,0.518178,0.450949,0.779027,0.630212,0.067229,0.148816,0.368005,0.165456,0.165621,0.004869,0.005958,0.526129,0.506919,0.65925,0.580518,0.01921,0.078732,0.337118,0.142342,0.142484,0.024555,0.019401,0.530503,0.505948,0.663314,0.584708,0.024555,0.078605,0.459945,0.146929,0.147076,-0.012742,-0.045359,0.556989,0.538528,0.538286,0.446426,0.018461,0.09186,0.361769,0.138526,0.138665,0.022188,-0.009761,0.549706,0.524599,0.529205,0.457198,0.025107,0.072007
Group - Double_compressed.mp4,single_athlete_training,52,data\processed\clips\Group - Double_compressed\event_052_punch_candidate_left_wrist_t164p77.mp4,0.4004,0.8372,left_wrist,punch_candidate,0.87064,0,0.0,kick,frontdouble_kick,double_kicks,0.61559,0.359959,0.360319,-0.039062,0.037969,0.612733,0.503258,0.628585,0.47814,0.109475,0.150445,0.767108,0.378786,0.379165,0.066868,0.037133,0.575979,0.501015,0.656749,0.469083,0.074965,0.187666,0.545605,0.245261,0.245507,-0.022189,-0.025676,0.585061,0.533113,0.604843,0.495776,0.051948,0.109067,0.514381,0.274798,0.275072,0.068002,0.018968,0.585778,0.500646,0.603086,0.48108,0.085132,0.122006,1.008598,0.545903,0.546448,0.117156,0.176322,0.601022,0.415146,0.878808,0.656442,0.185876,0.222366,1.724032,0.724652,0.725376,0.006596,0.039278,0.517865,0.392615,0.880489,0.532832,0.12525,0.347657,0.634269,0.402191,0.402593,0.039255,0.086844,0.549191,0.464933,0.778415,0.589323,0.084258,0.189092,0.978384,0.395114,0.39551,0.035963,0.037654,0.543116,0.442411,0.773212,0.579067,0.100705,0.194145,0.44876,0.182182,0.182364,-0.006618,-0.002445,0.542588,0.518347,0.658075,0.568924,0.024241,0.089151,0.37296,0.203316,0.203519,0.025489,0.027425,0.550518,0.500751,0.672502,0.5714,0.049767,0.101102,0.406983,0.138054,0.138192,-0.018771,-0.035452,0.580683,0.55047,0.540349,0.460118,0.030214,0.080231,0.370003,0.173838,0.174012,0.040408,-0.007149,0.578994,0.524272,0.53164,0.458074,0.054722,0.073567
Group - Double_compressed.mp4,single_athlete_training,54,data\processed\clips\Group - Double_compressed\event_054_punch_candidate_left_wrist_t173p77.mp4,0.4004,0.8762,left_wrist,punch_candidate,0.84128,0,0.0,kick,frontdouble_kick,double_kicks,0.850641,0.43093,0.431361,0.017901,0.056364,0.594648,0.494496,0.620256,0.46192,0.100152,0.158336,1.101341,0.455902,0.456358,-0.089834,-0.041688,0.590122,0.481761,0.654776,0.438823,0.108361,0.215953,0.50076,0.239359,0.239598,0.070908,0.022519,0.581978,0.497967,0.603834,0.494822,0.084011,0.109012,0.73651,0.282923,0.283206,-0.07182,-0.027548,0.579605,0.483127,0.601474,0.468257,0.096478,0.133216,0.966599,0.545437,0.545982,-0.038576,-0.042255,0.532904,0.390111,0.907274,0.654572,0.142792,0.252702,1.481807,0.59056,0.591151,-0.11664,-0.149792,0.543917,0.400906,0.887866,0.535329,0.143011,0.352537,0.722523,0.388322,0.38871,-0.015258,-0.014414,0.520293,0.458163,0.787587,0.595304,0.062131,0.192283,0.789034,0.369958,0.370328,-0.094448,-0.116899,0.539287,0.444839,0.773372,0.541771,0.094448,0.231601,0.308974,0.150841,0.150992,-0.007151,-0.015269,0.528931,0.512536,0.6691,0.589402,0.016395,0.079698,0.449455,0.142281,0.142423,-0.050389,-0.064968,0.549196,0.498807,0.671691,0.576024,0.050389,0.095667,0.277351,0.117401,0.117518,0.037995,0.002097,0.559161,0.521148,0.522252,0.470608,0.038013,0.051644,0.388336,0.122341,0.122463,-0.040739,-0.024951,0.563231,0.516976,0.529612,0.462985,0.046254,0.066627
Group - Double_compressed.mp4,single_athlete_training,63,data\processed\clips\Group - Double_compressed\event_063_kick_candidate_right_ankle_t33p63.mp4,0.4004,0.9485,right_ankle,kick_candidate,0.74288,0,0.0,kick,frontdouble_kick,double_kicks,0.382573,0.128671,0.1288,-0.016465,0.122261,0.480439,0.460209,0.688255,0.565994,0.02023,0.122261,0.334588,0.183144,0.183327,0.016938,0.132436,0.505573,0.455,0.683653,0.551217,0.050574,0.132436,0.25002,0.101221,0.101322,-0.035501,0.087341,0.515576,0.477855,0.638308,0.550967,0.03772,0.087341,0.487632,0.148892,0.149041,0.017882,0.109135,0.513932,0.481022,0.629663,0.508932,0.03291,0.120731,0.665309,0.16983,0.17,0.061868,0.150945,0.490913,0.429045,0.926571,0.775626,0.061868,0.150945,1.207036,0.444948,0.445393,0.089274,0.173974,0.520578,0.364226,0.918065,0.63918,0.156352,0.278884,0.687759,0.188642,0.188831,0.055931,0.158305,0.484637,0.428706,0.812057,0.653752,0.055931,0.158305,0.600395,0.210066,0.210276,0.086071,0.186301,0.509433,0.417833,0.817023,0.630722,0.0916,0.186301,0.298133,0.101004,0.101105,0.001132,0.087675,0.495452,0.473574,0.708341,0.620666,0.021878,0.087675,0.278435,0.128204,0.128332,0.021826,0.103166,0.515216,0.468665,0.706773,0.603607,0.046551,0.103166,0.327381,0.113309,0.113422,-0.031797,0.077572,0.539574,0.504337,0.575232,0.495516,0.035238,0.079716,0.403506,0.160889,0.16105,0.01386,0.091875,0.532592,0.50496,0.586488,0.472222,0.027632,0.114266
Group - Double_compressed.mp4,single_athlete_training,66,data\processed\clips\Group - Double_compressed\event_066_kick_candidate_right_ankle_t48p45.mp4,0.4004,0.9057,right_ankle,kick_candidate,0.66072,0,0.0,kick,double_kick,double_kicks,0.498815,0.135882,0.136018,0.007461,0.096667,0.355247,0.33057,0.665145,0.564004,0.024677,0.101141,0.075488,0.018485,0.018504,0.013867,0.008099,0.338422,0.324554,0.561241,0.551987,0.013867,0.009254,0.220079,0.062694,0.062756,0.000217,0.041147,0.357637,0.345006,0.611692,0.564824,0.012632,0.046868,0.014177,0.008443,0.008451,0.005682,0.000699,0.335748,0.330066,0.563422,0.560851,0.005682,0.002571,0.152442,0.066139,0.066205,-0.001788,0.004134,0.344694,0.339362,0.870434,0.835923,0.005332,0.034511,0.893105,0.365096,0.365461,0.001348,0.008703,0.457318,0.328782,0.883074,0.750081,0.128535,0.132993,0.18038,0.068741,0.06881,-0.002157,-0.008957,0.373653,0.354236,0.793752,0.761514,0.019417,0.032238,0.478803,0.188592,0.18878,0.000432,-0.004682,0.39929,0.340821,0.792994,0.717034,0.058469,0.07596,0.035285,0.016364,0.016381,-0.001847,-0.000985,0.357276,0.353837,0.69244,0.686,0.003439,0.006441,0.032224,0.013583,0.013597,0.000207,0.000673,0.348309,0.343891,0.686893,0.681519,0.004419,0.005374,0.038428,0.014912,0.014926,0.002448,0.00171,0.366887,0.359129,0.54821,0.54478,0.007758,0.00343,0.004382,0.001928,0.00193,0.000454,-0.001346,0.348953,0.348329,0.540469,0.538921,0.000624,0.001548
Group - Double_compressed.mp4,single_athlete_training,67,data\processed\clips\Group - Double_compressed\event_067_kick_candidate_right_ankle_t57p26.mp4,0.4004,0.9204,right_ankle,kick_candidate,0.59646,0,0.0,kick,double_kick,double_kicks,0.150967,0.090364,0.090454,0.016839,0.012557,0.364039,0.332869,0.660273,0.617838,0.031169,0.042435,0.160513,0.045271,0.045317,0.013001,0.023103,0.349795,0.327528,0.577833,0.550786,0.022267,0.027047,0.081944,0.048554,0.048602,0.011641,0.012122,0.3653,0.341735,0.611432,0.591724,0.023565,0.019708,0.07579,0.03478,0.034815,0.004906,0.024308,0.341226,0.334111,0.581502,0.555133,0.007114,0.02637,0.625953,0.24339,0.243633,0.003156,-0.016411,0.359462,0.342123,0.868659,0.744549,0.017338,0.124111,1.228816,0.490441,0.490932,0.014649,-0.022949,0.457654,0.327132,0.881539,0.67301,0.130522,0.208529,0.613515,0.209408,0.209617,0.000181,-0.037018,0.363315,0.353431,0.795439,0.673011,0.009884,0.122427,0.876582,0.31125,0.311561,0.009264,-0.041027,0.401412,0.345437,0.79669,0.630364,0.055975,0.166326,0.211236,0.066539,0.066606,0.000668,-0.018819,0.353124,0.346887,0.693599,0.651652,0.006237,0.041947,0.239914,0.078245,0.078324,-0.000286,-0.018266,0.346146,0.344091,0.691847,0.643819,0.002055,0.048028,0.05005,0.02209,0.022112,0.003871,0.005117,0.368293,0.356823,0.550778,0.545661,0.01147,0.005117,0.020424,0.013824,0.013838,-0.003657,-0.001431,0.351113,0.347456,0.541444,0.537554,0.003657,0.00389
Group - Double_compressed.mp4,single_athlete_training,69,data\processed\clips\Group - Double_compressed\event_069_kick_candidate_right_ankle_t86p69.mp4,0.4004,0.6768,right_ankle,kick_candidate,0.51948,2,0.4,kick,double_kick,double_kicks,1.280595,0.299434,0.299733,-0.048587,-0.209271,0.46984,0.421253,0.742942,0.490489,0.048587,0.252452,0.671441,0.200491,0.200692,0.011912,-0.068802,0.431146,0.419234,0.662335,0.527936,0.011912,0.134399,0.715912,0.185494,0.18568,-0.080483,-0.116869,0.513048,0.432565,0.684903,0.548199,0.080483,0.136704,0.305743,0.106367,0.106474,0.002579,-0.016027,0.448585,0.445878,0.623039,0.561829,0.002707,0.06121,0.043791,0.015207,0.015222,-0.009019,-0.006849,0.472669,0.46365,0.914176,0.907327,0.009019,0.006849,0.937102,0.321874,0.322196,-0.00649,0.06385,0.463073,0.384783,0.832987,0.659662,0.07829,0.173325,0.044255,0.016105,0.016121,-0.015985,6.2e-05,0.463376,0.447391,0.808635,0.807569,0.015985,0.001066,0.404957,0.129017,0.129146,0.013528,0.030339,0.447228,0.420873,0.721255,0.644586,0.026354,0.076669,0.132157,0.041499,0.041541,-0.026112,-0.024329,0.494921,0.468809,0.716915,0.692586,0.026112,0.024329,0.058701,0.020388,0.020408,-0.005937,-0.014325,0.475567,0.465813,0.697787,0.683463,0.009754,0.014325,0.281585,0.085488,0.085574,-0.036243,-0.043253,0.502074,0.465832,0.598014,0.54249,0.036243,0.055524,0.163088,0.042371,0.042413,-0.001718,-0.024588,0.469196,0.463319,0.57135,0.538966,0.005877,0.032384
Group - Double_compressed.mp4,single_athlete_training,70,data\processed\clips\Group - Double_compressed\event_070_kick_candidate_right_ankle_t92p09.mp4,0.6006,0.9662,right_ankle,kick_candidate,0.834033,0,0.0,kick,roundhouse_kick,round_kicks,0.446106,0.210988,0.253439,-0.020637,-0.123077,0.47948,0.428369,0.675796,0.551296,0.051111,0.1245,0.398642,0.173568,0.208489,0.014051,-0.036683,0.460048,0.43565,0.662756,0.548166,0.024398,0.11459,0.275824,0.140113,0.168304,-0.023432,-0.053456,0.507608,0.456493,0.634544,0.57865,0.051115,0.055894,0.218115,0.107365,0.128966,-0.027423,-0.030464,0.478841,0.451419,0.622834,0.555374,0.027423,0.067459,0.104618,0.03477,0.041766,-0.000729,-0.023638,0.484615,0.470015,0.922559,0.898921,0.014599,0.023638,0.785347,0.487618,0.585727,-0.063789,-0.017439,0.523694,0.377309,0.896254,0.644857,0.146385,0.251398,0.113468,0.044858,0.053883,-0.004739,-0.017451,0.478188,0.452202,0.822876,0.805424,0.025985,0.017451,0.774129,0.320299,0.384744,-0.064832,-0.02461,0.501484,0.430078,0.810374,0.636632,0.071406,0.173742,0.128319,0.045326,0.054445,-0.016975,-0.029411,0.500019,0.475652,0.735314,0.705903,0.024367,0.029411,0.228884,0.078562,0.094369,-0.036079,-0.028263,0.502634,0.46351,0.728838,0.684194,0.039124,0.044644,0.154092,0.058925,0.070781,-0.008646,-0.029208,0.514178,0.489718,0.596109,0.554944,0.02446,0.041165,0.124257,0.03851,0.046259,-0.022664,-0.010626,0.503847,0.478476,0.569196,0.549513,0.025371,0.019683
Group - Double_compressed.mp4,single_athlete_training,72,data\processed\clips\Group - Double_compressed\event_072_kick_candidate_right_ankle_t103p70.mp4,0.2002,0.7892,right_ankle,kick_candidate,0.73165,0,0.0,kick,double_kick,double_kicks,0.371022,0.106193,0.085039,-0.07563,-0.019707,0.578095,0.502465,0.620313,0.600606,0.07563,0.019707,0.4047,0.19413,0.155459,-0.110589,-0.042362,0.604903,0.493123,0.645147,0.602785,0.111781,0.042362,0.207931,0.100572,0.080538,-0.04674,0.016452,0.58943,0.54269,0.615828,0.590236,0.04674,0.025592,0.302943,0.132512,0.106116,-0.103904,-0.001593,0.622768,0.518863,0.61187,0.603087,0.103904,0.008783,0.518814,0.203395,0.162879,-0.141349,-0.037817,0.625864,0.484515,0.957905,0.919649,0.141349,0.038256,0.742326,0.321278,0.25728,-0.06871,-0.027591,0.654432,0.58417,0.937201,0.801521,0.070262,0.13568,0.292027,0.15433,0.123588,-0.118927,-0.030294,0.609896,0.49097,0.830314,0.80002,0.118927,0.030294,0.551059,0.265495,0.212608,-0.071095,-0.0125,0.619829,0.548734,0.820068,0.713902,0.071095,0.106166,0.15462,0.086289,0.0691,-0.066842,0.010475,0.607074,0.540232,0.71505,0.704575,0.066842,0.010475,0.173727,0.110005,0.088092,-0.082198,0.008311,0.626616,0.544418,0.707405,0.688815,0.082198,0.018589,0.227956,0.100212,0.08025,-0.050876,0.037998,0.592051,0.541175,0.555866,0.514142,0.050876,0.041724,0.249547,0.13183,0.105569,-0.089808,0.049273,0.622832,0.533025,0.562065,0.512792,0.089808,0.049273
Group - Double_compressed.mp4,single_athlete_training,75,data\processed\clips\Group - Double_compressed\event_075_kick_candidate_right_ankle_t110p51.mp4,0.4004,0.9526,right_ankle,kick_candidate,0.7818,0,0.0,kick,double_kick,double_kicks,0.841653,0.376732,0.377109,-0.075809,-0.074892,0.46302,0.317188,0.725863,0.558265,0.145831,0.167599,0.786895,0.39796,0.398358,-0.190274,-0.00704,0.553669,0.354675,0.731112,0.565618,0.198995,0.165494,0.567603,0.35021,0.35056,-0.067763,-0.001949,0.46885,0.345413,0.694052,0.562639,0.123438,0.131413,0.705879,0.332625,0.332958,-0.210369,0.002126,0.555537,0.345168,0.694394,0.570189,0.210369,0.124205,0.522656,0.232804,0.233037,-0.073798,-0.055746,0.47756,0.398493,1.009862,0.882642,0.079066,0.127221,0.918209,0.415629,0.416044,-0.154229,-0.071663,0.556412,0.402183,0.974533,0.791812,0.154229,0.182721,0.515041,0.251819,0.252071,-0.069277,-0.048806,0.481605,0.377881,0.884554,0.780656,0.103724,0.103899,0.55844,0.274558,0.274833,-0.135848,-0.063372,0.537301,0.385052,0.844521,0.7522,0.152249,0.092321,0.341056,0.192267,0.192459,-0.080154,-0.012436,0.494532,0.395969,0.746149,0.680505,0.098563,0.065643,0.487665,0.224204,0.224428,-0.141771,-0.004275,0.529571,0.3878,0.756927,0.673661,0.141771,0.083266,0.345063,0.235628,0.235864,-0.074327,0.007653,0.478994,0.370644,0.605487,0.5365,0.10835,0.068987,0.50942,0.232446,0.232679,-0.178974,0.009975,0.533607,0.354634,0.609805,0.537721,0.178974,0.072084
Group - Double_compressed.mp4,single_athlete_training,76,data\processed\clips\Group - Double_compressed\event_076_kick_candidate_right_ankle_t114p32.mp4,0.4004,0.9009,right_ankle,kick_candidate,0.80212,0,0.0,kick,double_kick,double_kicks,0.473391,0.187009,0.187196,0.051246,0.034379,0.537985,0.481711,0.648069,0.55465,0.056274,0.093419,0.340473,0.187566,0.187754,0.067053,0.08283,0.536102,0.469049,0.637552,0.531363,0.067053,0.106189,0.357488,0.152714,0.152867,0.058742,0.043068,0.558403,0.499661,0.641472,0.556537,0.058742,0.084935,0.263244,0.161061,0.161222,0.069275,0.057889,0.54165,0.472374,0.625979,0.531223,0.069275,0.094757,1.284899,0.497947,0.498445,0.104668,0.114307,0.556131,0.392464,0.913519,0.651561,0.163668,0.261958,0.650522,0.367061,0.367428,0.105537,0.091363,0.553065,0.447528,0.890201,0.761933,0.105537,0.128268,0.535827,0.212097,0.212309,0.106359,0.11268,0.542291,0.435932,0.800794,0.667837,0.106359,0.132957,0.449073,0.243717,0.243961,0.10181,0.103063,0.541584,0.439774,0.779922,0.655697,0.10181,0.124225,0.287985,0.1244,0.124524,0.046146,0.024672,0.544629,0.49426,0.706621,0.644527,0.050369,0.062094,0.256091,0.130867,0.130997,0.052144,0.033943,0.535864,0.482535,0.703086,0.631416,0.053329,0.071669,0.155167,0.095783,0.095878,0.045043,0.018119,0.557671,0.511399,0.563999,0.517688,0.046272,0.04631,0.244555,0.125057,0.125182,0.054453,0.037727,0.544009,0.489556,0.569075,0.500042,0.054453,0.069033
Group - Double_compressed.mp4,single_athlete_training,79,data\processed\clips\Group - Double_compressed\event_079_kick_candidate_right_ankle_t127p53.mp4,0.4004,0.9709,right_ankle,kick_candidate,0.85246,0,0.0,kick,double_kick,double_kicks,0.390687,0.235031,0.235266,0.106169,0.095739,0.578789,0.47262,0.618269,0.51663,0.106169,0.101639,0.563685,0.210469,0.210679,0.075418,0.108602,0.528091,0.452673,0.666852,0.51773,0.075418,0.149122,0.225731,0.15735,0.157507,0.081378,0.079529,0.576498,0.495119,0.619564,0.531293,0.081378,0.088271,0.312167,0.1289,0.129029,0.065254,0.085627,0.530349,0.465095,0.631247,0.541357,0.065254,0.08989,0.438809,0.269663,0.269933,0.105588,0.089606,0.559956,0.452768,0.861347,0.769154,0.107188,0.092193,1.211444,0.509591,0.510101,0.097972,0.090649,0.557516,0.382724,0.870174,0.620524,0.174792,0.24965,0.431134,0.233775,0.234009,0.1067,0.087945,0.54826,0.44156,0.774569,0.674369,0.1067,0.1002,0.594703,0.23468,0.234915,0.09015,0.09279,0.53316,0.432552,0.786673,0.644891,0.100608,0.141782,0.190572,0.1123,0.112412,0.056318,0.03783,0.54947,0.489508,0.692912,0.63373,0.059962,0.059182,0.183747,0.111872,0.111984,0.057792,0.046807,0.537438,0.477605,0.694353,0.628432,0.059833,0.065921,0.135024,0.077975,0.078053,0.042411,0.023862,0.560553,0.515046,0.56266,0.526823,0.045507,0.035837,0.216128,0.094684,0.094779,0.048825,0.048039,0.538833,0.490007,0.577829,0.524737,0.048825,0.053092
Group - Double_compressed.mp4,single_athlete_training,80,data\processed\clips\Group - Double_compressed\event_080_kick_candidate_right_ankle_t132p33.mp4,0.4004,0.9639,right_ankle,kick_candidate,0.82124,0,0.0,kick,frontdouble_kick,double_kicks,0.438147,0.259883,0.260143,0.022148,0.085231,0.483324,0.43317,0.671834,0.518597,0.050154,0.153237,0.677156,0.287008,0.287295,0.014924,0.073798,0.531823,0.506041,0.705994,0.52913,0.025782,0.176865,0.350041,0.168962,0.169131,0.014378,0.044137,0.473572,0.448868,0.645702,0.541758,0.024704,0.103944,0.461243,0.169994,0.170164,0.037092,0.071968,0.547391,0.508327,0.665155,0.558132,0.039063,0.107023,1.019546,0.690332,0.691022,0.037441,0.032866,0.503627,0.350759,0.975367,0.64667,0.152868,0.328697,1.222172,0.500809,0.50131,0.003526,0.002087,0.482959,0.464092,0.926959,0.676851,0.018867,0.250108,0.687733,0.374466,0.374841,0.03158,0.017341,0.482076,0.411998,0.837992,0.653746,0.070078,0.184246,0.86715,0.369288,0.369657,0.030891,0.018255,0.487559,0.456667,0.814231,0.622453,0.030891,0.191778,0.340338,0.150604,0.150755,0.005042,0.012198,0.488703,0.471432,0.716398,0.636688,0.017271,0.07971,0.346847,0.161629,0.161791,0.022115,0.018951,0.515709,0.493594,0.723317,0.634977,0.022115,0.08834,0.357348,0.162042,0.162204,0.008344,0.0179,0.486518,0.473208,0.579435,0.490167,0.013309,0.089269,0.270354,0.151203,0.151354,0.042672,0.037853,0.542599,0.499927,0.596132,0.509622,0.042672,0.08651
Group - Double_compressed.mp4,single_athlete_training,83,data\processed\clips\Group - Double_compressed\event_083_kick_candidate_right_ankle_t162p36.mp4,0.2002,0.9049,right_ankle,kick_candidate,0.74515,0,0.0,kick,double_kick,double_kicks,0.497248,0.354773,0.284102,-0.003235,0.097434,0.573902,0.498916,0.63152,0.473325,0.074985,0.158195,0.421478,0.159492,0.127721,0.020805,0.096902,0.517677,0.496872,0.655263,0.544848,0.020805,0.110415,0.519717,0.290039,0.232264,-0.012271,0.013765,0.566501,0.522051,0.590238,0.477055,0.04445,0.113184,0.390741,0.18052,0.14456,0.0329,0.02274,0.535973,0.503073,0.595999,0.514372,0.0329,0.081627,1.363668,0.671097,0.537415,0.001238,0.271846,0.473817,0.373368,0.876852,0.604857,0.100448,0.271995,0.778438,0.381961,0.305874,0.012812,0.026296,0.512048,0.437322,0.890299,0.740912,0.074726,0.149387,0.646802,0.233889,0.187299,0.010736,0.100258,0.482652,0.444084,0.750565,0.61424,0.038568,0.136325,0.740607,0.381318,0.30536,0.015283,0.001849,0.515952,0.450949,0.771746,0.630212,0.065003,0.141534,0.368005,0.190646,0.152669,-0.008073,0.006466,0.52126,0.506919,0.65925,0.580518,0.014341,0.078732,0.337118,0.172441,0.138091,0.020979,0.016849,0.526927,0.505948,0.660762,0.584708,0.020979,0.076054,0.459945,0.1762,0.141101,-0.018461,-0.04709,0.556989,0.538528,0.538286,0.446426,0.018461,0.09186,0.361769,0.163919,0.131266,0.025107,-0.01656,0.549706,0.524599,0.529205,0.457198,0.025107,0.072007
Group - Double_compressed.mp4,single_athlete_training,84,data\processed\clips\Group - Double_compressed\event_084_kick_candidate_right_ankle_t164p97.mp4,0.4004,0.9743,right_ankle,kick_candidate,0.87098,0,0.0,kick,frontdouble_kick,double_kicks,0.61559,0.296167,0.296463,-0.046274,0.12973,0.612733,0.503258,0.632255,0.47814,0.109475,0.154114,0.767108,0.243566,0.243809,0.069948,0.172604,0.575979,0.501015,0.656749,0.469083,0.074965,0.187666,0.336765,0.168805,0.168974,0.004522,0.082184,0.589583,0.533113,0.579167,0.495776,0.05647,0.083391,0.472717,0.179599,0.179778,0.075022,0.115608,0.585778,0.500646,0.603086,0.48108,0.085132,0.122006,1.008598,0.479372,0.479851,0.199417,0.231115,0.614563,0.415146,0.887557,0.656442,0.199417,0.231115,1.724032,0.693914,0.694608,0.06788,0.103893,0.568204,0.392615,0.880489,0.532832,0.175589,0.347657,0.634269,0.340613,0.340953,0.119184,0.17824,0.594284,0.464933,0.778415,0.589323,0.129351,0.189092,0.978384,0.322752,0.323075,0.081034,0.111647,0.558473,0.442411,0.773212,0.579067,0.116062,0.194145,0.259991,0.138742,0.138881,0.050857,0.086095,0.582326,0.518347,0.655631,0.568924,0.063978,0.086706,0.312234,0.149059,0.149208,0.057921,0.099799,0.570832,0.500751,0.672502,0.5714,0.070081,0.101102,0.159951,0.082532,0.082615,0.019516,0.03526,0.586,0.55047,0.504897,0.460118,0.03553,0.044779,0.242139,0.107925,0.108033,0.046468,0.058751,0.578994,0.524272,0.524491,0.458074,0.054722,0.066417
Group - Double_compressed.mp4,single_athlete_training,86,data\processed\clips\Group - Double_compressed\event_086_kick_candidate_right_ankle_t174p18.mp4,0.6006,0.972,right_ankle,kick_candidate,0.858367,0,0.0,kick,frontdouble_kick,double_kicks,0.664381,0.252896,0.303779,-0.020084,0.191327,0.594648,0.513559,0.672641,0.46192,0.081089,0.210721,0.704913,0.225776,0.271202,0.060733,0.202623,0.542494,0.481761,0.641446,0.438823,0.060733,0.202623,0.50076,0.129756,0.155863,-0.001501,0.112929,0.581978,0.558253,0.616588,0.494822,0.023724,0.121766,0.383323,0.15103,0.181417,0.078118,0.13724,0.561245,0.483127,0.605497,0.468257,0.078118,0.13724,0.62651,0.237025,0.284715,0.131875,0.227919,0.521986,0.390111,0.882491,0.654572,0.131875,0.227919,1.481807,0.586169,0.704106,0.076412,0.053286,0.583438,0.400906,0.865642,0.535329,0.182532,0.330313,0.511893,0.180683,0.217037,0.077636,0.182919,0.535799,0.458163,0.778223,0.595304,0.077636,0.182919,0.789034,0.384238,0.461546,0.087971,0.077264,0.57286,0.444839,0.773786,0.541771,0.128022,0.232015,0.238871,0.08954,0.107556,0.028793,0.095447,0.549776,0.520983,0.68485,0.589402,0.028793,0.095447,0.196482,0.118932,0.142861,0.047625,0.102583,0.556098,0.498807,0.684688,0.576024,0.057291,0.108664,0.229449,0.06614,0.079447,0.00852,0.056895,0.560333,0.551813,0.53478,0.470608,0.00852,0.064172,0.167178,0.090086,0.108212,0.045934,0.075394,0.56291,0.516976,0.538379,0.462985,0.045934,0.075394
Group - Double_compressed.mp4,single_athlete_training,87,data\processed\clips\Group - Double_compressed\event_087_kick_candidate_right_ankle_t177p78.mp4,0.4004,0.9789,right_ankle,kick_candidate,0.9252,0,0.0,kick,frontdouble_kick,double_kicks,0.805107,0.257954,0.258212,-0.084807,-0.114021,0.565644,0.476387,0.669467,0.504405,0.089257,0.165061,0.538518,0.269527,0.269797,0.000217,0.012786,0.491948,0.457871,0.628474,0.502956,0.034076,0.125518,0.445875,0.18413,0.184314,-0.060127,-0.067897,0.557788,0.489374,0.621067,0.517213,0.068414,0.103854,0.282271,0.143111,0.143254,0.002903,0.017121,0.485736,0.4693,0.596353,0.522723,0.016436,0.07363,0.981027,0.467333,0.467801,-0.019877,0.006648,0.498473,0.387684,0.830192,0.625463,0.110789,0.204729,0.798363,0.423294,0.423718,0.038067,0.090533,0.481972,0.391499,0.835528,0.593999,0.090473,0.241529,0.799077,0.349158,0.349507,-0.038697,-0.020435,0.515994,0.4362,0.751314,0.580814,0.079794,0.170501,0.54843,0.253991,0.254245,0.020009,0.072858,0.467224,0.440017,0.749663,0.587544,0.027208,0.16212,0.222554,0.108947,0.109056,-0.025143,-0.041034,0.512483,0.485172,0.670841,0.599752,0.027312,0.071089,0.289495,0.129827,0.129957,-0.002326,-0.004818,0.490565,0.48102,0.657864,0.591888,0.009545,0.065976,0.283026,0.136806,0.136943,-0.038247,-0.043761,0.545411,0.507165,0.575587,0.497904,0.038247,0.077683,0.233654,0.105054,0.10516,-0.002508,-0.00495,0.505277,0.492221,0.549418,0.501262,0.013057,0.048156
Group - Double_compressed.mp4,single_athlete_training,88,data\processed\clips\Group - Double_compressed\event_088_kick_candidate_right_ankle_t180p58.mp4,0.4004,0.973,right_ankle,kick_candidate,0.86694,0,0.0,kick,frontdouble_kick,double_kicks,0.50561,0.140919,0.14106,-0.047475,0.091902,0.539468,0.487477,0.61735,0.507854,0.051991,0.109496,0.391148,0.175697,0.175873,0.006334,0.151514,0.481922,0.452065,0.641805,0.488318,0.029857,0.153487,0.361121,0.102102,0.102205,-0.022376,0.065592,0.544185,0.519212,0.60358,0.522459,0.024974,0.081121,0.197364,0.098713,0.098812,-0.010495,0.086007,0.483634,0.464729,0.592664,0.506657,0.018905,0.086007,0.621197,0.224031,0.224255,0.048346,0.188133,0.528797,0.480452,0.853216,0.66376,0.048346,0.189456,1.161129,0.539207,0.539747,-0.004711,0.073766,0.486839,0.403082,0.837123,0.544365,0.083757,0.292757,0.66412,0.217525,0.217743,-0.000125,0.194845,0.517511,0.498038,0.759065,0.56182,0.019473,0.197244,0.520335,0.237842,0.23808,0.010229,0.101712,0.47717,0.443969,0.749945,0.584173,0.033201,0.165772,0.162271,0.078616,0.078695,-0.015343,0.069992,0.52392,0.505281,0.660376,0.588462,0.018638,0.071914,0.147651,0.073126,0.073199,-0.018121,0.058701,0.500753,0.479525,0.657785,0.599084,0.021228,0.058701,0.096314,0.045487,0.045533,-0.018175,0.034792,0.538849,0.520674,0.528547,0.493703,0.018175,0.034844,0.086891,0.045093,0.045138,-0.030624,0.027424,0.502656,0.472033,0.524488,0.496569,0.030624,0.027919
Group - Double_compressed.mp4,single_athlete_training,89,data\processed\clips\Group - Double_compressed\event_089_kick_candidate_right_ankle_t183p38.mp4,0.6006,0.9823,right_ankle,kick_candidate,0.910267,0,0.0,kick,frontdouble_kick,double_kicks,0.722133,0.278294,0.334287,-0.086963,-0.064825,0.613653,0.514194,0.65381,0.505558,0.099459,0.148252,0.244711,0.089241,0.107196,0.052888,0.082748,0.547311,0.494423,0.650858,0.56811,0.052888,0.082748,0.356236,0.169297,0.20336,-0.068849,-0.022669,0.609632,0.540012,0.596575,0.512489,0.06962,0.084086,0.280972,0.09304,0.11176,0.052002,0.026039,0.555486,0.502705,0.602251,0.542699,0.052781,0.059552,1.007644,0.42281,0.507879,0.007735,-0.01754,0.534555,0.424291,0.867539,0.659808,0.110264,0.207732,1.030333,0.408766,0.49101,0.043551,0.059376,0.548266,0.411835,0.854514,0.612797,0.13643,0.241717,0.828581,0.275036,0.330373,-0.013602,-0.036679,0.529593,0.466684,0.77864,0.607866,0.062909,0.170774,0.761769,0.246447,0.296033,0.05859,0.028141,0.54178,0.467854,0.748727,0.598073,0.073926,0.150654,0.274292,0.128369,0.154197,-0.018172,-0.038013,0.553143,0.524369,0.681455,0.590411,0.028774,0.091044,0.252091,0.132957,0.159708,0.011524,-0.017716,0.537727,0.518553,0.670126,0.587812,0.019174,0.082314,0.271647,0.113594,0.136449,-0.039921,-0.039455,0.590277,0.549123,0.551704,0.468928,0.041155,0.082776,0.268997,0.107314,0.128905,0.024288,-0.011,0.559321,0.535034,0.541279,0.474688,0.024288,0.066592
Group - Double_compressed.mp4,single_athlete_training,90,data\processed\clips\Group - Double_compressed\event_090_kick_candidate_right_ankle_t186p39.mp4,0.4004,0.8407,right_ankle,kick_candidate,0.86614,0,0.0,kick,frontdouble_kick,double_kicks,0.18246,0.08706,0.087147,-0.005484,0.065266,0.501352,0.480539,0.604392,0.538815,0.020813,0.065578,0.31963,0.130703,0.130834,0.010869,0.101953,0.474562,0.452924,0.642829,0.537319,0.021638,0.10551,0.154978,0.065666,0.065731,0.010382,0.054698,0.524114,0.50439,0.60488,0.550182,0.019724,0.054698,0.27716,0.093601,0.093695,0.008553,0.074749,0.475273,0.461301,0.599423,0.524673,0.013972,0.074749,0.501782,0.183387,0.18357,0.07614,0.112591,0.537983,0.461842,0.82888,0.713457,0.07614,0.115423,0.719281,0.277537,0.277814,0.016219,0.11715,0.485825,0.410219,0.821151,0.643595,0.075606,0.177555,0.28252,0.101653,0.101755,0.042672,0.062815,0.522148,0.479476,0.747047,0.681977,0.042672,0.065071,0.468788,0.152122,0.152274,0.016874,0.131935,0.475799,0.434522,0.745004,0.61307,0.041276,0.131935,0.235464,0.073244,0.073317,0.0114,0.059934,0.506388,0.492864,0.660664,0.60073,0.013525,0.059934,0.132559,0.074514,0.074588,0.007717,0.068256,0.486218,0.470938,0.66135,0.593094,0.01528,0.068256,0.122372,0.038984,0.039023,0.001786,0.029328,0.520141,0.516391,0.542087,0.512759,0.00375,0.029328,0.190168,0.065978,0.066044,0.00145,0.051608,0.48293,0.473804,0.543796,0.492188,0.009126,0.051608
Group - Double_compressed.mp4,single_athlete_training,94,data\processed\clips\Group - Double_compressed\event_094_punch_candidate_right_wrist_t16p82.mp4,0.2002,0.7259,right_wrist,punch_candidate,0.7257,0,0.0,kick,frontdouble_kick,double_kicks,0.424527,0.220608,0.176663,0.110216,-0.003011,0.554024,0.443808,0.719792,0.681273,0.110216,0.038519,1.031737,0.338441,0.271024,0.00601,0.142857,0.516319,0.508161,0.722919,0.516366,0.008159,0.206553,0.369473,0.163267,0.130744,0.089671,0.020163,0.552005,0.462333,0.679747,0.646264,0.089671,0.033483,0.664477,0.214569,0.171827,-0.00282,0.115905,0.52562,0.504877,0.677974,0.545329,0.020743,0.132644,0.523601,0.205555,0.164609,0.14367,0.069557,0.590898,0.447228,0.976012,0.906455,0.14367,0.069557,0.512045,0.259277,0.207629,-0.031343,0.117689,0.569493,0.473249,0.976058,0.85837,0.096244,0.117689,0.471227,0.150849,0.1208,0.105572,0.053964,0.55802,0.452448,0.8578,0.803837,0.105572,0.053964,0.388824,0.175512,0.14055,0.05301,0.074212,0.551029,0.467049,0.859952,0.78574,0.08398,0.074212,0.147361,0.098676,0.07902,0.058108,-0.002753,0.524571,0.466463,0.748081,0.727412,0.058108,0.020669,0.228612,0.118231,0.094679,0.0266,0.008253,0.52891,0.480384,0.756165,0.728617,0.048526,0.027548,0.199939,0.140584,0.11258,0.047343,-0.006217,0.531219,0.483876,0.636379,0.594909,0.047343,0.04147,0.261368,0.125362,0.10039,-0.002872,0.035115,0.53834,0.505028,0.635775,0.587049,0.033312,0.048726
Group - Double_compressed.mp4,single_athlete_training,95,data\processed\clips\Group - Double_compressed\event_095_punch_candidate_right_wrist_t33p43.mp4,0.2002,0.6716,right_wrist,punch_candidate,0.736325,0,0.0,kick,frontdouble_kick,double_kicks,0.382573,0.205846,0.164841,-0.02367,0.049825,0.483879,0.460209,0.671597,0.565994,0.02367,0.105603,0.587458,0.303162,0.242772,-0.043977,0.028509,0.527213,0.455,0.672554,0.551217,0.072213,0.121338,0.25002,0.116643,0.093408,-0.022091,0.029498,0.515576,0.478285,0.603171,0.550967,0.037291,0.052204,0.527114,0.266601,0.213494,-0.044641,0.019377,0.545333,0.481022,0.611976,0.508932,0.064311,0.103045,0.665309,0.246617,0.197491,0.033103,0.188803,0.470759,0.429045,0.905355,0.716552,0.041714,0.188803,1.207036,0.626725,0.501882,-0.008713,-0.015864,0.489913,0.364226,0.866494,0.63918,0.125687,0.227313,0.687759,0.244988,0.196186,-0.001254,0.094868,0.458783,0.428706,0.790196,0.653752,0.030077,0.136444,0.758157,0.358982,0.287473,-0.026979,-0.009811,0.499305,0.417833,0.762141,0.630722,0.081472,0.131418,0.298133,0.109265,0.087499,-0.022912,0.029243,0.496869,0.473574,0.677041,0.620666,0.023295,0.056375,0.345297,0.160715,0.1287,-0.033587,-0.007624,0.516581,0.468665,0.663266,0.603607,0.047916,0.05966,0.327381,0.12986,0.103991,-0.012597,0.037547,0.539574,0.504337,0.55527,0.495516,0.035238,0.059754,0.403506,0.198217,0.158733,-0.037477,0.020881,0.550466,0.50496,0.552915,0.472222,0.045506,0.080693
Group - Double_compressed.mp4,single_athlete_training,98,data\processed\clips\Group - Double_compressed\event_098_punch_candidate_right_wrist_t66p47.mp4,0.2002,0.5039,right_wrist,punch_candidate,0.5543,1,0.25,kick,double_kick,double_kicks,0.895421,0.27167,0.217554,-0.076224,-0.128013,0.508508,0.432284,0.736648,0.571085,0.076224,0.165563,0.58594,0.231036,0.185013,-0.083036,-0.124012,0.520158,0.418689,0.700179,0.576167,0.101469,0.124012,0.477205,0.1527,0.122282,-0.074514,-0.042875,0.514515,0.440001,0.657023,0.588582,0.074514,0.068441,0.49713,0.160778,0.128751,-0.102429,-0.048887,0.558388,0.455959,0.647976,0.599089,0.102429,0.048887,0.331152,0.094423,0.075614,-0.066224,-0.034878,0.524509,0.458284,0.938903,0.904026,0.066224,0.034878,0.63531,0.182044,0.145781,-0.131651,-0.061551,0.592287,0.460636,0.95237,0.890819,0.131651,0.061551,0.286544,0.116563,0.093344,-0.063732,-0.030916,0.516487,0.452754,0.833768,0.798389,0.063732,0.035378,0.492545,0.15217,0.121858,-0.096387,-0.060529,0.553759,0.457372,0.844845,0.784316,0.096387,0.060529,0.240168,0.110585,0.088556,-0.062223,-0.033399,0.54012,0.477897,0.745549,0.703191,0.062223,0.042358,0.353101,0.143661,0.115044,-0.087491,-0.032792,0.562068,0.474577,0.745917,0.70506,0.087491,0.040856,0.166475,0.070255,0.05626,-0.050196,0.003722,0.528742,0.478546,0.572258,0.557705,0.050196,0.014552,0.273393,0.073557,0.058905,-0.058301,0.003882,0.539196,0.480895,0.58012,0.57462,0.058301,0.0055
Group - Double_compressed.mp4,single_athlete_training,103,data\processed\clips\Group - Double_compressed\event_103_punch_candidate_right_wrist_t83p48.mp4,0.2002,0.7096,right_wrist,punch_candidate,0.903725,0,0.0,kick,roundhouse_kick,round_kicks,0.33104,0.203598,0.163041,-0.10345,-0.074195,0.536667,0.420278,0.682412,0.608216,0.116389,0.074195,0.958021,0.358686,0.287236,0.009351,0.160784,0.56208,0.506598,0.736973,0.533811,0.055482,0.203162,0.423506,0.132317,0.10596,-0.093202,-0.04696,0.538459,0.445257,0.629579,0.582619,0.093202,0.04696,0.520128,0.196788,0.157588,0.062033,0.089852,0.549771,0.475634,0.674298,0.563577,0.074138,0.110721,1.018774,0.395335,0.316584,-0.146529,-0.268848,0.48989,0.34336,0.910152,0.641304,0.146529,0.268848,0.119094,0.062469,0.050025,0.004295,-0.004992,0.476557,0.453308,0.911963,0.898791,0.023249,0.013171,0.452963,0.241611,0.193482,-0.087451,-0.153313,0.483645,0.396194,0.81021,0.653287,0.087451,0.156923,0.139309,0.077073,0.06172,0.008585,-0.006193,0.473535,0.440477,0.809328,0.795953,0.033058,0.013375,0.145932,0.076178,0.061003,-0.038436,-0.031368,0.498309,0.459873,0.709992,0.676314,0.038436,0.033678,0.065155,0.032065,0.025677,0.013062,0.009788,0.491337,0.473988,0.71244,0.701599,0.017349,0.010841,0.148887,0.066701,0.053414,-0.045396,-0.009369,0.525415,0.480019,0.565466,0.555531,0.045396,0.009935,0.235799,0.119634,0.095803,0.045558,0.053878,0.524985,0.479427,0.609639,0.542419,0.045558,0.06722
Group - Double_compressed.mp4,single_athlete_training,109,data\processed\clips\Group - Double_compressed\event_109_punch_candidate_right_wrist_t104p71.mp4,0.4004,0.7705,right_wrist,punch_candidate,0.75088,0,0.0,kick,double_kick,double_kicks,0.42777,0.269028,0.269297,-0.04172,0.0522,0.519291,0.434164,0.666655,0.581405,0.085127,0.08525,0.691435,0.36694,0.367307,-0.023739,0.095992,0.537729,0.488083,0.683734,0.458526,0.049646,0.225208,0.31106,0.158371,0.158529,-0.008352,0.085706,0.494837,0.452161,0.639887,0.547292,0.042676,0.092595,0.462608,0.281847,0.282129,-0.002303,0.12038,0.522166,0.479917,0.66998,0.476631,0.042249,0.193349,1.136336,0.559243,0.559802,-0.002068,0.099526,0.458608,0.373783,0.94984,0.638693,0.084825,0.311147,0.278942,0.156788,0.156945,0.040057,0.138236,0.499321,0.453689,0.94404,0.805804,0.045633,0.138236,0.568872,0.332606,0.332939,0.017213,0.092197,0.468378,0.397731,0.833794,0.634494,0.070647,0.1993,0.257753,0.117961,0.118079,0.012571,0.107785,0.489206,0.459203,0.830224,0.722439,0.030003,0.107785,0.308106,0.114633,0.114747,0.016479,0.089632,0.494837,0.461303,0.728565,0.636338,0.033534,0.092227,0.26778,0.112198,0.11231,0.022604,0.106167,0.51315,0.483801,0.739948,0.63378,0.02935,0.106167,0.298861,0.123954,0.124078,0.016587,0.116257,0.495914,0.470582,0.604755,0.488498,0.025332,0.116257,0.262585,0.146784,0.146931,0.016754,0.130794,0.521449,0.491387,0.618409,0.487614,0.030062,0.130794
Group - Double_compressed.mp4,single_athlete_training,110,data\processed\clips\Group - Double_compressed\event_110_punch_candidate_right_wrist_t110p51.mp4,0.4004,0.8868,right_wrist,punch_candidate,0.7818,0,0.0,kick,double_kick,double_kicks,0.841653,0.376732,0.377109,-0.075809,-0.074892,0.46302,0.317188,0.725863,0.558265,0.145831,0.167599,0.786895,0.39796,0.398358,-0.190274,-0.00704,0.553669,0.354675,0.731112,0.565618,0.198995,0.165494,0.567603,0.35021,0.35056,-0.067763,-0.001949,0.46885,0.345413,0.694052,0.562639,0.123438,0.131413,0.705879,0.332625,0.332958,-0.210369,0.002126,0.555537,0.345168,0.694394,0.570189,0.210369,0.124205,0.522656,0.232804,0.233037,-0.073798,-0.055746,0.47756,0.398493,1.009862,0.882642,0.079066,0.127221,0.918209,0.415629,0.416044,-0.154229,-0.071663,0.556412,0.402183,0.974533,0.791812,0.154229,0.182721,0.515041,0.251819,0.252071,-0.069277,-0.048806,0.481605,0.377881,0.884554,0.780656,0.103724,0.103899,0.55844,0.274558,0.274833,-0.135848,-0.063372,0.537301,0.385052,0.844521,0.7522,0.152249,0.092321,0.341056,0.192267,0.192459,-0.080154,-0.012436,0.494532,0.395969,0.746149,0.680505,0.098563,0.065643,0.487665,0.224204,0.224428,-0.141771,-0.004275,0.529571,0.3878,0.756927,0.673661,0.141771,0.083266,0.345063,0.235628,0.235864,-0.074327,0.007653,0.478994,0.370644,0.605487,0.5365,0.10835,0.068987,0.50942,0.232446,0.232679,-0.178974,0.009975,0.533607,0.354634,0.609805,0.537721,0.178974,0.072084
Group - Double_compressed.mp4,single_athlete_training,116,data\processed\clips\Group - Double_compressed\event_116_punch_candidate_right_wrist_t165p17.mp4,0.2002,0.6672,right_wrist,punch_candidate,0.8706,0,0.0,kick,frontdouble_kick,double_kicks,0.61559,0.246623,0.197496,0.049642,0.154114,0.566459,0.503258,0.632255,0.47814,0.0632,0.154114,0.767108,0.269141,0.215528,0.07237,0.144427,0.575979,0.501015,0.656749,0.49726,0.074965,0.159489,0.336765,0.154821,0.123981,0.047001,0.067355,0.589583,0.533113,0.579167,0.510605,0.05647,0.068562,0.472717,0.172868,0.138432,0.079873,0.074548,0.585778,0.500646,0.603086,0.52214,0.085132,0.080946,0.917402,0.347065,0.27793,0.110954,0.049604,0.614563,0.433875,0.887557,0.802688,0.180688,0.084869,1.724032,0.556589,0.445716,0.175589,0.328272,0.568204,0.392615,0.880489,0.532832,0.175589,0.347657,0.634269,0.28113,0.225129,0.079747,0.069336,0.594284,0.464933,0.778415,0.683417,0.129351,0.094998,0.978384,0.308835,0.247315,0.116062,0.178823,0.558473,0.442411,0.773212,0.579067,0.116062,0.194145,0.231564,0.10843,0.086831,0.063978,0.035726,0.582326,0.518347,0.655631,0.619294,0.063978,0.036337,0.312234,0.149447,0.119677,0.070081,0.072888,0.570832,0.500751,0.672502,0.598311,0.070081,0.074191,0.129373,0.063178,0.050593,0.02665,0.004043,0.586,0.55047,0.504897,0.491335,0.03553,0.013561,0.242139,0.100213,0.080251,0.05212,0.03155,0.578994,0.524272,0.524491,0.485275,0.054722,0.039216
Group - Double_compressed.mp4,single_athlete_training,118,data\processed\clips\Group - Double_compressed\event_118_punch_candidate_right_wrist_t173p97.mp4,0.2002,0.8002,right_wrist,punch_candidate,0.84485,0,0.0,kick,frontdouble_kick,double_kicks,0.850641,0.437121,0.350046,0.019062,-0.024942,0.594648,0.494496,0.620256,0.46192,0.100152,0.158336,1.101341,0.490012,0.392401,-0.025966,-0.045047,0.526254,0.481761,0.654776,0.438823,0.044493,0.215953,0.50076,0.27749,0.222214,0.053533,0.021939,0.581978,0.515342,0.603834,0.494822,0.066636,0.109012,0.73651,0.311152,0.249171,-0.038546,-0.034708,0.546331,0.483127,0.601474,0.468257,0.063204,0.133216,0.62651,0.440146,0.352469,0.033628,0.137284,0.494328,0.390111,0.865019,0.654572,0.104217,0.210447,1.481807,0.71855,0.575415,-0.101506,-0.154106,0.528784,0.400906,0.887866,0.535329,0.127878,0.352537,0.511893,0.304772,0.244061,0.04321,0.117892,0.505036,0.458163,0.773172,0.595304,0.046873,0.177868,0.789034,0.451528,0.361583,-0.085739,-0.117694,0.530578,0.444839,0.773372,0.541771,0.085739,0.231601,0.308974,0.157757,0.126332,0.009244,0.003152,0.522202,0.512536,0.653831,0.589402,0.009666,0.064429,0.449455,0.162692,0.130284,-0.039142,-0.060398,0.537949,0.498807,0.667121,0.576024,0.039142,0.091097,0.277351,0.13832,0.110766,0.031266,0.001542,0.559161,0.527877,0.522252,0.470608,0.031284,0.051644,0.388336,0.142094,0.113789,-0.034548,-0.031027,0.55704,0.516976,0.529612,0.462985,0.040064,0.066627
Group - Double_compressed.mp4,single_athlete_training,121,data\processed\clips\Group - Double_compressed\event_121_punch_candidate_right_wrist_t188p99.mp4,0.4004,0.8844,right_wrist,punch_candidate,0.92282,0,0.0,kick,double_kick,double_kicks,0.612723,0.328228,0.328556,0.025968,0.060135,0.609011,0.486409,0.634324,0.520469,0.122602,0.113855,0.704987,0.354134,0.354488,0.02679,0.063517,0.521478,0.46948,0.643189,0.440803,0.051998,0.202386,0.364282,0.150631,0.150782,0.021648,0.011017,0.582648,0.519841,0.597833,0.543581,0.062807,0.054252,0.568682,0.254527,0.254782,0.012961,0.014574,0.53376,0.493276,0.600319,0.474766,0.040484,0.125553,1.121828,0.544687,0.545232,-0.02503,0.097268,0.525859,0.426903,0.828014,0.564991,0.098956,0.263023,0.844998,0.375055,0.37543,0.022311,-0.072645,0.537535,0.427413,0.855691,0.71017,0.110121,0.14552,0.632385,0.334412,0.334746,0.031197,0.060847,0.519406,0.47999,0.731928,0.577673,0.039416,0.154254,0.693665,0.263923,0.264187,0.011117,-0.041255,0.515395,0.461517,0.757246,0.622449,0.053878,0.134797,0.236123,0.127478,0.127605,-0.003698,-0.022376,0.536322,0.52708,0.668146,0.594004,0.009242,0.074142,0.362866,0.122192,0.122314,-0.013938,-0.039174,0.530517,0.510427,0.669433,0.590364,0.02009,0.079068,0.150748,0.055519,0.055575,0.008433,-0.015889,0.559015,0.548794,0.542473,0.507566,0.010221,0.034907,0.303121,0.11446,0.114575,0.002021,-0.015939,0.538986,0.516415,0.545769,0.487409,0.022571,0.05836
Group - Spinning Hook_compressed.mp4,single_athlete_training,4,data\processed\clips\Group - Spinning Hook_compressed\event_004_kick_candidate_left_ankle_t16p82.mp4,0.2003,0.6428,left_ankle,kick_candidate,0.5592,1,0.25,kick,spinninghook_kick,spinning_kicks,0.222141,0.062705,0.050237,-0.041279,-0.010999,0.513299,0.469209,0.798391,0.787392,0.04409,0.010999,0.613565,0.192448,0.154128,-0.091861,0.02597,0.549474,0.437097,0.811431,0.761834,0.112377,0.049598,0.287173,0.132701,0.106295,-0.008644,0.072943,0.533216,0.490271,0.781557,0.708613,0.042945,0.072943,0.700804,0.220941,0.176947,-0.113492,0.081574,0.563447,0.432178,0.761842,0.680269,0.131268,0.081574,1.073188,0.43716,0.350145,-0.021093,-0.082047,0.491135,0.46501,0.901566,0.686773,0.026125,0.214793,0.542194,0.159502,0.127739,-0.12487,-0.012508,0.532324,0.407454,0.775276,0.756162,0.12487,0.019114,0.323748,0.149113,0.119437,-0.030709,-0.020515,0.506809,0.474836,0.785977,0.721175,0.031974,0.064802,0.497356,0.143654,0.115045,-0.109066,0.028986,0.541742,0.432675,0.74229,0.713304,0.109066,0.028986,0.100126,0.030059,0.024081,-0.018587,0.005768,0.50838,0.488423,0.696479,0.690711,0.019957,0.005768,0.37673,0.105297,0.084326,-0.073681,0.017955,0.541755,0.466888,0.703475,0.685521,0.074867,0.017955,0.37173,0.169103,0.135448,-0.010239,0.114245,0.530777,0.490734,0.720953,0.606708,0.040043,0.114245,0.582738,0.193002,0.154575,-0.09614,0.101863,0.550618,0.453062,0.710958,0.609095,0.097556,0.101863
Group - Spinning Hook_compressed.mp4,single_athlete_training,7,data\processed\clips\Group - Spinning Hook_compressed\event_007_kick_candidate_left_ankle_t27p64.mp4,1.0013,0.9411,left_ankle,kick_candidate,0.832025,0,0.0,kick,spinninghook_kick,spinning_kicks,0.524977,0.175306,0.280893,0.063924,0.001443,0.565189,0.501265,0.722244,0.620076,0.063924,0.102168,0.394048,0.183447,0.293916,0.037504,0.016377,0.592965,0.467575,0.715795,0.63122,0.125389,0.084574,0.280398,0.105207,0.168573,0.050354,-0.005066,0.546111,0.495758,0.687099,0.620933,0.050354,0.066167,0.483032,0.20147,0.322792,0.04168,0.020439,0.60446,0.466041,0.661333,0.601621,0.138419,0.059711,1.233367,0.575663,0.922262,-0.009611,-0.026567,0.509094,0.438482,0.915735,0.592001,0.070611,0.323734,1.32799,0.491601,0.787671,0.041784,0.048978,0.599664,0.392828,0.929549,0.650171,0.206837,0.279379,0.495819,0.219142,0.351101,0.034633,-0.007093,0.520394,0.472764,0.812947,0.666892,0.047631,0.146055,0.473822,0.259039,0.415036,0.057983,0.006932,0.599546,0.416007,0.811912,0.701363,0.18354,0.110549,0.202766,0.082813,0.132683,0.038254,-0.016319,0.542181,0.492918,0.732294,0.692785,0.049264,0.039509,0.285714,0.134852,0.216056,0.038939,-0.012045,0.570173,0.464815,0.732795,0.688892,0.105358,0.043903,0.333955,0.159191,0.25506,0.066969,-0.026393,0.564828,0.497859,0.666343,0.556849,0.066969,0.109493,0.324251,0.197098,0.315787,0.061912,-0.001616,0.607285,0.47318,0.656322,0.572338,0.134105,0.083984
Group - Spinning Hook_compressed.mp4,single_athlete_training,10,data\processed\clips\Group - Spinning Hook_compressed\event_010_kick_candidate_left_ankle_t35p65.mp4,0.4006,0.7261,left_ankle,kick_candidate,0.67624,1,0.2,kick,spinninghook_kick,spinning_kicks,0.162004,0.052301,0.052372,-0.003641,-0.014346,0.484101,0.466697,0.725651,0.698264,0.017404,0.027388,0.471943,0.212392,0.212668,0.014246,-0.033899,0.469769,0.420096,0.802402,0.690827,0.049674,0.111575,0.056113,0.02525,0.025285,-0.007647,-0.00057,0.488777,0.478623,0.711042,0.706222,0.010154,0.00482,0.501449,0.181457,0.181701,0.039777,-0.0549,0.483398,0.42441,0.756772,0.648218,0.058987,0.108554,1.270886,0.563704,0.564461,-0.035391,-0.044403,0.448176,0.374013,0.856133,0.607994,0.074163,0.248139,0.644951,0.321898,0.322329,0.035366,0.050064,0.43706,0.378319,0.757201,0.63355,0.058742,0.123651,0.5814,0.198314,0.198576,-0.00841,0.044731,0.465896,0.421069,0.782174,0.67123,0.044827,0.110944,0.47226,0.208564,0.208855,0.03623,0.0542,0.454535,0.418141,0.752271,0.664958,0.036394,0.087312,0.110386,0.059787,0.059866,0.006115,0.008918,0.485128,0.457549,0.718974,0.702139,0.027579,0.016835,0.183228,0.05074,0.05081,0.029076,0.002883,0.482305,0.44258,0.698905,0.696022,0.039726,0.002883,0.237806,0.086934,0.087049,0.007975,-0.01495,0.513809,0.486564,0.707006,0.663706,0.027245,0.0433,0.292342,0.132622,0.132792,0.029361,0.000462,0.497283,0.446276,0.723367,0.669057,0.051007,0.05431
Group - Spinning Hook_compressed.mp4,single_athlete_training,11,data\processed\clips\Group - Spinning Hook_compressed\event_011_kick_candidate_left_ankle_t60p28.mp4,0.6008,0.6863,left_ankle,kick_candidate,0.509817,2,0.333333,kick,spinninghook_kick,spinning_kicks,0.472723,0.152552,0.183337,-0.028775,0.000737,0.394009,0.300323,0.588703,0.560112,0.093685,0.028591,0.157546,0.047336,0.056888,-0.01311,0.003037,0.319024,0.287497,0.585948,0.578448,0.031527,0.0075,0.480614,0.148742,0.178759,-0.037526,-0.010391,0.400004,0.304813,0.610665,0.583571,0.095191,0.027095,0.205637,0.057932,0.069623,-0.014637,0.009883,0.326815,0.285669,0.605533,0.59565,0.041146,0.009883,1.270949,0.416416,0.500449,0.006426,-0.006548,0.538407,0.426174,0.958061,0.729566,0.112233,0.228496,0.012185,0.00344,0.004134,-0.000784,0.001261,0.425448,0.424364,0.966077,0.963644,0.001084,0.002434,0.880891,0.301604,0.362468,-0.020931,-0.027637,0.517621,0.415518,0.837071,0.671573,0.102103,0.165498,0.223152,0.042495,0.051071,-0.043052,-0.000546,0.436677,0.392033,0.838543,0.836162,0.044643,0.002381,0.369375,0.116056,0.139476,-0.020429,-0.002309,0.440839,0.375992,0.714573,0.676645,0.064848,0.037928,0.21445,0.049794,0.059842,-0.02451,0.010692,0.406354,0.365048,0.734953,0.723169,0.041307,0.011784,0.311659,0.096064,0.11545,-0.018492,-0.003344,0.377394,0.320687,0.588624,0.559178,0.056706,0.029447,0.227318,0.058734,0.070587,-0.023493,0.019795,0.346573,0.301582,0.608557,0.588762,0.044992,0.019795
Group - Spinning Hook_compressed.mp4,single_athlete_training,16,data\processed\clips\Group - Spinning Hook_compressed\event_016_kick_candidate_left_ankle_t91p73.mp4,0.4005,0.9691,left_ankle,kick_candidate,0.84988,0,0.0,kick,spinninghook_kick,spinning_kicks,0.212313,0.111208,0.111371,-0.024532,0.036419,0.508982,0.458809,0.712737,0.671221,0.050173,0.041516,0.372453,0.190985,0.191244,-0.018533,0.014907,0.459172,0.372915,0.637343,0.598924,0.086256,0.038419,0.200061,0.100961,0.101111,-0.011463,0.035526,0.526502,0.486431,0.709925,0.674176,0.040072,0.035749,0.13049,0.098424,0.098559,0.003892,-0.001092,0.453257,0.407269,0.617078,0.598323,0.045988,0.018756,1.561536,0.552533,0.553347,0.028223,0.13665,0.452201,0.393774,0.932059,0.590674,0.058428,0.341385,1.479033,0.684303,0.685314,-0.021594,0.080727,0.447158,0.332936,0.887046,0.60524,0.114222,0.281806,0.447904,0.236428,0.236776,0.009667,0.063243,0.466064,0.445224,0.806289,0.657781,0.02084,0.148509,0.622005,0.295965,0.296398,-0.026205,0.052893,0.438144,0.395656,0.747775,0.630253,0.042489,0.117522,0.139019,0.046274,0.046342,-0.015786,0.00859,0.497883,0.470068,0.716071,0.707482,0.027815,0.00859,0.140719,0.072981,0.073088,-0.027697,-0.010996,0.478519,0.444317,0.694573,0.667656,0.034202,0.026917,0.141413,0.083947,0.084071,-0.000971,0.027072,0.525011,0.502668,0.661677,0.616016,0.022342,0.045661,0.111251,0.062069,0.062158,-0.010219,0.005231,0.485158,0.451287,0.603349,0.592726,0.033871,0.010623
Group - Spinning Hook_compressed.mp4,single_athlete_training,18,data\processed\clips\Group - Spinning Hook_compressed\event_018_kick_candidate_left_ankle_t103p74.mp4,0.8011,0.7111,left_ankle,kick_candidate,0.632414,1,0.142857,kick,spinninghook_kick,spinning_kicks,0.386731,0.163786,0.229633,0.166276,0.102248,0.561531,0.395256,0.685815,0.583568,0.166276,0.102248,0.384866,0.164294,0.230346,0.0295,0.027373,0.551522,0.450296,0.716244,0.640394,0.101227,0.07585,0.426542,0.114596,0.160673,0.133656,0.051506,0.562714,0.429058,0.660199,0.604686,0.133656,0.055513,0.344239,0.14471,0.202885,0.027806,-0.002544,0.559636,0.466118,0.69575,0.645522,0.093517,0.050228,1.953755,0.640848,0.898506,0.060665,0.058096,0.516113,0.343804,0.987729,0.539991,0.172309,0.447738,0.57376,0.243617,0.341517,0.088691,0.205238,0.558803,0.435005,0.941812,0.717574,0.123798,0.224238,1.10629,0.372394,0.522126,0.041401,0.042053,0.506764,0.404054,0.858049,0.615246,0.10271,0.242803,0.353902,0.144397,0.202435,0.051344,0.141059,0.519883,0.448036,0.846031,0.693854,0.071847,0.152177,0.343211,0.103715,0.145416,0.059085,0.066969,0.536441,0.462858,0.755542,0.674404,0.073582,0.081137,0.232214,0.093432,0.130997,0.038953,0.064411,0.540296,0.474382,0.758876,0.683958,0.065914,0.074918,0.280134,0.072548,0.101714,0.080175,-0.002881,0.552188,0.472013,0.603199,0.582385,0.080175,0.020815,0.178132,0.084696,0.118741,0.034299,-0.026433,0.552654,0.488202,0.62075,0.588126,0.064452,0.032625
Group - Spinning Hook_compressed.mp4,single_athlete_training,26,data\processed\clips\Group - Spinning Hook_compressed\event_026_punch_candidate_left_wrist_t83p92.mp4,0.4006,0.8882,left_wrist,punch_candidate,0.72704,0,0.0,kick,spinninghook_kick,spinning_kicks,0.73867,0.366538,0.367082,-0.058068,-0.025164,0.510555,0.370827,0.71687,0.586419,0.139728,0.130451,0.576441,0.256888,0.257265,-0.001913,0.030708,0.528388,0.507119,0.760561,0.61841,0.021269,0.14215,0.398233,0.169708,0.169958,-0.052671,-0.019596,0.49644,0.409212,0.67291,0.619394,0.087228,0.053516,0.356476,0.142885,0.143095,0.027524,-0.020762,0.527644,0.500119,0.71035,0.640718,0.027524,0.069631,0.471608,0.203965,0.204256,-0.118789,0.03928,0.494395,0.363853,0.960192,0.898954,0.130542,0.061238,1.116088,0.535902,0.536595,-0.011978,0.02022,0.512424,0.44647,0.962338,0.702188,0.065954,0.26015,0.250097,0.130435,0.130621,-0.100981,0.004078,0.512636,0.407408,0.82574,0.803118,0.105228,0.022622,0.697169,0.365842,0.366335,-0.022299,-0.037745,0.509598,0.46291,0.860799,0.675852,0.046688,0.184947,0.267854,0.092372,0.092508,-0.022024,-0.046275,0.489978,0.465376,0.753696,0.702737,0.024602,0.050959,0.362191,0.094172,0.094311,0.022728,-0.054438,0.503764,0.48053,0.764461,0.693397,0.023234,0.071063,0.306981,0.133876,0.134072,-0.019985,0.011894,0.492665,0.451275,0.641584,0.580891,0.041391,0.060693,0.188382,0.098898,0.099039,0.040366,0.002358,0.529758,0.489392,0.642141,0.602467,0.040366,0.039674
Group - Spinning Hook_compressed.mp4,single_athlete_training,27,data\processed\clips\Group - Spinning Hook_compressed\event_027_punch_candidate_left_wrist_t103p54.mp4,0.2003,0.5736,left_wrist,punch_candidate,0.726225,0,0.0,kick,spinninghook_kick,spinning_kicks,0.74543,0.263222,0.210882,-0.057278,-0.073599,0.498894,0.395256,0.69105,0.583568,0.103638,0.107483,0.384866,0.129373,0.103644,-0.059286,-0.023114,0.5282,0.450296,0.670824,0.640394,0.077904,0.030429,0.41478,0.121036,0.096972,-0.043353,-0.055623,0.483052,0.429058,0.667829,0.604686,0.053994,0.063143,0.344239,0.130862,0.104833,-0.032465,-0.030801,0.531829,0.466118,0.676323,0.645522,0.065711,0.030801,1.953755,0.636761,0.510145,-0.11183,-0.260225,0.455634,0.343804,0.918033,0.539991,0.11183,0.378041,1.077871,0.542239,0.434385,-0.005744,-0.003954,0.470112,0.435005,0.932962,0.717574,0.035107,0.215388,0.987381,0.285611,0.228824,-0.078662,-0.177292,0.482716,0.404054,0.80552,0.615246,0.078662,0.190274,0.711395,0.326495,0.261563,-0.024913,-0.026707,0.482359,0.448036,0.835674,0.693854,0.034323,0.141821,0.27017,0.091947,0.073664,-0.017708,-0.056535,0.480566,0.462858,0.736211,0.674404,0.017708,0.061806,0.295578,0.125052,0.100187,-0.016114,-0.034866,0.501342,0.474382,0.742947,0.683958,0.026961,0.05899,0.056428,0.03007,0.024087,-0.00601,-0.017911,0.4797,0.472013,0.600296,0.582385,0.007687,0.017911,0.151821,0.070315,0.056325,-0.009717,0.000349,0.520679,0.488202,0.618503,0.6133,0.032477,0.005203
Group - Spinning Hook_compressed.mp4,single_athlete_training,29,data\processed\clips\Group - Spinning Hook_compressed\event_029_punch_candidate_left_wrist_t113p96.mp4,0.2003,0.7734,left_wrist,punch_candidate,0.832275,0,0.0,kick,spinninghook_kick,spinning_kicks,0.552414,0.356991,0.286021,-0.016235,0.081681,0.576375,0.453815,0.704387,0.592077,0.12256,0.11231,0.75156,0.297679,0.2385,-0.080786,0.034946,0.589882,0.439553,0.665153,0.617146,0.150329,0.048007,0.511557,0.303038,0.242794,-0.061888,0.056465,0.579137,0.441052,0.678966,0.605392,0.138084,0.073574,0.602349,0.291833,0.233817,-0.076401,0.02084,0.589355,0.46881,0.692556,0.629478,0.120545,0.063077,0.465921,0.160161,0.128321,-0.126167,-0.015569,0.565895,0.439729,0.987045,0.971476,0.126167,0.015569,1.409479,0.563162,0.451205,-0.078255,-0.225195,0.584744,0.439182,0.967517,0.693339,0.145562,0.274178,0.266856,0.104644,0.083841,-0.079723,-0.018236,0.540826,0.461103,0.865494,0.847258,0.079723,0.018236,1.03749,0.337074,0.270063,-0.014077,-0.183208,0.526556,0.474728,0.87082,0.666468,0.051829,0.204351,0.28256,0.175012,0.140219,-0.108363,-0.015088,0.570288,0.461925,0.771907,0.735019,0.108363,0.036888,0.363738,0.238168,0.19082,-0.09757,-0.044632,0.591672,0.493338,0.772547,0.701918,0.098334,0.070629,0.426455,0.179781,0.144041,-0.095473,0.03924,0.548596,0.445365,0.638532,0.575673,0.103231,0.062859,0.40044,0.190382,0.152534,-0.082889,0.051895,0.583401,0.493605,0.636105,0.575342,0.089796,0.060763
Group - Spinning Hook_compressed.mp4,single_athlete_training,34,data\processed\clips\Group - Spinning Hook_compressed\event_034_kick_candidate_right_ankle_t3p01.mp4,0.4006,0.9359,right_ankle,kick_candidate,0.67766,0,0.0,kick,spinninghook_kick,spinning_kicks,0.491064,0.178237,0.178486,-0.020863,0.160625,0.530576,0.497605,0.761425,0.6008,0.032971,0.160625,0.356746,0.214043,0.214319,-0.106005,0.056952,0.570012,0.464008,0.7725,0.65717,0.106005,0.11533,0.402125,0.172605,0.172834,0.026119,0.136003,0.542144,0.497758,0.733767,0.592812,0.044387,0.140955,0.512551,0.26046,0.260776,-0.130489,0.019525,0.589699,0.453693,0.754623,0.663029,0.136006,0.091593,0.489856,0.290649,0.291,-0.002578,-0.087695,0.545954,0.479755,0.928236,0.765695,0.066199,0.162541,1.261591,0.587597,0.588381,-0.183339,-0.192805,0.613225,0.383484,0.915072,0.588786,0.229741,0.326286,0.312309,0.189112,0.189337,0.010381,-0.051464,0.542757,0.481736,0.816611,0.720173,0.061021,0.096438,0.823708,0.38113,0.381624,-0.166121,-0.090133,0.587337,0.421216,0.83062,0.641435,0.166121,0.189186,0.276035,0.08663,0.086753,-0.02322,-0.067735,0.524453,0.501233,0.760363,0.68847,0.02322,0.071894,0.329247,0.156245,0.156444,-0.097962,-0.084481,0.557195,0.459234,0.765693,0.681211,0.097962,0.084481,0.288535,0.14018,0.14037,0.017443,0.1065,0.544091,0.526648,0.714964,0.593218,0.017443,0.121747,0.390918,0.222175,0.222451,-0.086031,0.053727,0.572795,0.475557,0.719041,0.614549,0.097238,0.104492
Group - Spinning Hook_compressed.mp4,single_athlete_training,35,data\processed\clips\Group - Spinning Hook_compressed\event_035_kick_candidate_right_ankle_t3p81.mp4,0.2003,0.8077,right_ankle,kick_candidate,0.710275,0,0.0,kick,spinninghook_kick,spinning_kicks,0.303635,0.158556,0.127035,0.101404,0.001275,0.601146,0.499743,0.787501,0.749069,0.101404,0.038432,0.424818,0.180771,0.144833,0.087309,-0.012649,0.551316,0.460673,0.777043,0.736724,0.090643,0.040319,0.216088,0.11662,0.093436,0.072154,-0.016979,0.596031,0.523877,0.728815,0.705065,0.072154,0.02375,0.231714,0.151134,0.121088,0.046084,-0.053354,0.505295,0.45921,0.70725,0.653895,0.046084,0.053354,0.579781,0.222143,0.177981,0.078558,0.12713,0.558313,0.460747,0.967671,0.840541,0.097566,0.12713,1.095417,0.403264,0.323095,0.096826,0.239717,0.526711,0.429886,0.991007,0.722267,0.096826,0.26874,0.457268,0.236144,0.189198,0.096318,0.083035,0.588436,0.492118,0.873314,0.765147,0.096318,0.108168,0.45964,0.272592,0.218401,0.129944,0.098668,0.55116,0.421216,0.876514,0.740487,0.129944,0.136027,0.23125,0.149119,0.119474,0.054343,0.046525,0.555576,0.501233,0.764609,0.692321,0.054343,0.072288,0.216423,0.154027,0.123406,0.061164,0.040161,0.520397,0.459234,0.754721,0.681211,0.061164,0.07351,0.29261,0.137348,0.110043,0.054175,-0.092827,0.598266,0.544091,0.699718,0.60689,0.054175,0.092827,0.434079,0.158244,0.126785,0.056041,-0.098926,0.542805,0.486764,0.678245,0.579319,0.056041,0.098926
Group - Spinning Hook_compressed.mp4,single_athlete_training,37,data\processed\clips\Group - Spinning Hook_compressed\event_037_kick_candidate_right_ankle_t16p42.mp4,0.4005,0.9337,right_ankle,kick_candidate,0.75154,0,0.0,kick,spinninghook_kick,spinning_kicks,0.952278,0.26662,0.267017,-0.09397,0.175426,0.586541,0.469209,0.798391,0.611966,0.117332,0.186425,0.723157,0.352448,0.352915,-0.112112,0.137103,0.569725,0.437097,0.811431,0.618871,0.132628,0.19256,0.498227,0.240633,0.24097,-0.087892,0.159644,0.58391,0.490271,0.781557,0.621913,0.093638,0.159644,0.700804,0.365742,0.366221,-0.140322,0.121994,0.590276,0.432178,0.761842,0.618948,0.158098,0.142894,1.073188,0.475533,0.476139,-0.146029,-0.098334,0.611039,0.46501,0.917854,0.686773,0.146029,0.231081,0.674811,0.376116,0.376626,-0.165305,-0.063067,0.57276,0.407454,0.903558,0.756162,0.165305,0.147396,0.420062,0.214678,0.214968,-0.101073,-0.056023,0.575909,0.474836,0.832867,0.721175,0.101073,0.111692,0.586388,0.296292,0.296686,-0.126054,-0.046391,0.558729,0.432675,0.82516,0.713304,0.126054,0.111856,0.400064,0.142237,0.142448,-0.114312,-0.040559,0.602735,0.488423,0.745531,0.690711,0.114312,0.054821,0.37673,0.203433,0.203701,-0.130262,-0.034997,0.598336,0.466888,0.746927,0.685521,0.131448,0.061406,0.394365,0.241219,0.241544,-0.104698,0.141486,0.595432,0.490734,0.720953,0.579468,0.104698,0.141486,0.582738,0.255588,0.255913,-0.142198,0.123873,0.596677,0.453062,0.710958,0.585178,0.143615,0.12578
Group - Spinning Hook_compressed.mp4,single_athlete_training,39,data\processed\clips\Group - Spinning Hook_compressed\event_039_kick_candidate_right_ankle_t28p24.mp4,0.4005,0.9658,right_ankle,kick_candidate,0.82992,0,0.0,kick,spinninghook_kick,spinning_kicks,0.524977,0.1878,0.188068,0.048262,-0.080907,0.565189,0.501619,0.722244,0.621519,0.063569,0.100725,0.394048,0.135137,0.135318,0.125389,-0.01304,0.592965,0.467575,0.715795,0.696068,0.125389,0.019726,0.280398,0.105219,0.105372,0.027821,-0.055487,0.546111,0.517815,0.687099,0.620933,0.028297,0.066167,0.483032,0.167373,0.167608,0.138419,-0.000906,0.60446,0.466041,0.661333,0.626601,0.138419,0.034731,0.628175,0.3382,0.33865,-0.001928,0.052872,0.480315,0.438482,0.909039,0.784564,0.041832,0.124475,1.32799,0.666481,0.667418,0.145573,0.020534,0.599664,0.392828,0.929549,0.650171,0.206837,0.279379,0.25712,0.126594,0.126769,0.031622,0.061363,0.520394,0.472764,0.812947,0.741035,0.047631,0.071912,0.473822,0.323797,0.324237,0.14147,0.031797,0.599546,0.416007,0.811912,0.701363,0.18354,0.110549,0.15918,0.066321,0.066413,0.049264,0.015627,0.542181,0.492918,0.72553,0.700348,0.049264,0.025181,0.285714,0.126091,0.126263,0.105358,0.015381,0.570173,0.464815,0.721828,0.688892,0.105358,0.032935,0.255439,0.140143,0.140337,0.047173,-0.103525,0.564828,0.517655,0.666343,0.556849,0.047173,0.109493,0.324251,0.164906,0.165132,0.134105,-0.064507,0.607285,0.47318,0.656322,0.591815,0.134105,0.064507
Group - Spinning Hook_compressed.mp4,single_athlete_training,40,data\processed\clips\Group - Spinning Hook_compressed\event_040_kick_candidate_right_ankle_t30p84.mp4,0.2003,0.6839,right_ankle,kick_candidate,0.63785,1,0.25,kick,spinninghook_kick,spinning_kicks,0.801274,0.26868,0.215239,-0.027023,0.168682,0.564637,0.489818,0.759575,0.590893,0.074818,0.168682,0.852962,0.368232,0.294965,-0.059741,0.089676,0.599522,0.50216,0.759176,0.592521,0.097361,0.166655,0.543892,0.193219,0.154784,-0.054454,0.098929,0.573153,0.486618,0.690458,0.591529,0.086535,0.098929,0.623504,0.262608,0.210339,-0.055976,0.03177,0.600788,0.477803,0.673759,0.620633,0.122985,0.053126,0.524997,0.150962,0.120943,-0.118944,0.005706,0.583654,0.46471,0.915181,0.903176,0.118944,0.012005,0.706028,0.348791,0.279383,-0.05166,-0.048991,0.582824,0.469069,0.908798,0.781742,0.113755,0.127056,0.407029,0.126856,0.101627,-0.074405,-0.016138,0.553278,0.478873,0.831908,0.795717,0.074405,0.036191,0.670061,0.262621,0.210374,-0.029926,-0.095529,0.55789,0.489238,0.822675,0.69417,0.068652,0.128505,0.383884,0.145498,0.116553,-0.095851,-0.045718,0.583772,0.487921,0.743902,0.691946,0.095851,0.051956,0.313433,0.151769,0.121566,-0.065443,-0.054944,0.589216,0.523773,0.742403,0.683654,0.065443,0.058749,0.378786,0.116127,0.093032,-0.082606,0.03535,0.56456,0.481954,0.613701,0.578351,0.082606,0.03535,0.426439,0.143078,0.114591,-0.062323,0.008686,0.59256,0.507774,0.611306,0.592621,0.084786,0.018685
Group - Spinning Hook_compressed.mp4,single_athlete_training,42,data\processed\clips\Group - Spinning Hook_compressed\event_042_kick_candidate_right_ankle_t35p45.mp4,0.6008,0.6505,right_ankle,kick_candidate,0.708767,1,0.166667,kick,spinninghook_kick,spinning_kicks,0.382593,0.107349,0.129005,-0.015934,0.061295,0.484101,0.466697,0.725651,0.636969,0.017404,0.088683,0.471943,0.246179,0.295815,-0.013584,0.044453,0.483353,0.420096,0.802402,0.646374,0.063257,0.156028,0.417949,0.0907,0.109,0.003025,0.082463,0.488777,0.475598,0.711042,0.62376,0.013179,0.087282,0.501449,0.233731,0.280869,0.006759,0.038611,0.483398,0.42441,0.756772,0.609607,0.058987,0.147165,1.270886,0.511413,0.614527,-0.029655,-0.09414,0.448176,0.374013,0.856133,0.607994,0.074163,0.248139,0.755686,0.394196,0.473693,-0.038321,-0.082153,0.452006,0.378319,0.804457,0.63355,0.073687,0.170907,0.5814,0.182735,0.219575,0.01194,0.039548,0.465896,0.421069,0.782174,0.67123,0.044827,0.110944,0.47226,0.206773,0.248478,0.004665,0.030248,0.454535,0.418141,0.752271,0.664958,0.036394,0.087312,0.110386,0.056246,0.067585,0.009098,0.016038,0.485128,0.457549,0.718974,0.700279,0.027579,0.018695,0.183228,0.067886,0.08158,-0.00164,0.004698,0.483945,0.44258,0.698905,0.694208,0.041366,0.004698,0.394265,0.138156,0.16602,0.024165,0.062344,0.513809,0.486564,0.707006,0.601362,0.027245,0.105644,0.342208,0.167553,0.201336,0.001038,0.062881,0.497283,0.446276,0.723367,0.606638,0.051007,0.116729
Group - Spinning Hook_compressed.mp4,single_athlete_training,46,data\processed\clips\Group - Spinning Hook_compressed\event_046_kick_candidate_right_ankle_t84p52.mp4,0.2003,0.7834,right_ankle,kick_candidate,0.730875,0,0.0,kick,spinninghook_kick,spinning_kicks,0.256306,0.109139,0.087436,0.064367,0.007903,0.517842,0.452487,0.712127,0.691706,0.065356,0.020422,0.306235,0.114482,0.091714,0.065984,-0.026881,0.573103,0.507119,0.760561,0.717644,0.065984,0.042917,0.249096,0.097773,0.07833,0.053287,0.019735,0.494084,0.440797,0.68295,0.653314,0.053287,0.029636,0.201584,0.095986,0.0769,0.055907,0.003154,0.582634,0.526727,0.701139,0.678239,0.055907,0.0229,0.47437,0.261662,0.209629,0.181618,0.08019,0.545472,0.363853,0.992311,0.912121,0.181618,0.08019,1.116088,0.408547,0.327217,0.048887,0.265081,0.535537,0.44647,1.007621,0.74254,0.089067,0.265081,0.423443,0.209753,0.168044,0.132309,0.09253,0.539717,0.407408,0.895648,0.803118,0.132309,0.09253,0.552846,0.261628,0.209561,0.033752,0.172347,0.533876,0.46291,0.891165,0.718818,0.070967,0.172347,0.238283,0.122777,0.098366,0.05792,0.070724,0.523296,0.465376,0.773461,0.702737,0.05792,0.070724,0.245698,0.101097,0.080996,0.035686,0.068506,0.53945,0.503258,0.77398,0.705474,0.036192,0.068506,0.20211,0.069953,0.056042,0.053832,-0.004246,0.519762,0.46593,0.622189,0.617267,0.053832,0.004921,0.169957,0.071995,0.057675,0.048325,-0.010704,0.571257,0.522932,0.642141,0.625095,0.048325,0.017046
Group - Spinning Hook_compressed.mp4,single_athlete_training,47,data\processed\clips\Group - Spinning Hook_compressed\event_047_kick_candidate_right_ankle_t88p12.mp4,0.2003,0.5746,right_ankle,kick_candidate,0.59835,1,0.25,kick,spinninghook_kick,spinning_kicks,0.522853,0.156927,0.12573,-0.040016,0.085326,0.532257,0.47124,0.738291,0.652965,0.061018,0.085326,0.281521,0.120971,0.096922,-0.003138,0.043243,0.519984,0.479464,0.725024,0.681781,0.04052,0.043243,0.454743,0.141128,0.113072,-0.084941,0.020739,0.540079,0.455137,0.679953,0.637647,0.084941,0.042306,0.253669,0.109096,0.087408,-0.016185,0.008891,0.530606,0.479901,0.663129,0.65097,0.050705,0.012159,0.563012,0.181728,0.1456,-0.120889,-0.071083,0.590789,0.4699,0.961507,0.890425,0.120889,0.071083,0.539969,0.262893,0.21063,-0.048688,-0.082017,0.546258,0.444517,0.903899,0.809649,0.101741,0.09425,0.427344,0.128958,0.103321,-0.089746,-0.038617,0.570095,0.480349,0.852136,0.807539,0.089746,0.044597,0.47646,0.170738,0.136796,-0.01295,-0.070629,0.524081,0.489218,0.831864,0.738978,0.034862,0.092885,0.354344,0.131487,0.105347,-0.098942,-0.029996,0.573221,0.474279,0.736302,0.706306,0.098942,0.029996,0.230444,0.10905,0.087371,-0.053412,-0.044679,0.557209,0.503797,0.738157,0.693478,0.053412,0.044679,0.436051,0.133374,0.106859,-0.104595,0.016854,0.562567,0.457973,0.613507,0.594345,0.104595,0.019162,0.182514,0.055679,0.04461,-0.036574,0.00911,0.543962,0.507387,0.60567,0.59656,0.036574,0.00911
Group - Spinning Hook_compressed.mp4,single_athlete_training,48,data\processed\clips\Group - Spinning Hook_compressed\event_048_kick_candidate_right_ankle_t91p53.mp4,1.2017,0.9712,right_ankle,kick_candidate,0.853244,0,0.0,kick,spinninghook_kick,spinning_kicks,0.369484,0.151005,0.272164,0.042334,-0.028916,0.575235,0.458809,0.712737,0.639298,0.116426,0.073439,0.788806,0.305989,0.551497,0.066266,0.009634,0.598777,0.372915,0.669016,0.556299,0.225862,0.112717,0.200061,0.106202,0.191432,0.028866,-0.035359,0.554691,0.486431,0.709925,0.640777,0.068261,0.069147,0.533328,0.212578,0.383106,0.077034,-0.007388,0.589241,0.407269,0.672474,0.572918,0.181971,0.099556,1.561536,0.436902,0.787504,0.087514,0.014852,0.546661,0.393774,0.942111,0.590674,0.152888,0.351437,1.479033,0.655536,1.181583,-0.008021,0.03625,0.531736,0.332936,0.972072,0.60524,0.1988,0.366832,0.466138,0.260288,0.469156,0.081787,0.005794,0.571554,0.445224,0.851615,0.657781,0.12633,0.193834,0.838864,0.39246,0.707359,0.06302,0.047165,0.583338,0.395656,0.86757,0.630253,0.187682,0.237317,0.150774,0.07478,0.134786,0.037498,0.004904,0.531438,0.470068,0.740941,0.707482,0.06137,0.03346,0.285659,0.134872,0.24308,0.05421,0.003975,0.54968,0.444317,0.736893,0.667656,0.105363,0.069236,0.187629,0.097673,0.176051,0.033766,-0.035629,0.552954,0.502668,0.661677,0.572501,0.050286,0.089176,0.339608,0.109023,0.19649,0.083645,-0.013991,0.586615,0.451287,0.603349,0.578433,0.135328,0.024916
Group - Spinning Hook_compressed.mp4,single_athlete_training,49,data\processed\clips\Group - Spinning Hook_compressed\event_049_kick_candidate_right_ankle_t103p54.mp4,0.4005,0.9455,right_ankle,kick_candidate,0.72962,0,0.0,kick,spinninghook_kick,spinning_kicks,0.74543,0.229057,0.229389,-0.039606,-0.079097,0.498894,0.395256,0.69105,0.583568,0.103638,0.107483,0.384866,0.145293,0.145501,-0.022069,-0.003959,0.5282,0.450296,0.670824,0.640394,0.077904,0.030429,0.41478,0.110845,0.111009,-0.032741,-0.046434,0.483052,0.429058,0.667829,0.604686,0.053994,0.063143,0.344239,0.139272,0.139468,-0.00505,-0.009635,0.531829,0.466118,0.676323,0.645522,0.065711,0.030801,1.953755,0.674756,0.67574,-0.089259,-0.096175,0.455634,0.343804,0.918033,0.539991,0.11183,0.378041,1.077871,0.446779,0.447392,-0.003452,0.00885,0.470112,0.435005,0.941812,0.717574,0.035107,0.224238,0.987381,0.243037,0.243395,-0.068605,-0.166748,0.482716,0.404054,0.80552,0.615246,0.078662,0.190274,0.711395,0.284428,0.28483,-0.014949,-0.005682,0.482359,0.448036,0.835674,0.693854,0.034323,0.141821,0.27017,0.08676,0.086887,-0.015431,-0.04351,0.480566,0.462858,0.736211,0.674404,0.017708,0.061806,0.295578,0.114475,0.114642,-0.005975,-0.024564,0.501342,0.474382,0.742947,0.683958,0.026961,0.05899,0.056428,0.032428,0.032472,0.001993,-0.015408,0.481693,0.472013,0.600296,0.582385,0.00968,0.017911,0.151821,0.071236,0.071332,0.005284,-7.5e-05,0.525963,0.488202,0.618503,0.613225,0.037761,0.005278
Group - Spinning Hook_compressed.mp4,single_athlete_training,50,data\processed\clips\Group - Spinning Hook_compressed\event_050_kick_candidate_right_ankle_t107p15.mp4,0.4005,0.9487,right_ankle,kick_candidate,0.74928,0,0.0,kick,spinninghook_kick,spinning_kicks,0.103,0.052145,0.052221,-0.01041,-0.02474,0.521193,0.498806,0.695908,0.671169,0.022387,0.02474,0.432905,0.148163,0.148381,-0.072493,-0.00119,0.562086,0.455641,0.658807,0.637676,0.106445,0.021132,0.163946,0.07391,0.074013,0.027016,-0.028066,0.53286,0.49672,0.680309,0.652242,0.03614,0.028066,0.363121,0.13315,0.133343,-0.022968,-0.05829,0.51947,0.455656,0.663765,0.605476,0.063814,0.05829,0.10234,0.041312,0.04137,0.01139,-0.011666,0.490289,0.466777,0.964067,0.951753,0.023512,0.012314,0.840536,0.382605,0.383163,-0.09164,-0.313921,0.480881,0.389241,0.980587,0.666093,0.09164,0.314494,0.123269,0.053127,0.053201,-0.001789,-0.029542,0.501566,0.481748,0.856278,0.826736,0.019818,0.029542,0.590255,0.263903,0.264294,-0.053903,-0.207587,0.507292,0.453389,0.867325,0.637698,0.053903,0.229627,0.159046,0.065046,0.065138,0.034391,-0.041007,0.524129,0.489738,0.750822,0.709815,0.034391,0.041007,0.298443,0.099614,0.099756,0.017344,-0.076226,0.506562,0.472109,0.753001,0.676776,0.034453,0.076226,0.160549,0.079354,0.079465,0.055602,0.000767,0.55139,0.495788,0.610861,0.590335,0.055602,0.020526,0.120637,0.066575,0.066669,0.018174,-0.016437,0.518928,0.481504,0.585981,0.568742,0.037424,0.017238
Group - Spinning Hook_compressed.mp4,single_athlete_training,51,data\processed\clips\Group - Spinning Hook_compressed\event_051_kick_candidate_right_ankle_t107p95.mp4,0.2002,0.8886,right_ankle,kick_candidate,0.780425,0,0.0,kick,spinninghook_kick,spinning_kicks,0.734706,0.304593,0.244022,0.101887,-0.096353,0.610738,0.508851,0.671169,0.54708,0.101887,0.124088,0.356,0.143033,0.114563,0.075679,-0.013818,0.565273,0.489593,0.659764,0.623857,0.075679,0.035906,0.550996,0.267203,0.214057,0.088094,-0.055795,0.61183,0.523736,0.652242,0.571324,0.088094,0.080919,0.346976,0.171689,0.137523,0.076153,0.002482,0.572655,0.496501,0.653383,0.605476,0.076153,0.047907,0.347671,0.138347,0.110837,0.094345,-0.046643,0.584634,0.490289,0.951753,0.90511,0.094345,0.046643,0.921718,0.398878,0.319515,0.211536,0.229812,0.600777,0.389241,0.896478,0.666666,0.211536,0.229812,0.265762,0.111272,0.089138,0.074545,-0.031913,0.574322,0.499777,0.830976,0.794823,0.074545,0.036152,0.634425,0.297857,0.23858,0.133093,0.139988,0.586482,0.453389,0.824971,0.659737,0.133093,0.165233,0.248973,0.112835,0.090391,0.064876,-0.011485,0.589005,0.524129,0.734769,0.69833,0.064876,0.036439,0.273564,0.160979,0.128949,0.078543,0.023906,0.585105,0.506562,0.735738,0.676776,0.078543,0.058963,0.217724,0.089287,0.071534,0.051781,-0.023986,0.603172,0.55139,0.595549,0.567116,0.051781,0.028433,0.230789,0.129537,0.103762,0.061924,-0.001226,0.580852,0.518928,0.600161,0.567517,0.061924,0.032644
Group - Spinning Hook_compressed.mp4,single_athlete_training,52,data\processed\clips\Group - Spinning Hook_compressed\event_052_kick_candidate_right_ankle_t110p95.mp4,0.8011,0.967,right_ankle,kick_candidate,0.834543,0,0.0,kick,spinninghook_kick,spinning_kicks,0.159443,0.082746,0.115997,0.027169,-0.057366,0.531037,0.476874,0.716479,0.659113,0.054163,0.057366,0.544811,0.245622,0.344347,0.120783,-0.03982,0.509233,0.3709,0.690754,0.560745,0.138333,0.130009,0.092633,0.062461,0.087557,0.033177,-0.022155,0.5457,0.504953,0.690534,0.65145,0.040748,0.039084,0.226388,0.118883,0.166664,0.061885,-0.020339,0.495808,0.420217,0.647166,0.588876,0.075591,0.058289,0.186305,0.092622,0.129832,0.086592,-0.009125,0.515342,0.428751,0.918371,0.874908,0.086592,0.043463,1.017225,0.481958,0.675655,0.093796,0.046399,0.525097,0.352165,0.908687,0.591043,0.172932,0.317644,0.155668,0.064191,0.089981,0.059257,-0.01594,0.521343,0.45096,0.813416,0.792903,0.070383,0.020513,0.604453,0.293656,0.41166,0.058077,-0.008922,0.518382,0.406803,0.803289,0.632662,0.111579,0.170627,0.103986,0.059383,0.083247,0.036464,-0.02663,0.516041,0.469252,0.729825,0.703195,0.046789,0.02663,0.179424,0.074779,0.10483,0.033982,-0.02068,0.493823,0.449342,0.7134,0.672336,0.044481,0.041064,0.109545,0.054953,0.077032,0.029135,-0.027976,0.542538,0.511495,0.64229,0.597381,0.031043,0.044909,0.070812,0.043642,0.061182,0.02188,-0.023446,0.496376,0.466754,0.596866,0.57342,0.029621,0.023446
Group - Spinning Hook_compressed.mp4,single_athlete_training,57,data\processed\clips\Group - Spinning Hook_compressed\event_057_kick_candidate_right_ankle_t165p23.mp4,0.2002,0.8424,right_ankle,kick_candidate,0.7379,0,0.0,kick,spinninghook_kick,spinning_kicks,0.276363,0.122697,0.098294,-0.002161,0.056261,0.35021,0.34725,0.617742,0.540681,0.002961,0.077061,0.070749,0.042468,0.03402,-0.008954,0.006804,0.312174,0.299776,0.549909,0.543046,0.012398,0.006863,0.181348,0.063577,0.050919,-0.003511,0.031649,0.365938,0.355813,0.597068,0.561269,0.010125,0.035799,0.068606,0.022842,0.0183,-0.000473,0.018203,0.289996,0.289412,0.552402,0.534199,0.000584,0.018203,0.30286,0.120967,0.096889,-0.005083,0.024243,0.340354,0.326142,0.837529,0.778535,0.014212,0.058994,0.716515,0.337197,0.270091,-0.017535,0.020965,0.305406,0.267634,0.853421,0.714023,0.037772,0.139398,0.252044,0.148307,0.118798,-0.007399,0.009247,0.351494,0.322493,0.74003,0.691424,0.029002,0.048606,0.466229,0.234536,0.187866,-0.017019,-0.00044,0.307388,0.286351,0.727427,0.634721,0.021037,0.092706,0.207853,0.091111,0.072978,0.007965,0.009972,0.35083,0.335029,0.669125,0.630417,0.015801,0.038708,0.169374,0.074071,0.059329,0.002452,0.00871,0.318306,0.309454,0.658763,0.626031,0.008853,0.032733,0.054046,0.025803,0.020668,-0.001253,0.00595,0.357172,0.348617,0.535291,0.528666,0.008555,0.006624,0.06837,0.031758,0.025439,-0.0077,0.004246,0.312822,0.299463,0.517817,0.510558,0.013359,0.007259
Group - Spinning Hook_compressed.mp4,single_athlete_training,61,data\processed\clips\Group - Spinning Hook_compressed\event_061_punch_candidate_right_wrist_t16p62.mp4,0.2002,0.8687,right_wrist,punch_candidate,0.752175,0,0.0,kick,spinninghook_kick,spinning_kicks,0.952278,0.300775,0.240978,-0.117332,0.163924,0.586541,0.469209,0.798391,0.623468,0.117332,0.174923,0.723157,0.373237,0.298976,-0.068565,0.168933,0.549474,0.437097,0.811431,0.618871,0.112377,0.19256,0.498227,0.257257,0.20609,-0.093638,0.12524,0.58391,0.490271,0.781557,0.656316,0.093638,0.12524,0.700804,0.335551,0.268773,-0.045142,0.142894,0.563447,0.432178,0.761842,0.618948,0.131268,0.142894,1.073188,0.577278,0.462408,-0.132398,-0.09668,0.597408,0.46501,0.9162,0.686773,0.132398,0.229427,0.674811,0.328205,0.262904,-0.082288,-0.14079,0.532324,0.407454,0.903558,0.756162,0.12487,0.147396,0.420062,0.254128,0.203575,-0.100571,-0.067405,0.575407,0.474836,0.832867,0.721175,0.100571,0.111692,0.586388,0.29025,0.232499,-0.07324,-0.08287,0.541742,0.432675,0.82516,0.713304,0.109066,0.111856,0.400064,0.130075,0.104214,-0.077033,-0.049052,0.565456,0.488423,0.745531,0.690711,0.077033,0.054821,0.37673,0.181946,0.145737,-0.072919,-0.043452,0.541755,0.466888,0.746927,0.685521,0.074867,0.061406,0.394365,0.267694,0.214439,-0.089066,0.119344,0.5798,0.490734,0.720953,0.60161,0.089066,0.119344,0.582738,0.233945,0.187378,-0.073689,0.12578,0.550618,0.453062,0.710958,0.585178,0.097556,0.12578
Group - Spinning Hook_compressed.mp4,single_athlete_training,66,data\processed\clips\Group - Spinning Hook_compressed\event_066_punch_candidate_right_wrist_t83p51.mp4,0.4005,0.8814,right_wrist,punch_candidate,0.72826,0,0.0,kick,spinninghook_kick,spinning_kicks,0.73867,0.355167,0.355633,-0.219927,-0.010128,0.590754,0.370827,0.71687,0.586419,0.219927,0.130451,0.672166,0.374245,0.374748,-0.028306,0.036586,0.553078,0.430951,0.729852,0.593835,0.122127,0.136017,0.516286,0.243079,0.243392,-0.180393,-0.020475,0.589605,0.409212,0.67291,0.612268,0.180393,0.060642,0.396954,0.216071,0.216355,0.003368,0.011424,0.524047,0.464234,0.71035,0.631921,0.059813,0.078428,0.570107,0.217765,0.218035,-0.140989,-0.033963,0.586159,0.44517,0.994156,0.898954,0.140989,0.095201,0.803886,0.380275,0.38084,-0.100559,-0.196178,0.559488,0.458448,0.942118,0.702188,0.10104,0.23993,0.395074,0.147473,0.147655,-0.111678,-0.059685,0.561524,0.449846,0.884822,0.817971,0.111678,0.066851,0.697169,0.234434,0.234776,-0.048222,-0.177814,0.516812,0.468589,0.860799,0.675852,0.048222,0.184947,0.272588,0.153593,0.153797,-0.107084,-0.03141,0.574728,0.466588,0.753696,0.705412,0.10814,0.048284,0.362191,0.148316,0.148523,-0.058227,-0.05651,0.551631,0.48053,0.764461,0.693397,0.071101,0.071063,0.312855,0.175159,0.17539,-0.109506,0.062269,0.560781,0.451275,0.641584,0.578924,0.109506,0.06266,0.208803,0.151041,0.151247,-0.026156,0.068824,0.533975,0.489392,0.640172,0.571348,0.044582,0.068824
Group - Spinning Hook_compressed.mp4,single_athlete_training,67,data\processed\clips\Group - Spinning Hook_compressed\event_067_punch_candidate_right_wrist_t92p73.mp4,0.2002,0.8211,right_wrist,punch_candidate,0.861675,0,0.0,kick,spinninghook_kick,spinning_kicks,0.369484,0.169671,0.135903,0.064737,-0.089603,0.575235,0.507161,0.707663,0.617452,0.068074,0.090212,0.788806,0.338899,0.271482,0.154826,-0.008289,0.610539,0.455714,0.669016,0.556299,0.154826,0.112717,0.163956,0.103497,0.082905,0.012442,-0.079178,0.554691,0.537968,0.701609,0.622431,0.016723,0.079178,0.533328,0.285734,0.228877,0.163605,0.054666,0.625512,0.461907,0.67107,0.572918,0.163605,0.098152,0.330503,0.201289,0.161256,0.157876,0.015014,0.612699,0.454822,0.946745,0.928023,0.157876,0.018722,0.482866,0.16012,0.128276,0.116349,0.026749,0.612875,0.496526,0.996273,0.95879,0.116349,0.037483,0.337985,0.132728,0.10633,0.104275,-0.015955,0.587172,0.482896,0.851615,0.835659,0.104275,0.015955,0.344056,0.187245,0.149986,0.143902,0.032793,0.615516,0.471614,0.869825,0.837031,0.143902,0.032793,0.128136,0.07241,0.058011,0.057866,-0.003614,0.557095,0.499229,0.740941,0.737328,0.057866,0.003614,0.285659,0.135769,0.10875,0.106153,0.019137,0.579595,0.473442,0.743287,0.72415,0.106153,0.019137,0.187629,0.101124,0.081004,0.028593,-0.067167,0.56246,0.533866,0.637962,0.570795,0.028593,0.067167,0.339608,0.175301,0.140418,0.135564,-0.013741,0.62351,0.487946,0.596057,0.578433,0.135564,0.017624
Group - Spinning Hook_compressed.mp4,single_athlete_training,68,data\processed\clips\Group - Spinning Hook_compressed\event_068_punch_candidate_right_wrist_t113p96.mp4,0.2003,0.769,right_wrist,punch_candidate,0.832275,0,0.0,kick,spinninghook_kick,spinning_kicks,0.552414,0.356991,0.286021,-0.016235,0.081681,0.576375,0.453815,0.704387,0.592077,0.12256,0.11231,0.75156,0.297679,0.2385,-0.080786,0.034946,0.589882,0.439553,0.665153,0.617146,0.150329,0.048007,0.511557,0.303038,0.242794,-0.061888,0.056465,0.579137,0.441052,0.678966,0.605392,0.138084,0.073574,0.602349,0.291833,0.233817,-0.076401,0.02084,0.589355,0.46881,0.692556,0.629478,0.120545,0.063077,0.465921,0.160161,0.128321,-0.126167,-0.015569,0.565895,0.439729,0.987045,0.971476,0.126167,0.015569,1.409479,0.563162,0.451205,-0.078255,-0.225195,0.584744,0.439182,0.967517,0.693339,0.145562,0.274178,0.266856,0.104644,0.083841,-0.079723,-0.018236,0.540826,0.461103,0.865494,0.847258,0.079723,0.018236,1.03749,0.337074,0.270063,-0.014077,-0.183208,0.526556,0.474728,0.87082,0.666468,0.051829,0.204351,0.28256,0.175012,0.140219,-0.108363,-0.015088,0.570288,0.461925,0.771907,0.735019,0.108363,0.036888,0.363738,0.238168,0.19082,-0.09757,-0.044632,0.591672,0.493338,0.772547,0.701918,0.098334,0.070629,0.426455,0.179781,0.144041,-0.095473,0.03924,0.548596,0.445365,0.638532,0.575673,0.103231,0.062859,0.40044,0.190382,0.152534,-0.082889,0.051895,0.583401,0.493605,0.636105,0.575342,0.089796,0.060763
